-.219137E+22
  0.00000000E+00  0.00000000E+00  0.00000000E+00  0.00000000E+00  0.00000000E+00
  0.00000000E+00  0.00000000E+00  0.00000000E+00  0.00000000E+00  0.00000000E+00
  0.00000000E+00  0.00000000E+00  0.00000000E+00  0.00000000E+00  0.00000000E+00
  0.00000000E+00  0.00000000E+00  0.00000000E+00  0.00000000E+00  0.00000000E+00
  0.00000000E+00  0.00000000E+00  0.41936178E+13  0.52043112E+12  0.75697797E+13
  0.91877628E+14  0.14881301E+15  0.45240338E+15  0.71554642E+15  0.15269214E+16
  0.38999486E+16  0.69626604E+16  0.15148386E+17  0.25854497E+17  0.57374702E+17
  0.11671308E+18  0.23654410E+18  0.55624703E+18  0.11646243E+19  0.28784406E+19
  0.70419055E+19  0.15570104E+20  0.13603780E+20  0.37682287E+19  0.90358965E+18
  0.27778890E+18  0.12032839E+18  0.65953020E+17  0.40427375E+17  0.28952334E+17
  0.22041849E+17  0.17081639E+17  0.13536689E+17  0.10848758E+17  0.91846942E+16
  0.79997023E+16  0.68122228E+16  0.65086297E+16  0.57802577E+16  0.52702715E+16
  0.44226548E+16  0.35968272E+16  0.20588298E+16  0.41074820E+15
  0.00000000E+00  0.00000000E+00  0.00000000E+00  0.00000000E+00  0.00000000E+00
  0.00000000E+00  0.00000000E+00  0.00000000E+00  0.00000000E+00  0.00000000E+00
  0.00000000E+00  0.00000000E+00  0.00000000E+00  0.00000000E+00  0.00000000E+00
  0.00000000E+00  0.00000000E+00  0.00000000E+00  0.00000000E+00  0.00000000E+00
  0.00000000E+00  0.00000000E+00  0.10251506E+14  0.00000000E+00  0.52871332E+13
  0.39835705E+14  0.78279392E+14  0.30579645E+15  0.48598945E+15  0.12249964E+16
  0.23421870E+16  0.50204000E+16  0.97139209E+16  0.18960799E+17  0.45539978E+17
  0.88488250E+17  0.18532079E+18  0.41685583E+18  0.98784360E+18  0.23526228E+19
  0.57047349E+19  0.12847202E+20  0.13037726E+20  0.43622937E+19  0.11795582E+19
  0.36526931E+18  0.17266551E+18  0.10344084E+18  0.61603137E+17  0.57438834E+17
  0.31940642E+17  0.39760910E+17  0.20516092E+17  0.16499539E+17  0.14253216E+17
  0.12205242E+17  0.10540748E+17  0.95236452E+16  0.83745189E+16  0.76025878E+16
  0.61592046E+16  0.45938064E+16  0.25098796E+16  0.49310172E+15
  0.00000000E+00  0.00000000E+00  0.00000000E+00  0.00000000E+00  0.00000000E+00
  0.00000000E+00  0.00000000E+00  0.00000000E+00  0.00000000E+00  0.00000000E+00
  0.00000000E+00  0.00000000E+00  0.00000000E+00  0.00000000E+00  0.00000000E+00
  0.00000000E+00  0.00000000E+00  0.00000000E+00  0.00000000E+00  0.00000000E+00
  0.00000000E+00  0.00000000E+00  0.84551905E+13  0.13269384E+14  0.11551702E+14
  0.36262564E+14  0.83629223E+14  0.29030845E+15  0.50499990E+15  0.99740867E+15
  0.19803127E+16  0.48228439E+16  0.10007915E+17  0.18505077E+17  0.41431276E+17
  0.80942662E+17  0.17510982E+18  0.37992527E+18  0.90179274E+18  0.21254744E+19
  0.50964171E+19  0.11574831E+20  0.12948939E+20  0.49362576E+19  0.13745864E+19
  0.47277015E+18  0.22298420E+18  0.12392240E+18  0.78036052E+17  0.55070145E+17
  0.40145585E+17  0.32192601E+17  0.25724007E+17  0.20535027E+17  0.17449494E+17
  0.15004086E+17  0.13103581E+17  0.11578813E+17  0.10288646E+17  0.86838536E+16
  0.71996552E+16  0.53847270E+16  0.28020750E+16  0.55109597E+15
  0.00000000E+00  0.00000000E+00  0.00000000E+00  0.00000000E+00  0.00000000E+00
  0.00000000E+00  0.00000000E+00  0.00000000E+00  0.00000000E+00  0.00000000E+00
  0.00000000E+00  0.00000000E+00  0.00000000E+00  0.00000000E+00  0.00000000E+00
  0.00000000E+00  0.00000000E+00  0.00000000E+00  0.00000000E+00  0.00000000E+00
  0.00000000E+00  0.00000000E+00  0.68868143E+13  0.56294820E+13  0.20204314E+14
  0.32561712E+14  0.76657162E+14  0.24405483E+15  0.45173697E+15  0.95460946E+15
  0.19827855E+16  0.45700079E+16  0.10466376E+17  0.19161962E+17  0.38841213E+17
  0.79739482E+17  0.16890510E+18  0.35236814E+18  0.81585209E+18  0.19742934E+19
  0.48390490E+19  0.11284252E+20  0.13425558E+20  0.56755736E+19  0.16302295E+19
  0.55809836E+18  0.26112187E+18  0.14693715E+18  0.92064803E+17  0.63849240E+17
  0.48415908E+17  0.37445276E+17  0.29000657E+17  0.23748656E+17  0.20629140E+17
  0.17710830E+17  0.14965699E+17  0.13194602E+17  0.12344129E+17  0.93932782E+16
  0.77080961E+16  0.56409451E+16  0.30606883E+16  0.58686514E+15
  0.00000000E+00  0.00000000E+00  0.00000000E+00  0.00000000E+00  0.00000000E+00
  0.00000000E+00  0.00000000E+00  0.00000000E+00  0.00000000E+00  0.00000000E+00
  0.00000000E+00  0.00000000E+00  0.00000000E+00  0.00000000E+00  0.00000000E+00
  0.00000000E+00  0.00000000E+00  0.00000000E+00  0.00000000E+00  0.00000000E+00
  0.00000000E+00  0.00000000E+00  0.00000000E+00  0.73499643E+13  0.10407710E+14
  0.40310411E+14  0.91199305E+14  0.21548145E+15  0.45187797E+15  0.88397175E+15
  0.19750728E+16  0.43660234E+16  0.97724755E+16  0.18713081E+17  0.39428216E+17
  0.78629799E+17  0.15657007E+18  0.34641467E+18  0.77854591E+18  0.18283118E+19
  0.45457456E+19  0.10465407E+20  0.14008946E+20  0.67447983E+19  0.19465037E+19
  0.65961433E+18  0.30117532E+18  0.16666565E+18  0.10317696E+18  0.71896922E+17
  0.54194723E+17  0.42693434E+17  0.33313322E+17  0.27139748E+17  0.22823066E+17
  0.19870542E+17  0.16633597E+17  0.14175964E+17  0.12253713E+17  0.10316087E+17
  0.81746892E+16  0.59083970E+16  0.16634259E+17  0.62648620E+15
  0.00000000E+00  0.00000000E+00  0.00000000E+00  0.00000000E+00  0.00000000E+00
  0.00000000E+00  0.00000000E+00  0.00000000E+00  0.00000000E+00  0.00000000E+00
  0.00000000E+00  0.00000000E+00  0.00000000E+00  0.00000000E+00  0.00000000E+00
  0.00000000E+00  0.00000000E+00  0.00000000E+00  0.00000000E+00  0.00000000E+00
  0.00000000E+00  0.00000000E+00  0.00000000E+00  0.76874198E+13  0.14464381E+14
  0.50571105E+14  0.10375327E+15  0.22693458E+15  0.44566899E+15  0.99702007E+15
  0.18966002E+16  0.42789602E+16  0.95719547E+16  0.17824552E+17  0.38913652E+17
  0.74852599E+17  0.16187510E+18  0.33147600E+18  0.73138411E+18  0.17534987E+19
  0.42708534E+19  0.10086389E+20  0.15149449E+20  0.76201147E+19  0.22606690E+19
  0.78110760E+18  0.34103383E+18  0.18593820E+18  0.11477811E+18  0.81066436E+17
  0.60410385E+17  0.45947046E+17  0.36147366E+17  0.29016021E+17  0.24172242E+17
  0.22559084E+17  0.18961792E+17  0.15087363E+17  0.12815086E+17  0.10724431E+17
  0.86471793E+16  0.62392099E+16  0.32667926E+16  0.62468623E+15
  0.00000000E+00  0.00000000E+00  0.00000000E+00  0.00000000E+00  0.00000000E+00
  0.00000000E+00  0.00000000E+00  0.00000000E+00  0.00000000E+00  0.00000000E+00
  0.00000000E+00  0.00000000E+00  0.00000000E+00  0.00000000E+00  0.00000000E+00
  0.00000000E+00  0.00000000E+00  0.00000000E+00  0.00000000E+00  0.00000000E+00
  0.00000000E+00  0.00000000E+00  0.00000000E+00  0.81568195E+13  0.15655024E+14
  0.55634489E+14  0.90285186E+14  0.20528765E+15  0.47762454E+15  0.87882817E+15
  0.19753075E+16  0.45911280E+16  0.91838355E+16  0.18593632E+17  0.35818497E+17
  0.73390726E+17  0.15521736E+18  0.30228713E+18  0.69571725E+18  0.16621140E+19
  0.39932967E+19  0.93796274E+19  0.15113768E+20  0.86572823E+19  0.26076411E+19
  0.89897341E+18  0.38079920E+18  0.20983069E+18  0.12625099E+18  0.86660397E+17
  0.64373539E+17  0.48881428E+17  0.38607067E+17  0.30782522E+17  0.25814250E+17
  0.21622622E+17  0.17843865E+17  0.15031650E+17  0.12779385E+17  0.10770945E+17
  0.87133951E+16  0.62464565E+16  0.32757832E+16  0.63932618E+15
  0.00000000E+00  0.00000000E+00  0.00000000E+00  0.00000000E+00  0.00000000E+00
  0.00000000E+00  0.00000000E+00  0.00000000E+00  0.00000000E+00  0.00000000E+00
  0.00000000E+00  0.00000000E+00  0.00000000E+00  0.00000000E+00  0.00000000E+00
  0.00000000E+00  0.00000000E+00  0.00000000E+00  0.00000000E+00  0.00000000E+00
  0.00000000E+00  0.00000000E+00  0.00000000E+00  0.73730300E+13  0.10390904E+14
  0.36666267E+14  0.88248154E+14  0.18881831E+15  0.54091508E+15  0.87060926E+15
  0.20430382E+16  0.42949324E+16  0.95001934E+16  0.19043580E+17  0.37307416E+17
  0.70709285E+17  0.14610886E+18  0.30666305E+18  0.69566624E+18  0.16147240E+19
  0.37236429E+19  0.86645046E+19  0.15495868E+20  0.95436593E+19  0.30137971E+19
  0.10244345E+19  0.41258312E+18  0.22840062E+18  0.13763369E+18  0.91852133E+17
  0.68785854E+17  0.51771732E+17  0.40431928E+17  0.32748133E+17  0.27304904E+17
  0.22426842E+17  0.18375997E+17  0.15449342E+17  0.13260430E+17  0.11101548E+17
  0.88512520E+16  0.62432847E+16  0.33262036E+16  0.63369664E+15
  0.00000000E+00  0.00000000E+00  0.00000000E+00  0.00000000E+00  0.00000000E+00
  0.00000000E+00  0.00000000E+00  0.00000000E+00  0.00000000E+00  0.00000000E+00
  0.00000000E+00  0.00000000E+00  0.00000000E+00  0.00000000E+00  0.00000000E+00
  0.00000000E+00  0.00000000E+00  0.00000000E+00  0.00000000E+00  0.00000000E+00
  0.00000000E+00  0.00000000E+00  0.00000000E+00  0.74976769E+13  0.49662056E+13
  0.25212447E+14  0.53218599E+14  0.19583518E+15  0.45504994E+15  0.91564959E+15
  0.20271718E+16  0.42264879E+16  0.97855938E+16  0.19547377E+17  0.37959452E+17
  0.74439366E+17  0.15134113E+18  0.31195525E+18  0.65353013E+18  0.15143992E+19
  0.34665653E+19  0.81072267E+19  0.15125346E+20  0.10493826E+20  0.34281617E+19
  0.11245385E+19  0.44762350E+18  0.23909368E+18  0.15501820E+18  0.95935447E+17
  0.70695185E+17  0.53266941E+17  0.41796870E+17  0.33680211E+17  0.27637657E+17
  0.23192504E+17  0.19357081E+17  0.16012819E+17  0.13547120E+17  0.11182153E+17
  0.89079158E+16  0.60984281E+16  0.31923959E+16  0.64666572E+15
  0.00000000E+00  0.00000000E+00  0.00000000E+00  0.00000000E+00  0.00000000E+00
  0.00000000E+00  0.00000000E+00  0.00000000E+00  0.00000000E+00  0.00000000E+00
  0.00000000E+00  0.00000000E+00  0.00000000E+00  0.00000000E+00  0.00000000E+00
  0.00000000E+00  0.00000000E+00  0.00000000E+00  0.00000000E+00  0.00000000E+00
  0.00000000E+00  0.00000000E+00  0.00000000E+00  0.77391309E+13  0.35605309E+13
  0.23516764E+14  0.48884851E+14  0.18358110E+15  0.49308072E+15  0.11187135E+16
  0.21085082E+16  0.45362482E+16  0.10418082E+17  0.20861880E+17  0.35965366E+17
  0.73539950E+17  0.14524290E+18  0.30291859E+18  0.64159598E+18  0.13828835E+19
  0.32737290E+19  0.77994597E+19  0.15212740E+20  0.11295529E+20  0.38072496E+19
  0.12453899E+19  0.47160020E+18  0.24866652E+18  0.14793335E+18  0.99542976E+17
  0.71480399E+17  0.54375811E+17  0.42533490E+17  0.33835600E+17  0.27614653E+17
  0.23515901E+17  0.19215228E+17  0.16132714E+17  0.13543050E+17  0.11011832E+17
  0.85306864E+16  0.60791371E+16  0.32143582E+16  0.63062913E+15
  0.00000000E+00  0.00000000E+00  0.00000000E+00  0.00000000E+00  0.00000000E+00
  0.00000000E+00  0.00000000E+00  0.00000000E+00  0.00000000E+00  0.00000000E+00
  0.00000000E+00  0.00000000E+00  0.00000000E+00  0.00000000E+00  0.00000000E+00
  0.00000000E+00  0.00000000E+00  0.00000000E+00  0.00000000E+00  0.00000000E+00
  0.00000000E+00  0.50128931E+12  0.00000000E+00  0.62790505E+13  0.28857503E+13
  0.26399569E+14  0.52134536E+14  0.17313801E+15  0.41791632E+15  0.73544814E+15
  0.19917219E+16  0.36796778E+16  0.79407602E+16  0.17140569E+17  0.28973451E+17
  0.59647557E+17  0.11485822E+18  0.23605035E+18  0.48408972E+18  0.10699676E+19
  0.24863966E+19  0.59182123E+19  0.11795828E+20  0.91735629E+19  0.31925380E+19
  0.10048920E+19  0.39440226E+18  0.20219656E+18  0.11882663E+18  0.78886726E+17
  0.57279861E+17  0.43196852E+17  0.33513284E+17  0.26654832E+17  0.21999779E+17
  0.17954537E+17  0.14905123E+17  0.12560579E+17  0.10436479E+17  0.86699406E+16
  0.68220842E+16  0.47930735E+16  0.25203823E+16  0.49823153E+15
  0.00000000E+00  0.00000000E+00  0.00000000E+00  0.00000000E+00  0.00000000E+00
  0.00000000E+00  0.00000000E+00  0.00000000E+00  0.00000000E+00  0.00000000E+00
  0.00000000E+00  0.00000000E+00  0.00000000E+00  0.00000000E+00  0.00000000E+00
  0.00000000E+00  0.00000000E+00  0.00000000E+00  0.00000000E+00  0.00000000E+00
  0.00000000E+00  0.39799040E+13  0.00000000E+00  0.39324967E+13  0.67238599E+13
  0.38409616E+14  0.38582323E+14  0.15986128E+15  0.46339569E+15  0.79396774E+15
  0.26142602E+16  0.44566355E+16  0.94715272E+16  0.19259747E+17  0.35253655E+17
  0.68538011E+17  0.13475884E+18  0.27025482E+18  0.53777657E+18  0.11747037E+19
  0.26733434E+19  0.64161892E+19  0.13333747E+20  0.10644517E+20  0.37695168E+19
  0.11848026E+19  0.45504052E+18  0.23073686E+18  0.13478977E+18  0.91334030E+17
  0.64388975E+17  0.49213270E+17  0.36953097E+17  0.29569443E+17  0.24475084E+17
  0.19790377E+17  0.16827246E+17  0.13943166E+17  0.11519167E+17  0.97842089E+16
  0.74455011E+16  0.54254332E+16  0.29392259E+16  0.56037699E+15
  0.00000000E+00  0.00000000E+00  0.00000000E+00  0.00000000E+00  0.00000000E+00
  0.00000000E+00  0.00000000E+00  0.00000000E+00  0.00000000E+00  0.00000000E+00
  0.00000000E+00  0.00000000E+00  0.00000000E+00  0.00000000E+00  0.00000000E+00
  0.00000000E+00  0.00000000E+00  0.00000000E+00  0.00000000E+00  0.00000000E+00
  0.00000000E+00  0.45359304E+13  0.00000000E+00  0.26636845E+13  0.96925716E+13
  0.40520353E+14  0.43380149E+14  0.17884445E+15  0.52393149E+15  0.10398300E+16
  0.28630197E+16  0.48236618E+16  0.11390393E+17  0.21834383E+17  0.40593310E+17
  0.81478753E+17  0.15462027E+18  0.31424335E+18  0.61429974E+18  0.13280206E+19
  0.29882296E+19  0.72198081E+19  0.14658571E+20  0.12130599E+20  0.43080075E+19
  0.13961927E+19  0.52574089E+18  0.26599758E+18  0.15445038E+18  0.10253963E+18
  0.73398162E+17  0.55418797E+17  0.42545758E+17  0.33395454E+17  0.27800949E+17
  0.22370116E+17  0.18403040E+17  0.15618829E+17  0.13390858E+17  0.11497349E+17
  0.85086053E+16  0.60809320E+16  0.33201170E+16  0.65567045E+15
  0.00000000E+00  0.00000000E+00  0.00000000E+00  0.00000000E+00  0.00000000E+00
  0.00000000E+00  0.00000000E+00  0.00000000E+00  0.00000000E+00  0.00000000E+00
  0.00000000E+00  0.00000000E+00  0.00000000E+00  0.00000000E+00  0.00000000E+00
  0.00000000E+00  0.00000000E+00  0.00000000E+00  0.00000000E+00  0.00000000E+00
  0.00000000E+00  0.26747699E+13  0.25375231E+13  0.26834601E+13  0.66988290E+13
  0.98143684E+14  0.66409020E+14  0.23662365E+15  0.60253778E+15  0.11280376E+16
  0.31036515E+16  0.59159847E+16  0.12571758E+17  0.26273980E+17  0.48691676E+17
  0.93407342E+17  0.18127715E+18  0.36647746E+18  0.73140209E+18  0.15298461E+19
  0.33973753E+19  0.80521914E+19  0.16594177E+20  0.13792212E+20  0.48934991E+19
  0.15363455E+19  0.59910300E+18  0.30203923E+18  0.17668655E+18  0.11675748E+18
  0.83030111E+17  0.61402104E+17  0.48121465E+17  0.37557323E+17  0.31849112E+17
  0.26028960E+17  0.20824824E+17  0.17319353E+17  0.14323142E+17  0.11809182E+17
  0.95342223E+16  0.68246691E+16  0.35309888E+16  0.71958371E+15
  0.00000000E+00  0.00000000E+00  0.00000000E+00  0.00000000E+00  0.00000000E+00
  0.00000000E+00  0.00000000E+00  0.00000000E+00  0.00000000E+00  0.00000000E+00
  0.00000000E+00  0.00000000E+00  0.00000000E+00  0.00000000E+00  0.00000000E+00
  0.00000000E+00  0.00000000E+00  0.00000000E+00  0.00000000E+00  0.00000000E+00
  0.00000000E+00  0.11458583E+13  0.24277731E+13  0.26675314E+13  0.30670627E+14
  0.62003292E+14  0.72083721E+14  0.27916237E+15  0.66853744E+15  0.14468379E+16
  0.32123194E+16  0.71641057E+16  0.14162211E+17  0.29728869E+17  0.57796861E+17
  0.11312762E+18  0.21725836E+18  0.43208153E+18  0.86797157E+18  0.17528721E+19
  0.40540520E+19  0.93343685E+19  0.18878126E+20  0.14827720E+20  0.52300914E+19
  0.17125901E+19  0.64664268E+18  0.34933755E+18  0.19709953E+18  0.13159760E+18
  0.95110012E+17  0.68690156E+17  0.53442356E+17  0.42579111E+17  0.34814629E+17
  0.29029932E+17  0.23712094E+17  0.19075778E+17  0.15988253E+17  0.13166365E+17
  0.10497123E+17  0.75181516E+16  0.39346136E+16  0.79610994E+15
  0.00000000E+00  0.00000000E+00  0.00000000E+00  0.00000000E+00  0.00000000E+00
  0.00000000E+00  0.00000000E+00  0.00000000E+00  0.00000000E+00  0.00000000E+00
  0.00000000E+00  0.00000000E+00  0.00000000E+00  0.00000000E+00  0.00000000E+00
  0.00000000E+00  0.00000000E+00  0.00000000E+00  0.00000000E+00  0.00000000E+00
  0.00000000E+00  0.11873629E+13  0.28468198E+13  0.26216961E+13  0.36426305E+14
  0.59450772E+14  0.10078215E+15  0.32283278E+15  0.70098156E+15  0.15970115E+16
  0.38989512E+16  0.87938687E+16  0.17656281E+17  0.35184167E+17  0.70145426E+17
  0.13898229E+18  0.26117339E+18  0.51300458E+18  0.10379874E+19  0.21034592E+19
  0.47161649E+19  0.11018568E+20  0.21091816E+20  0.15525387E+20  0.54803510E+19
  0.17936313E+19  0.69577189E+18  0.37270585E+18  0.22090696E+18  0.14857806E+18
  0.10548284E+18  0.76931239E+17  0.59328073E+17  0.48290295E+17  0.38451089E+17
  0.31842111E+17  0.26061046E+17  0.21001476E+17  0.17483162E+17  0.14055963E+17
  0.11132086E+17  0.81616811E+16  0.44040355E+16  0.87809127E+15
  0.00000000E+00  0.00000000E+00  0.00000000E+00  0.00000000E+00  0.00000000E+00
  0.00000000E+00  0.00000000E+00  0.00000000E+00  0.00000000E+00  0.00000000E+00
  0.00000000E+00  0.00000000E+00  0.00000000E+00  0.00000000E+00  0.00000000E+00
  0.00000000E+00  0.00000000E+00  0.00000000E+00  0.00000000E+00  0.00000000E+00
  0.00000000E+00  0.85450606E+13  0.33484496E+13  0.00000000E+00  0.31775806E+14
  0.75187331E+14  0.11225914E+15  0.38889153E+15  0.93053733E+15  0.19359461E+16
  0.43197055E+16  0.10641709E+17  0.22119604E+17  0.43608198E+17  0.85856207E+17
  0.16361989E+18  0.31422468E+18  0.61415869E+18  0.12490484E+19  0.25748554E+19
  0.56301239E+19  0.13028543E+20  0.23248300E+20  0.15338322E+20  0.53304349E+19
  0.18219224E+19  0.73243127E+18  0.39688133E+18  0.23794502E+18  0.15779876E+18
  0.11298024E+18  0.84218721E+17  0.66446566E+17  0.54249876E+17  0.42987353E+17
  0.34205364E+17  0.28387134E+17  0.22046895E+17  0.18291475E+17  0.15102868E+17
  0.12202131E+17  0.87116960E+16  0.47249269E+16  0.93390612E+15
  0.00000000E+00  0.00000000E+00  0.00000000E+00  0.00000000E+00  0.00000000E+00
  0.00000000E+00  0.00000000E+00  0.00000000E+00  0.00000000E+00  0.00000000E+00
  0.00000000E+00  0.00000000E+00  0.00000000E+00  0.00000000E+00  0.00000000E+00
  0.00000000E+00  0.00000000E+00  0.00000000E+00  0.00000000E+00  0.00000000E+00
  0.00000000E+00  0.11637039E+14  0.39533282E+13  0.00000000E+00  0.33542068E+14
  0.72078695E+14  0.17541746E+15  0.42953280E+15  0.11351925E+16  0.22931019E+16
  0.56529185E+16  0.12963096E+17  0.27561124E+17  0.52227745E+17  0.10556248E+18
  0.20216241E+18  0.39390783E+18  0.78326370E+18  0.15552882E+19  0.33024031E+19
  0.72123672E+19  0.16191285E+20  0.25000992E+20  0.14279256E+20  0.49035710E+19
  0.17300809E+19  0.74399574E+18  0.41128830E+18  0.25166218E+18  0.16788091E+18
  0.11962097E+18  0.91208233E+17  0.70035032E+17  0.56982231E+17  0.46318615E+17
  0.37401555E+17  0.29845609E+17  0.24647152E+17  0.20229607E+17  0.16518647E+17
  0.13352488E+17  0.91037709E+16  0.49401714E+16  0.99067413E+15
  0.00000000E+00  0.00000000E+00  0.00000000E+00  0.00000000E+00  0.00000000E+00
  0.00000000E+00  0.00000000E+00  0.00000000E+00  0.00000000E+00  0.00000000E+00
  0.00000000E+00  0.00000000E+00  0.00000000E+00  0.00000000E+00  0.00000000E+00
  0.00000000E+00  0.00000000E+00  0.00000000E+00  0.00000000E+00  0.00000000E+00
  0.00000000E+00  0.51988283E+13  0.10403973E+14  0.00000000E+00  0.30559912E+14
  0.72903849E+14  0.24605019E+15  0.46364207E+15  0.14075089E+16  0.25427500E+16
  0.68265582E+16  0.14480061E+17  0.31989916E+17  0.64684506E+17  0.12980258E+18
  0.24781914E+18  0.50478796E+18  0.10191075E+19  0.20062225E+19  0.42292176E+19
  0.93328356E+19  0.19715706E+20  0.24697364E+20  0.12319303E+20  0.42007318E+19
  0.15848038E+19  0.72655609E+18  0.41670463E+18  0.25656896E+18  0.17385099E+18
  0.12675823E+18  0.95552189E+17  0.75203194E+17  0.59829260E+17  0.47725479E+17
  0.40212406E+17  0.32090499E+17  0.26471114E+17  0.21659893E+17  0.17470506E+17
  0.13737609E+17  0.97096663E+16  0.52135992E+16  0.10348209E+16
  0.00000000E+00  0.00000000E+00  0.00000000E+00  0.00000000E+00  0.00000000E+00
  0.00000000E+00  0.00000000E+00  0.00000000E+00  0.00000000E+00  0.00000000E+00
  0.00000000E+00  0.00000000E+00  0.00000000E+00  0.00000000E+00  0.00000000E+00
  0.00000000E+00  0.00000000E+00  0.00000000E+00  0.00000000E+00  0.00000000E+00
  0.00000000E+00  0.13141818E+13  0.16949785E+14  0.00000000E+00  0.40530659E+14
  0.56657420E+14  0.25553866E+15  0.60671272E+15  0.16694292E+16  0.30311860E+16
  0.78341145E+16  0.19207637E+17  0.40571307E+17  0.82573262E+17  0.15984560E+18
  0.30937633E+18  0.64050998E+18  0.12657598E+19  0.26619072E+19  0.55290930E+19
  0.12253397E+20  0.23522502E+20  0.23188792E+20  0.97982851E+19  0.34846755E+19
  0.13906582E+19  0.67829880E+18  0.39890225E+18  0.25132229E+18  0.17507025E+18
  0.13051653E+18  0.10001239E+18  0.78181880E+17  0.63014813E+17  0.50075906E+17
  0.40407153E+17  0.33798685E+17  0.27482768E+17  0.22134395E+17  0.17707633E+17
  0.14125407E+17  0.10084858E+17  0.53480888E+16  0.10388878E+16
  0.00000000E+00  0.00000000E+00  0.00000000E+00  0.00000000E+00  0.00000000E+00
  0.00000000E+00  0.00000000E+00  0.00000000E+00  0.00000000E+00  0.00000000E+00
  0.00000000E+00  0.00000000E+00  0.00000000E+00  0.00000000E+00  0.00000000E+00
  0.00000000E+00  0.00000000E+00  0.00000000E+00  0.00000000E+00  0.00000000E+00
  0.00000000E+00  0.13308196E+13  0.18400871E+14  0.76188595E+13  0.27882388E+14
  0.74221615E+14  0.21351793E+15  0.67493840E+15  0.18340635E+16  0.36596630E+16
  0.82005310E+16  0.24687493E+17  0.47498113E+17  0.97453848E+17  0.20244565E+18
  0.40833206E+18  0.82527102E+18  0.16721815E+19  0.35234106E+19  0.75678477E+19
  0.16301334E+20  0.26516615E+20  0.19023659E+20  0.75339569E+19  0.27753933E+19
  0.11423827E+19  0.62751456E+18  0.36987530E+18  0.24272959E+18  0.17178549E+18
  0.12749101E+18  0.11206426E+18  0.77853568E+17  0.63196123E+17  0.51041538E+17
  0.54704169E+17  0.33933134E+17  0.28084537E+17  0.22752386E+17  0.18378810E+17
  0.14029280E+17  0.98186262E+16  0.52121705E+16  0.10230707E+16
  0.00000000E+00  0.00000000E+00  0.00000000E+00  0.00000000E+00  0.00000000E+00
  0.00000000E+00  0.00000000E+00  0.00000000E+00  0.00000000E+00  0.00000000E+00
  0.00000000E+00  0.00000000E+00  0.00000000E+00  0.00000000E+00  0.00000000E+00
  0.00000000E+00  0.00000000E+00  0.00000000E+00  0.00000000E+00  0.28151254E+13
  0.00000000E+00  0.13430467E+13  0.25713674E+14  0.26683782E+14  0.15371892E+14
  0.12322600E+15  0.27899632E+15  0.70259325E+15  0.23694897E+16  0.47080093E+16
  0.10624653E+17  0.28656495E+17  0.63880925E+17  0.12612093E+18  0.25961222E+18
  0.52601286E+18  0.10990894E+19  0.22366875E+19  0.47343253E+19  0.10186715E+20
  0.21137896E+20  0.26156535E+20  0.14650876E+20  0.52952944E+19  0.20776285E+19
  0.93722521E+18  0.53718206E+18  0.33458772E+18  0.23058803E+18  0.16240425E+18
  0.12562658E+18  0.96096061E+17  0.76757943E+17  0.62760215E+17  0.50372515E+17
  0.40650437E+17  0.34063218E+17  0.27284081E+17  0.22463350E+17  0.18176743E+17
  0.14050439E+17  0.96514873E+16  0.50746172E+16  0.97214904E+15
  0.00000000E+00  0.00000000E+00  0.00000000E+00  0.00000000E+00  0.00000000E+00
  0.00000000E+00  0.00000000E+00  0.00000000E+00  0.00000000E+00  0.00000000E+00
  0.00000000E+00  0.00000000E+00  0.00000000E+00  0.00000000E+00  0.00000000E+00
  0.00000000E+00  0.00000000E+00  0.00000000E+00  0.00000000E+00  0.33411287E+13
  0.00000000E+00  0.13504293E+13  0.26906721E+14  0.14484240E+14  0.14253833E+14
  0.15529760E+15  0.37757272E+15  0.76767307E+15  0.25021906E+16  0.60723784E+16
  0.13208301E+17  0.35068126E+17  0.81704811E+17  0.15715352E+18  0.33084301E+18
  0.68924742E+18  0.14656571E+19  0.31371202E+19  0.65911153E+19  0.14112538E+20
  0.26002780E+20  0.22889367E+20  0.10017458E+20  0.36228234E+19  0.14915145E+19
  0.74439133E+18  0.45696753E+18  0.29039626E+18  0.20555570E+18  0.15345725E+18
  0.11587967E+18  0.90459609E+17  0.73028153E+17  0.58919444E+17  0.47524935E+17
  0.39639579E+17  0.32363224E+17  0.26225296E+17  0.21360526E+17  0.17467898E+17
  0.13680258E+17  0.89278642E+16  0.44907492E+16  0.88321646E+15
  0.00000000E+00  0.00000000E+00  0.00000000E+00  0.00000000E+00  0.00000000E+00
  0.00000000E+00  0.00000000E+00  0.00000000E+00  0.00000000E+00  0.00000000E+00
  0.00000000E+00  0.00000000E+00  0.00000000E+00  0.00000000E+00  0.00000000E+00
  0.00000000E+00  0.00000000E+00  0.00000000E+00  0.00000000E+00  0.21935016E+13
  0.00000000E+00  0.13525945E+13  0.22552794E+14  0.31319157E+14  0.20017370E+14
  0.81039583E+14  0.42800489E+15  0.11445833E+16  0.31582874E+16  0.70482435E+16
  0.19204552E+17  0.37937359E+17  0.99867660E+17  0.20493922E+18  0.44612279E+18
  0.92932508E+18  0.19736925E+19  0.42107591E+19  0.89950282E+19  0.18766009E+20
  0.28001504E+20  0.17390096E+20  0.67522417E+19  0.25536330E+19  0.11038160E+19
  0.61893076E+18  0.36769314E+18  0.25006529E+18  0.18006515E+18  0.13752364E+18
  0.10694882E+18  0.83822458E+17  0.66862878E+17  0.53450647E+17  0.44431159E+17
  0.35896221E+17  0.29482384E+17  0.24492147E+17  0.20098682E+17  0.16296938E+17
  0.12584653E+17  0.82553661E+16  0.40977853E+16  0.76701117E+15
  0.00000000E+00  0.00000000E+00  0.00000000E+00  0.00000000E+00  0.00000000E+00
  0.00000000E+00  0.00000000E+00  0.00000000E+00  0.00000000E+00  0.00000000E+00
  0.00000000E+00  0.00000000E+00  0.00000000E+00  0.00000000E+00  0.00000000E+00
  0.00000000E+00  0.00000000E+00  0.00000000E+00  0.00000000E+00  0.23532672E+13
  0.00000000E+00  0.26988289E+13  0.00000000E+00  0.35772041E+14  0.65427109E+14
  0.13510026E+15  0.47156550E+15  0.12470074E+16  0.34231499E+16  0.91034067E+16
  0.22209019E+17  0.47703865E+17  0.11663357E+18  0.26037355E+18  0.56245894E+18
  0.12616205E+19  0.26883340E+19  0.58509818E+19  0.12799300E+20  0.24499710E+20
  0.25397755E+20  0.12196755E+20  0.42866033E+19  0.16646602E+19  0.83959670E+18
  0.48378975E+18  0.29756603E+18  0.20832490E+18  0.15287292E+18  0.11793000E+18
  0.92816988E+17  0.73359506E+17  0.59098175E+17  0.48010277E+17  0.39182979E+17
  0.32078678E+17  0.26664814E+17  0.21972184E+17  0.17803731E+17  0.14229874E+17
  0.10740052E+17  0.72789760E+16  0.35843066E+16  0.66110830E+15
  0.00000000E+00  0.00000000E+00  0.00000000E+00  0.00000000E+00  0.00000000E+00
  0.00000000E+00  0.00000000E+00  0.00000000E+00  0.00000000E+00  0.00000000E+00
  0.00000000E+00  0.00000000E+00  0.00000000E+00  0.00000000E+00  0.00000000E+00
  0.00000000E+00  0.00000000E+00  0.00000000E+00  0.00000000E+00  0.26590171E+13
  0.00000000E+00  0.26803568E+13  0.00000000E+00  0.78407383E+13  0.72658628E+14
  0.19744870E+15  0.48663729E+15  0.18214139E+16  0.39001115E+16  0.10302521E+17
  0.24240719E+17  0.57202274E+17  0.13857150E+18  0.33696640E+18  0.72350570E+18
  0.16503136E+19  0.36577341E+19  0.79933309E+19  0.17625207E+20  0.28067999E+20
  0.20357103E+20  0.80149052E+19  0.28039174E+19  0.11345179E+19  0.62734128E+18
  0.36916578E+18  0.24169545E+18  0.18619751E+18  0.12928092E+18  0.10000802E+18
  0.79518624E+17  0.63076379E+17  0.50227048E+17  0.42243361E+17  0.47352265E+17
  0.41722017E+17  0.22726655E+17  0.18854309E+17  0.15343295E+17  0.12289058E+17
  0.92799374E+16  0.61447576E+16  0.29395800E+16  0.52746464E+15
  0.00000000E+00  0.00000000E+00  0.00000000E+00  0.00000000E+00  0.00000000E+00
  0.00000000E+00  0.00000000E+00  0.00000000E+00  0.00000000E+00  0.00000000E+00
  0.00000000E+00  0.00000000E+00  0.00000000E+00  0.00000000E+00  0.00000000E+00
  0.00000000E+00  0.00000000E+00  0.00000000E+00  0.00000000E+00  0.30106641E+13
  0.00000000E+00  0.26393412E+13  0.00000000E+00  0.86805853E+13  0.82938931E+14
  0.20574496E+15  0.72910904E+15  0.22454524E+16  0.56170235E+16  0.13119335E+17
  0.32343530E+17  0.73854743E+17  0.17379386E+18  0.40511200E+18  0.93525989E+18
  0.20708914E+19  0.48453486E+19  0.10994049E+20  0.22694384E+20  0.28747836E+20
  0.14855827E+20  0.49945127E+19  0.17840155E+19  0.80422638E+18  0.46654957E+18
  0.28395008E+18  0.21985300E+18  0.14151140E+18  0.10839617E+18  0.84871990E+17
  0.66295618E+17  0.53795385E+17  0.43828995E+17  0.36010065E+17  0.29350332E+17
  0.24264953E+17  0.19904472E+17  0.16435133E+17  0.13305562E+17  0.10571159E+17
  0.78625757E+16  0.52379632E+16  0.25126316E+16  0.42592928E+15
  0.00000000E+00  0.00000000E+00  0.00000000E+00  0.00000000E+00  0.00000000E+00
  0.00000000E+00  0.00000000E+00  0.00000000E+00  0.00000000E+00  0.00000000E+00
  0.00000000E+00  0.00000000E+00  0.00000000E+00  0.00000000E+00  0.00000000E+00
  0.00000000E+00  0.00000000E+00  0.00000000E+00  0.00000000E+00  0.34121057E+13
  0.15935767E+13  0.99058369E+12  0.00000000E+00  0.10280700E+14  0.62625608E+14
  0.31381175E+15  0.96320902E+15  0.16803151E+16  0.53169717E+16  0.14789314E+17
  0.37175038E+17  0.90808152E+17  0.20999759E+18  0.50900389E+18  0.11748452E+19
  0.27225313E+19  0.63505487E+19  0.14249124E+20  0.27230146E+20  0.25380827E+20
  0.98617005E+19  0.31754463E+19  0.12243005E+19  0.62172890E+18  0.34747515E+18
  0.22204354E+18  0.15608473E+18  0.12791500E+18  0.88979666E+17  0.69303903E+17
  0.55003971E+17  0.44576676E+17  0.36672358E+17  0.29807369E+17  0.24572555E+17
  0.21331491E+17  0.16727905E+17  0.13921698E+17  0.11301511E+17  0.89494694E+16
  0.67512692E+16  0.44361373E+16  0.20755157E+16  0.34828218E+15
  0.00000000E+00  0.00000000E+00  0.00000000E+00  0.00000000E+00  0.00000000E+00
  0.00000000E+00  0.00000000E+00  0.00000000E+00  0.00000000E+00  0.00000000E+00
  0.00000000E+00  0.00000000E+00  0.00000000E+00  0.00000000E+00  0.00000000E+00
  0.00000000E+00  0.00000000E+00  0.00000000E+00  0.00000000E+00  0.30262384E+13
  0.33945896E+13  0.00000000E+00  0.15850691E+14  0.22857071E+14  0.42792722E+14
  0.26338688E+15  0.98974972E+15  0.25968288E+16  0.72487761E+16  0.16797009E+17
  0.44911098E+17  0.10944261E+18  0.25688872E+18  0.62520947E+18  0.14568858E+19
  0.34083958E+19  0.80599835E+19  0.18097600E+20  0.30076886E+20  0.20076993E+20
  0.66477188E+19  0.21367737E+19  0.85635822E+18  0.45073663E+18  0.26161620E+18
  0.17173052E+18  0.12228503E+18  0.98704284E+17  0.71044750E+17  0.63061698E+17
  0.44163787E+17  0.35933057E+17  0.29374312E+17  0.24414177E+17  0.20188070E+17
  0.16825885E+17  0.13891745E+17  0.11651889E+17  0.96851883E+16  0.76540047E+16
  0.57347990E+16  0.36850685E+16  0.16896813E+16  0.26943958E+15
  0.00000000E+00  0.00000000E+00  0.00000000E+00  0.00000000E+00  0.00000000E+00
  0.00000000E+00  0.00000000E+00  0.00000000E+00  0.00000000E+00  0.00000000E+00
  0.00000000E+00  0.00000000E+00  0.00000000E+00  0.00000000E+00  0.00000000E+00
  0.00000000E+00  0.00000000E+00  0.00000000E+00  0.00000000E+00  0.00000000E+00
  0.69818856E+13  0.00000000E+00  0.17555365E+14  0.36158791E+14  0.46736704E+14
  0.55080046E+15  0.15988996E+16  0.28124668E+16  0.71971070E+16  0.22826700E+17
  0.57216171E+17  0.13530637E+18  0.31746022E+18  0.75764603E+18  0.17636127E+19
  0.42674076E+19  0.10133398E+20  0.22096880E+20  0.30384613E+20  0.15257839E+20
  0.44446564E+19  0.14667807E+19  0.62339556E+18  0.33060877E+18  0.19869413E+18
  0.13625357E+18  0.95580997E+17  0.70836807E+17  0.54778906E+17  0.42694029E+17
  0.34735968E+17  0.28517214E+17  0.22586978E+17  0.18840475E+17  0.15798330E+17
  0.13323702E+17  0.11241910E+17  0.93089555E+16  0.77107841E+16  0.61668393E+16
  0.46544136E+16  0.28925293E+16  0.13718034E+16  0.21559854E+15
  0.00000000E+00  0.00000000E+00  0.00000000E+00  0.00000000E+00  0.00000000E+00
  0.00000000E+00  0.00000000E+00  0.00000000E+00  0.00000000E+00  0.00000000E+00
  0.00000000E+00  0.00000000E+00  0.00000000E+00  0.00000000E+00  0.00000000E+00
  0.00000000E+00  0.00000000E+00  0.00000000E+00  0.00000000E+00  0.97488271E+13
  0.23901919E+14  0.21357042E+14  0.75896073E+14  0.53056673E+14  0.40449157E+14
  0.32698313E+15  0.11156987E+16  0.36074386E+16  0.88093991E+16  0.23053091E+17
  0.60998938E+17  0.16135426E+18  0.36281212E+18  0.88056412E+18  0.21005212E+19
  0.51572102E+19  0.12276501E+20  0.25897493E+20  0.29817411E+20  0.11843886E+20
  0.32917544E+19  0.10351810E+19  0.44565727E+18  0.23581151E+18  0.14183309E+18
  0.97087639E+17  0.72030637E+17  0.57843906E+17  0.39695849E+17  0.31299802E+17
  0.25561074E+17  0.20782070E+17  0.16974111E+17  0.13969086E+17  0.11987451E+17
  0.10072262E+17  0.86803019E+16  0.72951428E+16  0.61817737E+16  0.50122128E+16
  0.37629234E+16  0.23569321E+16  0.10991525E+16  0.16970203E+15
  0.00000000E+00  0.00000000E+00  0.00000000E+00  0.00000000E+00  0.00000000E+00
  0.00000000E+00  0.00000000E+00  0.00000000E+00  0.00000000E+00  0.00000000E+00
  0.00000000E+00  0.00000000E+00  0.00000000E+00  0.00000000E+00  0.00000000E+00
  0.00000000E+00  0.00000000E+00  0.00000000E+00  0.00000000E+00  0.00000000E+00
  0.55706758E+13  0.12860299E+13  0.10878692E+14  0.38198300E+14  0.84712951E+14
  0.41281487E+15  0.15300541E+16  0.35718561E+16  0.10861805E+17  0.29517644E+17
  0.76378255E+17  0.18941433E+18  0.44774928E+18  0.10516589E+19  0.26649602E+19
  0.64321462E+19  0.15962167E+20  0.33089132E+20  0.30694732E+20  0.93780889E+19
  0.22167907E+19  0.63327839E+18  0.26560746E+18  0.13488644E+18  0.81404246E+17
  0.53469224E+17  0.38271110E+17  0.28762232E+17  0.23097797E+17  0.18047416E+17
  0.14939493E+17  0.12235947E+17  0.10007048E+17  0.83147693E+16  0.71783350E+16
  0.64096323E+16  0.53206927E+16  0.46173112E+16  0.40312752E+16  0.33977373E+16
  0.26190479E+16  0.16835351E+16  0.80729981E+15  0.12854671E+15
  0.00000000E+00  0.00000000E+00  0.00000000E+00  0.00000000E+00  0.00000000E+00
  0.00000000E+00  0.00000000E+00  0.00000000E+00  0.00000000E+00  0.00000000E+00
  0.00000000E+00  0.00000000E+00  0.00000000E+00  0.00000000E+00  0.00000000E+00
  0.00000000E+00  0.00000000E+00  0.00000000E+00  0.00000000E+00  0.00000000E+00
  0.00000000E+00  0.00000000E+00 -0.20665103E-10 -0.92788982E-10 -0.26887307E-09
 -0.64356111E-09  0.67829580E-08 -0.44476184E-07 -0.11142526E-07 -0.36576029E-07
 -0.22036031E-06 -0.19942594E-06 -0.48421321E-06 -0.94433251E-06 -0.13329756E-05
 -0.14831787E-05 -0.12116928E-05 -0.28619338E-05 -0.18102584E-04 -0.20347198E-04
 -0.35522160E-04 -0.24993487E-03 -0.80691013E-03 -0.14961395E-02 -0.16835732E-02
 -0.15758143E-02 -0.14283086E-02 -0.11546226E-02 -0.10043342E-02 -0.85914630E-03
 -0.72910814E-03 -0.69100572E-03 -0.60693317E-03 -0.55268962E-03 -0.54510332E-03
 -0.49584360E-03 -0.40384413E-03 -0.39099175E-03 -0.41283289E-03 -0.44997858E-03
 -0.34351683E-03 -0.39133715E-03 -0.23774095E-03 -0.14656037E-03
  0.00000000E+00  0.00000000E+00  0.00000000E+00  0.00000000E+00  0.00000000E+00
  0.00000000E+00  0.00000000E+00  0.00000000E+00  0.00000000E+00  0.00000000E+00
  0.00000000E+00  0.00000000E+00  0.00000000E+00  0.00000000E+00  0.00000000E+00
  0.00000000E+00  0.00000000E+00  0.00000000E+00  0.00000000E+00  0.00000000E+00
  0.00000000E+00  0.00000000E+00 -0.11376988E-07  0.00000000E+00 -0.17017126E-08
  0.22734006E-07  0.33309886E-09 -0.71476054E-08 -0.32092270E-07 -0.48128637E-07
 -0.93882096E-07 -0.84593653E-07 -0.14501376E-06 -0.95234668E-06 -0.28113410E-06
 -0.10164773E-05 -0.24328511E-05 -0.16082959E-05 -0.74109598E-05 -0.10237813E-04
 -0.18230217E-04  0.28400475E-04 -0.34226097E-03 -0.83736242E-03 -0.13485549E-02
 -0.12246422E-02 -0.11334586E-02 -0.97798914E-03 -0.86225244E-03 -0.74320984E-03
 -0.68792399E-03 -0.60518722E-03 -0.54924772E-03 -0.50259930E-03 -0.44558449E-03
 -0.39097447E-03 -0.43885097E-03 -0.37624996E-03 -0.34120228E-03 -0.23245539E-03
 -0.28085798E-03 -0.20007324E-03 -0.14580015E-03 -0.83741150E-04
  0.00000000E+00  0.00000000E+00  0.00000000E+00  0.00000000E+00  0.00000000E+00
  0.00000000E+00  0.00000000E+00  0.00000000E+00  0.00000000E+00  0.00000000E+00
  0.00000000E+00  0.00000000E+00  0.00000000E+00  0.00000000E+00  0.00000000E+00
  0.00000000E+00  0.00000000E+00  0.00000000E+00  0.00000000E+00  0.00000000E+00
  0.00000000E+00  0.00000000E+00  0.54415665E-08 -0.31058535E-08 -0.62308362E-09
  0.49357964E-08 -0.20215912E-07  0.12886013E-08  0.76423559E-08 -0.26741672E-07
 -0.11633762E-06 -0.49202011E-06 -0.50967814E-06 -0.47321547E-06 -0.44028162E-06
 -0.18746848E-05 -0.34727962E-05 -0.19116108E-05 -0.46360972E-05 -0.98085662E-05
  0.23185461E-04  0.31335659E-04 -0.21097220E-03 -0.74519377E-03 -0.99545386E-03
 -0.10654855E-02 -0.96432525E-03 -0.96799235E-03 -0.81029448E-03 -0.75777221E-03
 -0.58873492E-03 -0.47050744E-03 -0.43014961E-03 -0.37767575E-03 -0.36504016E-03
 -0.34868289E-03 -0.30869440E-03 -0.25816276E-03 -0.28673764E-03 -0.25453897E-03
 -0.14572581E-03 -0.80597626E-04 -0.14644319E-03 -0.37068081E-04
  0.00000000E+00  0.00000000E+00  0.00000000E+00  0.00000000E+00  0.00000000E+00
  0.00000000E+00  0.00000000E+00  0.00000000E+00  0.00000000E+00  0.00000000E+00
  0.00000000E+00  0.00000000E+00  0.00000000E+00  0.00000000E+00  0.00000000E+00
  0.00000000E+00  0.00000000E+00  0.00000000E+00  0.00000000E+00  0.00000000E+00
  0.00000000E+00  0.00000000E+00  0.77789782E-08 -0.19727446E-08 -0.88611651E-09
 -0.74033364E-09 -0.91049960E-08 -0.16067470E-07 -0.40579660E-07 -0.60854915E-07
 -0.19100598E-06 -0.23888502E-06 -0.31429924E-06 -0.35935380E-06 -0.57270803E-07
 -0.18509383E-05 -0.28684693E-05 -0.24598067E-05  0.23598262E-05  0.41588405E-05
  0.10723760E-04  0.37149209E-04  0.77217655E-06 -0.44028411E-03 -0.81701405E-03
 -0.85751171E-03 -0.66479864E-03 -0.70099553E-03 -0.63314317E-03 -0.51187261E-03
 -0.46795613E-03 -0.43582630E-03 -0.40040468E-03 -0.42823570E-03 -0.30095150E-03
 -0.23246026E-03 -0.23386923E-03 -0.17227973E-03 -0.15283713E-03 -0.19549706E-03
 -0.13757891E-03 -0.19727146E-03 -0.80796881E-04 -0.65586040E-04
  0.00000000E+00  0.00000000E+00  0.00000000E+00  0.00000000E+00  0.00000000E+00
  0.00000000E+00  0.00000000E+00  0.00000000E+00  0.00000000E+00  0.00000000E+00
  0.00000000E+00  0.00000000E+00  0.00000000E+00  0.00000000E+00  0.00000000E+00
  0.00000000E+00  0.00000000E+00  0.00000000E+00  0.00000000E+00  0.00000000E+00
  0.00000000E+00  0.00000000E+00  0.00000000E+00 -0.14286308E-10 -0.44305567E-09
 -0.19481203E-08 -0.16571456E-07 -0.14986046E-07 -0.86425284E-08 -0.16156982E-07
 -0.28408539E-07 -0.17603756E-06 -0.38316608E-06 -0.65245691E-06 -0.18248802E-05
 -0.90689771E-06 -0.33897635E-05  0.82873523E-06  0.34076641E-06  0.44540841E-05
  0.35185072E-04  0.11292008E-03 -0.26495016E-04 -0.24955271E-03 -0.54863818E-03
 -0.78898696E-03 -0.73234302E-03 -0.74145113E-03 -0.37323121E-03 -0.57114592E-03
 -0.49413453E-03 -0.41518888E-03 -0.33732197E-03 -0.32824521E-03 -0.28620899E-03
 -0.27607638E-03 -0.23175178E-03 -0.19244049E-03 -0.85523448E-04 -0.13734231E-03
 -0.93474395E-04 -0.70341530E-04 -0.15459010E-04 -0.47520551E-04
  0.00000000E+00  0.00000000E+00  0.00000000E+00  0.00000000E+00  0.00000000E+00
  0.00000000E+00  0.00000000E+00  0.00000000E+00  0.00000000E+00  0.00000000E+00
  0.00000000E+00  0.00000000E+00  0.00000000E+00  0.00000000E+00  0.00000000E+00
  0.00000000E+00  0.00000000E+00  0.00000000E+00  0.00000000E+00  0.00000000E+00
  0.00000000E+00  0.00000000E+00  0.00000000E+00 -0.77983950E-10 -0.36492439E-08
 -0.24621346E-07 -0.96213699E-08 -0.56487621E-08 -0.39003591E-07 -0.76636319E-07
  0.93161504E-08 -0.35328107E-06 -0.27500446E-06 -0.43495988E-06 -0.11311101E-05
 -0.23215187E-05 -0.35616819E-05 -0.15242961E-05  0.95700168E-06  0.28026086E-05
  0.33450804E-04  0.13766397E-03  0.10151044E-03 -0.24226880E-03 -0.51164283E-03
 -0.53717590E-03 -0.55002452E-03 -0.59384756E-03 -0.49440591E-03 -0.38200279E-03
 -0.36574740E-03 -0.30983039E-03 -0.27802839E-03 -0.34577886E-03 -0.27158583E-03
 -0.26526936E-03 -0.13296028E-03 -0.14510636E-03 -0.77136432E-04 -0.13872862E-03
 -0.11324515E-03 -0.78945498E-05 -0.87517260E-04 -0.18127128E-04
  0.00000000E+00  0.00000000E+00  0.00000000E+00  0.00000000E+00  0.00000000E+00
  0.00000000E+00  0.00000000E+00  0.00000000E+00  0.00000000E+00  0.00000000E+00
  0.00000000E+00  0.00000000E+00  0.00000000E+00  0.00000000E+00  0.00000000E+00
  0.00000000E+00  0.00000000E+00  0.00000000E+00  0.00000000E+00  0.00000000E+00
  0.00000000E+00  0.00000000E+00  0.00000000E+00 -0.14362084E-09 -0.36927768E-09
  0.64473499E-08 -0.11280303E-07 -0.26478663E-07 -0.11697030E-07 -0.49103519E-07
 -0.11469063E-06 -0.40651946E-06 -0.53442396E-06 -0.52268096E-06 -0.17839030E-05
 -0.23426063E-05 -0.21885738E-05 -0.47327289E-05 -0.41198091E-05  0.21424626E-04
  0.47689684E-04  0.10984054E-03  0.10476306E-03 -0.24469468E-03 -0.41305121E-03
 -0.45528435E-03 -0.53360767E-03 -0.45512119E-03 -0.54918533E-03 -0.40667350E-03
 -0.33220332E-03 -0.25647496E-03 -0.28073090E-03 -0.22789252E-03 -0.13239989E-03
 -0.17929769E-03 -0.76401292E-04 -0.15677072E-03 -0.12127162E-03 -0.77104226E-05
 -0.74286707E-04 -0.47650373E-04 -0.60434132E-04 -0.64015791E-05
  0.00000000E+00  0.00000000E+00  0.00000000E+00  0.00000000E+00  0.00000000E+00
  0.00000000E+00  0.00000000E+00  0.00000000E+00  0.00000000E+00  0.00000000E+00
  0.00000000E+00  0.00000000E+00  0.00000000E+00  0.00000000E+00  0.00000000E+00
  0.00000000E+00  0.00000000E+00  0.00000000E+00  0.00000000E+00  0.00000000E+00
  0.00000000E+00  0.00000000E+00  0.00000000E+00  0.21729925E-09  0.53334789E-08
  0.13793069E-08  0.30713943E-08  0.13448856E-08 -0.92132690E-07 -0.55477012E-07
  0.51464275E-07 -0.14725594E-06 -0.35293934E-06 -0.11609446E-05 -0.23130560E-05
 -0.22480814E-05 -0.32091082E-05 -0.33900726E-05  0.33593035E-05 -0.43408800E-06
  0.50942652E-04  0.12448542E-03  0.22542374E-03 -0.13463084E-05 -0.36251564E-03
 -0.46753172E-03 -0.33378614E-03 -0.43362473E-03 -0.43688786E-03 -0.31427320E-03
 -0.31468633E-03 -0.31390888E-03 -0.25116118E-03 -0.23908703E-03 -0.25387948E-03
 -0.21282985E-03 -0.11528938E-03 -0.26276512E-04 -0.19723595E-03 -0.22873650E-03
 -0.79637063E-04 -0.35684432E-04 -0.86056664E-04 -0.15134834E-05
  0.00000000E+00  0.00000000E+00  0.00000000E+00  0.00000000E+00  0.00000000E+00
  0.00000000E+00  0.00000000E+00  0.00000000E+00  0.00000000E+00  0.00000000E+00
  0.00000000E+00  0.00000000E+00  0.00000000E+00  0.00000000E+00  0.00000000E+00
  0.00000000E+00  0.00000000E+00  0.00000000E+00  0.00000000E+00  0.00000000E+00
  0.00000000E+00  0.00000000E+00  0.00000000E+00  0.15466959E-09 -0.42523154E-09
 -0.11779397E-08 -0.12712198E-07 -0.16491287E-07 -0.15809934E-07 -0.65536221E-07
 -0.12626802E-06 -0.42477536E-06 -0.10856371E-05 -0.15816738E-05 -0.17921800E-05
 -0.39356078E-05 -0.49044143E-05 -0.73029490E-05 -0.41089936E-05  0.81291762E-05
  0.18652884E-04  0.10412634E-03  0.14522956E-03 -0.12503728E-03 -0.16177260E-03
 -0.39046257E-03 -0.31106420E-03 -0.26957224E-03 -0.33942875E-03 -0.21734635E-03
 -0.26688361E-03 -0.20561418E-03 -0.17717932E-03 -0.17431298E-03 -0.67463093E-04
 -0.19557737E-03 -0.21723952E-03 -0.22819995E-03 -0.79789761E-04 -0.64129972E-05
 -0.17012120E-04  0.30950521E-05 -0.10295700E-04 -0.29341312E-04
  0.00000000E+00  0.00000000E+00  0.00000000E+00  0.00000000E+00  0.00000000E+00
  0.00000000E+00  0.00000000E+00  0.00000000E+00  0.00000000E+00  0.00000000E+00
  0.00000000E+00  0.00000000E+00  0.00000000E+00  0.00000000E+00  0.00000000E+00
  0.00000000E+00  0.00000000E+00  0.00000000E+00  0.00000000E+00  0.00000000E+00
  0.00000000E+00  0.00000000E+00  0.00000000E+00  0.91652373E-10 -0.67767881E-09
 -0.11176395E-08 -0.13049889E-08 -0.24290304E-07 -0.56150242E-07 -0.94692880E-07
 -0.29179461E-06 -0.37649869E-06 -0.10378129E-05 -0.13227909E-05 -0.25475666E-05
 -0.41831207E-05 -0.37743961E-05 -0.84137181E-05 -0.42051737E-05  0.47818576E-05
  0.16905521E-04  0.27729219E-04  0.11422086E-03 -0.48391315E-04 -0.32585679E-03
 -0.25637334E-03 -0.27567973E-03 -0.27951920E-03 -0.28692645E-03 -0.23051186E-03
 -0.95695268E-04 -0.15113028E-03 -0.13361385E-03 -0.37860697E-04 -0.15087562E-03
 -0.11340730E-04 -0.87567126E-04  0.44908825E-04 -0.27168402E-04  0.20194086E-07
 -0.75940549E-04  0.14288573E-04 -0.46114197E-04 -0.20435171E-04
  0.00000000E+00  0.00000000E+00  0.00000000E+00  0.00000000E+00  0.00000000E+00
  0.00000000E+00  0.00000000E+00  0.00000000E+00  0.00000000E+00  0.00000000E+00
  0.00000000E+00  0.00000000E+00  0.00000000E+00  0.00000000E+00  0.00000000E+00
  0.00000000E+00  0.00000000E+00  0.00000000E+00  0.00000000E+00  0.00000000E+00
  0.00000000E+00 -0.17109760E-07  0.00000000E+00  0.26381808E-10 -0.54912502E-09
 -0.34693257E-07 -0.49148941E-09 -0.59631462E-08 -0.13626635E-07 -0.17738967E-07
 -0.20784227E-06 -0.32752639E-06 -0.39297356E-06 -0.15742478E-05 -0.25734858E-05
 -0.34557885E-05 -0.44736964E-05 -0.79377588E-05 -0.96272148E-05 -0.72321280E-05
  0.63758844E-05 -0.79813609E-05  0.53177203E-04  0.58276297E-06 -0.19950567E-03
 -0.22252565E-03 -0.22305531E-03 -0.90668235E-04 -0.20582302E-03 -0.14159165E-03
 -0.18399005E-03 -0.10705722E-03 -0.14998970E-03 -0.84594090E-04 -0.50789575E-04
 -0.43283861E-04  0.93804250E-05  0.21309902E-04 -0.11746662E-04 -0.66376631E-04
 -0.19152722E-04 -0.37776016E-04 -0.90894298E-04  0.98599251E-05
  0.00000000E+00  0.00000000E+00  0.00000000E+00  0.00000000E+00  0.00000000E+00
  0.00000000E+00  0.00000000E+00  0.00000000E+00  0.00000000E+00  0.00000000E+00
  0.00000000E+00  0.00000000E+00  0.00000000E+00  0.00000000E+00  0.00000000E+00
  0.00000000E+00  0.00000000E+00  0.00000000E+00  0.00000000E+00  0.00000000E+00
  0.00000000E+00 -0.17384921E-10  0.00000000E+00  0.19439198E-09 -0.85034323E-09
 -0.91889811E-09  0.66602059E-09 -0.19253916E-07 -0.32959699E-07 -0.45145870E-07
 -0.18393615E-06 -0.41671698E-06 -0.87783109E-06 -0.14578874E-05 -0.17171419E-05
 -0.46735334E-05 -0.58708683E-05 -0.97738924E-05 -0.15653608E-04 -0.27646102E-04
 -0.21333519E-04  0.58915190E-05  0.13482691E-04 -0.28714376E-04 -0.20232848E-03
 -0.70263096E-04 -0.20068072E-03 -0.22939385E-03 -0.61288002E-04 -0.33330674E-03
 -0.10133982E-03 -0.17095322E-03 -0.66023112E-04 -0.41266835E-04 -0.81738306E-04
 -0.12332885E-03 -0.60075526E-04 -0.56382908E-04 -0.84884288E-04 -0.53883503E-04
 -0.18657880E-04 -0.86110658E-04 -0.68942255E-05 -0.35122079E-05
  0.00000000E+00  0.00000000E+00  0.00000000E+00  0.00000000E+00  0.00000000E+00
  0.00000000E+00  0.00000000E+00  0.00000000E+00  0.00000000E+00  0.00000000E+00
  0.00000000E+00  0.00000000E+00  0.00000000E+00  0.00000000E+00  0.00000000E+00
  0.00000000E+00  0.00000000E+00  0.00000000E+00  0.00000000E+00  0.00000000E+00
  0.00000000E+00 -0.51348722E-10  0.00000000E+00  0.28587206E-09 -0.11008171E-08
  0.14047651E-08 -0.11324701E-07 -0.11419247E-07 -0.82012870E-07 -0.49141113E-07
 -0.23553420E-06 -0.15995584E-06 -0.12214985E-05 -0.25823715E-05 -0.32271632E-05
 -0.59167066E-05 -0.81438318E-05 -0.14581519E-04 -0.17496288E-04 -0.21743134E-04
 -0.21246942E-04 -0.16880489E-04 -0.25362601E-04 -0.21778666E-03 -0.30382534E-04
 -0.21587294E-03 -0.19665725E-03 -0.24811799E-03 -0.15734131E-03 -0.15061945E-03
 -0.11567800E-03 -0.98142949E-04 -0.15355622E-03 -0.75070420E-04 -0.11458647E-03
 -0.27863673E-04 -0.41225353E-04  0.40472137E-05 -0.33104494E-04 -0.72130696E-05
 -0.49971535E-04  0.60261454E-04 -0.72923301E-04  0.80536825E-05
  0.00000000E+00  0.00000000E+00  0.00000000E+00  0.00000000E+00  0.00000000E+00
  0.00000000E+00  0.00000000E+00  0.00000000E+00  0.00000000E+00  0.00000000E+00
  0.00000000E+00  0.00000000E+00  0.00000000E+00  0.00000000E+00  0.00000000E+00
  0.00000000E+00  0.00000000E+00  0.00000000E+00  0.00000000E+00  0.00000000E+00
  0.00000000E+00  0.16325543E-09 -0.26459701E-09  0.28799442E-09 -0.82776710E-09
  0.16672476E-08 -0.15543915E-07 -0.15591927E-07 -0.51452765E-07 -0.11047293E-06
 -0.15702833E-06 -0.29548604E-06 -0.55397544E-06 -0.17781685E-05 -0.30147151E-05
 -0.60268919E-05 -0.11505728E-04 -0.18987405E-04 -0.20740349E-04 -0.35905546E-04
 -0.70250319E-04 -0.76673315E-04 -0.13592763E-03 -0.94818996E-04  0.12573127E-04
 -0.25460972E-03 -0.21733829E-03 -0.11644614E-03 -0.12885970E-03 -0.17352583E-03
 -0.16325520E-03 -0.17331710E-03 -0.46202111E-04 -0.67553765E-04 -0.58599776E-04
 -0.81273643E-04 -0.93939777E-04  0.76010720E-05 -0.53865253E-04  0.10949320E-04
 -0.10881938E-04  0.24632110E-04 -0.27033683E-06 -0.15225090E-04
  0.00000000E+00  0.00000000E+00  0.00000000E+00  0.00000000E+00  0.00000000E+00
  0.00000000E+00  0.00000000E+00  0.00000000E+00  0.00000000E+00  0.00000000E+00
  0.00000000E+00  0.00000000E+00  0.00000000E+00  0.00000000E+00  0.00000000E+00
  0.00000000E+00  0.00000000E+00  0.00000000E+00  0.00000000E+00  0.00000000E+00
  0.00000000E+00  0.34105354E-09 -0.25315297E-09  0.28628492E-09 -0.11455152E-07
 -0.36139851E-08 -0.24615213E-07 -0.25555164E-07 -0.71472726E-07 -0.10498920E-06
 -0.21150720E-06 -0.61741708E-06 -0.93680322E-06 -0.33733529E-05 -0.52331064E-05
 -0.69192780E-05 -0.15009483E-04 -0.23576651E-04 -0.32895757E-04 -0.50791695E-04
 -0.10994586E-03 -0.15894990E-03 -0.23335184E-03 -0.14769930E-03 -0.67871763E-04
 -0.13195798E-03  0.13306168E-04 -0.25612670E-04 -0.14485767E-03 -0.74148964E-04
 -0.15019917E-03 -0.47634453E-04 -0.79324613E-04 -0.18992832E-03  0.72975356E-05
 -0.12820787E-03 -0.10518229E-04 -0.16828356E-04 -0.49523376E-04  0.37168059E-07
  0.38508862E-04 -0.73887844E-04 -0.22693789E-04 -0.15008585E-04
  0.00000000E+00  0.00000000E+00  0.00000000E+00  0.00000000E+00  0.00000000E+00
  0.00000000E+00  0.00000000E+00  0.00000000E+00  0.00000000E+00  0.00000000E+00
  0.00000000E+00  0.00000000E+00  0.00000000E+00  0.00000000E+00  0.00000000E+00
  0.00000000E+00  0.00000000E+00  0.00000000E+00  0.00000000E+00  0.00000000E+00
  0.00000000E+00  0.35340696E-09 -0.29684853E-09  0.28136578E-09  0.48714598E-08
 -0.28332562E-08 -0.12396670E-07 -0.18736013E-07 -0.97653021E-07 -0.15869360E-06
 -0.42884111E-06 -0.86131600E-06 -0.16404762E-05 -0.37173610E-05 -0.64783862E-05
 -0.11210659E-04 -0.14302802E-04 -0.27790938E-04 -0.45094924E-04 -0.76671906E-04
 -0.13785109E-03 -0.19329428E-03 -0.37311972E-03 -0.27132666E-03 -0.20115166E-03
 -0.50934921E-04 -0.71949566E-04 -0.17476107E-03 -0.94256331E-04 -0.59888375E-04
  0.72383552E-04 -0.15971533E-03 -0.75713646E-04 -0.98083325E-04 -0.16580548E-04
 -0.67255791E-04 -0.44748532E-04  0.10748405E-03 -0.47378208E-04  0.11991275E-03
 -0.64592885E-06 -0.27368755E-05  0.51809055E-04  0.13970928E-04
  0.00000000E+00  0.00000000E+00  0.00000000E+00  0.00000000E+00  0.00000000E+00
  0.00000000E+00  0.00000000E+00  0.00000000E+00  0.00000000E+00  0.00000000E+00
  0.00000000E+00  0.00000000E+00  0.00000000E+00  0.00000000E+00  0.00000000E+00
  0.00000000E+00  0.00000000E+00  0.00000000E+00  0.00000000E+00  0.00000000E+00
  0.00000000E+00  0.99879234E-10 -0.34915535E-09  0.00000000E+00 -0.20939962E-08
 -0.31127166E-08 -0.15772556E-07 -0.30187849E-07 -0.88042248E-07 -0.88201910E-07
 -0.34371294E-06 -0.80151117E-06 -0.21692515E-05 -0.37321848E-05 -0.77270324E-05
 -0.12995987E-04 -0.22520635E-04 -0.36228689E-04 -0.70140448E-04 -0.12932304E-03
 -0.19616768E-03 -0.39098967E-03 -0.54049002E-03 -0.37628395E-03  0.45992557E-04
  0.49811404E-04 -0.15447314E-03 -0.16935500E-03 -0.86183653E-04 -0.30009333E-04
 -0.20907731E-03 -0.69887240E-04 -0.14504590E-03  0.18340259E-04 -0.12130044E-03
  0.11216569E-03 -0.40662589E-04  0.70549615E-05 -0.35785212E-05  0.76005633E-04
  0.49881844E-04  0.71441792E-04  0.38152258E-04  0.19592026E-04
  0.00000000E+00  0.00000000E+00  0.00000000E+00  0.00000000E+00  0.00000000E+00
  0.00000000E+00  0.00000000E+00  0.00000000E+00  0.00000000E+00  0.00000000E+00
  0.00000000E+00  0.00000000E+00  0.00000000E+00  0.00000000E+00  0.00000000E+00
  0.00000000E+00  0.00000000E+00  0.00000000E+00  0.00000000E+00  0.00000000E+00
  0.00000000E+00 -0.50607511E-12 -0.41222830E-09  0.00000000E+00 -0.17794752E-08
 -0.45897095E-08 -0.43031243E-07 -0.56343128E-07 -0.16127468E-06 -0.20781829E-06
 -0.63819311E-06 -0.12094102E-05 -0.30710865E-05 -0.47212375E-05 -0.80683009E-05
 -0.17912615E-04 -0.29357276E-04 -0.53237113E-04 -0.89899700E-04 -0.16680991E-03
 -0.29199078E-03 -0.56332613E-03 -0.69834197E-03 -0.27080070E-03  0.15480658E-05
  0.26057247E-04 -0.11231800E-04 -0.84153963E-06  0.65353192E-04  0.52911384E-04
 -0.73982291E-05  0.10770020E-03  0.29229457E-04  0.13468623E-03  0.24699043E-04
 -0.54973940E-04  0.44119179E-04 -0.44969637E-04 -0.80620372E-04 -0.39647796E-04
 -0.42251690E-04 -0.25937203E-04 -0.40081596E-04  0.11380609E-04
  0.00000000E+00  0.00000000E+00  0.00000000E+00  0.00000000E+00  0.00000000E+00
  0.00000000E+00  0.00000000E+00  0.00000000E+00  0.00000000E+00  0.00000000E+00
  0.00000000E+00  0.00000000E+00  0.00000000E+00  0.00000000E+00  0.00000000E+00
  0.00000000E+00  0.00000000E+00  0.00000000E+00  0.00000000E+00  0.00000000E+00
  0.00000000E+00  0.24260979E-09 -0.69481602E-09  0.00000000E+00 -0.15243800E-08
 -0.32841181E-08 -0.63721506E-08 -0.28607183E-07 -0.29760016E-07 -0.28635901E-06
 -0.62998975E-06 -0.13167175E-05 -0.33327877E-05 -0.57317267E-05 -0.11718485E-04
 -0.23578828E-04 -0.34949321E-04 -0.74506790E-04 -0.11547575E-03 -0.20202153E-03
 -0.39666485E-03 -0.72943825E-03 -0.77637145E-03 -0.42459777E-03  0.19491724E-03
  0.10646137E-03  0.16323244E-03 -0.67456533E-05  0.36325428E-04 -0.85278833E-05
  0.74583180E-04  0.10767388E-03 -0.12350830E-03  0.13783460E-04 -0.97568073E-05
 -0.17229885E-04 -0.48134848E-04 -0.32115348E-04  0.51726729E-04  0.65098832E-05
  0.13306565E-04  0.41696347E-04  0.75425005E-04  0.28956478E-04
  0.00000000E+00  0.00000000E+00  0.00000000E+00  0.00000000E+00  0.00000000E+00
  0.00000000E+00  0.00000000E+00  0.00000000E+00  0.00000000E+00  0.00000000E+00
  0.00000000E+00  0.00000000E+00  0.00000000E+00  0.00000000E+00  0.00000000E+00
  0.00000000E+00  0.00000000E+00  0.00000000E+00  0.00000000E+00  0.00000000E+00
  0.00000000E+00  0.39115336E-09 -0.99051325E-09  0.00000000E+00  0.13651252E-07
  0.49995575E-08 -0.68368166E-08 -0.29697804E-07 -0.15276535E-06 -0.31629563E-06
 -0.75259624E-06 -0.14661515E-05 -0.34774039E-05 -0.66039526E-05 -0.15797974E-04
 -0.24686945E-04 -0.48041070E-04 -0.95073421E-04 -0.16824305E-03 -0.32287814E-03
 -0.56333430E-03 -0.87958881E-03 -0.84410633E-03 -0.12691670E-03  0.52567780E-04
  0.13523016E-03 -0.46565978E-04  0.17735775E-03  0.80907945E-05  0.51212646E-04
 -0.20935587E-05  0.34954783E-04  0.23988791E-04 -0.90576284E-04  0.70025923E-04
  0.15338046E-03  0.21955599E-04 -0.28343337E-04  0.10293775E-03 -0.20863479E-04
  0.57098658E-04  0.70750334E-04  0.43965521E-04  0.59943486E-04
  0.00000000E+00  0.00000000E+00  0.00000000E+00  0.00000000E+00  0.00000000E+00
  0.00000000E+00  0.00000000E+00  0.00000000E+00  0.00000000E+00  0.00000000E+00
  0.00000000E+00  0.00000000E+00  0.00000000E+00  0.00000000E+00  0.00000000E+00
  0.00000000E+00  0.00000000E+00  0.00000000E+00  0.00000000E+00  0.00000000E+00
  0.00000000E+00  0.39610544E-09 -0.10216604E-08 -0.59948229E-08 -0.10091207E-09
 -0.25841674E-08 -0.21249724E-07 -0.11918856E-07 -0.16591161E-06 -0.39973342E-06
 -0.67784334E-06 -0.25411238E-05 -0.41747136E-05 -0.88563020E-05 -0.19432209E-04
 -0.29539546E-04 -0.66312006E-04 -0.11906198E-03 -0.22618116E-03 -0.41808633E-03
 -0.71019500E-03 -0.11206348E-02 -0.78646609E-03 -0.15319588E-03  0.92668119E-04
  0.46178835E-03  0.45633252E-03  0.14203859E-03  0.20230624E-03  0.19323740E-03
  0.19556243E-03  0.11140652E-03  0.82026155E-04  0.13823070E-03  0.36280433E-05
  0.54328743E-04  0.52613792E-04  0.16007718E-03  0.87537580E-04  0.71524227E-04
  0.11208169E-04  0.11130018E-03  0.61261355E-04  0.26728774E-05
  0.00000000E+00  0.00000000E+00  0.00000000E+00  0.00000000E+00  0.00000000E+00
  0.00000000E+00  0.00000000E+00  0.00000000E+00  0.00000000E+00  0.00000000E+00
  0.00000000E+00  0.00000000E+00  0.00000000E+00  0.00000000E+00  0.00000000E+00
  0.00000000E+00  0.00000000E+00  0.00000000E+00  0.00000000E+00 -0.33395821E-09
  0.00000000E+00  0.39974473E-09 -0.13741872E-08 -0.72479335E-08 -0.64608916E-09
 -0.18377276E-07 -0.77352556E-08 -0.62746059E-07 -0.17822891E-06 -0.30723025E-06
 -0.99917756E-06 -0.30783809E-05 -0.60232081E-05 -0.12062940E-04 -0.20425068E-04
 -0.37094286E-04 -0.78089596E-04 -0.15185386E-03 -0.28852857E-03 -0.54802027E-03
 -0.10163454E-02 -0.10114474E-02 -0.39853245E-03  0.91157795E-04  0.33953545E-03
  0.48627392E-03  0.21068847E-03  0.32220698E-03  0.15595393E-03  0.30091542E-03
  0.15283816E-03  0.95181336E-04  0.14933005E-03  0.21047881E-03  0.20526329E-03
  0.43355065E-04  0.23650999E-04 -0.19936996E-04 -0.41266629E-04  0.19250924E-03
 -0.37478738E-04  0.27195347E-04  0.70869682E-04  0.68040143E-05
  0.00000000E+00  0.00000000E+00  0.00000000E+00  0.00000000E+00  0.00000000E+00
  0.00000000E+00  0.00000000E+00  0.00000000E+00  0.00000000E+00  0.00000000E+00
  0.00000000E+00  0.00000000E+00  0.00000000E+00  0.00000000E+00  0.00000000E+00
  0.00000000E+00  0.00000000E+00  0.00000000E+00  0.00000000E+00 -0.39635797E-09
  0.00000000E+00  0.40194208E-09  0.17667970E-08  0.19161185E-08 -0.12048114E-08
 -0.20128463E-09 -0.18362554E-07 -0.56907277E-07 -0.28386859E-06 -0.42042259E-06
 -0.14013820E-05 -0.25080923E-05 -0.62058673E-05 -0.13867661E-04 -0.22401152E-04
 -0.53231899E-04 -0.11826376E-03 -0.20628725E-03 -0.36439112E-03 -0.73506818E-03
 -0.11566329E-02 -0.11720724E-02 -0.25634339E-03  0.15967014E-03  0.21219732E-03
  0.56562842E-03  0.55117029E-03  0.23438214E-03  0.33901953E-03  0.13191354E-03
  0.10618400E-03  0.64885254E-04  0.16908425E-03  0.19184086E-03  0.61471609E-04
  0.20558768E-03  0.13282084E-03  0.16357338E-03  0.13026781E-03  0.11772889E-03
  0.12421667E-03  0.80358860E-04  0.99647338E-04 -0.28930444E-04
  0.00000000E+00  0.00000000E+00  0.00000000E+00  0.00000000E+00  0.00000000E+00
  0.00000000E+00  0.00000000E+00  0.00000000E+00  0.00000000E+00  0.00000000E+00
  0.00000000E+00  0.00000000E+00  0.00000000E+00  0.00000000E+00  0.00000000E+00
  0.00000000E+00  0.00000000E+00  0.00000000E+00  0.00000000E+00 -0.36959133E-08
  0.00000000E+00  0.40258653E-09 -0.44678825E-09 -0.80168898E-08 -0.75791794E-08
 -0.28834817E-07 -0.82023566E-08 -0.13206717E-06 -0.21964418E-06 -0.38415416E-06
 -0.16824132E-05 -0.27628380E-05 -0.73493772E-05 -0.13972192E-04 -0.32514144E-04
 -0.73460211E-04 -0.13270620E-03 -0.25984655E-03 -0.46789510E-03 -0.96850583E-03
 -0.12311636E-02 -0.93796515E-03 -0.23339270E-03  0.38772522E-03  0.61843006E-03
  0.23860543E-03  0.40590285E-03  0.50043631E-03  0.44212500E-03  0.39943891E-03
  0.47920198E-03  0.38243615E-03  0.25816021E-03  0.21765091E-03  0.16477159E-03
  0.24298950E-03  0.59102381E-04  0.13616953E-03  0.81911934E-04  0.46710304E-04
  0.51895038E-04  0.74499527E-04  0.67239399E-04  0.28489363E-04
  0.00000000E+00  0.00000000E+00  0.00000000E+00  0.00000000E+00  0.00000000E+00
  0.00000000E+00  0.00000000E+00  0.00000000E+00  0.00000000E+00  0.00000000E+00
  0.00000000E+00  0.00000000E+00  0.00000000E+00  0.00000000E+00  0.00000000E+00
  0.00000000E+00  0.00000000E+00  0.00000000E+00  0.00000000E+00 -0.51974167E-09
  0.00000000E+00  0.80328006E-09  0.00000000E+00 -0.12564352E-08 -0.75543854E-08
  0.57880767E-08 -0.24533741E-07 -0.80424345E-07 -0.80765025E-07 -0.56029188E-06
 -0.14480420E-05 -0.32295531E-05 -0.79654427E-05 -0.19438571E-04 -0.37552788E-04
 -0.81900417E-04 -0.16355878E-03 -0.35301739E-03 -0.72238590E-03 -0.11670160E-02
 -0.12398711E-02 -0.52682827E-03  0.90715601E-04  0.69327955E-03  0.63221300E-03
  0.74538896E-03  0.52583171E-03  0.35306297E-03  0.49656042E-03  0.48471783E-03
  0.51881380E-03  0.38622420E-03  0.23451831E-03  0.28235408E-03  0.21766304E-03
  0.28040248E-03  0.31861498E-03  0.26034559E-03  0.18959229E-03  0.15594090E-03
  0.64470657E-04  0.11166797E-03 -0.81259267E-05  0.29389207E-04
  0.00000000E+00  0.00000000E+00  0.00000000E+00  0.00000000E+00  0.00000000E+00
  0.00000000E+00  0.00000000E+00  0.00000000E+00  0.00000000E+00  0.00000000E+00
  0.00000000E+00  0.00000000E+00  0.00000000E+00  0.00000000E+00  0.00000000E+00
  0.00000000E+00  0.00000000E+00  0.00000000E+00  0.00000000E+00 -0.58726947E-09
  0.00000000E+00  0.79778202E-09  0.00000000E+00 -0.44075660E-09  0.76903535E-08
 -0.11984400E-07 -0.35934517E-07 -0.63613880E-07 -0.38248574E-06 -0.55271534E-06
 -0.12240763E-05 -0.42395888E-05 -0.11176331E-04 -0.23527887E-04 -0.42156476E-04
 -0.99562487E-04 -0.20950215E-03 -0.42997836E-03 -0.81824605E-03 -0.12407865E-02
 -0.10306052E-02 -0.27166417E-03  0.33668690E-03  0.58419005E-03  0.55213181E-03
  0.72758930E-03  0.65908502E-03  0.68288971E-03  0.49940233E-03  0.45925035E-03
  0.39143102E-03  0.26794391E-03  0.37073492E-03  0.36956293E-03  0.17471039E-03
  0.20128117E-03  0.17871909E-03  0.15766870E-03  0.23865312E-03  0.88392786E-04
  0.20622874E-03  0.14918597E-03  0.77940292E-04  0.69282448E-04
  0.00000000E+00  0.00000000E+00  0.00000000E+00  0.00000000E+00  0.00000000E+00
  0.00000000E+00  0.00000000E+00  0.00000000E+00  0.00000000E+00  0.00000000E+00
  0.00000000E+00  0.00000000E+00  0.00000000E+00  0.00000000E+00  0.00000000E+00
  0.00000000E+00  0.00000000E+00  0.00000000E+00  0.00000000E+00 -0.66493409E-09
  0.00000000E+00  0.78557413E-09  0.00000000E+00 -0.16920318E-08 -0.35849772E-08
 -0.34778676E-08 -0.53390238E-07 -0.53286474E-07  0.53055444E-07 -0.85476058E-06
 -0.13665539E-05 -0.35417542E-05 -0.76947973E-05 -0.19733330E-04 -0.43966885E-04
 -0.10286106E-03 -0.23418574E-03 -0.50131931E-03 -0.90101175E-03 -0.11632591E-02
 -0.59872960E-03  0.21009075E-03  0.75509080E-03  0.80094311E-03  0.80815010E-03
  0.68337337E-03  0.60987884E-03  0.65295565E-03  0.55523214E-03  0.47675632E-03
  0.35222524E-03  0.40792934E-03  0.35999489E-03  0.20699282E-03  0.29089255E-03
  0.19926034E-03  0.11298213E-03  0.23702558E-03  0.15583168E-03  0.69484914E-04
  0.27479985E-04  0.13912072E-03  0.27358877E-04  0.78811288E-04
  0.00000000E+00  0.00000000E+00  0.00000000E+00  0.00000000E+00  0.00000000E+00
  0.00000000E+00  0.00000000E+00  0.00000000E+00  0.00000000E+00  0.00000000E+00
  0.00000000E+00  0.00000000E+00  0.00000000E+00  0.00000000E+00  0.00000000E+00
  0.00000000E+00  0.00000000E+00  0.00000000E+00  0.00000000E+00 -0.75359632E-09
  0.47431252E-09  0.29483756E-09  0.00000000E+00  0.75375724E-09 -0.15295897E-08
 -0.14537187E-07 -0.10855767E-06 -0.83336041E-07 -0.31058471E-06 -0.48423571E-06
 -0.22084182E-05 -0.38717141E-05 -0.82370866E-05 -0.26877328E-04 -0.47276128E-04
 -0.12883771E-03 -0.25999777E-03 -0.57434550E-03 -0.92685909E-03 -0.94133880E-03
 -0.58359550E-04  0.60163840E-03  0.83191087E-03  0.93923441E-03  0.81376111E-03
  0.92906215E-03  0.74516631E-03  0.63231274E-03  0.70532553E-03  0.63777544E-03
  0.38806444E-03  0.43259161E-03  0.46421801E-03  0.41080856E-03  0.30370160E-03
  0.34801569E-03  0.21574858E-03  0.20011923E-03  0.55822757E-04  0.15665098E-03
  0.14452782E-03  0.12205320E-03  0.82958295E-04 -0.21307618E-04
  0.00000000E+00  0.00000000E+00  0.00000000E+00  0.00000000E+00  0.00000000E+00
  0.00000000E+00  0.00000000E+00  0.00000000E+00  0.00000000E+00  0.00000000E+00
  0.00000000E+00  0.00000000E+00  0.00000000E+00  0.00000000E+00  0.00000000E+00
  0.00000000E+00  0.00000000E+00  0.00000000E+00  0.00000000E+00 -0.66837382E-09
  0.56648898E-09  0.00000000E+00 -0.67612900E-08 -0.99898201E-09 -0.91679530E-09
 -0.37351572E-07  0.67315087E-07 -0.11637320E-06 -0.16379274E-06 -0.66497598E-06
 -0.15213232E-05 -0.34044031E-05 -0.72873329E-05 -0.23384200E-04 -0.49785870E-04
 -0.12245049E-03 -0.24663972E-03 -0.59497181E-03 -0.92671390E-03 -0.41916902E-03
  0.32763104E-03  0.98521808E-03  0.66604494E-03  0.97321805E-03  0.89371638E-03
  0.10075051E-02  0.87556196E-03  0.78739301E-03  0.72358419E-03  0.65318376E-03
  0.53883758E-03  0.57428690E-03  0.50417420E-03  0.52485951E-03  0.35116073E-03
  0.17559140E-03  0.28363061E-03  0.20309624E-03  0.18848777E-03  0.18844447E-03
  0.87902867E-04  0.80143571E-04  0.14379685E-03  0.35340167E-04
  0.00000000E+00  0.00000000E+00  0.00000000E+00  0.00000000E+00  0.00000000E+00
  0.00000000E+00  0.00000000E+00  0.00000000E+00  0.00000000E+00  0.00000000E+00
  0.00000000E+00  0.00000000E+00  0.00000000E+00  0.00000000E+00  0.00000000E+00
  0.00000000E+00  0.00000000E+00  0.00000000E+00  0.00000000E+00  0.00000000E+00
 -0.24223427E-09  0.00000000E+00  0.41788142E-08  0.22696368E-08 -0.27145560E-08
  0.34252865E-07  0.19843734E-07 -0.46297304E-07 -0.16497556E-06 -0.24757230E-06
 -0.20508070E-05 -0.24566845E-05 -0.58269896E-05 -0.10072609E-04 -0.42339429E-04
 -0.90325013E-04 -0.22257208E-03 -0.47549762E-03 -0.47486633E-03 -0.56831235E-05
  0.91493992E-03  0.10245620E-02  0.14292971E-02  0.13194821E-02  0.12730145E-02
  0.11607263E-02  0.10113902E-02  0.89441631E-03  0.83859177E-03  0.82781275E-03
  0.62474372E-03  0.58850010E-03  0.42149101E-03  0.31428941E-03  0.39891449E-03
  0.29998066E-03  0.37535253E-03  0.19069285E-03  0.24737797E-03  0.14602966E-03
  0.18350051E-03  0.14662277E-03  0.14245011E-03 -0.10934859E-04
  0.00000000E+00  0.00000000E+00  0.00000000E+00  0.00000000E+00  0.00000000E+00
  0.00000000E+00  0.00000000E+00  0.00000000E+00  0.00000000E+00  0.00000000E+00
  0.00000000E+00  0.00000000E+00  0.00000000E+00  0.00000000E+00  0.00000000E+00
  0.00000000E+00  0.00000000E+00  0.00000000E+00  0.00000000E+00 -0.79652203E-10
  0.12906948E-10 -0.17449642E-09  0.19863079E-08 -0.45311732E-08 -0.66291552E-08
 -0.17314457E-07  0.14744783E-07  0.36150843E-07 -0.34300575E-06  0.23622736E-06
 -0.27500109E-06 -0.85575920E-06 -0.46766814E-05  0.25727969E-06 -0.21616115E-04
 -0.48115646E-04 -0.66289747E-04 -0.25052604E-03 -0.16409974E-03  0.77552023E-03
  0.15828657E-02  0.19338835E-02  0.18579586E-02  0.19105258E-02  0.16621069E-02
  0.14657504E-02  0.12607169E-02  0.12066509E-02  0.10213216E-02  0.80973560E-03
  0.79517980E-03  0.76844105E-03  0.54023301E-03  0.51391624E-03  0.40562089E-03
  0.37631729E-03  0.30498276E-03  0.38627364E-03  0.27354308E-03  0.26797939E-03
  0.19254281E-03  0.81596298E-04  0.10227521E-03  0.38289311E-04
  0.00000000E+00  0.00000000E+00  0.00000000E+00  0.00000000E+00  0.00000000E+00
  0.00000000E+00  0.00000000E+00  0.00000000E+00  0.00000000E+00  0.00000000E+00
  0.00000000E+00  0.00000000E+00  0.00000000E+00  0.00000000E+00  0.00000000E+00
  0.00000000E+00  0.00000000E+00  0.00000000E+00  0.00000000E+00  0.00000000E+00
  0.61692636E-10 -0.10507430E-10  0.43943358E-09 -0.20875858E-09  0.74333293E-10
  0.19371647E-07  0.28623432E-07  0.28886453E-08  0.49635090E-07 -0.21508718E-06
  0.10092916E-06  0.13785244E-05 -0.17968396E-05  0.42408746E-05  0.14805850E-04
  0.29175622E-04  0.72032306E-04  0.25059364E-03  0.12322983E-02  0.25709297E-02
  0.33918301E-02  0.32115126E-02  0.28778632E-02  0.24211149E-02  0.21870811E-02
  0.19178110E-02  0.16283372E-02  0.14433362E-02  0.12979379E-02  0.10859421E-02
  0.96609106E-03  0.94181665E-03  0.78360511E-03  0.64604398E-03  0.69694888E-03
  0.56016560E-03  0.47160463E-03  0.46198005E-03  0.43164791E-03  0.36809903E-03
  0.34031544E-03  0.25012539E-03  0.17792126E-03  0.31349527E-04
  0.00000000E+00  0.00000000E+00  0.00000000E+00  0.00000000E+00  0.00000000E+00
  0.00000000E+00  0.00000000E+00  0.00000000E+00  0.00000000E+00  0.00000000E+00
  0.00000000E+00  0.00000000E+00  0.00000000E+00  0.00000000E+00  0.00000000E+00
  0.00000000E+00  0.00000000E+00  0.00000000E+00  0.00000000E+00  0.00000000E+00
  0.00000000E+00  0.00000000E+00  0.55704781E-10  0.29844629E-10 -0.10874397E-09
 -0.32136839E-08 -0.17481078E-07  0.57700005E-07 -0.34783969E-07  0.34917607E-07
 -0.45621200E-07  0.12158887E-06 -0.13149541E-06 -0.68696649E-08  0.55281863E-07
  0.55266243E-06 -0.11039286E-05  0.39321459E-05  0.50187334E-05  0.18861697E-04
  0.30172765E-04 -0.44533542E-04 -0.39613870E-03 -0.32360130E-03 -0.96681768E-04
 -0.59948227E-04 -0.11857820E-05 -0.23937176E-04 -0.57484241E-04  0.28309684E-04
 -0.30082906E-06 -0.50878311E-04  0.95510527E-05 -0.11949091E-04  0.45232071E-04
 -0.77679463E-05 -0.53537146E-04  0.41447001E-04 -0.29150578E-04 -0.11817346E-04
 -0.41487307E-04 -0.70380871E-04 -0.71747150E-06 -0.42958704E-04
  0.00000000E+00  0.00000000E+00  0.00000000E+00  0.00000000E+00  0.00000000E+00
  0.00000000E+00  0.00000000E+00  0.00000000E+00  0.00000000E+00  0.00000000E+00
  0.00000000E+00  0.00000000E+00  0.00000000E+00  0.00000000E+00  0.00000000E+00
  0.00000000E+00  0.00000000E+00  0.00000000E+00  0.00000000E+00  0.00000000E+00
  0.00000000E+00  0.00000000E+00  0.12608039E-08  0.00000000E+00  0.29223400E-08
 -0.94973985E-08 -0.26555079E-08 -0.23747728E-08  0.72921868E-08  0.21228994E-07
  0.45879409E-07 -0.10026310E-06 -0.12145187E-06  0.69340859E-07 -0.59999598E-06
 -0.15576401E-06 -0.61515179E-07 -0.47222382E-06  0.63891222E-05  0.16574361E-04
  0.17775011E-04  0.24612601E-05 -0.18172639E-03 -0.23306358E-03 -0.30019068E-04
 -0.25903375E-04 -0.29966463E-04  0.28056356E-04 -0.11043355E-04 -0.36903162E-04
 -0.33864864E-04  0.17352103E-04  0.19700687E-04 -0.33512020E-04  0.60511070E-05
 -0.56145414E-05 -0.15954558E-04  0.48658095E-04  0.38850791E-05 -0.99075376E-05
  0.22850645E-04  0.18280404E-04 -0.57576444E-04 -0.81982510E-04
  0.00000000E+00  0.00000000E+00  0.00000000E+00  0.00000000E+00  0.00000000E+00
  0.00000000E+00  0.00000000E+00  0.00000000E+00  0.00000000E+00  0.00000000E+00
  0.00000000E+00  0.00000000E+00  0.00000000E+00  0.00000000E+00  0.00000000E+00
  0.00000000E+00  0.00000000E+00  0.00000000E+00  0.00000000E+00  0.00000000E+00
  0.00000000E+00  0.00000000E+00  0.39453538E-08  0.81529367E-08  0.25081152E-09
  0.48229681E-08 -0.37923170E-08  0.85734443E-08  0.40416177E-07  0.81776793E-08
 -0.26524665E-07 -0.10620405E-06 -0.26992289E-06  0.13095319E-06  0.46279196E-06
 -0.83081178E-07  0.18313140E-06  0.13430757E-05 -0.49673225E-05  0.62810727E-05
  0.24487405E-04  0.87531031E-04 -0.58959553E-04 -0.19916999E-03 -0.54070875E-04
  0.11773747E-04  0.27948071E-06  0.27098505E-05 -0.97274659E-05  0.17683502E-04
  0.52927315E-04 -0.48108787E-04 -0.74193021E-06 -0.28939232E-04 -0.58871117E-04
 -0.33191179E-04 -0.71913169E-04 -0.29312160E-04 -0.29798500E-04 -0.27825679E-04
 -0.23045730E-04 -0.14787683E-04 -0.44223714E-04 -0.42704288E-04
  0.00000000E+00  0.00000000E+00  0.00000000E+00  0.00000000E+00  0.00000000E+00
  0.00000000E+00  0.00000000E+00  0.00000000E+00  0.00000000E+00  0.00000000E+00
  0.00000000E+00  0.00000000E+00  0.00000000E+00  0.00000000E+00  0.00000000E+00
  0.00000000E+00  0.00000000E+00  0.00000000E+00  0.00000000E+00  0.00000000E+00
  0.00000000E+00  0.00000000E+00 -0.35078598E-08 -0.36608096E-08  0.43644708E-09
 -0.77203039E-09 -0.33472254E-09 -0.24182518E-09  0.38324563E-08 -0.20054321E-07
 -0.10957721E-06  0.12453637E-06  0.13672427E-06  0.11018152E-06 -0.14570927E-06
  0.28189644E-06 -0.96524861E-06 -0.32471538E-06  0.79362571E-05  0.10988127E-04
  0.49655121E-04  0.82580060E-04 -0.55954219E-04 -0.14281499E-03 -0.54314823E-05
  0.20351462E-04  0.92752936E-04  0.12007449E-04  0.11222503E-04 -0.66486623E-04
  0.98316585E-04  0.63478687E-05  0.39238272E-04  0.13177395E-04 -0.87803987E-04
  0.63847622E-04  0.26967442E-04  0.73792442E-04 -0.21005431E-04  0.28818641E-04
  0.29582235E-04 -0.55768284E-04 -0.53406505E-04 -0.25015904E-04
  0.00000000E+00  0.00000000E+00  0.00000000E+00  0.00000000E+00  0.00000000E+00
  0.00000000E+00  0.00000000E+00  0.00000000E+00  0.00000000E+00  0.00000000E+00
  0.00000000E+00  0.00000000E+00  0.00000000E+00  0.00000000E+00  0.00000000E+00
  0.00000000E+00  0.00000000E+00  0.00000000E+00  0.00000000E+00  0.00000000E+00
  0.00000000E+00  0.00000000E+00  0.00000000E+00  0.37363373E-10  0.33702211E-09
 -0.57314365E-09  0.73778382E-08  0.55529449E-08  0.80994706E-08  0.13050471E-07
 -0.37435012E-07  0.18807711E-07 -0.13036786E-06  0.22704241E-06  0.90581130E-06
 -0.78798638E-07  0.11597940E-06  0.17595069E-05  0.89468198E-05  0.23360136E-04
  0.13352683E-04  0.66787734E-04 -0.57249517E-04 -0.14992900E-03 -0.11491884E-03
  0.49370120E-04  0.26416896E-04  0.58158057E-04  0.79341423E-06 -0.65781338E-04
  0.47377758E-05 -0.58231824E-04 -0.12887721E-04  0.51144862E-04  0.35312191E-04
 -0.21003527E-04 -0.99315065E-05  0.88774311E-04 -0.85835723E-05  0.15807326E-04
 -0.24133366E-04  0.14307909E-04 -0.17950191E-04 -0.56232705E-04
  0.00000000E+00  0.00000000E+00  0.00000000E+00  0.00000000E+00  0.00000000E+00
  0.00000000E+00  0.00000000E+00  0.00000000E+00  0.00000000E+00  0.00000000E+00
  0.00000000E+00  0.00000000E+00  0.00000000E+00  0.00000000E+00  0.00000000E+00
  0.00000000E+00  0.00000000E+00  0.00000000E+00  0.00000000E+00  0.00000000E+00
  0.00000000E+00  0.00000000E+00  0.00000000E+00  0.98459258E-10  0.16613963E-08
 -0.51355735E-08 -0.14033140E-07 -0.11250253E-07  0.23221553E-07  0.13949882E-07
 -0.39494703E-08 -0.17772122E-07 -0.10717929E-06  0.98523172E-07  0.66748500E-06
  0.18401108E-06  0.25627794E-05 -0.73705244E-06  0.61065254E-05  0.11363979E-04
  0.35150585E-04  0.44458830E-04 -0.31215062E-05 -0.16653944E-03 -0.77699279E-05
 -0.10434737E-04  0.83611665E-04  0.28254299E-04  0.38144645E-05 -0.37498177E-04
 -0.52019547E-05  0.68155473E-04  0.10746006E-04 -0.17185192E-04 -0.38241579E-04
 -0.57629371E-04 -0.17733449E-04  0.22486217E-04  0.22316458E-04 -0.13954892E-04
  0.83357303E-04  0.55957219E-04 -0.62189059E-04 -0.96824502E-04
  0.00000000E+00  0.00000000E+00  0.00000000E+00  0.00000000E+00  0.00000000E+00
  0.00000000E+00  0.00000000E+00  0.00000000E+00  0.00000000E+00  0.00000000E+00
  0.00000000E+00  0.00000000E+00  0.00000000E+00  0.00000000E+00  0.00000000E+00
  0.00000000E+00  0.00000000E+00  0.00000000E+00  0.00000000E+00  0.00000000E+00
  0.00000000E+00  0.00000000E+00  0.00000000E+00  0.16181093E-09  0.75611295E-09
 -0.19159838E-09 -0.70881999E-08  0.19567665E-08 -0.24612140E-07  0.46546129E-07
  0.90990933E-08 -0.97556264E-07  0.63591626E-07  0.16294945E-06  0.10527678E-06
  0.36284573E-06 -0.75364761E-06  0.29737662E-05  0.57725817E-05  0.17589097E-04
  0.51507524E-04  0.95422086E-04  0.50425582E-05 -0.17389187E-03 -0.19962160E-03
  0.71133286E-04 -0.23900964E-04 -0.80391516E-04  0.71480553E-04  0.56359061E-04
  0.80968517E-04  0.25273391E-04 -0.38580437E-04  0.18555633E-04 -0.52792101E-04
  0.66966407E-04 -0.27334058E-04  0.17749389E-04 -0.53819243E-06 -0.21018650E-04
  0.35513489E-05  0.49752243E-04  0.41055803E-04 -0.71176794E-04
  0.00000000E+00  0.00000000E+00  0.00000000E+00  0.00000000E+00  0.00000000E+00
  0.00000000E+00  0.00000000E+00  0.00000000E+00  0.00000000E+00  0.00000000E+00
  0.00000000E+00  0.00000000E+00  0.00000000E+00  0.00000000E+00  0.00000000E+00
  0.00000000E+00  0.00000000E+00  0.00000000E+00  0.00000000E+00  0.00000000E+00
  0.00000000E+00  0.00000000E+00  0.00000000E+00 -0.18069733E-09 -0.12648218E-07
  0.38731845E-09  0.10309282E-07  0.48388228E-09  0.30814383E-07 -0.18521792E-07
  0.32935101E-09 -0.80841942E-07 -0.15531965E-06  0.20131089E-06  0.15994633E-06
  0.45742130E-06 -0.23975229E-05  0.76837339E-06  0.86428959E-05  0.82730253E-05
  0.35722732E-04  0.13612462E-03  0.89095483E-04 -0.22668044E-03 -0.12481962E-03
 -0.43580932E-04  0.65974107E-04 -0.98911953E-05  0.31917520E-04  0.18447193E-04
 -0.15608201E-04  0.68110283E-04  0.12430169E-04 -0.43348785E-04  0.24913121E-04
 -0.18896782E-04  0.15580623E-04 -0.44970273E-04  0.93492182E-05 -0.59504450E-04
 -0.67425388E-04 -0.10380431E-04 -0.33780382E-04 -0.50092031E-04
  0.00000000E+00  0.00000000E+00  0.00000000E+00  0.00000000E+00  0.00000000E+00
  0.00000000E+00  0.00000000E+00  0.00000000E+00  0.00000000E+00  0.00000000E+00
  0.00000000E+00  0.00000000E+00  0.00000000E+00  0.00000000E+00  0.00000000E+00
  0.00000000E+00  0.00000000E+00  0.00000000E+00  0.00000000E+00  0.00000000E+00
  0.00000000E+00  0.00000000E+00  0.00000000E+00 -0.12129959E-09  0.72457433E-10
 -0.99552129E-08  0.43263916E-09 -0.10972821E-08 -0.16576838E-07  0.47701879E-07
 -0.13264534E-07  0.29319198E-07 -0.19498970E-06 -0.28901630E-07  0.10887434E-06
 -0.19112840E-06  0.88250739E-07  0.12275044E-05  0.33239580E-05  0.20399895E-04
  0.36882828E-04  0.74153200E-04  0.52867005E-04 -0.27359742E-03 -0.17635733E-03
 -0.28601842E-04 -0.68354653E-04  0.36111504E-04  0.36690702E-04  0.25059275E-05
 -0.84234954E-04 -0.52365980E-04 -0.50211516E-05 -0.13246873E-04  0.41164949E-05
  0.28510711E-04 -0.51454807E-04 -0.12203436E-04  0.13131590E-04 -0.13393095E-04
 -0.58369048E-04 -0.22463124E-04 -0.12684759E-04 -0.70615627E-04
  0.00000000E+00  0.00000000E+00  0.00000000E+00  0.00000000E+00  0.00000000E+00
  0.00000000E+00  0.00000000E+00  0.00000000E+00  0.00000000E+00  0.00000000E+00
  0.00000000E+00  0.00000000E+00  0.00000000E+00  0.00000000E+00  0.00000000E+00
  0.00000000E+00  0.00000000E+00  0.00000000E+00  0.00000000E+00  0.00000000E+00
  0.00000000E+00  0.00000000E+00  0.00000000E+00 -0.61156874E-10  0.49510830E-10
  0.10260249E-08  0.65010481E-09 -0.93491047E-08 -0.18659384E-08  0.20435175E-07
  0.16435882E-08  0.49872914E-07 -0.25566041E-06  0.29021375E-06  0.61531993E-06
  0.25658558E-06  0.14419417E-05 -0.13665701E-07  0.73079837E-05  0.10498851E-04
  0.23897814E-04  0.12166434E-03  0.12444633E-03 -0.25185718E-04 -0.13507290E-03
  0.54640237E-04 -0.10408289E-04 -0.61602159E-05  0.28222458E-04  0.12524885E-04
 -0.33389809E-04  0.35264936E-05  0.25323341E-04 -0.12821267E-04  0.65374050E-04
 -0.12396414E-03  0.47119700E-04  0.42726938E-04  0.24994319E-04  0.45390929E-04
  0.37184988E-04  0.10044043E-04 -0.49745127E-04 -0.14777361E-04
  0.00000000E+00  0.00000000E+00  0.00000000E+00  0.00000000E+00  0.00000000E+00
  0.00000000E+00  0.00000000E+00  0.00000000E+00  0.00000000E+00  0.00000000E+00
  0.00000000E+00  0.00000000E+00  0.00000000E+00  0.00000000E+00  0.00000000E+00
  0.00000000E+00  0.00000000E+00  0.00000000E+00  0.00000000E+00  0.00000000E+00
  0.00000000E+00  0.45812976E-08  0.00000000E+00 -0.44261496E-11  0.40568744E-10
 -0.36188893E-08 -0.48672091E-09 -0.39115295E-08 -0.11737501E-07 -0.10897200E-07
  0.64591276E-07  0.77114934E-07  0.79751342E-07  0.13823929E-07  0.53520486E-06
  0.55408729E-07  0.21145829E-06  0.24156830E-05  0.24448953E-05  0.14131362E-04
  0.29657652E-04  0.61802993E-04  0.10414591E-03 -0.92741597E-04 -0.33524899E-04
 -0.90927109E-04 -0.64793523E-04 -0.69098747E-04 -0.59462109E-04 -0.59585553E-04
  0.65504814E-04 -0.23569705E-04 -0.25252770E-04  0.34360509E-04  0.38081072E-05
  0.33475668E-04  0.71638023E-04 -0.79806548E-04  0.30456173E-04  0.32168547E-04
  0.71694311E-05 -0.30342292E-04 -0.19166874E-04  0.28552540E-05
  0.00000000E+00  0.00000000E+00  0.00000000E+00  0.00000000E+00  0.00000000E+00
  0.00000000E+00  0.00000000E+00  0.00000000E+00  0.00000000E+00  0.00000000E+00
  0.00000000E+00  0.00000000E+00  0.00000000E+00  0.00000000E+00  0.00000000E+00
  0.00000000E+00  0.00000000E+00  0.00000000E+00  0.00000000E+00  0.00000000E+00
  0.00000000E+00  0.33862980E-09  0.00000000E+00 -0.17031126E-09  0.26158562E-09
  0.85888238E-09  0.76726413E-08 -0.30330601E-08 -0.16702510E-07  0.69500996E-09
 -0.95262991E-07 -0.17235872E-06 -0.43656678E-07  0.26673462E-07  0.96922366E-07
 -0.27814155E-06  0.13543248E-05  0.20866875E-05  0.25869442E-05  0.84267086E-05
  0.25284736E-04  0.60873533E-04  0.11254434E-03 -0.12617925E-03 -0.90539330E-04
  0.14365320E-04  0.47252042E-04  0.88690421E-04  0.49050390E-04  0.12252098E-03
 -0.35841545E-05  0.28369173E-04  0.12969103E-04 -0.39272143E-04 -0.20415706E-04
 -0.14290152E-04 -0.80601049E-04 -0.15364703E-04 -0.21766432E-05 -0.22882433E-04
 -0.39264976E-04 -0.43226449E-05 -0.54581804E-04 -0.35797319E-04
  0.00000000E+00  0.00000000E+00  0.00000000E+00  0.00000000E+00  0.00000000E+00
  0.00000000E+00  0.00000000E+00  0.00000000E+00  0.00000000E+00  0.00000000E+00
  0.00000000E+00  0.00000000E+00  0.00000000E+00  0.00000000E+00  0.00000000E+00
  0.00000000E+00  0.00000000E+00  0.00000000E+00  0.00000000E+00  0.00000000E+00
  0.00000000E+00  0.39430550E-09  0.00000000E+00 -0.26060543E-09  0.42601799E-09
  0.10886103E-07 -0.84574438E-08 -0.12821480E-08  0.17830093E-07  0.29723944E-07
 -0.13346887E-07  0.77927836E-07 -0.42685519E-07  0.15388969E-06  0.37319087E-06
  0.11722076E-05  0.22344757E-05  0.25669645E-05  0.35275860E-05  0.84291053E-05
  0.41380709E-04  0.61494285E-04  0.82289691E-04 -0.12688121E-03 -0.22334412E-03
 -0.80638340E-04 -0.50106224E-04  0.28294318E-04  0.49952447E-04 -0.77024555E-04
  0.14877737E-04 -0.19192421E-04  0.60619484E-04 -0.27173838E-06 -0.24950685E-04
 -0.47620706E-05  0.18333309E-04 -0.91636927E-05  0.10114533E-04  0.18138326E-04
 -0.18964390E-04  0.53220190E-04 -0.14649039E-04 -0.65044374E-04
  0.00000000E+00  0.00000000E+00  0.00000000E+00  0.00000000E+00  0.00000000E+00
  0.00000000E+00  0.00000000E+00  0.00000000E+00  0.00000000E+00  0.00000000E+00
  0.00000000E+00  0.00000000E+00  0.00000000E+00  0.00000000E+00  0.00000000E+00
  0.00000000E+00  0.00000000E+00  0.00000000E+00  0.00000000E+00  0.00000000E+00
  0.00000000E+00  0.18117110E-09  0.28316195E-09 -0.26254020E-09  0.21903065E-09
  0.11718367E-07  0.12650089E-08  0.47677793E-08  0.22247229E-07 -0.60339964E-08
 -0.11622386E-06 -0.27127719E-09  0.42698296E-07  0.41149772E-06  0.76146037E-07
  0.91922063E-06  0.23906448E-06  0.26430712E-05  0.37013133E-05  0.14752805E-04
  0.27861861E-04  0.10257839E-03  0.13941663E-03 -0.19808079E-03 -0.12023263E-03
 -0.14790323E-03 -0.51584543E-04  0.14815973E-04 -0.57436043E-05  0.67824208E-04
 -0.16729922E-03  0.81001192E-04 -0.54879436E-04 -0.85938428E-04 -0.50810750E-04
  0.55961409E-04 -0.34729524E-04  0.55063417E-04  0.11338082E-03 -0.68470030E-04
 -0.30149447E-04  0.16268782E-04  0.27262816E-04 -0.48475272E-04
  0.00000000E+00  0.00000000E+00  0.00000000E+00  0.00000000E+00  0.00000000E+00
  0.00000000E+00  0.00000000E+00  0.00000000E+00  0.00000000E+00  0.00000000E+00
  0.00000000E+00  0.00000000E+00  0.00000000E+00  0.00000000E+00  0.00000000E+00
  0.00000000E+00  0.00000000E+00  0.00000000E+00  0.00000000E+00  0.00000000E+00
  0.00000000E+00  0.56857031E-11  0.27091496E-09 -0.26098179E-09  0.78126127E-08
  0.49165751E-08 -0.23859582E-08 -0.26883084E-08 -0.86186590E-08 -0.29893664E-07
 -0.46576338E-07  0.58756228E-08 -0.17525462E-06  0.26705956E-06  0.53948465E-06
  0.12603711E-05  0.31074042E-05 -0.14783977E-05  0.14085138E-04  0.18539303E-04
  0.57215378E-04  0.12193392E-03  0.98057448E-04 -0.21302119E-03 -0.24980034E-03
 -0.13355952E-03 -0.33606610E-04 -0.13932301E-03 -0.11366889E-03 -0.65724550E-05
  0.54118282E-04 -0.53556366E-04 -0.49082089E-04  0.40030672E-04  0.10603493E-04
 -0.10136287E-03  0.22345857E-04  0.46089832E-04 -0.97653395E-04 -0.17787792E-04
  0.18668881E-04 -0.38956486E-04  0.40374979E-04 -0.64126090E-04
  0.00000000E+00  0.00000000E+00  0.00000000E+00  0.00000000E+00  0.00000000E+00
  0.00000000E+00  0.00000000E+00  0.00000000E+00  0.00000000E+00  0.00000000E+00
  0.00000000E+00  0.00000000E+00  0.00000000E+00  0.00000000E+00  0.00000000E+00
  0.00000000E+00  0.00000000E+00  0.00000000E+00  0.00000000E+00  0.00000000E+00
  0.00000000E+00  0.58916470E-11  0.31767634E-09 -0.25649743E-09 -0.24468407E-08
  0.67824083E-09  0.64652333E-08 -0.12262418E-07  0.36422973E-07  0.12632521E-07
  0.26867710E-06 -0.52131042E-07  0.10869560E-06 -0.17928515E-06  0.10282966E-05
  0.61438820E-07  0.37028626E-05  0.19014742E-05  0.12895113E-04  0.23405289E-04
  0.67889851E-04  0.11233098E-03  0.17835980E-03 -0.15786086E-03 -0.83642541E-04
 -0.14871158E-03  0.40180625E-04  0.11849920E-03 -0.39219062E-04 -0.39405714E-04
 -0.54337339E-05  0.63238534E-04  0.34584907E-04 -0.61057985E-04  0.10189559E-03
  0.10853969E-04 -0.38456649E-04  0.12770680E-04 -0.58465918E-04 -0.75278802E-04
  0.17705016E-05  0.11995078E-04 -0.21294918E-04 -0.44588872E-04
  0.00000000E+00  0.00000000E+00  0.00000000E+00  0.00000000E+00  0.00000000E+00
  0.00000000E+00  0.00000000E+00  0.00000000E+00  0.00000000E+00  0.00000000E+00
  0.00000000E+00  0.00000000E+00  0.00000000E+00  0.00000000E+00  0.00000000E+00
  0.00000000E+00  0.00000000E+00  0.00000000E+00  0.00000000E+00  0.00000000E+00
  0.00000000E+00 -0.48903529E-09  0.37365316E-09  0.00000000E+00 -0.66140892E-09
 -0.11148074E-07 -0.11431460E-07  0.22144211E-08  0.31419902E-07 -0.62467563E-07
  0.77467116E-07  0.14617550E-07  0.27311520E-07 -0.44103094E-06 -0.98800086E-06
 -0.35740823E-06 -0.40528049E-06 -0.30495591E-06  0.83451655E-05  0.20044880E-04
  0.74359450E-04  0.15004611E-03  0.43859974E-04 -0.24594681E-03 -0.20357095E-03
  0.39946596E-05 -0.13019605E-03  0.25755557E-04 -0.40091701E-04  0.15098016E-04
 -0.96332906E-04  0.85639057E-06  0.59582497E-04  0.40917519E-05  0.16664646E-04
 -0.23819505E-04  0.31384673E-04  0.17847138E-03 -0.62226625E-04  0.23277542E-05
 -0.49456107E-05 -0.65376514E-04  0.29141959E-04 -0.10514703E-03
  0.00000000E+00  0.00000000E+00  0.00000000E+00  0.00000000E+00  0.00000000E+00
  0.00000000E+00  0.00000000E+00  0.00000000E+00  0.00000000E+00  0.00000000E+00
  0.00000000E+00  0.00000000E+00  0.00000000E+00  0.00000000E+00  0.00000000E+00
  0.00000000E+00  0.00000000E+00  0.00000000E+00  0.00000000E+00  0.00000000E+00
  0.00000000E+00 -0.69568304E-09  0.44115151E-09  0.00000000E+00  0.28343464E-08
  0.33697555E-08 -0.15601329E-07  0.61898117E-08  0.37513601E-07  0.65438053E-07
  0.21072607E-06  0.49346617E-07  0.44651662E-07 -0.36676206E-06 -0.11097834E-05
  0.19398046E-05  0.13305963E-05  0.28557775E-05  0.17660212E-04  0.49158404E-04
  0.90418559E-04  0.16745915E-03  0.14242076E-03 -0.26350547E-03 -0.26914677E-03
 -0.95083673E-04  0.84902335E-04  0.15737878E-04  0.81976444E-04  0.32712641E-04
  0.39303675E-04 -0.12153743E-04  0.31094820E-04 -0.98128664E-04 -0.19931874E-04
 -0.53020652E-06 -0.21841231E-04 -0.97056328E-04  0.11381207E-03 -0.61490929E-04
 -0.29018911E-04 -0.63465952E-04 -0.69493327E-04 -0.82090726E-04
  0.00000000E+00  0.00000000E+00  0.00000000E+00  0.00000000E+00  0.00000000E+00
  0.00000000E+00  0.00000000E+00  0.00000000E+00  0.00000000E+00  0.00000000E+00
  0.00000000E+00  0.00000000E+00  0.00000000E+00  0.00000000E+00  0.00000000E+00
  0.00000000E+00  0.00000000E+00  0.00000000E+00  0.00000000E+00  0.00000000E+00
  0.00000000E+00 -0.25798046E-09  0.13454643E-09  0.00000000E+00 -0.47514765E-09
 -0.21065588E-09 -0.12782717E-07  0.24793727E-07 -0.21092377E-07  0.62624030E-07
  0.72876969E-08 -0.15720679E-06 -0.11612048E-06  0.33371903E-06 -0.44171473E-07
  0.37777154E-05  0.48950259E-07  0.11327199E-04  0.21482156E-04  0.53029572E-04
  0.89087302E-04  0.21420695E-03 -0.15159377E-03 -0.26844671E-03 -0.13282881E-03
 -0.67743688E-04 -0.77535740E-04 -0.40258653E-05  0.14297544E-04  0.50084415E-04
 -0.76331416E-04  0.18678695E-04 -0.14690799E-03  0.37584485E-04 -0.85336376E-04
  0.79614291E-04  0.45262129E-06  0.33370244E-04 -0.89665857E-04  0.82559038E-04
 -0.11976678E-04 -0.74727538E-04  0.81566371E-05 -0.72795614E-04
  0.00000000E+00  0.00000000E+00  0.00000000E+00  0.00000000E+00  0.00000000E+00
  0.00000000E+00  0.00000000E+00  0.00000000E+00  0.00000000E+00  0.00000000E+00
  0.00000000E+00  0.00000000E+00  0.00000000E+00  0.00000000E+00  0.00000000E+00
  0.00000000E+00  0.00000000E+00  0.00000000E+00  0.00000000E+00  0.00000000E+00
  0.00000000E+00  0.65209172E-11 -0.15305460E-09  0.00000000E+00 -0.49507414E-08
  0.89546410E-08  0.42367101E-09 -0.61167256E-08 -0.19085742E-08 -0.39198149E-07
  0.66919237E-07 -0.52259396E-06  0.58924321E-07  0.63024159E-06 -0.10310612E-05
  0.34627660E-05  0.10057229E-04  0.11131346E-04  0.31136563E-04  0.81904847E-04
  0.15647549E-03  0.19764248E-03 -0.17718271E-03 -0.33073213E-03 -0.15051484E-03
  0.12770504E-03 -0.12104212E-05  0.64674854E-04  0.34921693E-04  0.15845635E-04
 -0.26941117E-04  0.62813551E-04  0.99537248E-05 -0.22109493E-04  0.60872571E-04
  0.17224719E-05 -0.43366411E-05 -0.62990811E-04 -0.29029822E-04  0.88019989E-05
 -0.16425121E-04 -0.93396659E-05 -0.37715576E-04 -0.99600666E-04
  0.00000000E+00  0.00000000E+00  0.00000000E+00  0.00000000E+00  0.00000000E+00
  0.00000000E+00  0.00000000E+00  0.00000000E+00  0.00000000E+00  0.00000000E+00
  0.00000000E+00  0.00000000E+00  0.00000000E+00  0.00000000E+00  0.00000000E+00
  0.00000000E+00  0.00000000E+00  0.00000000E+00  0.00000000E+00  0.00000000E+00
  0.00000000E+00  0.66034733E-11 -0.26585048E-09 -0.10292538E-07 -0.31714384E-09
 -0.19002546E-08 -0.20437745E-07  0.33166226E-07 -0.58938210E-07  0.65292054E-07
  0.10850751E-06  0.58544059E-06  0.75273500E-06  0.15976787E-06  0.10384728E-05
  0.59003403E-05  0.78621010E-05  0.71817266E-05  0.41051065E-04  0.99918767E-04
  0.18783298E-03  0.92261928E-04 -0.35260141E-03 -0.29820035E-03 -0.78376995E-07
 -0.54703109E-04 -0.31166460E-04  0.82408763E-04 -0.10068874E-03 -0.20461827E-04
 -0.67785111E-04  0.50973300E-06  0.40466483E-04  0.18768039E-04  0.45057959E-04
 -0.39675726E-04 -0.61266271E-04  0.95300696E-05  0.55297737E-04 -0.34798337E-04
 -0.13542801E-04 -0.31564050E-04 -0.16634472E-04 -0.14464632E-03
  0.00000000E+00  0.00000000E+00  0.00000000E+00  0.00000000E+00  0.00000000E+00
  0.00000000E+00  0.00000000E+00  0.00000000E+00  0.00000000E+00  0.00000000E+00
  0.00000000E+00  0.00000000E+00  0.00000000E+00  0.00000000E+00  0.00000000E+00
  0.00000000E+00  0.00000000E+00  0.00000000E+00  0.00000000E+00 -0.21664643E-09
  0.00000000E+00  0.66641439E-11 -0.51488707E-09  0.79403817E-08 -0.66657883E-09
 -0.24944218E-08 -0.12623898E-07 -0.30147935E-07 -0.13623524E-08 -0.12843138E-06
 -0.69949171E-07 -0.12557177E-06 -0.24785987E-06 -0.10200095E-06  0.24627035E-05
  0.29397382E-05  0.79476205E-05  0.17797591E-04  0.59890345E-04  0.13632838E-03
  0.13902613E-03 -0.23815250E-04 -0.32114167E-03 -0.21897973E-03 -0.13080449E-04
  0.58551224E-04  0.81946713E-04  0.13002728E-04 -0.48702629E-04 -0.49537963E-04
 -0.65724258E-04 -0.93642065E-05  0.86087973E-04  0.75280053E-04 -0.22495221E-05
  0.23730048E-04 -0.30790296E-04 -0.22624461E-04  0.67099849E-04  0.22227986E-05
 -0.52198185E-05  0.25284116E-04 -0.29931081E-04 -0.14582564E-03
  0.00000000E+00  0.00000000E+00  0.00000000E+00  0.00000000E+00  0.00000000E+00
  0.00000000E+00  0.00000000E+00  0.00000000E+00  0.00000000E+00  0.00000000E+00
  0.00000000E+00  0.00000000E+00  0.00000000E+00  0.00000000E+00  0.00000000E+00
  0.00000000E+00  0.00000000E+00  0.00000000E+00  0.00000000E+00 -0.25712660E-09
  0.00000000E+00  0.67007759E-11 -0.18762860E-08  0.23011226E-08  0.58556262E-10
  0.52183406E-08 -0.87144933E-08 -0.21128485E-07  0.11108357E-07 -0.97717348E-07
 -0.12876017E-06 -0.62714637E-06  0.38818809E-06  0.19049519E-05  0.38767820E-05
  0.31875633E-06  0.89340406E-05  0.28658860E-04  0.61114291E-04  0.13348594E-03
  0.15201612E-03 -0.32292921E-03 -0.39913300E-03 -0.79864177E-04  0.11929095E-03
 -0.92753543E-04  0.13030527E-03 -0.26990012E-04  0.28297329E-04 -0.16741296E-04
 -0.83416270E-04  0.61250404E-04 -0.76232073E-04  0.48627293E-04  0.22228389E-04
  0.19809908E-04  0.11902541E-04 -0.29418908E-04  0.10246527E-04 -0.77343030E-04
  0.63856869E-04 -0.77566644E-04 -0.35204577E-04 -0.13297178E-03
  0.00000000E+00  0.00000000E+00  0.00000000E+00  0.00000000E+00  0.00000000E+00
  0.00000000E+00  0.00000000E+00  0.00000000E+00  0.00000000E+00  0.00000000E+00
  0.00000000E+00  0.00000000E+00  0.00000000E+00  0.00000000E+00  0.00000000E+00
  0.00000000E+00  0.00000000E+00  0.00000000E+00  0.00000000E+00  0.65943696E-08
  0.00000000E+00  0.67115196E-11  0.11929101E-08  0.36636563E-08 -0.30831868E-08
 -0.92074212E-08  0.13377847E-08 -0.41505794E-07 -0.37408853E-07 -0.36508884E-07
 -0.16861691E-06  0.10777260E-06  0.87623737E-06  0.23271058E-05  0.22661184E-05
  0.15217929E-04  0.24289893E-04  0.43977172E-04  0.11081466E-03  0.16693149E-03
  0.55054023E-04 -0.36340927E-03 -0.32195333E-03 -0.16068262E-03  0.17024477E-03
 -0.36305249E-04 -0.21128188E-04 -0.29595269E-04  0.18188834E-04  0.52096495E-04
 -0.14308277E-04  0.14127874E-03  0.62717093E-04  0.54769416E-04 -0.15617752E-03
 -0.42670210E-04 -0.84020969E-06  0.25560678E-04 -0.48063237E-04  0.74067432E-04
  0.11059026E-04 -0.18032708E-03  0.68191871E-05 -0.10805257E-03
  0.00000000E+00  0.00000000E+00  0.00000000E+00  0.00000000E+00  0.00000000E+00
  0.00000000E+00  0.00000000E+00  0.00000000E+00  0.00000000E+00  0.00000000E+00
  0.00000000E+00  0.00000000E+00  0.00000000E+00  0.00000000E+00  0.00000000E+00
  0.00000000E+00  0.00000000E+00  0.00000000E+00  0.00000000E+00  0.29246688E-09
  0.00000000E+00  0.13391481E-10  0.00000000E+00  0.18193176E-09 -0.20768240E-08
 -0.64965250E-08  0.14549120E-07 -0.30247750E-08  0.40227098E-07  0.25961887E-07
  0.25289592E-06  0.16227379E-06  0.22706889E-05 -0.19502774E-05  0.22189950E-05
  0.74935755E-05  0.18807769E-04  0.30660408E-04  0.10394924E-03  0.19092252E-03
 -0.24997676E-03 -0.31503056E-03 -0.63987909E-04  0.81297580E-04 -0.27248489E-05
  0.13728865E-03 -0.44578090E-04  0.83361403E-04 -0.13657543E-03  0.32803183E-04
 -0.18386153E-05  0.28870918E-04 -0.56199571E-04 -0.18339261E-06  0.14022417E-03
 -0.25531179E-05 -0.33480698E-04  0.43775543E-05 -0.19362541E-04  0.39258104E-05
  0.15625473E-05  0.17042232E-04 -0.11627956E-04 -0.92461696E-04
  0.00000000E+00  0.00000000E+00  0.00000000E+00  0.00000000E+00  0.00000000E+00
  0.00000000E+00  0.00000000E+00  0.00000000E+00  0.00000000E+00  0.00000000E+00
  0.00000000E+00  0.00000000E+00  0.00000000E+00  0.00000000E+00  0.00000000E+00
  0.00000000E+00  0.00000000E+00  0.00000000E+00  0.00000000E+00  0.33046584E-09
  0.00000000E+00  0.13299823E-10  0.00000000E+00 -0.67102793E-10  0.48687817E-09
  0.30891555E-08 -0.72016913E-08  0.63604152E-07  0.90113328E-07 -0.92848716E-08
  0.18318826E-06 -0.14197000E-06 -0.88015329E-06  0.17627262E-05  0.61980912E-05
  0.15058474E-04  0.24809808E-04  0.56781555E-04  0.16483702E-03  0.86705187E-04
 -0.19292836E-03 -0.30183973E-03 -0.15015050E-03  0.14541257E-03 -0.17580472E-04
 -0.97945890E-04 -0.88942383E-04 -0.15178035E-03  0.88797658E-04  0.64605804E-04
 -0.39343723E-04  0.34297869E-04  0.10834611E-04  0.80762401E-04 -0.19814576E-04
  0.29689829E-04  0.24760502E-04  0.64433825E-04 -0.53423558E-04 -0.63808558E-04
  0.30093639E-04 -0.43513235E-04 -0.68793021E-04 -0.17199620E-03
  0.00000000E+00  0.00000000E+00  0.00000000E+00  0.00000000E+00  0.00000000E+00
  0.00000000E+00  0.00000000E+00  0.00000000E+00  0.00000000E+00  0.00000000E+00
  0.00000000E+00  0.00000000E+00  0.00000000E+00  0.00000000E+00  0.00000000E+00
  0.00000000E+00  0.00000000E+00  0.00000000E+00  0.00000000E+00  0.37416895E-09
  0.00000000E+00  0.13096305E-10  0.00000000E+00  0.14684920E-08  0.84833306E-08
 -0.14916890E-08  0.24566665E-07 -0.24780611E-07 -0.14020281E-06 -0.18380319E-06
  0.62141125E-07  0.97417480E-06  0.28482558E-05  0.21771433E-05  0.34202305E-05
  0.26232769E-04  0.39854934E-04  0.98014302E-04  0.21927569E-03 -0.12218044E-03
 -0.50621264E-03 -0.15910043E-03 -0.10435888E-05  0.35247961E-04  0.21061147E-03
  0.12405886E-04  0.12835034E-03  0.16194854E-03  0.13590642E-04  0.55769946E-04
  0.17285503E-04 -0.14312738E-04 -0.12268655E-04 -0.78945435E-04 -0.28553832E-04
  0.51766260E-04 -0.11826010E-03 -0.62147731E-04 -0.72997545E-05 -0.15212351E-04
 -0.20297450E-04 -0.87132409E-05  0.11506010E-04 -0.78158387E-04
  0.00000000E+00  0.00000000E+00  0.00000000E+00  0.00000000E+00  0.00000000E+00
  0.00000000E+00  0.00000000E+00  0.00000000E+00  0.00000000E+00  0.00000000E+00
  0.00000000E+00  0.00000000E+00  0.00000000E+00  0.00000000E+00  0.00000000E+00
  0.00000000E+00  0.00000000E+00  0.00000000E+00  0.00000000E+00  0.42406059E-09
  0.79072635E-11  0.49152365E-11  0.00000000E+00 -0.15714038E-08 -0.11012416E-09
 -0.73925889E-08  0.54492569E-07 -0.27685359E-07 -0.14478944E-06 -0.41179282E-06
  0.95663465E-07 -0.13693566E-05  0.19168074E-05  0.46290730E-05  0.96185884E-05
  0.21984490E-04  0.52496437E-04  0.76572357E-04  0.11842335E-03 -0.20581839E-03
 -0.39568364E-03 -0.74804126E-04 -0.82627144E-05  0.13036667E-04  0.16734824E-03
 -0.80161359E-04  0.75644433E-04 -0.25576416E-04 -0.20023670E-04 -0.95317764E-04
  0.18113969E-03  0.19186300E-05 -0.13264544E-03  0.63408588E-04 -0.38822504E-04
  0.12704479E-03 -0.37397681E-04 -0.27610506E-04  0.46845342E-04 -0.37087506E-04
  0.34557031E-04 -0.49485480E-04 -0.42549384E-04 -0.78300654E-04
  0.00000000E+00  0.00000000E+00  0.00000000E+00  0.00000000E+00  0.00000000E+00
  0.00000000E+00  0.00000000E+00  0.00000000E+00  0.00000000E+00  0.00000000E+00
  0.00000000E+00  0.00000000E+00  0.00000000E+00  0.00000000E+00  0.00000000E+00
  0.00000000E+00  0.00000000E+00  0.00000000E+00  0.00000000E+00  0.37610454E-09
  0.11899066E-09  0.00000000E+00 -0.42768266E-08  0.12328024E-08  0.11427709E-08
 -0.26983483E-09  0.17410175E-07  0.76021715E-07  0.19839275E-06 -0.26067474E-06
  0.15112996E-06  0.19764999E-05  0.18845864E-05  0.34243985E-05  0.29709317E-05
  0.27778794E-04  0.76187776E-04  0.13542900E-03  0.11556409E-04 -0.41886151E-03
 -0.26640822E-03 -0.15941878E-04  0.76486910E-04  0.12357591E-03 -0.44194780E-04
  0.78092917E-04 -0.32543176E-04  0.35610054E-04  0.13620592E-04 -0.43038432E-04
 -0.59139995E-04  0.91990102E-04  0.13032059E-04  0.10935968E-03  0.11638097E-04
 -0.59330431E-05 -0.53850135E-05  0.66132862E-05 -0.16195827E-04  0.41301199E-04
 -0.38447033E-05  0.14855830E-04 -0.99046452E-04 -0.59847958E-04
  0.00000000E+00  0.00000000E+00  0.00000000E+00  0.00000000E+00  0.00000000E+00
  0.00000000E+00  0.00000000E+00  0.00000000E+00  0.00000000E+00  0.00000000E+00
  0.00000000E+00  0.00000000E+00  0.00000000E+00  0.00000000E+00  0.00000000E+00
  0.00000000E+00  0.00000000E+00  0.00000000E+00  0.00000000E+00  0.00000000E+00
  0.56860608E-09  0.00000000E+00  0.24521408E-08  0.34460000E-09 -0.46371892E-08
 -0.18785062E-08  0.46682783E-07  0.14042969E-06  0.35838794E-06 -0.25868421E-06
  0.16562897E-06 -0.10630820E-06  0.18383878E-05  0.31131217E-05  0.68235356E-05
  0.10840375E-04  0.11672932E-03  0.16681831E-03 -0.19056036E-03 -0.51277075E-03
 -0.23270186E-03  0.16445886E-03  0.17802517E-03 -0.56336577E-04  0.10566717E-03
  0.21688490E-04 -0.98288607E-04  0.15795226E-03  0.58801531E-04 -0.38283676E-04
 -0.40936414E-04 -0.21361236E-04 -0.78687192E-04 -0.31515574E-04 -0.40146720E-05
  0.42263201E-04  0.24257303E-04 -0.55936390E-04  0.26117825E-04  0.41708160E-04
 -0.17061042E-04 -0.44653833E-04 -0.60568390E-04 -0.86190969E-04
  0.00000000E+00  0.00000000E+00  0.00000000E+00  0.00000000E+00  0.00000000E+00
  0.00000000E+00  0.00000000E+00  0.00000000E+00  0.00000000E+00  0.00000000E+00
  0.00000000E+00  0.00000000E+00  0.00000000E+00  0.00000000E+00  0.00000000E+00
  0.00000000E+00  0.00000000E+00  0.00000000E+00  0.00000000E+00  0.97732926E-09
  0.22215109E-08  0.21410639E-08  0.84980546E-09  0.19726939E-08  0.66961612E-08
  0.40158885E-07  0.13673281E-08  0.43666682E-07 -0.77385126E-07  0.15109810E-06
 -0.69065024E-06  0.45086798E-07  0.40501915E-05  0.51308576E-05  0.79418818E-05
  0.29339436E-04  0.77089749E-04  0.10365072E-03 -0.23046422E-03 -0.36218733E-03
 -0.42493644E-04 -0.15488101E-04 -0.17768128E-04 -0.10083430E-04 -0.31828121E-04
  0.34164879E-04  0.33617152E-04  0.31322648E-04 -0.86409746E-04  0.63685684E-04
  0.63911695E-04 -0.30668339E-04 -0.68701621E-04  0.88659237E-04  0.12991276E-06
 -0.50304548E-04 -0.21193358E-04  0.82852527E-06 -0.52872095E-04 -0.46158430E-05
  0.13783456E-04 -0.40783077E-04 -0.13432414E-04 -0.82499667E-04
  0.00000000E+00  0.00000000E+00  0.00000000E+00  0.00000000E+00  0.00000000E+00
  0.00000000E+00  0.00000000E+00  0.00000000E+00  0.00000000E+00  0.00000000E+00
  0.00000000E+00  0.00000000E+00  0.00000000E+00  0.00000000E+00  0.00000000E+00
  0.00000000E+00  0.00000000E+00  0.00000000E+00  0.00000000E+00  0.00000000E+00
  0.39500322E-09  0.12892573E-09 -0.45844959E-08  0.20003020E-08 -0.14988159E-08
  0.61562115E-08  0.12188697E-08 -0.10818882E-06  0.23436212E-06 -0.28037766E-06
  0.82541208E-06  0.48345263E-06  0.41709395E-05  0.16859240E-05  0.92239499E-05
  0.39926320E-04  0.26194998E-04 -0.67344116E-04 -0.78158046E-03 -0.78639325E-03
 -0.29136893E-03 -0.53305204E-04  0.26606712E-04 -0.24750133E-04 -0.59965804E-04
 -0.16319607E-04 -0.59945686E-04 -0.15820354E-04 -0.12995120E-04 -0.35565201E-04
 -0.46601709E-04 -0.34969438E-04  0.22666729E-04 -0.80736378E-05 -0.10365266E-04
 -0.73887184E-05 -0.49043313E-04  0.62549592E-04 -0.70940499E-04  0.18773469E-04
  0.10406319E-04 -0.44985978E-04 -0.52873148E-04 -0.57833845E-04
  0.00000000E+00  0.00000000E+00  0.00000000E+00  0.00000000E+00  0.00000000E+00
  0.00000000E+00  0.00000000E+00  0.00000000E+00  0.00000000E+00  0.00000000E+00
  0.00000000E+00  0.00000000E+00  0.00000000E+00  0.00000000E+00  0.00000000E+00
  0.00000000E+00  0.00000000E+00  0.00000000E+00  0.00000000E+00  0.00000000E+00
  0.00000000E+00  0.00000000E+00  0.11133184E-09 -0.84567606E-10  0.72152238E-09
 -0.29503353E-08 -0.30146997E-07 -0.67027482E-07 -0.44625021E-07 -0.14056907E-06
 -0.47487379E-06 -0.63253018E-06 -0.97808246E-06 -0.23607390E-05 -0.43126788E-05
 -0.91018048E-05 -0.18797554E-04 -0.45820561E-04 -0.87902037E-04 -0.21552344E-03
 -0.45489339E-03 -0.99154132E-03 -0.82171151E-03  0.10373097E-03  0.33772660E-03
  0.29236507E-03  0.21291773E-03  0.16154073E-03  0.10722002E-03  0.61914314E-04
  0.23331589E-05  0.34568621E-04  0.33609593E-04  0.29607760E-05  0.29729790E-05
 -0.74581391E-04 -0.15767226E-03 -0.56246443E-04 -0.10958139E-03 -0.11201775E-03
 -0.18297445E-03 -0.31173337E-03 -0.18763061E-03 -0.71390919E-04
  0.00000000E+00  0.00000000E+00  0.00000000E+00  0.00000000E+00  0.00000000E+00
  0.00000000E+00  0.00000000E+00  0.00000000E+00  0.00000000E+00  0.00000000E+00
  0.00000000E+00  0.00000000E+00  0.00000000E+00  0.00000000E+00  0.00000000E+00
  0.00000000E+00  0.00000000E+00  0.00000000E+00  0.00000000E+00  0.00000000E+00
  0.00000000E+00  0.00000000E+00 -0.68908519E-08  0.00000000E+00 -0.10929612E-07
 -0.27726645E-08 -0.59043347E-08 -0.26729977E-07 -0.71162664E-07 -0.17802263E-06
 -0.26108398E-06 -0.51786769E-06 -0.11014829E-05 -0.26446506E-05 -0.63380783E-05
 -0.10017294E-04 -0.21789209E-04 -0.44830811E-04 -0.10472966E-03 -0.22947008E-03
 -0.53570954E-03 -0.10332241E-02 -0.11097799E-02 -0.28335489E-03  0.35346261E-03
  0.45415503E-03  0.20809691E-03  0.23259222E-03  0.13397155E-03  0.93630340E-04
  0.49730737E-04 -0.21223370E-06  0.62362389E-04 -0.34288576E-04 -0.21516910E-04
  0.43074061E-04 -0.10232069E-03 -0.44775748E-04 -0.20558128E-03 -0.17298332E-03
 -0.14191253E-03 -0.15386477E-03 -0.14530461E-03 -0.10296256E-03
  0.00000000E+00  0.00000000E+00  0.00000000E+00  0.00000000E+00  0.00000000E+00
  0.00000000E+00  0.00000000E+00  0.00000000E+00  0.00000000E+00  0.00000000E+00
  0.00000000E+00  0.00000000E+00  0.00000000E+00  0.00000000E+00  0.00000000E+00
  0.00000000E+00  0.00000000E+00  0.00000000E+00  0.00000000E+00  0.00000000E+00
  0.00000000E+00  0.00000000E+00 -0.16142358E-07 -0.14569703E-07 -0.18380600E-08
 -0.14118810E-07 -0.17069485E-07 -0.27474468E-07 -0.40597189E-07 -0.15693066E-06
 -0.24351442E-06 -0.98177789E-06 -0.10450906E-05 -0.23516490E-05 -0.57512171E-05
 -0.90564136E-05 -0.19600718E-04 -0.46612686E-04 -0.10074754E-03 -0.21728298E-03
 -0.49799037E-03 -0.10498717E-02 -0.12059055E-02 -0.38444806E-03  0.16887282E-03
  0.37967662E-03  0.25574620E-03  0.17529938E-03  0.11149954E-03  0.14638895E-03
  0.61472512E-04  0.42050014E-04  0.77907243E-05 -0.37847187E-04  0.35759050E-04
 -0.13524433E-03 -0.10912180E-03 -0.57176720E-04 -0.16604814E-03 -0.71621927E-04
 -0.20500608E-03 -0.11537933E-03 -0.14039963E-03 -0.39294930E-04
  0.00000000E+00  0.00000000E+00  0.00000000E+00  0.00000000E+00  0.00000000E+00
  0.00000000E+00  0.00000000E+00  0.00000000E+00  0.00000000E+00  0.00000000E+00
  0.00000000E+00  0.00000000E+00  0.00000000E+00  0.00000000E+00  0.00000000E+00
  0.00000000E+00  0.00000000E+00  0.00000000E+00  0.00000000E+00  0.00000000E+00
  0.00000000E+00  0.00000000E+00  0.90145096E-08  0.20721401E-08 -0.38760928E-08
 -0.71539647E-09 -0.13343529E-07 -0.32872966E-07 -0.87225275E-07 -0.12895168E-06
 -0.24730255E-06 -0.68082953E-06 -0.14202773E-05 -0.21173438E-05 -0.45089775E-05
 -0.10494395E-04 -0.22798238E-04 -0.44552594E-04 -0.87785804E-04 -0.21022523E-03
 -0.49971318E-03 -0.98116138E-03 -0.12886656E-02 -0.69278175E-03  0.63085773E-04
  0.24121941E-03  0.26521211E-03  0.10020343E-03  0.23647495E-03  0.92478204E-04
  0.28939900E-04  0.56156650E-04  0.12241693E-03  0.14908805E-04 -0.83695842E-04
 -0.40414834E-04 -0.61654100E-04 -0.96061731E-04 -0.86657771E-04 -0.10897555E-03
 -0.11195674E-03 -0.12890187E-03 -0.86372797E-04 -0.40601967E-04
  0.00000000E+00  0.00000000E+00  0.00000000E+00  0.00000000E+00  0.00000000E+00
  0.00000000E+00  0.00000000E+00  0.00000000E+00  0.00000000E+00  0.00000000E+00
  0.00000000E+00  0.00000000E+00  0.00000000E+00  0.00000000E+00  0.00000000E+00
  0.00000000E+00  0.00000000E+00  0.00000000E+00  0.00000000E+00  0.00000000E+00
  0.00000000E+00  0.00000000E+00  0.00000000E+00 -0.80295344E-09 -0.16116831E-08
 -0.17416339E-08 -0.18855040E-07 -0.22363881E-07 -0.63782426E-07 -0.11856252E-06
 -0.22088456E-06 -0.61034288E-06 -0.12853742E-05 -0.26912049E-05 -0.48601255E-05
 -0.98037502E-05 -0.19023288E-04 -0.40618056E-04 -0.89105349E-04 -0.20189719E-03
 -0.45070037E-03 -0.92193528E-03 -0.12390397E-02 -0.80887333E-03 -0.44085299E-05
  0.17535798E-03  0.27978573E-03  0.20480375E-03  0.14354026E-03  0.13827511E-03
 -0.46373279E-04  0.93780122E-04  0.65149628E-04  0.33674565E-04 -0.82880801E-04
  0.93874961E-05  0.22393426E-04 -0.17461083E-04 -0.84312269E-04 -0.97252099E-04
 -0.63371987E-04 -0.11034874E-03 -0.49430858E-04 -0.61015214E-04
  0.00000000E+00  0.00000000E+00  0.00000000E+00  0.00000000E+00  0.00000000E+00
  0.00000000E+00  0.00000000E+00  0.00000000E+00  0.00000000E+00  0.00000000E+00
  0.00000000E+00  0.00000000E+00  0.00000000E+00  0.00000000E+00  0.00000000E+00
  0.00000000E+00  0.00000000E+00  0.00000000E+00  0.00000000E+00  0.00000000E+00
  0.00000000E+00  0.00000000E+00  0.00000000E+00 -0.90505447E-09 -0.26138341E-09
 -0.47020376E-08 -0.13959699E-07 -0.40847488E-07 -0.72741066E-07 -0.16718990E-06
 -0.20633193E-06 -0.64291153E-06 -0.11195705E-05 -0.24829970E-05 -0.43286322E-05
 -0.10569035E-04 -0.20112831E-04 -0.36291082E-04 -0.85778783E-04 -0.18241752E-03
 -0.39783015E-03 -0.93625708E-03 -0.12229742E-02 -0.92807768E-03 -0.88529065E-04
  0.14541161E-03  0.23373871E-03  0.20556359E-03  0.16901506E-03  0.54172133E-04
  0.12670974E-03  0.12169871E-03  0.72491082E-04 -0.16158594E-04 -0.27056097E-04
 -0.91853153E-04  0.74914985E-04 -0.65356348E-04 -0.45986546E-04 -0.45356531E-04
 -0.26920006E-04 -0.27917065E-04 -0.71754489E-04 -0.48307597E-04
  0.00000000E+00  0.00000000E+00  0.00000000E+00  0.00000000E+00  0.00000000E+00
  0.00000000E+00  0.00000000E+00  0.00000000E+00  0.00000000E+00  0.00000000E+00
  0.00000000E+00  0.00000000E+00  0.00000000E+00  0.00000000E+00  0.00000000E+00
  0.00000000E+00  0.00000000E+00  0.00000000E+00  0.00000000E+00  0.00000000E+00
  0.00000000E+00  0.00000000E+00  0.00000000E+00 -0.10233112E-08 -0.77329950E-09
 -0.10206358E-07 -0.13232372E-07 -0.47664026E-07 -0.42699946E-07 -0.77029646E-07
 -0.24382687E-06 -0.57179603E-06 -0.11695980E-05 -0.22014298E-05 -0.43464695E-05
 -0.83964837E-05 -0.17693395E-04 -0.35816376E-04 -0.72278128E-04 -0.17938175E-03
 -0.36928126E-03 -0.76329058E-03 -0.13722289E-02 -0.10713165E-02 -0.23624421E-03
  0.16541988E-03  0.27825423E-03  0.12732252E-03  0.13392028E-03 -0.21128416E-04
  0.22946053E-03  0.47090548E-05  0.27351837E-04 -0.26621904E-04 -0.22669954E-04
 -0.85295597E-04  0.88202201E-04 -0.22883961E-04  0.30194322E-04 -0.77905419E-04
 -0.11241181E-03  0.11839617E-04 -0.16946745E-04 -0.34377576E-04
  0.00000000E+00  0.00000000E+00  0.00000000E+00  0.00000000E+00  0.00000000E+00
  0.00000000E+00  0.00000000E+00  0.00000000E+00  0.00000000E+00  0.00000000E+00
  0.00000000E+00  0.00000000E+00  0.00000000E+00  0.00000000E+00  0.00000000E+00
  0.00000000E+00  0.00000000E+00  0.00000000E+00  0.00000000E+00  0.00000000E+00
  0.00000000E+00  0.00000000E+00  0.00000000E+00 -0.56578282E-09 -0.10562210E-07
 -0.49823082E-08 -0.16984178E-07 -0.47643448E-07 -0.91399055E-07 -0.69341454E-07
 -0.22547886E-06 -0.52877403E-06 -0.98403617E-06 -0.23808364E-05 -0.50812102E-05
 -0.85351993E-05 -0.17500035E-04 -0.35270219E-04 -0.79299717E-04 -0.16513998E-03
 -0.35065202E-03 -0.73339789E-03 -0.12565976E-02 -0.98702507E-03 -0.40897136E-03
  0.16104157E-03  0.10040702E-03  0.21200480E-03  0.18201628E-03  0.10113497E-03
  0.47729735E-04  0.95962597E-04  0.12288280E-03  0.11187086E-04 -0.27658973E-04
  0.10374061E-03 -0.99195998E-04 -0.78369922E-04  0.19510411E-04 -0.55519884E-04
 -0.45562026E-04 -0.85424737E-05 -0.32671586E-04 -0.37058233E-04
  0.00000000E+00  0.00000000E+00  0.00000000E+00  0.00000000E+00  0.00000000E+00
  0.00000000E+00  0.00000000E+00  0.00000000E+00  0.00000000E+00  0.00000000E+00
  0.00000000E+00  0.00000000E+00  0.00000000E+00  0.00000000E+00  0.00000000E+00
  0.00000000E+00  0.00000000E+00  0.00000000E+00  0.00000000E+00  0.00000000E+00
  0.00000000E+00  0.00000000E+00  0.00000000E+00 -0.64395826E-09 -0.54757770E-09
 -0.13493586E-08 -0.83809546E-08 -0.26903706E-07 -0.97250976E-07 -0.12563261E-06
 -0.23318283E-06 -0.53350289E-06 -0.12117010E-05 -0.20313683E-05 -0.48254740E-05
 -0.82520641E-05 -0.14729095E-04 -0.34530903E-04 -0.66503525E-04 -0.15371612E-03
 -0.31667628E-03 -0.64441672E-03 -0.11843154E-02 -0.11013250E-02 -0.39473447E-03
  0.11871266E-03  0.31509537E-03  0.16590717E-03  0.10039589E-03  0.22502244E-04
  0.30084379E-04  0.27460827E-04  0.83194912E-04  0.96332242E-04  0.41685665E-05
  0.20535642E-04  0.85056690E-04  0.11021460E-04  0.84457814E-04 -0.12597789E-04
 -0.79677888E-05 -0.49885685E-04 -0.21351775E-04 -0.20946907E-04
  0.00000000E+00  0.00000000E+00  0.00000000E+00  0.00000000E+00  0.00000000E+00
  0.00000000E+00  0.00000000E+00  0.00000000E+00  0.00000000E+00  0.00000000E+00
  0.00000000E+00  0.00000000E+00  0.00000000E+00  0.00000000E+00  0.00000000E+00
  0.00000000E+00  0.00000000E+00  0.00000000E+00  0.00000000E+00  0.00000000E+00
  0.00000000E+00  0.00000000E+00  0.00000000E+00 -0.73506051E-09 -0.34269325E-09
 -0.26060684E-08 -0.52136642E-08 -0.48010572E-07 -0.73056382E-07 -0.18289716E-06
 -0.24484167E-06 -0.52747743E-06 -0.10149280E-05 -0.24579424E-05 -0.36235321E-05
 -0.76759952E-05 -0.15799108E-04 -0.32420252E-04 -0.60115010E-04 -0.12752571E-03
 -0.27758546E-03 -0.63085195E-03 -0.11448038E-02 -0.10673810E-02 -0.33883586E-03
  0.77490238E-04  0.11948718E-03  0.16755177E-03  0.16840867E-03  0.21174084E-03
  0.16863228E-03  0.15526006E-03  0.41521168E-04  0.98702740E-04 -0.16645226E-04
 -0.39332706E-04  0.36021133E-04 -0.35254549E-04  0.45654156E-04  0.38946149E-04
  0.29182844E-04  0.34503204E-04 -0.60685939E-05 -0.72137747E-04
  0.00000000E+00  0.00000000E+00  0.00000000E+00  0.00000000E+00  0.00000000E+00
  0.00000000E+00  0.00000000E+00  0.00000000E+00  0.00000000E+00  0.00000000E+00
  0.00000000E+00  0.00000000E+00  0.00000000E+00  0.00000000E+00  0.00000000E+00
  0.00000000E+00  0.00000000E+00  0.00000000E+00  0.00000000E+00  0.00000000E+00
  0.00000000E+00  0.10085217E-07  0.00000000E+00 -0.64603125E-09 -0.27841970E-09
  0.16763867E-07 -0.29372446E-08 -0.13896862E-07  0.18441014E-07 -0.87488219E-07
 -0.31966792E-06 -0.66935617E-06 -0.10840814E-05 -0.24814690E-05 -0.40422048E-05
 -0.67575874E-05 -0.12415908E-04 -0.24791907E-04 -0.45587606E-04 -0.10135226E-03
 -0.21192251E-03 -0.49443253E-03 -0.87738776E-03 -0.88922031E-03 -0.30381258E-03
 -0.55352345E-05  0.11917551E-03  0.17682505E-03  0.90746671E-04  0.12616215E-03
  0.25950209E-04  0.46965145E-04  0.20721810E-04  0.11526532E-03  0.34930456E-04
  0.70616218E-04  0.58928504E-06  0.85605410E-05 -0.46858275E-04  0.29856022E-04
 -0.16524654E-04  0.71774478E-05 -0.64112570E-04  0.10554481E-04
  0.00000000E+00  0.00000000E+00  0.00000000E+00  0.00000000E+00  0.00000000E+00
  0.00000000E+00  0.00000000E+00  0.00000000E+00  0.00000000E+00  0.00000000E+00
  0.00000000E+00  0.00000000E+00  0.00000000E+00  0.00000000E+00  0.00000000E+00
  0.00000000E+00  0.00000000E+00  0.00000000E+00  0.00000000E+00  0.00000000E+00
  0.00000000E+00 -0.28982849E-09  0.00000000E+00 -0.22054321E-09 -0.90911334E-09
 -0.37778915E-08 -0.38786111E-08 -0.13660364E-07 -0.52743824E-07 -0.15272687E-06
 -0.35995992E-06 -0.71696938E-06 -0.16510754E-05 -0.23420471E-05 -0.47054947E-05
 -0.80131127E-05 -0.14607182E-04 -0.23480379E-04 -0.49340107E-04 -0.10919224E-03
 -0.21491794E-03 -0.49914655E-03 -0.94906277E-03 -0.10887089E-02 -0.25145813E-03
 -0.86067479E-04  0.12329229E-03  0.88363766E-04  0.11294345E-03  0.23422137E-04
  0.74390798E-04  0.14229862E-03  0.72674338E-04  0.67552609E-04 -0.17661869E-05
 -0.81158875E-05  0.35502041E-04 -0.45264306E-04 -0.53392286E-04  0.41182940E-04
 -0.18821357E-04 -0.38313789E-04 -0.85613121E-05 -0.24704132E-05
  0.00000000E+00  0.00000000E+00  0.00000000E+00  0.00000000E+00  0.00000000E+00
  0.00000000E+00  0.00000000E+00  0.00000000E+00  0.00000000E+00  0.00000000E+00
  0.00000000E+00  0.00000000E+00  0.00000000E+00  0.00000000E+00  0.00000000E+00
  0.00000000E+00  0.00000000E+00  0.00000000E+00  0.00000000E+00  0.00000000E+00
  0.00000000E+00 -0.31166226E-09  0.00000000E+00  0.10180614E-10 -0.13867701E-08
 -0.40936135E-07 -0.92047095E-08 -0.11939263E-07 -0.10254043E-06 -0.15436947E-06
 -0.30173946E-06 -0.73283706E-06 -0.15509223E-05 -0.25598646E-05 -0.55819167E-05
 -0.81564535E-05 -0.16350087E-04 -0.32253574E-04 -0.62303840E-04 -0.12288067E-03
 -0.25145574E-03 -0.57057203E-03 -0.10854687E-02 -0.11927812E-02 -0.33164683E-03
  0.59082323E-04  0.16480286E-03  0.33752419E-04  0.28261474E-04  0.15105877E-03
  0.94138712E-04  0.81450166E-04 -0.59742258E-04  0.63896006E-04  0.32632564E-05
  0.43583685E-04  0.29541839E-04 -0.10606666E-03 -0.46378133E-04  0.94169283E-04
 -0.51552255E-07 -0.74323880E-04  0.20852861E-05 -0.36897992E-04
  0.00000000E+00  0.00000000E+00  0.00000000E+00  0.00000000E+00  0.00000000E+00
  0.00000000E+00  0.00000000E+00  0.00000000E+00  0.00000000E+00  0.00000000E+00
  0.00000000E+00  0.00000000E+00  0.00000000E+00  0.00000000E+00  0.00000000E+00
  0.00000000E+00  0.00000000E+00  0.00000000E+00  0.00000000E+00  0.00000000E+00
  0.00000000E+00 -0.29828785E-09 -0.34798821E-10  0.10256197E-10 -0.84277118E-09
 -0.11909450E-07  0.98618816E-08 -0.18843370E-07 -0.86581496E-07 -0.17889876E-06
 -0.40409380E-06 -0.47132644E-06 -0.14016666E-05 -0.30801455E-05 -0.47078821E-05
 -0.94009005E-05 -0.17568766E-04 -0.35761022E-04 -0.67877650E-04 -0.12818581E-03
 -0.28228104E-03 -0.62440233E-03 -0.11854368E-02 -0.12650904E-02 -0.62779913E-03
 -0.21241471E-04  0.19198545E-03  0.20781515E-03  0.15126630E-03  0.13598020E-03
  0.16491059E-03  0.17407787E-03  0.28292436E-04  0.20167661E-04  0.73357654E-04
  0.58989844E-04  0.13522691E-04  0.61839557E-05  0.18146978E-05 -0.36361396E-04
 -0.70546809E-04  0.60212696E-04  0.50561256E-04 -0.13079448E-04
  0.00000000E+00  0.00000000E+00  0.00000000E+00  0.00000000E+00  0.00000000E+00
  0.00000000E+00  0.00000000E+00  0.00000000E+00  0.00000000E+00  0.00000000E+00
  0.00000000E+00  0.00000000E+00  0.00000000E+00  0.00000000E+00  0.00000000E+00
  0.00000000E+00  0.00000000E+00  0.00000000E+00  0.00000000E+00  0.00000000E+00
  0.00000000E+00 -0.28819111E-09 -0.33293743E-10  0.10195317E-10 -0.56086655E-08
 -0.28649373E-07 -0.12278289E-08 -0.39093533E-07 -0.11531569E-06 -0.21553771E-06
 -0.31912699E-06 -0.11141430E-05 -0.19242933E-05 -0.30469759E-05 -0.57856510E-05
 -0.12048551E-04 -0.20353111E-04 -0.41982746E-04 -0.81196823E-04 -0.15075452E-03
 -0.32804437E-03 -0.69674462E-03 -0.13135759E-02 -0.13237195E-02 -0.42735867E-03
 -0.99155943E-04  0.77217905E-04  0.11876331E-03  0.99333708E-04  0.59811917E-04
  0.13784845E-03  0.17526695E-03  0.92711906E-04  0.98784689E-04  0.88414911E-05
  0.43405147E-04  0.95676535E-04 -0.16838469E-05  0.48556434E-04 -0.81743787E-04
 -0.37924321E-04  0.18539695E-05 -0.96645102E-05 -0.19079112E-04
  0.00000000E+00  0.00000000E+00  0.00000000E+00  0.00000000E+00  0.00000000E+00
  0.00000000E+00  0.00000000E+00  0.00000000E+00  0.00000000E+00  0.00000000E+00
  0.00000000E+00  0.00000000E+00  0.00000000E+00  0.00000000E+00  0.00000000E+00
  0.00000000E+00  0.00000000E+00  0.00000000E+00  0.00000000E+00  0.00000000E+00
  0.00000000E+00 -0.29862978E-09 -0.39040422E-10  0.10020134E-10 -0.45367245E-08
 -0.80626122E-08 -0.66050334E-08 -0.47111042E-07 -0.10629446E-06 -0.26831250E-06
 -0.51699769E-06 -0.11526484E-05 -0.21530156E-05 -0.41399658E-05 -0.75579590E-05
 -0.14714858E-04 -0.22544886E-04 -0.47331313E-04 -0.96040507E-04 -0.18386261E-03
 -0.36521717E-03 -0.78299275E-03 -0.15396434E-02 -0.13449794E-02 -0.54269025E-03
  0.23896959E-04  0.15334643E-03  0.13389520E-03  0.58236901E-04  0.16158306E-03
  0.20744930E-03 -0.39304592E-04  0.18942843E-04  0.11000151E-03  0.79812125E-04
  0.70778144E-04  0.42859906E-04  0.12248426E-03  0.22757718E-04  0.18472107E-04
 -0.51926716E-04 -0.86797177E-05 -0.15306867E-04  0.19504867E-04
  0.00000000E+00  0.00000000E+00  0.00000000E+00  0.00000000E+00  0.00000000E+00
  0.00000000E+00  0.00000000E+00  0.00000000E+00  0.00000000E+00  0.00000000E+00
  0.00000000E+00  0.00000000E+00  0.00000000E+00  0.00000000E+00  0.00000000E+00
  0.00000000E+00  0.00000000E+00  0.00000000E+00  0.00000000E+00  0.00000000E+00
  0.00000000E+00 -0.11084495E-08 -0.45919621E-10  0.00000000E+00 -0.14637779E-08
 -0.95228048E-08 -0.11872140E-07 -0.78349404E-07 -0.11835280E-06 -0.31370680E-06
 -0.62399467E-06 -0.12372287E-05 -0.28345748E-05 -0.47423625E-05 -0.10783891E-04
 -0.17319707E-04 -0.28024188E-04 -0.57047616E-04 -0.10062463E-03 -0.19862819E-03
 -0.42191321E-03 -0.93239818E-03 -0.16691405E-02 -0.14743631E-02 -0.50058627E-03
 -0.71312813E-04  0.14944412E-03  0.53017424E-04  0.19462095E-03  0.99735639E-04
  0.13993961E-03  0.10270360E-03  0.90631870E-04  0.10513591E-03  0.12432599E-03
  0.84160806E-04  0.72061773E-04  0.18775466E-03 -0.21409822E-04  0.93742615E-04
 -0.10874376E-03 -0.34779999E-04 -0.10032891E-03 -0.78619027E-04
  0.00000000E+00  0.00000000E+00  0.00000000E+00  0.00000000E+00  0.00000000E+00
  0.00000000E+00  0.00000000E+00  0.00000000E+00  0.00000000E+00  0.00000000E+00
  0.00000000E+00  0.00000000E+00  0.00000000E+00  0.00000000E+00  0.00000000E+00
  0.00000000E+00  0.00000000E+00  0.00000000E+00  0.00000000E+00  0.00000000E+00
  0.00000000E+00 -0.14513880E-08 -0.54214743E-10  0.00000000E+00 -0.66912071E-08
 -0.74577691E-08 -0.27038877E-07 -0.49996743E-07 -0.15779385E-06 -0.35541495E-06
 -0.97037060E-06 -0.16853997E-05 -0.33243256E-05 -0.61708986E-05 -0.10941485E-04
 -0.18905879E-04 -0.36859824E-04 -0.73956249E-04 -0.13100214E-03 -0.27266130E-03
 -0.54863556E-03 -0.11259776E-02 -0.18548466E-02 -0.14486456E-02 -0.58553582E-03
 -0.50343195E-04  0.28548440E-03  0.16661535E-03  0.15771378E-03  0.13982996E-03
  0.19544494E-03  0.19112325E-03  0.25457271E-03  0.79771190E-04  0.16566607E-03
  0.24165166E-03  0.99352469E-04  0.31922030E-05  0.11208193E-03 -0.90738448E-04
 -0.55564419E-05  0.24085061E-04 -0.13375658E-03  0.22076184E-04
  0.00000000E+00  0.00000000E+00  0.00000000E+00  0.00000000E+00  0.00000000E+00
  0.00000000E+00  0.00000000E+00  0.00000000E+00  0.00000000E+00  0.00000000E+00
  0.00000000E+00  0.00000000E+00  0.00000000E+00  0.00000000E+00  0.00000000E+00
  0.00000000E+00  0.00000000E+00  0.00000000E+00  0.00000000E+00  0.00000000E+00
  0.00000000E+00 -0.75183051E-09 -0.69030298E-09  0.00000000E+00 -0.19011027E-09
 -0.53487446E-08 -0.30549311E-07 -0.85803909E-07 -0.20119346E-06 -0.31241800E-06
 -0.94357058E-06 -0.16370247E-05 -0.40938201E-05 -0.85975035E-05 -0.15039984E-04
 -0.23452800E-04 -0.47410771E-04 -0.93051029E-04 -0.17354601E-03 -0.31782007E-03
 -0.67805267E-03 -0.13854778E-02 -0.19367393E-02 -0.13952700E-02 -0.39347727E-03
 -0.22257798E-04  0.69447525E-04  0.16581634E-03  0.16579663E-03  0.32963268E-03
  0.14538999E-03  0.20007407E-03  0.15609562E-03 -0.68107625E-05  0.73379190E-04
  0.14868011E-03  0.59882230E-04  0.76836491E-04  0.10083444E-03 -0.58929037E-04
  0.12235377E-03 -0.86761612E-05 -0.10707072E-04 -0.39191625E-04
  0.00000000E+00  0.00000000E+00  0.00000000E+00  0.00000000E+00  0.00000000E+00
  0.00000000E+00  0.00000000E+00  0.00000000E+00  0.00000000E+00  0.00000000E+00
  0.00000000E+00  0.00000000E+00  0.00000000E+00  0.00000000E+00  0.00000000E+00
  0.00000000E+00  0.00000000E+00  0.00000000E+00  0.00000000E+00  0.00000000E+00
  0.00000000E+00 -0.33052559E-09 -0.13232231E-08  0.00000000E+00 -0.46404327E-07
 -0.99943284E-08 -0.29057610E-07 -0.10847306E-06 -0.21286950E-06 -0.44201864E-06
 -0.13767857E-05 -0.24466389E-05 -0.45574311E-05 -0.90748786E-05 -0.23027785E-04
 -0.27825985E-04 -0.63967738E-04 -0.11303122E-03 -0.21860182E-03 -0.40378173E-03
 -0.86129127E-03 -0.16707617E-02 -0.20845123E-02 -0.12357980E-02 -0.36267197E-03
  0.21761096E-04  0.18381195E-03  0.57656941E-04  0.21631789E-03  0.21044971E-03
  0.91715899E-04  0.22871024E-03  0.26252788E-03  0.21628167E-03  0.17642961E-03
  0.41631015E-04  0.80331212E-04  0.47725605E-04  0.91986027E-04  0.18946885E-04
  0.12621013E-04 -0.99583846E-04 -0.78028283E-04  0.47152608E-04
  0.00000000E+00  0.00000000E+00  0.00000000E+00  0.00000000E+00  0.00000000E+00
  0.00000000E+00  0.00000000E+00  0.00000000E+00  0.00000000E+00  0.00000000E+00
  0.00000000E+00  0.00000000E+00  0.00000000E+00  0.00000000E+00  0.00000000E+00
  0.00000000E+00  0.00000000E+00  0.00000000E+00  0.00000000E+00  0.00000000E+00
  0.00000000E+00 -0.33471011E-09 -0.20159842E-08 -0.77473315E-08 -0.85426118E-08
 -0.82139445E-08 -0.65008465E-07 -0.11168261E-06 -0.32815671E-06 -0.48049118E-06
 -0.11081298E-05 -0.34945924E-05 -0.59466371E-05 -0.11440180E-04 -0.22897405E-04
 -0.40875443E-04 -0.74115766E-04 -0.13546107E-03 -0.27203040E-03 -0.55352239E-03
 -0.11283421E-02 -0.18958643E-02 -0.18461159E-02 -0.11483958E-02 -0.32004707E-03
 -0.11718791E-03 -0.47781045E-04  0.15277080E-03  0.18493123E-03  0.11603576E-03
  0.28839903E-03  0.11278263E-03 -0.43641465E-04  0.50430032E-04  0.27156075E-03
  0.83020941E-04  0.19750792E-03  0.14302058E-03  0.16641565E-03  0.68138313E-04
  0.65012020E-04  0.42641814E-04  0.92031654E-04  0.73783387E-05
  0.00000000E+00  0.00000000E+00  0.00000000E+00  0.00000000E+00  0.00000000E+00
  0.00000000E+00  0.00000000E+00  0.00000000E+00  0.00000000E+00  0.00000000E+00
  0.00000000E+00  0.00000000E+00  0.00000000E+00  0.00000000E+00  0.00000000E+00
  0.00000000E+00  0.00000000E+00  0.00000000E+00  0.00000000E+00  0.27838753E-09
  0.00000000E+00 -0.33778532E-09 -0.28606834E-08 -0.61860226E-08 -0.26303445E-08
 -0.35098662E-07 -0.35881835E-07 -0.12635055E-06 -0.39529649E-06 -0.68969989E-06
 -0.15845343E-05 -0.42865858E-05 -0.79431503E-05 -0.13451597E-04 -0.28536302E-04
 -0.54132515E-04 -0.10228175E-03 -0.18599529E-03 -0.38758185E-03 -0.73354306E-03
 -0.14599042E-02 -0.21585200E-02 -0.17247501E-02 -0.90001431E-03 -0.16980357E-03
 -0.11770325E-03  0.60340485E-04  0.18903342E-03  0.38228542E-03  0.21342015E-03
  0.13675873E-03  0.15122533E-03  0.22366247E-03  0.71709780E-04  0.29431169E-03
  0.32851580E-04  0.28921265E-03  0.16769052E-03  0.23302775E-04 -0.11362692E-04
  0.74138379E-04  0.33280909E-05  0.59072078E-04  0.80211941E-05
  0.00000000E+00  0.00000000E+00  0.00000000E+00  0.00000000E+00  0.00000000E+00
  0.00000000E+00  0.00000000E+00  0.00000000E+00  0.00000000E+00  0.00000000E+00
  0.00000000E+00  0.00000000E+00  0.00000000E+00  0.00000000E+00  0.00000000E+00
  0.00000000E+00  0.00000000E+00  0.00000000E+00  0.00000000E+00  0.33040396E-09
  0.00000000E+00 -0.33964208E-09 -0.88621973E-08 -0.13884819E-09 -0.25576843E-08
 -0.19469133E-07 -0.68835210E-07 -0.15155425E-06 -0.31766247E-06 -0.10122708E-05
 -0.19637449E-05 -0.46359204E-05 -0.11598317E-04 -0.18800276E-04 -0.41474923E-04
 -0.69885936E-04 -0.14181172E-03 -0.26980501E-03 -0.53686513E-03 -0.10805774E-02
 -0.18680090E-02 -0.20972828E-02 -0.15422858E-02 -0.64016677E-03 -0.15089208E-03
 -0.10398456E-04  0.15576632E-04  0.22845168E-03  0.26524680E-04  0.21395877E-03
  0.27717503E-03  0.20659850E-03  0.15810099E-03  0.30275556E-03  0.11618846E-03
  0.10778545E-03  0.20047187E-03  0.16083122E-03  0.21962009E-03  0.52342104E-04
  0.40646578E-05  0.27979139E-04  0.61214002E-04 -0.14157672E-04
  0.00000000E+00  0.00000000E+00  0.00000000E+00  0.00000000E+00  0.00000000E+00
  0.00000000E+00  0.00000000E+00  0.00000000E+00  0.00000000E+00  0.00000000E+00
  0.00000000E+00  0.00000000E+00  0.00000000E+00  0.00000000E+00  0.00000000E+00
  0.00000000E+00  0.00000000E+00  0.00000000E+00  0.00000000E+00 -0.86529757E-08
  0.00000000E+00 -0.34018665E-09 -0.37582403E-08 -0.16303536E-07 -0.51679251E-08
 -0.24987540E-07 -0.70572473E-07 -0.20001029E-06 -0.56825851E-06 -0.97149489E-06
 -0.31945790E-05 -0.50574610E-05 -0.12235834E-04 -0.25289574E-04 -0.48304009E-04
 -0.98333508E-04 -0.19843250E-03 -0.36798031E-03 -0.70245180E-03 -0.13922641E-02
 -0.21752506E-02 -0.19258519E-02 -0.11151730E-02 -0.46436397E-03 -0.19334554E-03
  0.22959165E-03  0.51036199E-04  0.28970226E-03  0.12754075E-03  0.14133773E-03
  0.34236251E-03  0.29854319E-03  0.22934543E-03  0.20421781E-03  0.11572078E-03
  0.10709196E-03  0.14966294E-03  0.27451387E-04  0.26466540E-04  0.16542256E-03
  0.65524241E-04  0.20944266E-03  0.23375860E-06 -0.36739037E-04
  0.00000000E+00  0.00000000E+00  0.00000000E+00  0.00000000E+00  0.00000000E+00
  0.00000000E+00  0.00000000E+00  0.00000000E+00  0.00000000E+00  0.00000000E+00
  0.00000000E+00  0.00000000E+00  0.00000000E+00  0.00000000E+00  0.00000000E+00
  0.00000000E+00  0.00000000E+00  0.00000000E+00  0.00000000E+00 -0.38837104E-09
  0.00000000E+00 -0.67877370E-09  0.00000000E+00 -0.58330632E-08 -0.49793251E-08
 -0.18651896E-07 -0.78133297E-07 -0.23727883E-06 -0.65620152E-06 -0.13210270E-05
 -0.37001360E-05 -0.67611189E-05 -0.14750351E-04 -0.35057275E-04 -0.65591726E-04
 -0.13414525E-03 -0.25871411E-03 -0.51942916E-03 -0.10114217E-02 -0.18291832E-02
 -0.24867770E-02 -0.16938362E-02 -0.76846188E-03 -0.42186096E-03  0.10502277E-04
  0.13178877E-03  0.82515607E-04  0.26775065E-03  0.17144797E-03  0.55368190E-04
  0.30688184E-03  0.94722409E-04  0.21900327E-03  0.23420074E-03  0.84034057E-04
  0.22113458E-03  0.20007928E-03  0.85399767E-04  0.38985736E-04  0.21685612E-03
  0.42812924E-04  0.28350525E-04  0.43968379E-04 -0.50454267E-04
  0.00000000E+00  0.00000000E+00  0.00000000E+00  0.00000000E+00  0.00000000E+00
  0.00000000E+00  0.00000000E+00  0.00000000E+00  0.00000000E+00  0.00000000E+00
  0.00000000E+00  0.00000000E+00  0.00000000E+00  0.00000000E+00  0.00000000E+00
  0.00000000E+00  0.00000000E+00  0.00000000E+00  0.00000000E+00 -0.43883042E-09
  0.00000000E+00 -0.67412785E-09  0.00000000E+00 -0.12391682E-08 -0.12791997E-07
 -0.27180356E-07 -0.66618597E-07 -0.29278642E-06 -0.85342094E-06 -0.16748189E-05
 -0.37147644E-05 -0.77614365E-05 -0.19022844E-04 -0.47866854E-04 -0.85925497E-04
 -0.18821640E-03 -0.36747683E-03 -0.70507226E-03 -0.14668723E-02 -0.23024464E-02
 -0.23473082E-02 -0.12449395E-02 -0.35767973E-03 -0.16905425E-03  0.80812421E-04
  0.19609633E-03  0.12823536E-03  0.18413440E-03  0.24908743E-03  0.11130269E-03
  0.16512862E-03  0.23999556E-03  0.29371103E-03  0.12736229E-03  0.18655218E-03
  0.21095737E-03  0.20729341E-03  0.67675482E-04  0.15227949E-03  0.14288580E-03
  0.10489038E-03  0.48739532E-04 -0.24588015E-04  0.60295076E-05
  0.00000000E+00  0.00000000E+00  0.00000000E+00  0.00000000E+00  0.00000000E+00
  0.00000000E+00  0.00000000E+00  0.00000000E+00  0.00000000E+00  0.00000000E+00
  0.00000000E+00  0.00000000E+00  0.00000000E+00  0.00000000E+00  0.00000000E+00
  0.00000000E+00  0.00000000E+00  0.00000000E+00  0.00000000E+00 -0.49686442E-09
  0.00000000E+00 -0.66381214E-09  0.00000000E+00 -0.67252497E-08 -0.21772759E-07
 -0.30441483E-07 -0.17581666E-06 -0.44793138E-06 -0.11747672E-05 -0.24242066E-05
 -0.56273353E-05 -0.11148654E-04 -0.24489046E-04 -0.53070394E-04 -0.11659416E-03
 -0.22216125E-03 -0.49612032E-03 -0.99191765E-03 -0.18693193E-02 -0.26911966E-02
 -0.19288790E-02 -0.93947069E-03 -0.21773255E-03 -0.20358582E-03  0.67899458E-04
  0.25118358E-03  0.26699469E-03  0.13606855E-03  0.15540995E-03  0.33137363E-03
  0.20503097E-03  0.19509782E-03  0.22834429E-03  0.28565261E-03  0.15253906E-03
  0.25533192E-03  0.13254120E-03  0.23600995E-03  0.14640425E-03  0.51159536E-04
  0.20978838E-04 -0.53335539E-04  0.42860693E-04  0.14492414E-04
  0.00000000E+00  0.00000000E+00  0.00000000E+00  0.00000000E+00  0.00000000E+00
  0.00000000E+00  0.00000000E+00  0.00000000E+00  0.00000000E+00  0.00000000E+00
  0.00000000E+00  0.00000000E+00  0.00000000E+00  0.00000000E+00  0.00000000E+00
  0.00000000E+00  0.00000000E+00  0.00000000E+00  0.00000000E+00 -0.56311626E-09
 -0.40079529E-09 -0.24913849E-09  0.00000000E+00 -0.10651985E-09 -0.58804520E-08
 -0.76096261E-07 -0.14349496E-06 -0.29587969E-06 -0.99841757E-06 -0.23562706E-05
 -0.53219261E-05 -0.12834647E-04 -0.29956196E-04 -0.75815525E-04 -0.13768720E-03
 -0.30353424E-03 -0.65931260E-03 -0.13766095E-02 -0.23502373E-02 -0.27966722E-02
 -0.15072027E-02 -0.29887506E-03  0.21336911E-04  0.11926449E-03  0.11140728E-03
  0.24660189E-03  0.81666077E-04  0.22412346E-03  0.82688529E-04  0.34165308E-03
  0.17015392E-03  0.11769824E-03  0.69446481E-04  0.30094832E-03  0.14617975E-03
  0.18846015E-03  0.22135713E-03  0.84908118E-04  0.10861689E-03  0.12378589E-04
 -0.67894261E-04  0.32021724E-04  0.94302381E-05  0.41717062E-04
  0.00000000E+00  0.00000000E+00  0.00000000E+00  0.00000000E+00  0.00000000E+00
  0.00000000E+00  0.00000000E+00  0.00000000E+00  0.00000000E+00  0.00000000E+00
  0.00000000E+00  0.00000000E+00  0.00000000E+00  0.00000000E+00  0.00000000E+00
  0.00000000E+00  0.00000000E+00  0.00000000E+00  0.00000000E+00 -0.49943472E-09
 -0.77973530E-09  0.00000000E+00 -0.10235896E-07 -0.15037889E-07 -0.49858457E-08
 -0.85346463E-07 -0.20750604E-06 -0.56876699E-06 -0.13382844E-05 -0.26418310E-05
 -0.77982619E-05 -0.17145152E-04 -0.37394236E-04 -0.89556234E-04 -0.18346621E-03
 -0.39360167E-03 -0.83575791E-03 -0.17288960E-02 -0.27877354E-02 -0.24596702E-02
 -0.81805214E-03 -0.27265061E-04  0.17847787E-03  0.41338288E-04  0.31253033E-03
  0.17598194E-03  0.31993237E-03  0.21399531E-03  0.74023266E-04  0.32706751E-03
  0.26095974E-03  0.14312625E-03  0.33045454E-04  0.31223485E-03  0.60522664E-04
  0.86988618E-04  0.16440798E-03  0.51448141E-04 -0.10825682E-04  0.41710201E-04
 -0.90994170E-04  0.42578198E-04  0.53564118E-05  0.28451638E-04
  0.00000000E+00  0.00000000E+00  0.00000000E+00  0.00000000E+00  0.00000000E+00
  0.00000000E+00  0.00000000E+00  0.00000000E+00  0.00000000E+00  0.00000000E+00
  0.00000000E+00  0.00000000E+00  0.00000000E+00  0.00000000E+00  0.00000000E+00
  0.00000000E+00  0.00000000E+00  0.00000000E+00  0.00000000E+00  0.00000000E+00
 -0.13690232E-08  0.00000000E+00  0.40859274E-08 -0.58500464E-08 -0.48025352E-08
 -0.13513439E-06 -0.28048443E-06 -0.45623287E-06 -0.14746531E-05 -0.39185041E-05
 -0.88926051E-05 -0.19777999E-04 -0.43737259E-04 -0.10697436E-03 -0.21895162E-03
 -0.50151451E-03 -0.10627242E-02 -0.20980755E-02 -0.31536073E-02 -0.18931468E-02
 -0.36505498E-03  0.25371674E-03  0.50866158E-03  0.33850021E-03  0.44918529E-03
  0.37661124E-03  0.21112062E-03  0.27732958E-03  0.28652528E-03  0.18983573E-03
  0.88959295E-04  0.19242330E-03  0.13706179E-03  0.13572184E-03  0.10111339E-03
  0.29630079E-04  0.11469460E-03  0.81011125E-04  0.15967227E-04  0.44799121E-04
 -0.11315291E-03 -0.15129748E-03 -0.57596134E-04  0.24655087E-04
  0.00000000E+00  0.00000000E+00  0.00000000E+00  0.00000000E+00  0.00000000E+00
  0.00000000E+00  0.00000000E+00  0.00000000E+00  0.00000000E+00  0.00000000E+00
  0.00000000E+00  0.00000000E+00  0.00000000E+00  0.00000000E+00  0.00000000E+00
  0.00000000E+00  0.00000000E+00  0.00000000E+00  0.00000000E+00 -0.11908592E-08
 -0.33531006E-08 -0.26088502E-08 -0.16370465E-07 -0.50071239E-08 -0.22945800E-07
 -0.82704053E-07 -0.30399443E-06 -0.80001558E-06 -0.17674963E-05 -0.33999750E-05
 -0.10362480E-04 -0.24538426E-04 -0.51699833E-04 -0.12133867E-03 -0.26787153E-03
 -0.58759770E-03 -0.12675554E-02 -0.24516234E-02 -0.30663059E-02 -0.12109075E-02
  0.35323768E-03  0.62155467E-03  0.53439482E-03  0.43429673E-03  0.40731976E-03
  0.34450825E-03  0.23385172E-03  0.29431072E-03  0.17859012E-03  0.72593732E-04
  0.52659385E-05  0.79415511E-04  0.10742596E-03 -0.12023300E-04 -0.49102619E-04
  0.24650150E-04 -0.67892230E-04 -0.52713457E-04 -0.12019529E-03 -0.93960325E-04
 -0.13359247E-03 -0.97327334E-04 -0.39704858E-04 -0.59926149E-04
  0.00000000E+00  0.00000000E+00  0.00000000E+00  0.00000000E+00  0.00000000E+00
  0.00000000E+00  0.00000000E+00  0.00000000E+00  0.00000000E+00  0.00000000E+00
  0.00000000E+00  0.00000000E+00  0.00000000E+00  0.00000000E+00  0.00000000E+00
  0.00000000E+00  0.00000000E+00  0.00000000E+00  0.00000000E+00  0.00000000E+00
 -0.11348316E-08 -0.15709382E-09  0.45273130E-09 -0.58137588E-08 -0.14852232E-07
 -0.29266102E-07 -0.25322298E-06 -0.54548532E-06 -0.15358737E-05 -0.40287590E-05
 -0.94502726E-05 -0.22396818E-04 -0.51622108E-04 -0.11609330E-03 -0.26155050E-03
 -0.61468009E-03 -0.13394350E-02 -0.25259904E-02 -0.24742149E-02 -0.13660377E-03
  0.10255215E-02  0.96731435E-03  0.67220064E-03  0.48782457E-03  0.30039775E-03
  0.21496211E-03  0.20686250E-03  0.61492695E-04  0.64457152E-04  0.10702635E-03
 -0.44874409E-04  0.11406651E-03  0.35738137E-04  0.19789113E-04 -0.11193475E-03
 -0.38097858E-04 -0.38824812E-04 -0.96796456E-04 -0.24756281E-03 -0.22754021E-03
 -0.24469394E-03 -0.18575046E-03 -0.13392512E-03 -0.12921437E-03
  0.00000000E+00  0.00000000E+00  0.00000000E+00  0.00000000E+00  0.00000000E+00
  0.00000000E+00  0.00000000E+00  0.00000000E+00  0.00000000E+00  0.00000000E+00
  0.00000000E+00  0.00000000E+00  0.00000000E+00  0.00000000E+00  0.00000000E+00
  0.00000000E+00  0.00000000E+00  0.00000000E+00  0.00000000E+00  0.00000000E+00
  0.00000000E+00  0.00000000E+00 -0.13257362E-04 -0.16414294E-05 -0.23812582E-04
 -0.31613201E-03 -0.46749459E-03 -0.15002558E-02 -0.30549494E-02 -0.52908961E-02
 -0.14254320E-01 -0.25949055E-01 -0.54355584E-01 -0.91548263E-01 -0.20256679E+00
 -0.40648945E+00 -0.83182524E+00 -0.19330272E+01 -0.40931625E+01 -0.10243823E+02
 -0.26046775E+02 -0.68609993E+02 -0.89000747E+02 -0.39463373E+02 -0.12461690E+02
 -0.52285077E+01 -0.25964209E+01 -0.18298397E+01 -0.14004656E+01 -0.11465165E+01
 -0.82187150E+00 -0.64854491E+00 -0.65677669E+00 -0.56957576E+00 -0.55699895E+00
 -0.44091063E+00 -0.29102830E+00 -0.25455512E+00 -0.22693311E+00 -0.21777356E+00
 -0.27945323E+00 -0.22303051E+00 -0.11826265E+00 -0.33402943E-01
  0.00000000E+00  0.00000000E+00  0.00000000E+00  0.00000000E+00  0.00000000E+00
  0.00000000E+00  0.00000000E+00  0.00000000E+00  0.00000000E+00  0.00000000E+00
  0.00000000E+00  0.00000000E+00  0.00000000E+00  0.00000000E+00  0.00000000E+00
  0.00000000E+00  0.00000000E+00  0.00000000E+00  0.00000000E+00  0.00000000E+00
  0.00000000E+00  0.00000000E+00 -0.32403291E-04  0.00000000E+00 -0.16627219E-04
 -0.23115258E-03 -0.24472917E-03 -0.95302176E-03 -0.15104140E-02 -0.38685308E-02
 -0.71931425E-02 -0.15617594E-01 -0.31437667E-01 -0.58087103E-01 -0.14002826E+00
 -0.27068885E+00 -0.56359530E+00 -0.12664916E+01 -0.29728271E+01 -0.70609074E+01
 -0.17579054E+02 -0.45667397E+02 -0.65260887E+02 -0.34719988E+02 -0.12202998E+02
 -0.46537689E+01 -0.30404228E+01 -0.20511026E+01 -0.14192010E+01 -0.11586415E+01
 -0.10832245E+01 -0.64027117E+00 -0.54125256E+00 -0.49424809E+00 -0.49053181E+00
 -0.32764879E+00 -0.34560584E+00 -0.34245120E+00 -0.26915207E+00 -0.64929811E-01
 -0.21254520E+00 -0.73366502E-01 -0.48165386E-01 -0.55013321E-02
  0.00000000E+00  0.00000000E+00  0.00000000E+00  0.00000000E+00  0.00000000E+00
  0.00000000E+00  0.00000000E+00  0.00000000E+00  0.00000000E+00  0.00000000E+00
  0.00000000E+00  0.00000000E+00  0.00000000E+00  0.00000000E+00  0.00000000E+00
  0.00000000E+00  0.00000000E+00  0.00000000E+00  0.00000000E+00  0.00000000E+00
  0.00000000E+00  0.00000000E+00 -0.26717108E-04 -0.41822792E-04 -0.36308599E-04
 -0.11364489E-03 -0.26128143E-03 -0.90406149E-03 -0.15677722E-02 -0.30873080E-02
 -0.61104655E-02 -0.14831274E-01 -0.30733199E-01 -0.56472371E-01 -0.12592262E+00
 -0.24510514E+00 -0.52893980E+00 -0.11408278E+01 -0.26933945E+01 -0.63563324E+01
 -0.15338336E+02 -0.39558735E+02 -0.60369797E+02 -0.33988790E+02 -0.13743278E+02
 -0.56138475E+01 -0.30073517E+01 -0.21361999E+01 -0.13327789E+01 -0.90318565E+00
 -0.96439680E+00 -0.74070477E+00 -0.57328719E+00 -0.46093585E+00 -0.47902975E+00
 -0.45919125E+00 -0.37811642E+00 -0.22585299E+00 -0.10709618E+00 -0.18692772E+00
 -0.18802848E+00 -0.93075414E-01 -0.93246404E-01 -0.19079730E-01
  0.00000000E+00  0.00000000E+00  0.00000000E+00  0.00000000E+00  0.00000000E+00
  0.00000000E+00  0.00000000E+00  0.00000000E+00  0.00000000E+00  0.00000000E+00
  0.00000000E+00  0.00000000E+00  0.00000000E+00  0.00000000E+00  0.00000000E+00
  0.00000000E+00  0.00000000E+00  0.00000000E+00  0.00000000E+00  0.00000000E+00
  0.00000000E+00  0.00000000E+00 -0.21750548E-04 -0.17731232E-04 -0.63454958E-04
 -0.10195789E-03 -0.23927494E-03 -0.75926856E-03 -0.14004945E-02 -0.29501815E-02
 -0.61082454E-02 -0.14030614E-01 -0.32086728E-01 -0.58376832E-01 -0.11779833E+00
 -0.24092443E+00 -0.50845722E+00 -0.10545670E+01 -0.24296388E+01 -0.58945492E+01
 -0.14449484E+02 -0.37116882E+02 -0.59074254E+02 -0.35658975E+02 -0.13639869E+02
 -0.53501680E+01 -0.30254949E+01 -0.18516223E+01 -0.11404290E+01 -0.10504618E+01
 -0.72663021E+00 -0.60116262E+00 -0.59662655E+00 -0.45399639E+00 -0.23824708E+00
 -0.47315137E+00 -0.33661243E+00 -0.38829256E+00 -0.17122999E+00 -0.14906090E+00
 -0.19426381E+00 -0.70026318E-01 -0.90539540E-01 -0.55489182E-01
  0.00000000E+00  0.00000000E+00  0.00000000E+00  0.00000000E+00  0.00000000E+00
  0.00000000E+00  0.00000000E+00  0.00000000E+00  0.00000000E+00  0.00000000E+00
  0.00000000E+00  0.00000000E+00  0.00000000E+00  0.00000000E+00  0.00000000E+00
  0.00000000E+00  0.00000000E+00  0.00000000E+00  0.00000000E+00  0.00000000E+00
  0.00000000E+00  0.00000000E+00  0.00000000E+00 -0.23129244E-04 -0.32653458E-04
 -0.12608016E-03 -0.28433066E-03 -0.66954785E-03 -0.13991324E-02 -0.27268185E-02
 -0.60724799E-02 -0.13377489E-01 -0.29831624E-01 -0.56891673E-01 -0.11932893E+00
 -0.23690513E+00 -0.46970150E+00 -0.10338932E+01 -0.23093465E+01 -0.53939928E+01
 -0.13536632E+02 -0.33893508E+02 -0.58376553E+02 -0.37432213E+02 -0.14403204E+02
 -0.61256256E+01 -0.30295890E+01 -0.19854400E+01 -0.16049826E+01 -0.10778198E+01
 -0.86161485E+00 -0.74117163E+00 -0.68837651E+00 -0.53976820E+00 -0.45432524E+00
 -0.36477992E+00 -0.18801465E+00 -0.39809888E+00 -0.20050710E+00 -0.25256133E+00
 -0.19733020E+00 -0.14851190E+00 -0.12598861E+00 -0.96944379E-02
  0.00000000E+00  0.00000000E+00  0.00000000E+00  0.00000000E+00  0.00000000E+00
  0.00000000E+00  0.00000000E+00  0.00000000E+00  0.00000000E+00  0.00000000E+00
  0.00000000E+00  0.00000000E+00  0.00000000E+00  0.00000000E+00  0.00000000E+00
  0.00000000E+00  0.00000000E+00  0.00000000E+00  0.00000000E+00  0.00000000E+00
  0.00000000E+00  0.00000000E+00  0.00000000E+00 -0.24162918E-04 -0.45322971E-04
 -0.15795936E-03 -0.32301654E-03 -0.70411663E-03 -0.13778604E-02 -0.30708612E-02
 -0.58182852E-02 -0.13080906E-01 -0.29152529E-01 -0.54065146E-01 -0.11749760E+00
 -0.22485679E+00 -0.48413829E+00 -0.98627352E+00 -0.21617261E+01 -0.51531765E+01
 -0.12531127E+02 -0.31699572E+02 -0.59624630E+02 -0.41726457E+02 -0.15549209E+02
 -0.69643352E+01 -0.33587914E+01 -0.23393811E+01 -0.16492306E+01 -0.98230322E+00
 -0.78091029E+00 -0.73423573E+00 -0.52077955E+00 -0.57278916E+00 -0.28974315E+00
 -0.29548179E+00 -0.32918130E+00 -0.25626245E+00 -0.25187619E+00 -0.89195234E-01
 -0.11893978E+00 -0.23399093E+00 -0.15228999E+00 -0.22595227E-01
  0.00000000E+00  0.00000000E+00  0.00000000E+00  0.00000000E+00  0.00000000E+00
  0.00000000E+00  0.00000000E+00  0.00000000E+00  0.00000000E+00  0.00000000E+00
  0.00000000E+00  0.00000000E+00  0.00000000E+00  0.00000000E+00  0.00000000E+00
  0.00000000E+00  0.00000000E+00  0.00000000E+00  0.00000000E+00  0.00000000E+00
  0.00000000E+00  0.00000000E+00  0.00000000E+00 -0.25605089E-04 -0.48978404E-04
 -0.17350079E-03 -0.28063588E-03 -0.63592010E-03 -0.14742385E-02 -0.27023418E-02
 -0.60495674E-02 -0.14000782E-01 -0.27901924E-01 -0.56259632E-01 -0.10788652E+00
 -0.21992442E+00 -0.46270360E+00 -0.89652408E+00 -0.20498897E+01 -0.48653429E+01
 -0.11723466E+02 -0.28804845E+02 -0.57567428E+02 -0.44144585E+02 -0.16994019E+02
 -0.69599095E+01 -0.35456873E+01 -0.21043376E+01 -0.15109835E+01 -0.10346392E+01
 -0.10081778E+01 -0.64865480E+00 -0.67146476E+00 -0.40023945E+00 -0.37263441E+00
 -0.33081128E+00 -0.23458371E+00 -0.25369619E+00 -0.27669891E+00 -0.18909336E+00
 -0.18291209E+00 -0.12678812E+00 -0.34465181E-01 -0.64720454E-02
  0.00000000E+00  0.00000000E+00  0.00000000E+00  0.00000000E+00  0.00000000E+00
  0.00000000E+00  0.00000000E+00  0.00000000E+00  0.00000000E+00  0.00000000E+00
  0.00000000E+00  0.00000000E+00  0.00000000E+00  0.00000000E+00  0.00000000E+00
  0.00000000E+00  0.00000000E+00  0.00000000E+00  0.00000000E+00  0.00000000E+00
  0.00000000E+00  0.00000000E+00  0.00000000E+00 -0.23125782E-04 -0.32473601E-04
 -0.11417021E-03 -0.27382008E-03 -0.58388229E-03 -0.16667022E-02 -0.26724572E-02
 -0.62462214E-02 -0.13074552E-01 -0.28791041E-01 -0.57478343E-01 -0.11209436E+00
 -0.21136970E+00 -0.43418778E+00 -0.90656980E+00 -0.20433346E+01 -0.47075113E+01
 -0.10803343E+02 -0.26020699E+02 -0.54909148E+02 -0.45557649E+02 -0.19104004E+02
 -0.78476307E+01 -0.35426274E+01 -0.22357966E+01 -0.15937951E+01 -0.10423995E+01
 -0.75166410E+00 -0.72695742E+00 -0.63600035E+00 -0.53953649E+00 -0.48531686E+00
 -0.31655146E+00 -0.36535206E+00 -0.21998321E+00 -0.22815011E+00 -0.24186816E+00
 -0.16542888E+00 -0.10491841E+00 -0.72794592E-01 -0.29497008E-01
  0.00000000E+00  0.00000000E+00  0.00000000E+00  0.00000000E+00  0.00000000E+00
  0.00000000E+00  0.00000000E+00  0.00000000E+00  0.00000000E+00  0.00000000E+00
  0.00000000E+00  0.00000000E+00  0.00000000E+00  0.00000000E+00  0.00000000E+00
  0.00000000E+00  0.00000000E+00  0.00000000E+00  0.00000000E+00  0.00000000E+00
  0.00000000E+00  0.00000000E+00  0.00000000E+00 -0.23493508E-04 -0.15504845E-04
 -0.78427383E-04 -0.16492167E-03 -0.60450168E-03 -0.13997022E-02 -0.28059511E-02
 -0.61873499E-02 -0.12844827E-01 -0.29601829E-01 -0.58859099E-01 -0.11378611E+00
 -0.22200286E+00 -0.44870083E+00 -0.91939470E+00 -0.19138759E+01 -0.44731873E+01
 -0.10077287E+02 -0.24091540E+02 -0.52405801E+02 -0.48632158E+02 -0.20711204E+02
 -0.81232340E+01 -0.38824809E+01 -0.21216072E+01 -0.16535735E+01 -0.11791775E+01
 -0.71065052E+00 -0.57454090E+00 -0.55127634E+00 -0.35797449E+00 -0.24748013E+00
 -0.30539430E+00 -0.25544697E+00 -0.34567109E+00 -0.19197232E+00 -0.22845014E+00
 -0.12811761E+00 -0.12657588E+00 -0.86517595E-01 -0.70878459E-02
  0.00000000E+00  0.00000000E+00  0.00000000E+00  0.00000000E+00  0.00000000E+00
  0.00000000E+00  0.00000000E+00  0.00000000E+00  0.00000000E+00  0.00000000E+00
  0.00000000E+00  0.00000000E+00  0.00000000E+00  0.00000000E+00  0.00000000E+00
  0.00000000E+00  0.00000000E+00  0.00000000E+00  0.00000000E+00  0.00000000E+00
  0.00000000E+00  0.00000000E+00  0.00000000E+00 -0.24223447E-04 -0.11104864E-04
 -0.73082082E-04 -0.15135119E-03 -0.56616084E-03 -0.15143850E-02 -0.34229592E-02
 -0.64259361E-02 -0.13765785E-01 -0.31468652E-01 -0.62696506E-01 -0.10758318E+00
 -0.21886620E+00 -0.42973615E+00 -0.89032098E+00 -0.18739274E+01 -0.40056337E+01
 -0.94279451E+01 -0.22845207E+02 -0.51192657E+02 -0.50896389E+02 -0.21723973E+02
 -0.82999484E+01 -0.35005094E+01 -0.22376444E+01 -0.13346841E+01 -0.11272774E+01
 -0.87226528E+00 -0.70726121E+00 -0.60697195E+00 -0.43262029E+00 -0.35575146E+00
 -0.43997935E+00 -0.27599609E+00 -0.22073100E+00 -0.17156358E+00 -0.13261423E+00
 -0.15987413E+00 -0.97632641E-01 -0.45264819E-01 -0.39730316E-01
  0.00000000E+00  0.00000000E+00  0.00000000E+00  0.00000000E+00  0.00000000E+00
  0.00000000E+00  0.00000000E+00  0.00000000E+00  0.00000000E+00  0.00000000E+00
  0.00000000E+00  0.00000000E+00  0.00000000E+00  0.00000000E+00  0.00000000E+00
  0.00000000E+00  0.00000000E+00  0.00000000E+00  0.00000000E+00  0.00000000E+00
  0.00000000E+00 -0.15820037E-05  0.00000000E+00 -0.19643878E-04 -0.89937198E-05
 -0.81985920E-04 -0.16130959E-03 -0.53362234E-03 -0.12827390E-02 -0.22477834E-02
 -0.60634289E-02 -0.11154406E-01 -0.23959898E-01 -0.51457008E-01 -0.86533901E-01
 -0.17724649E+00 -0.33931299E+00 -0.69250076E+00 -0.14115075E+01 -0.30929791E+01
 -0.71384421E+01 -0.17354948E+02 -0.39325900E+02 -0.40648455E+02 -0.17820224E+02
 -0.68759058E+01 -0.28874077E+01 -0.16822970E+01 -0.11521582E+01 -0.73222924E+00
 -0.61875252E+00 -0.57808665E+00 -0.44675876E+00 -0.35858818E+00 -0.30767179E+00
 -0.22810429E+00 -0.15746505E+00 -0.19294385E+00 -0.12982949E+00 -0.95477091E-01
 -0.10409906E+00 -0.50208411E-01 -0.51483357E-01 -0.16201062E-01
  0.00000000E+00  0.00000000E+00  0.00000000E+00  0.00000000E+00  0.00000000E+00
  0.00000000E+00  0.00000000E+00  0.00000000E+00  0.00000000E+00  0.00000000E+00
  0.00000000E+00  0.00000000E+00  0.00000000E+00  0.00000000E+00  0.00000000E+00
  0.00000000E+00  0.00000000E+00  0.00000000E+00  0.00000000E+00  0.00000000E+00
  0.00000000E+00 -0.12565889E-04  0.00000000E+00 -0.12304433E-04 -0.20951542E-04
 -0.11924353E-03 -0.11933490E-03 -0.49251775E-03 -0.14217714E-02 -0.24253067E-02
 -0.79525551E-02 -0.13499223E-01 -0.28556340E-01 -0.57772653E-01 -0.10516854E+00
 -0.20342752E+00 -0.39763530E+00 -0.79190709E+00 -0.15660952E+01 -0.33902098E+01
 -0.76424520E+01 -0.18624137E+02 -0.43980960E+02 -0.44978958E+02 -0.20906430E+02
 -0.78448986E+01 -0.34980948E+01 -0.20792387E+01 -0.13381295E+01 -0.92664030E+00
 -0.66833683E+00 -0.43556476E+00 -0.46845718E+00 -0.39730333E+00 -0.25298758E+00
 -0.29347915E+00 -0.25702488E+00 -0.22828232E+00 -0.13099288E+00 -0.14329526E+00
 -0.84434593E-01 -0.55638311E-01 -0.45748062E-01 -0.39795297E-01
  0.00000000E+00  0.00000000E+00  0.00000000E+00  0.00000000E+00  0.00000000E+00
  0.00000000E+00  0.00000000E+00  0.00000000E+00  0.00000000E+00  0.00000000E+00
  0.00000000E+00  0.00000000E+00  0.00000000E+00  0.00000000E+00  0.00000000E+00
  0.00000000E+00  0.00000000E+00  0.00000000E+00  0.00000000E+00  0.00000000E+00
  0.00000000E+00 -0.14333427E-04  0.00000000E+00 -0.83376856E-05 -0.30210304E-04
 -0.12579452E-03 -0.13416260E-03 -0.55092195E-03 -0.16071883E-02 -0.31755659E-02
 -0.87046815E-02 -0.14602767E-01 -0.34321303E-01 -0.65454649E-01 -0.12100265E+00
 -0.24160486E+00 -0.45578987E+00 -0.91986411E+00 -0.17853842E+01 -0.38274780E+01
 -0.85701189E+01 -0.20896392E+02 -0.47682587E+02 -0.50400023E+02 -0.24409715E+02
 -0.87763535E+01 -0.34353725E+01 -0.22145929E+01 -0.13016779E+01 -0.92729528E+00
 -0.62916326E+00 -0.52201380E+00 -0.53774681E+00 -0.43425146E+00 -0.43116908E+00
 -0.28503275E+00 -0.24583996E+00 -0.21491907E+00 -0.12412500E+00 -0.12219950E+00
 -0.10718202E+00 -0.10291524E+00 -0.51449878E-01 -0.10349561E-01
  0.00000000E+00  0.00000000E+00  0.00000000E+00  0.00000000E+00  0.00000000E+00
  0.00000000E+00  0.00000000E+00  0.00000000E+00  0.00000000E+00  0.00000000E+00
  0.00000000E+00  0.00000000E+00  0.00000000E+00  0.00000000E+00  0.00000000E+00
  0.00000000E+00  0.00000000E+00  0.00000000E+00  0.00000000E+00  0.00000000E+00
  0.00000000E+00 -0.84612283E-05 -0.79845338E-05 -0.84048110E-05 -0.20889416E-04
 -0.30478890E-03 -0.20543194E-03 -0.72901092E-03 -0.18484366E-02 -0.34449362E-02
 -0.94344701E-02 -0.17905052E-01 -0.37869282E-01 -0.78735019E-01 -0.14508212E+00
 -0.27680040E+00 -0.53400080E+00 -0.10719597E+01 -0.21236023E+01 -0.44044083E+01
 -0.96839713E+01 -0.23209333E+02 -0.53801856E+02 -0.57231555E+02 -0.25633401E+02
 -0.10045023E+02 -0.42630079E+01 -0.25782274E+01 -0.16049214E+01 -0.11468373E+01
 -0.10667595E+01 -0.62277203E+00 -0.62652579E+00 -0.46443033E+00 -0.41783707E+00
 -0.25023591E+00 -0.28586575E+00 -0.28795378E+00 -0.14395126E+00 -0.12292639E+00
 -0.18073219E+00 -0.73268067E-01 -0.46967961E-01 -0.29691989E-01
  0.00000000E+00  0.00000000E+00  0.00000000E+00  0.00000000E+00  0.00000000E+00
  0.00000000E+00  0.00000000E+00  0.00000000E+00  0.00000000E+00  0.00000000E+00
  0.00000000E+00  0.00000000E+00  0.00000000E+00  0.00000000E+00  0.00000000E+00
  0.00000000E+00  0.00000000E+00  0.00000000E+00  0.00000000E+00  0.00000000E+00
  0.00000000E+00 -0.36292311E-05 -0.76468390E-05 -0.83618262E-05 -0.95708329E-04
 -0.19268368E-03 -0.22310998E-03 -0.86045552E-03 -0.20516454E-02 -0.44197598E-02
 -0.97668159E-02 -0.21685314E-01 -0.42662373E-01 -0.89086521E-01 -0.17219612E+00
 -0.33517187E+00 -0.63981178E+00 -0.12633708E+01 -0.25188209E+01 -0.50430246E+01
 -0.11569361E+02 -0.27055350E+02 -0.61314439E+02 -0.59694255E+02 -0.27203667E+02
 -0.11102284E+02 -0.49395317E+01 -0.25562749E+01 -0.19661032E+01 -0.11817197E+01
 -0.10125352E+01 -0.79733024E+00 -0.53680812E+00 -0.50749641E+00 -0.48492102E+00
 -0.27518776E+00 -0.31604729E+00 -0.28887673E+00 -0.28839214E+00 -0.15730653E+00
 -0.18571004E+00 -0.62309234E-01 -0.15099778E+00 -0.30705094E-01
  0.00000000E+00  0.00000000E+00  0.00000000E+00  0.00000000E+00  0.00000000E+00
  0.00000000E+00  0.00000000E+00  0.00000000E+00  0.00000000E+00  0.00000000E+00
  0.00000000E+00  0.00000000E+00  0.00000000E+00  0.00000000E+00  0.00000000E+00
  0.00000000E+00  0.00000000E+00  0.00000000E+00  0.00000000E+00  0.00000000E+00
  0.00000000E+00 -0.37658579E-05 -0.89772744E-05 -0.82265065E-05 -0.11377481E-03
 -0.18493243E-03 -0.31220525E-03 -0.99581574E-03 -0.21526474E-02 -0.48813534E-02
 -0.11862003E-01 -0.26633080E-01 -0.53212588E-01 -0.10547414E+00 -0.20904802E+00
 -0.41190349E+00 -0.76929552E+00 -0.15000785E+01 -0.30123906E+01 -0.60498428E+01
 -0.13426032E+02 -0.32131530E+02 -0.70123055E+02 -0.65408403E+02 -0.29003049E+02
 -0.11501955E+02 -0.52405814E+01 -0.29509729E+01 -0.18044457E+01 -0.11720815E+01
 -0.10923186E+01 -0.69057734E+00 -0.73647898E+00 -0.47172805E+00 -0.42123176E+00
 -0.48774053E+00 -0.41789146E+00 -0.34537647E+00 -0.25504265E+00 -0.11644099E+00
 -0.17582770E+00 -0.15545337E+00 -0.71096449E-01 -0.54965932E-01
  0.00000000E+00  0.00000000E+00  0.00000000E+00  0.00000000E+00  0.00000000E+00
  0.00000000E+00  0.00000000E+00  0.00000000E+00  0.00000000E+00  0.00000000E+00
  0.00000000E+00  0.00000000E+00  0.00000000E+00  0.00000000E+00  0.00000000E+00
  0.00000000E+00  0.00000000E+00  0.00000000E+00  0.00000000E+00  0.00000000E+00
  0.00000000E+00 -0.27142010E-04 -0.10573318E-04  0.00000000E+00 -0.99386874E-04
 -0.23417983E-03 -0.34816233E-03 -0.12008599E-02 -0.28603922E-02 -0.59226607E-02
 -0.13156165E-01 -0.32261187E-01 -0.66724197E-01 -0.13083379E+00 -0.25606461E+00
 -0.48534665E+00 -0.92624134E+00 -0.17968474E+01 -0.36274223E+01 -0.74078174E+01
 -0.16031167E+02 -0.38700963E+02 -0.78519135E+02 -0.68961975E+02 -0.29516933E+02
 -0.11555757E+02 -0.55399942E+01 -0.34068922E+01 -0.22765908E+01 -0.13563278E+01
 -0.90261579E+00 -0.80645542E+00 -0.66036790E+00 -0.62560165E+00 -0.42291446E+00
 -0.31236524E+00 -0.31832137E+00 -0.30466248E+00 -0.34308855E+00 -0.25145572E+00
 -0.25716098E+00 -0.98987316E-01 -0.67554759E-01 -0.18982093E-01
  0.00000000E+00  0.00000000E+00  0.00000000E+00  0.00000000E+00  0.00000000E+00
  0.00000000E+00  0.00000000E+00  0.00000000E+00  0.00000000E+00  0.00000000E+00
  0.00000000E+00  0.00000000E+00  0.00000000E+00  0.00000000E+00  0.00000000E+00
  0.00000000E+00  0.00000000E+00  0.00000000E+00  0.00000000E+00  0.00000000E+00
  0.00000000E+00 -0.37016286E-04 -0.12502099E-04  0.00000000E+00 -0.10508411E-03
 -0.22484455E-03 -0.54483437E-03 -0.13281794E-02 -0.34940247E-02 -0.70252547E-02
 -0.17242553E-01 -0.39354810E-01 -0.83250841E-01 -0.15689211E+00 -0.31533305E+00
 -0.60054188E+00 -0.11626040E+01 -0.22940773E+01 -0.45226354E+01 -0.95065807E+01
 -0.20649863E+02 -0.48491115E+02 -0.87867991E+02 -0.64559757E+02 -0.27570364E+02
 -0.11171776E+02 -0.53642044E+01 -0.30643844E+01 -0.24613570E+01 -0.14780218E+01
 -0.11945214E+01 -0.97909082E+00 -0.78159650E+00 -0.59873528E+00 -0.49631173E+00
 -0.38030365E+00 -0.42244023E+00 -0.28016947E+00 -0.29822602E+00 -0.33224067E+00
 -0.25223182E+00 -0.15251464E+00 -0.89468776E-01 -0.32786575E-01
  0.00000000E+00  0.00000000E+00  0.00000000E+00  0.00000000E+00  0.00000000E+00
  0.00000000E+00  0.00000000E+00  0.00000000E+00  0.00000000E+00  0.00000000E+00
  0.00000000E+00  0.00000000E+00  0.00000000E+00  0.00000000E+00  0.00000000E+00
  0.00000000E+00  0.00000000E+00  0.00000000E+00  0.00000000E+00  0.00000000E+00
  0.00000000E+00 -0.16561017E-04 -0.32962568E-04  0.00000000E+00 -0.95923970E-04
 -0.22783452E-03 -0.76555804E-03 -0.14360785E-02 -0.43392747E-02 -0.78057225E-02
 -0.20862837E-01 -0.44042664E-01 -0.96802693E-01 -0.19464588E+00 -0.38857297E+00
 -0.73764016E+00 -0.14925238E+01 -0.29916386E+01 -0.58443499E+01 -0.12225982E+02
 -0.27193153E+02 -0.61164591E+02 -0.93088973E+02 -0.59750526E+02 -0.24833410E+02
 -0.10730270E+02 -0.52427163E+01 -0.30795200E+01 -0.20796745E+01 -0.15826693E+01
 -0.14480263E+01 -0.10707836E+01 -0.91196498E+00 -0.68199071E+00 -0.67806834E+00
 -0.61875242E+00 -0.39382037E+00 -0.39057083E+00 -0.36234520E+00 -0.25371135E+00
 -0.20929245E+00 -0.17672154E+00 -0.16860724E+00 -0.10214098E-01
  0.00000000E+00  0.00000000E+00  0.00000000E+00  0.00000000E+00  0.00000000E+00
  0.00000000E+00  0.00000000E+00  0.00000000E+00  0.00000000E+00  0.00000000E+00
  0.00000000E+00  0.00000000E+00  0.00000000E+00  0.00000000E+00  0.00000000E+00
  0.00000000E+00  0.00000000E+00  0.00000000E+00  0.00000000E+00  0.00000000E+00
  0.00000000E+00 -0.41935066E-05 -0.53820996E-04  0.00000000E+00 -0.12749705E-03
 -0.17743744E-03 -0.79672658E-03 -0.18830300E-02 -0.51592176E-02 -0.93277307E-02
 -0.23999034E-01 -0.58557869E-01 -0.12304728E+00 -0.24912747E+00 -0.47979336E+00
 -0.92318019E+00 -0.18980614E+01 -0.37262022E+01 -0.77707280E+01 -0.16025099E+02
 -0.36113529E+02 -0.77049851E+02 -0.93203474E+02 -0.50747743E+02 -0.20514114E+02
 -0.93425966E+01 -0.50821566E+01 -0.33330296E+01 -0.24332349E+01 -0.17886408E+01
 -0.10785430E+01 -0.87837012E+00 -0.80808034E+00 -0.63668979E+00 -0.64383691E+00
 -0.50913825E+00 -0.54431871E+00 -0.37017352E+00 -0.29402551E+00 -0.27218612E+00
 -0.19516893E+00 -0.18230412E+00 -0.12759212E+00 -0.79392706E-01
  0.00000000E+00  0.00000000E+00  0.00000000E+00  0.00000000E+00  0.00000000E+00
  0.00000000E+00  0.00000000E+00  0.00000000E+00  0.00000000E+00  0.00000000E+00
  0.00000000E+00  0.00000000E+00  0.00000000E+00  0.00000000E+00  0.00000000E+00
  0.00000000E+00  0.00000000E+00  0.00000000E+00  0.00000000E+00  0.00000000E+00
  0.00000000E+00 -0.42550709E-05 -0.58567242E-04 -0.24134148E-04 -0.87922561E-04
 -0.23300501E-03 -0.66730366E-03 -0.21004446E-02 -0.56843464E-02 -0.11293816E-01
 -0.25192169E-01 -0.75472146E-01 -0.14445181E+00 -0.29499814E+00 -0.60959444E+00
 -0.12220764E+01 -0.24536853E+01 -0.49385562E+01 -0.10342352E+02 -0.22047745E+02
 -0.49511294E+02 -0.92923961E+02 -0.87132000E+02 -0.41614377E+02 -0.18109170E+02
 -0.81103537E+01 -0.46007076E+01 -0.31570345E+01 -0.23063698E+01 -0.18470782E+01
 -0.12847886E+01 -0.11137456E+01 -0.10993819E+01 -0.73112195E+00 -0.69182552E+00
 -0.54915546E+00 -0.44670499E+00 -0.46094975E+00 -0.36459418E+00 -0.17667821E+00
 -0.15195303E+00 -0.23047220E+00 -0.76344461E-01 -0.41310830E-01
  0.00000000E+00  0.00000000E+00  0.00000000E+00  0.00000000E+00  0.00000000E+00
  0.00000000E+00  0.00000000E+00  0.00000000E+00  0.00000000E+00  0.00000000E+00
  0.00000000E+00  0.00000000E+00  0.00000000E+00  0.00000000E+00  0.00000000E+00
  0.00000000E+00  0.00000000E+00  0.00000000E+00  0.00000000E+00 -0.91135091E-05
  0.00000000E+00 -0.43030148E-05 -0.82038630E-04 -0.84747954E-04 -0.48602605E-04
 -0.38788897E-03 -0.87456506E-03 -0.21936958E-02 -0.73678528E-02 -0.14576340E-01
 -0.32744364E-01 -0.87883980E-01 -0.19502966E+00 -0.38321689E+00 -0.78455148E+00
 -0.15795180E+01 -0.32813374E+01 -0.66284539E+01 -0.13956667E+02 -0.29962364E+02
 -0.66531970E+02 -0.10032607E+03 -0.71188731E+02 -0.31332280E+02 -0.13771029E+02
 -0.68186385E+01 -0.41257365E+01 -0.28163476E+01 -0.20129411E+01 -0.17339532E+01
 -0.12330326E+01 -0.95363166E+00 -0.89420320E+00 -0.79457685E+00 -0.62872081E+00
 -0.53150570E+00 -0.58621966E+00 -0.41002674E+00 -0.24929430E+00 -0.19069189E+00
 -0.16263223E+00 -0.15567456E+00 -0.81835841E-01 -0.10578003E-01
  0.00000000E+00  0.00000000E+00  0.00000000E+00  0.00000000E+00  0.00000000E+00
  0.00000000E+00  0.00000000E+00  0.00000000E+00  0.00000000E+00  0.00000000E+00
  0.00000000E+00  0.00000000E+00  0.00000000E+00  0.00000000E+00  0.00000000E+00
  0.00000000E+00  0.00000000E+00  0.00000000E+00  0.00000000E+00 -0.10827701E-04
  0.00000000E+00 -0.43359751E-05 -0.86051733E-04 -0.46131384E-04 -0.45198539E-04
 -0.49044996E-03 -0.11878509E-02 -0.24055949E-02 -0.78087446E-02 -0.18868606E-01
 -0.40853163E-01 -0.10799214E+00 -0.25051564E+00 -0.47949319E+00 -0.10037513E+01
 -0.20792850E+01 -0.43949182E+01 -0.93315908E+01 -0.19505291E+02 -0.42740942E+02
 -0.88878962E+02 -0.99401118E+02 -0.55299856E+02 -0.23619680E+02 -0.10660090E+02
 -0.62246504E+01 -0.36427413E+01 -0.24267974E+01 -0.18975840E+01 -0.14389005E+01
 -0.12214940E+01 -0.10391492E+01 -0.10422899E+01 -0.69902523E+00 -0.69332389E+00
 -0.55000246E+00 -0.51212420E+00 -0.30321715E+00 -0.27727814E+00 -0.28286903E+00
 -0.16491066E+00 -0.19619443E+00 -0.44020358E-01 -0.32642320E-01
  0.00000000E+00  0.00000000E+00  0.00000000E+00  0.00000000E+00  0.00000000E+00
  0.00000000E+00  0.00000000E+00  0.00000000E+00  0.00000000E+00  0.00000000E+00
  0.00000000E+00  0.00000000E+00  0.00000000E+00  0.00000000E+00  0.00000000E+00
  0.00000000E+00  0.00000000E+00  0.00000000E+00  0.00000000E+00 -0.71184706E-05
  0.00000000E+00 -0.43527878E-05 -0.72309762E-04 -0.10004588E-03 -0.63696118E-04
 -0.25691510E-03 -0.13517442E-02 -0.36007322E-02 -0.98949684E-02 -0.21986678E-01
 -0.59656193E-01 -0.11737596E+00 -0.30761024E+00 -0.62805889E+00 -0.13595441E+01
 -0.28178527E+01 -0.59449347E+01 -0.12603117E+02 -0.26970025E+02 -0.59010583E+02
 -0.10695538E+03 -0.85564528E+02 -0.41513966E+02 -0.17146782E+02 -0.85409927E+01
 -0.52084849E+01 -0.34187800E+01 -0.24873023E+01 -0.18531313E+01 -0.15445323E+01
 -0.12100846E+01 -0.93509215E+00 -0.92758941E+00 -0.71215053E+00 -0.58127364E+00
 -0.52788898E+00 -0.51211576E+00 -0.34609074E+00 -0.32554524E+00 -0.20555834E+00
 -0.25554123E+00 -0.17667425E+00 -0.14460400E+00 -0.13936242E-01
  0.00000000E+00  0.00000000E+00  0.00000000E+00  0.00000000E+00  0.00000000E+00
  0.00000000E+00  0.00000000E+00  0.00000000E+00  0.00000000E+00  0.00000000E+00
  0.00000000E+00  0.00000000E+00  0.00000000E+00  0.00000000E+00  0.00000000E+00
  0.00000000E+00  0.00000000E+00  0.00000000E+00  0.00000000E+00 -0.76500927E-05
  0.00000000E+00 -0.87060356E-05  0.00000000E+00 -0.11465473E-03 -0.20900745E-03
 -0.43001972E-03 -0.14953917E-02 -0.39390829E-02 -0.10769026E-01 -0.28524079E-01
 -0.69331669E-01 -0.14831491E+00 -0.36096280E+00 -0.80157876E+00 -0.17236919E+01
 -0.38453153E+01 -0.81375507E+01 -0.17615774E+02 -0.38954902E+02 -0.83531361E+02
 -0.10957308E+03 -0.69068261E+02 -0.28755213E+02 -0.12329688E+02 -0.73987866E+01
 -0.39039711E+01 -0.30529787E+01 -0.21934808E+01 -0.17310662E+01 -0.15011085E+01
 -0.90970215E+00 -0.11043140E+01 -0.79315350E+00 -0.73208613E+00 -0.42607678E+00
 -0.36497242E+00 -0.43851483E+00 -0.31474900E+00 -0.25417490E+00 -0.32195365E+00
 -0.99374435E-01 -0.20272292E+00 -0.12583224E+00 -0.32939204E-01
  0.00000000E+00  0.00000000E+00  0.00000000E+00  0.00000000E+00  0.00000000E+00
  0.00000000E+00  0.00000000E+00  0.00000000E+00  0.00000000E+00  0.00000000E+00
  0.00000000E+00  0.00000000E+00  0.00000000E+00  0.00000000E+00  0.00000000E+00
  0.00000000E+00  0.00000000E+00  0.00000000E+00  0.00000000E+00 -0.86613472E-05
  0.00000000E+00 -0.86691768E-05  0.00000000E+00 -0.25220864E-04 -0.23303804E-03
 -0.63104990E-03 -0.15496112E-02 -0.57776644E-02 -0.12324599E-01 -0.32445408E-01
 -0.76055052E-01 -0.17872499E+00 -0.43091429E+00 -0.10431998E+01 -0.22297018E+01
 -0.50559367E+01 -0.11186877E+02 -0.24265864E+02 -0.55422168E+02 -0.10444596E+03
 -0.10094025E+03 -0.49943413E+02 -0.20188865E+02 -0.95148415E+01 -0.53774404E+01
 -0.35546027E+01 -0.26058864E+01 -0.19132884E+01 -0.15203061E+01 -0.12166597E+01
 -0.98490295E+00 -0.98591937E+00 -0.60678992E+00 -0.58543286E+00 -0.55822554E+00
 -0.36778660E+00 -0.35540767E+00 -0.29120544E+00 -0.30187196E+00 -0.25745071E+00
 -0.16866244E+00 -0.11141119E+00 -0.10284679E+00 -0.75396440E-02
  0.00000000E+00  0.00000000E+00  0.00000000E+00  0.00000000E+00  0.00000000E+00
  0.00000000E+00  0.00000000E+00  0.00000000E+00  0.00000000E+00  0.00000000E+00
  0.00000000E+00  0.00000000E+00  0.00000000E+00  0.00000000E+00  0.00000000E+00
  0.00000000E+00  0.00000000E+00  0.00000000E+00  0.00000000E+00 -0.98284973E-05
  0.00000000E+00 -0.85648665E-05  0.00000000E+00 -0.28022823E-04 -0.26701142E-03
 -0.66024128E-03 -0.23312869E-02 -0.71541860E-02 -0.17839628E-01 -0.41523327E-01
 -0.10197952E+00 -0.23187150E+00 -0.54323955E+00 -0.12614108E+01 -0.28980233E+01
 -0.63808039E+01 -0.14877324E+02 -0.34024054E+02 -0.75224059E+02 -0.12064085E+03
 -0.83785198E+02 -0.34520997E+02 -0.14802404E+02 -0.70615890E+01 -0.46353762E+01
 -0.32784946E+01 -0.26751389E+01 -0.14631881E+01 -0.17174566E+01 -0.11847112E+01
 -0.10678813E+01 -0.82717174E+00 -0.63601309E+00 -0.56417888E+00 -0.57352188E+00
 -0.29098434E+00 -0.32455401E+00 -0.36823055E+00 -0.27665968E+00 -0.24471362E+00
 -0.21661296E+00 -0.17623568E+00 -0.38545774E-01 -0.29470964E-01
  0.00000000E+00  0.00000000E+00  0.00000000E+00  0.00000000E+00  0.00000000E+00
  0.00000000E+00  0.00000000E+00  0.00000000E+00  0.00000000E+00  0.00000000E+00
  0.00000000E+00  0.00000000E+00  0.00000000E+00  0.00000000E+00  0.00000000E+00
  0.00000000E+00  0.00000000E+00  0.00000000E+00  0.00000000E+00 -0.11167923E-04
 -0.52006598E-05 -0.32251427E-05  0.00000000E+00 -0.33304728E-04 -0.20233598E-03
 -0.10109693E-02 -0.30927175E-02 -0.53794136E-02 -0.16967778E-01 -0.47031744E-01
 -0.11776265E+00 -0.28640093E+00 -0.66011625E+00 -0.15935393E+01 -0.36590473E+01
 -0.84445363E+01 -0.19708952E+02 -0.45171961E+02 -0.98228092E+02 -0.12225772E+03
 -0.64312199E+02 -0.24520862E+02 -0.10769946E+02 -0.57462956E+01 -0.36718017E+01
 -0.26898351E+01 -0.21168840E+01 -0.16540131E+01 -0.11747111E+01 -0.92184611E+00
 -0.90795643E+00 -0.70293434E+00 -0.55917595E+00 -0.43440613E+00 -0.54577208E+00
 -0.31368518E+00 -0.35845583E+00 -0.34651444E+00 -0.28262890E+00 -0.20270028E+00
 -0.13976911E+00 -0.98879729E-01 -0.46979119E-01 -0.40598196E-01
  0.00000000E+00  0.00000000E+00  0.00000000E+00  0.00000000E+00  0.00000000E+00
  0.00000000E+00  0.00000000E+00  0.00000000E+00  0.00000000E+00  0.00000000E+00
  0.00000000E+00  0.00000000E+00  0.00000000E+00  0.00000000E+00  0.00000000E+00
  0.00000000E+00  0.00000000E+00  0.00000000E+00  0.00000000E+00 -0.99338375E-05
 -0.11112143E-04  0.00000000E+00 -0.51645665E-04 -0.74288455E-04 -0.13871573E-03
 -0.85157350E-03 -0.31919513E-02 -0.83501630E-02 -0.23233811E-01 -0.53647325E-01
 -0.14287249E+00 -0.34698460E+00 -0.81165365E+00 -0.19669695E+01 -0.45618773E+01
 -0.10632136E+02 -0.25257217E+02 -0.59326217E+02 -0.11926533E+03 -0.10969442E+03
 -0.48147663E+02 -0.18373110E+02 -0.84713170E+01 -0.50246872E+01 -0.34563865E+01
 -0.23015503E+01 -0.18569109E+01 -0.14998546E+01 -0.11991712E+01 -0.10399511E+01
 -0.87770518E+00 -0.51708294E+00 -0.59347274E+00 -0.49992162E+00 -0.40913816E+00
 -0.45959452E+00 -0.30078991E+00 -0.25711786E+00 -0.22029705E+00 -0.13231114E+00
 -0.16145124E+00 -0.81016710E-01 -0.32529625E-01 -0.36647750E-01
  0.00000000E+00  0.00000000E+00  0.00000000E+00  0.00000000E+00  0.00000000E+00
  0.00000000E+00  0.00000000E+00  0.00000000E+00  0.00000000E+00  0.00000000E+00
  0.00000000E+00  0.00000000E+00  0.00000000E+00  0.00000000E+00  0.00000000E+00
  0.00000000E+00  0.00000000E+00  0.00000000E+00  0.00000000E+00  0.00000000E+00
 -0.22917353E-04  0.00000000E+00 -0.57361036E-04 -0.11785516E-03 -0.15194715E-03
 -0.17871889E-02 -0.51759757E-02 -0.90775905E-02 -0.23154229E-01 -0.73173406E-01
 -0.18275596E+00 -0.43090774E+00 -0.10074033E+01 -0.23935637E+01 -0.55522450E+01
 -0.13403437E+02 -0.32138251E+02 -0.75880027E+02 -0.13241732E+03 -0.94794400E+02
 -0.36554898E+02 -0.14200175E+02 -0.68295505E+01 -0.45095110E+01 -0.29825774E+01
 -0.21618990E+01 -0.15771512E+01 -0.14884807E+01 -0.11465647E+01 -0.85869925E+00
 -0.82791027E+00 -0.58944266E+00 -0.59713264E+00 -0.46157968E+00 -0.43011014E+00
 -0.26598430E+00 -0.21226230E+00 -0.21540692E+00 -0.25590454E+00 -0.16533507E+00
 -0.14504636E+00 -0.68205388E-01 -0.38911907E-01 -0.26742624E-01
  0.00000000E+00  0.00000000E+00  0.00000000E+00  0.00000000E+00  0.00000000E+00
  0.00000000E+00  0.00000000E+00  0.00000000E+00  0.00000000E+00  0.00000000E+00
  0.00000000E+00  0.00000000E+00  0.00000000E+00  0.00000000E+00  0.00000000E+00
  0.00000000E+00  0.00000000E+00  0.00000000E+00  0.00000000E+00 -0.32151834E-04
 -0.78623208E-04 -0.70097434E-04 -0.24852655E-03 -0.17331083E-03 -0.13186596E-03
 -0.10638677E-02 -0.36221758E-02 -0.11676814E-01 -0.28584152E-01 -0.74122190E-01
 -0.19562768E+00 -0.51570041E+00 -0.11553383E+01 -0.27910526E+01 -0.66477036E+01
 -0.16320677E+02 -0.39613785E+02 -0.92350028E+02 -0.14425194E+03 -0.86759220E+02
 -0.32013926E+02 -0.12133704E+02 -0.62603879E+01 -0.39393327E+01 -0.26186203E+01
 -0.20404110E+01 -0.15604006E+01 -0.13738571E+01 -0.12988604E+01 -0.95482232E+00
 -0.84133512E+00 -0.70626244E+00 -0.48993609E+00 -0.47687722E+00 -0.48076967E+00
 -0.58617180E+00 -0.40251186E+00 -0.23742618E+00 -0.28202134E+00 -0.19155513E+00
 -0.17940247E+00 -0.14788916E+00 -0.56276361E-01 -0.26470146E-01
  0.00000000E+00  0.00000000E+00  0.00000000E+00  0.00000000E+00  0.00000000E+00
  0.00000000E+00  0.00000000E+00  0.00000000E+00  0.00000000E+00  0.00000000E+00
  0.00000000E+00  0.00000000E+00  0.00000000E+00  0.00000000E+00  0.00000000E+00
  0.00000000E+00  0.00000000E+00  0.00000000E+00  0.00000000E+00  0.00000000E+00
 -0.18347016E-04 -0.42262611E-05 -0.35667876E-04 -0.12495341E-03 -0.27660322E-03
 -0.13452377E-02 -0.53133576E-02 -0.11789389E-01 -0.36979590E-01 -0.10220258E+00
 -0.26038432E+00 -0.65063135E+00 -0.15281957E+01 -0.35708108E+01 -0.90969997E+01
 -0.22203517E+02 -0.58133151E+02 -0.13960021E+03 -0.18847745E+03 -0.93827115E+02
 -0.32308281E+02 -0.11890832E+02 -0.63046935E+01 -0.34983004E+01 -0.30083056E+01
 -0.18900900E+01 -0.15710409E+01 -0.13672992E+01 -0.11454831E+01 -0.89590992E+00
 -0.68353912E+00 -0.67861464E+00 -0.49756282E+00 -0.42829883E+00 -0.41864025E+00
 -0.33201433E+00 -0.36081761E+00 -0.31172239E+00 -0.21502770E+00 -0.23889712E+00
 -0.11801999E+00 -0.62728137E-01 -0.32806135E-01 -0.49670749E-01
  0.00000000E+00  0.00000000E+00  0.00000000E+00  0.00000000E+00  0.00000000E+00
  0.00000000E+00  0.00000000E+00  0.00000000E+00  0.00000000E+00  0.00000000E+00
  0.00000000E+00  0.00000000E+00  0.00000000E+00  0.00000000E+00  0.00000000E+00
  0.00000000E+00  0.00000000E+00  0.00000000E+00  0.00000000E+00  0.00000000E+00
  0.00000000E+00  0.00000000E+00  0.18799318E-04  0.47850581E-05  0.37444443E-04
  0.17015109E-03  0.76920658E-03  0.22064785E-02  0.24950314E-02  0.49760923E-02
  0.12885310E-01  0.17034837E-01  0.35248357E-01  0.60621097E-01  0.11747361E+00
  0.25773127E+00  0.39296457E+00  0.73465297E+00  0.12641652E+01  0.15941656E+01
  0.50964119E+00 -0.48037496E+01 -0.11092245E+02 -0.78277074E+00  0.44138176E+01
  0.21816643E+01  0.11356344E+01  0.56412588E+00  0.35314570E-01  0.11835761E+00
 -0.86069252E-01 -0.38083950E+00 -0.26482935E+00 -0.13852330E+00  0.27796192E+00
 -0.19199987E+00 -0.19614734E+00  0.13475112E-01  0.48248134E+00  0.64007153E+00
  0.14116859E+01  0.26348438E+01  0.23835437E+01  0.21665255E+01
  0.00000000E+00  0.00000000E+00  0.00000000E+00  0.00000000E+00  0.00000000E+00
  0.00000000E+00  0.00000000E+00  0.00000000E+00  0.00000000E+00  0.00000000E+00
  0.00000000E+00  0.00000000E+00  0.00000000E+00  0.00000000E+00  0.00000000E+00
  0.00000000E+00  0.00000000E+00  0.00000000E+00  0.00000000E+00  0.00000000E+00
  0.00000000E+00  0.00000000E+00  0.33532411E-04  0.00000000E+00  0.84500485E-04
 -0.63664681E-03  0.41156978E-03  0.10446656E-02  0.27887547E-02  0.82693025E-02
  0.13064076E-01  0.16042512E-01  0.28183678E-01  0.80177920E-01  0.15554756E+00
  0.26157655E+00  0.43140890E+00  0.82846673E+00  0.99028160E+00  0.19604734E+01
  0.16402943E+01 -0.19260261E+01 -0.68054210E+01  0.57168657E+00  0.31132719E+01
  0.25240790E+01  0.15357748E+01 -0.10924773E+00  0.41566554E+00  0.13171330E+01
 -0.35620531E-01 -0.26369796E+00 -0.15690705E+00  0.18343450E+00  0.21612615E+00
  0.20166595E+00  0.23356743E+00  0.62554077E+00  0.11972862E+00  0.99839626E+00
  0.19997401E+01  0.19727747E+01  0.29935767E+01  0.18009372E+01
  0.00000000E+00  0.00000000E+00  0.00000000E+00  0.00000000E+00  0.00000000E+00
  0.00000000E+00  0.00000000E+00  0.00000000E+00  0.00000000E+00  0.00000000E+00
  0.00000000E+00  0.00000000E+00  0.00000000E+00  0.00000000E+00  0.00000000E+00
  0.00000000E+00  0.00000000E+00  0.00000000E+00  0.00000000E+00  0.00000000E+00
  0.00000000E+00  0.00000000E+00 -0.57288264E-03  0.22551952E-03  0.82768904E-04
  0.58476937E-03  0.79336637E-03  0.12998502E-02  0.30396966E-02  0.68447329E-02
  0.11559371E-01  0.25766515E-01  0.36994659E-01  0.76230048E-01  0.13428081E+00
  0.26901285E+00  0.44366319E+00  0.77221760E+00  0.14821563E+01  0.17385748E+01
  0.27057140E+01 -0.80796370E+00 -0.62211443E+01  0.17144374E+01  0.64357113E+01
  0.36770442E+01  0.18356847E+01  0.12731382E+01  0.93256861E+00  0.76496035E+00
 -0.25359181E+00  0.71181594E+00  0.42845493E+00  0.15900813E+00  0.46423769E-01
 -0.92861288E-01 -0.83119129E-01  0.41439873E+00  0.52009009E+00  0.79789052E+00
  0.16220392E+01  0.27654009E+01  0.28340928E+01  0.17775518E+01
  0.00000000E+00  0.00000000E+00  0.00000000E+00  0.00000000E+00  0.00000000E+00
  0.00000000E+00  0.00000000E+00  0.00000000E+00  0.00000000E+00  0.00000000E+00
  0.00000000E+00  0.00000000E+00  0.00000000E+00  0.00000000E+00  0.00000000E+00
  0.00000000E+00  0.00000000E+00  0.00000000E+00  0.00000000E+00  0.00000000E+00
  0.00000000E+00  0.00000000E+00  0.61380722E-03  0.10652174E-03  0.15524578E-03
  0.55412362E-04  0.77817203E-03  0.55861574E-03  0.26663537E-02  0.46155892E-02
  0.35578211E-02  0.20262873E-01  0.34495980E-01  0.75510189E-01  0.13246326E+00
  0.26827549E+00  0.47853339E+00  0.82606746E+00  0.14644487E+01  0.21753180E+01
  0.27018029E+01 -0.27066821E-01 -0.44231861E+01  0.85600943E+00  0.51195614E+01
  0.32366553E+01  0.14674690E+01  0.10260334E+01  0.80186439E+00  0.41941558E+00
  0.90231664E+00  0.51008404E+00  0.89856592E+00 -0.24739857E+00 -0.28003524E-01
  0.85886754E-01  0.45858819E+00  0.67860557E+00  0.68365964E-02  0.11222076E+01
  0.11125609E+01  0.22246573E+01  0.28428465E+01  0.16780555E+01
  0.00000000E+00  0.00000000E+00  0.00000000E+00  0.00000000E+00  0.00000000E+00
  0.00000000E+00  0.00000000E+00  0.00000000E+00  0.00000000E+00  0.00000000E+00
  0.00000000E+00  0.00000000E+00  0.00000000E+00  0.00000000E+00  0.00000000E+00
  0.00000000E+00  0.00000000E+00  0.00000000E+00  0.00000000E+00  0.00000000E+00
  0.00000000E+00  0.00000000E+00  0.00000000E+00  0.35080218E-04  0.86891060E-04
  0.16270286E-03  0.45304808E-03  0.76533037E-03  0.16784825E-02  0.48907255E-02
  0.84006536E-02  0.17855233E-01  0.42091906E-01  0.70848410E-01  0.16695881E+00
  0.26387848E+00  0.43207471E+00  0.63064860E+00  0.14272022E+01  0.22493643E+01
  0.32272852E+01  0.15670899E+01 -0.21415128E+01  0.12640967E+01  0.45605484E+01
  0.43961600E+01  0.19056927E+01  0.14436021E+01  0.11369154E+01  0.61568612E+00
  0.23483295E+00 -0.34790428E+00  0.70565158E+00  0.31531320E-01 -0.31064199E+00
  0.15443931E+00 -0.39527909E+00  0.44573894E+00  0.68481113E+00  0.12156864E+01
  0.18545431E+01  0.23038890E+01  0.27983739E+01  0.13401252E+01
  0.00000000E+00  0.00000000E+00  0.00000000E+00  0.00000000E+00  0.00000000E+00
  0.00000000E+00  0.00000000E+00  0.00000000E+00  0.00000000E+00  0.00000000E+00
  0.00000000E+00  0.00000000E+00  0.00000000E+00  0.00000000E+00  0.00000000E+00
  0.00000000E+00  0.00000000E+00  0.00000000E+00  0.00000000E+00  0.00000000E+00
  0.00000000E+00  0.00000000E+00  0.00000000E+00  0.37623608E-04  0.77159004E-04
  0.93434223E-03  0.95489067E-03  0.18067902E-02  0.21958843E-02  0.60312364E-02
  0.98205524E-02  0.18365211E-01  0.45540863E-01  0.73391519E-01  0.14744106E+00
  0.25212048E+00  0.47440254E+00  0.75846058E+00  0.12654152E+01  0.21794872E+01
  0.32928875E+01  0.24957065E+01 -0.28916733E+01  0.56710612E-01  0.43379772E+01
  0.27662368E+01  0.34475057E+01  0.11047536E+01 -0.46862504E-01 -0.36969915E+00
 -0.49876779E+00  0.71972451E+00 -0.37933530E+00 -0.58884667E+00  0.83500988E-01
  0.73582170E+00  0.12637740E-01  0.10548473E+01  0.90935525E+00  0.85455053E+00
  0.18232171E+01  0.26505772E+01  0.28912268E+01  0.17700654E+01
  0.00000000E+00  0.00000000E+00  0.00000000E+00  0.00000000E+00  0.00000000E+00
  0.00000000E+00  0.00000000E+00  0.00000000E+00  0.00000000E+00  0.00000000E+00
  0.00000000E+00  0.00000000E+00  0.00000000E+00  0.00000000E+00  0.00000000E+00
  0.00000000E+00  0.00000000E+00  0.00000000E+00  0.00000000E+00  0.00000000E+00
  0.00000000E+00  0.00000000E+00  0.00000000E+00  0.40821645E-04  0.11874504E-03
 -0.80700516E-04  0.55537453E-03  0.15279217E-02  0.31459227E-02  0.48504546E-02
  0.97362355E-02  0.21846601E-01  0.39611198E-01  0.75629240E-01  0.13468484E+00
  0.20007199E+00  0.44256677E+00  0.67429634E+00  0.12676639E+01  0.20946197E+01
  0.39058237E+01  0.37945167E+01 -0.15950935E+01  0.86623328E-01  0.35950741E+01
  0.49459297E+01  0.32672393E+01  0.19954211E+01  0.29193908E+00  0.34306518E+00
 -0.42360825E-01 -0.48722298E+00  0.76224000E+00 -0.32368432E+00 -0.30208380E+00
 -0.31365706E+00  0.48360300E+00  0.16905862E+00 -0.40120773E+00  0.14383974E+01
  0.13647664E+01  0.25760902E+01  0.29326477E+01  0.14770218E+01
  0.00000000E+00  0.00000000E+00  0.00000000E+00  0.00000000E+00  0.00000000E+00
  0.00000000E+00  0.00000000E+00  0.00000000E+00  0.00000000E+00  0.00000000E+00
  0.00000000E+00  0.00000000E+00  0.00000000E+00  0.00000000E+00  0.00000000E+00
  0.00000000E+00  0.00000000E+00  0.00000000E+00  0.00000000E+00  0.00000000E+00
  0.00000000E+00  0.00000000E+00  0.00000000E+00  0.31763097E-04 -0.42970491E-03
  0.20354333E-03  0.27228955E-03  0.16623420E-02  0.50599142E-02  0.40889343E-02
  0.81483288E-02  0.20520898E-01  0.36069163E-01  0.72547577E-01  0.14662117E+00
  0.23678995E+00  0.39253284E+00  0.73511108E+00  0.12137927E+01  0.22967156E+01
  0.38157846E+01  0.31324864E+01  0.66970355E-01 -0.99329462E+00  0.30834080E+01
  0.42744886E+01  0.13848568E+01 -0.13721057E+00  0.18543678E+01  0.62355803E-01
  0.53247289E+00  0.49537562E-01  0.12772035E+00  0.62035093E+00  0.94214262E-01
  0.43698726E+00  0.40622269E+00 -0.83984725E-02  0.41040461E+00  0.72488506E-01
  0.14425807E+01  0.18974638E+01  0.21239852E+01  0.16104422E+01
  0.00000000E+00  0.00000000E+00  0.00000000E+00  0.00000000E+00  0.00000000E+00
  0.00000000E+00  0.00000000E+00  0.00000000E+00  0.00000000E+00  0.00000000E+00
  0.00000000E+00  0.00000000E+00  0.00000000E+00  0.00000000E+00  0.00000000E+00
  0.00000000E+00  0.00000000E+00  0.00000000E+00  0.00000000E+00  0.00000000E+00
  0.00000000E+00  0.00000000E+00  0.00000000E+00  0.33281103E-04  0.38001710E-04
 -0.27292806E-03 -0.57715512E-04  0.11025657E-02  0.29196209E-02  0.47320784E-02
  0.10535840E-01  0.18490847E-01  0.42514955E-01  0.62923566E-01  0.10218690E+00
  0.22796317E+00  0.46748612E+00  0.69083284E+00  0.12785111E+01  0.19438527E+01
  0.35896219E+01  0.26599407E+01 -0.21457169E+01 -0.27671162E+01  0.21072677E+01
  0.34404653E+01  0.16948297E+01  0.19799363E+01  0.57063426E+00  0.72357532E+00
 -0.47049820E+00  0.61784123E+00 -0.70599476E+00 -0.34597916E+00 -0.59343685E+00
  0.24090946E+00  0.27648092E+00  0.18287810E+00  0.10294975E+01  0.36213700E+00
  0.74871412E+00  0.21292286E+01  0.22380787E+01  0.13271857E+01
  0.00000000E+00  0.00000000E+00  0.00000000E+00  0.00000000E+00  0.00000000E+00
  0.00000000E+00  0.00000000E+00  0.00000000E+00  0.00000000E+00  0.00000000E+00
  0.00000000E+00  0.00000000E+00  0.00000000E+00  0.00000000E+00  0.00000000E+00
  0.00000000E+00  0.00000000E+00  0.00000000E+00  0.00000000E+00  0.00000000E+00
  0.00000000E+00  0.00000000E+00  0.00000000E+00  0.35358985E-04  0.29337345E-04
  0.17824878E-03  0.25665947E-03  0.16303447E-02  0.42830803E-02  0.73563375E-02
  0.10703401E-01  0.21492310E-01  0.49520875E-01  0.76612944E-01  0.15642349E+00
  0.24714036E+00  0.42455172E+00  0.79622442E+00  0.13475034E+01  0.19775157E+01
  0.36473226E+01  0.41773917E+01  0.58797585E+00 -0.26430205E+01  0.18265243E+01
  0.40121692E+01  0.25847000E+01  0.11583349E+01  0.10652330E+01  0.64553083E+00
 -0.30926506E+00  0.70382557E+00  0.44584172E+00  0.70677209E+00  0.45032273E+00
 -0.54883941E+00  0.48386812E+00  0.35535301E+00  0.30769993E+00  0.17159827E+01
  0.83788313E+00  0.22313147E+01  0.23181686E+01  0.15426008E+01
  0.00000000E+00  0.00000000E+00  0.00000000E+00  0.00000000E+00  0.00000000E+00
  0.00000000E+00  0.00000000E+00  0.00000000E+00  0.00000000E+00  0.00000000E+00
  0.00000000E+00  0.00000000E+00  0.00000000E+00  0.00000000E+00  0.00000000E+00
  0.00000000E+00  0.00000000E+00  0.00000000E+00  0.00000000E+00  0.00000000E+00
  0.00000000E+00 -0.81290333E-03  0.00000000E+00  0.29397988E-04  0.23787117E-04
 -0.39927882E-03  0.18683826E-03  0.88645261E-03  0.22780066E-02  0.47197351E-02
  0.10548695E-01  0.19523268E-01  0.26645224E-01  0.61189447E-01  0.87488642E-01
  0.20877320E+00  0.30645103E+00  0.58544742E+00  0.10543856E+01  0.15558053E+01
  0.28868489E+01  0.36268080E+01  0.65531116E+00 -0.16261699E+01  0.26405865E+01
  0.32452544E+01  0.37564492E+00  0.10477784E+01 -0.15352479E+00  0.61125899E+00
  0.70728911E+00 -0.78391470E-01 -0.26503725E+00 -0.36890681E+00 -0.37056697E+00
  0.20188998E+00  0.34221608E+00 -0.15891862E-01  0.57343063E+00  0.30758918E+00
  0.14559397E+01  0.17674751E+01  0.16866381E+01  0.75105104E+00
  0.00000000E+00  0.00000000E+00  0.00000000E+00  0.00000000E+00  0.00000000E+00
  0.00000000E+00  0.00000000E+00  0.00000000E+00  0.00000000E+00  0.00000000E+00
  0.00000000E+00  0.00000000E+00  0.00000000E+00  0.00000000E+00  0.00000000E+00
  0.00000000E+00  0.00000000E+00  0.00000000E+00  0.00000000E+00  0.00000000E+00
  0.00000000E+00  0.32984895E-04  0.00000000E+00  0.15779860E-04  0.46772077E-04
  0.26820938E-03 -0.64569856E-04  0.69198374E-03  0.24398070E-02  0.31481896E-02
  0.12172791E-01  0.21865712E-01  0.38458281E-01  0.82840643E-01  0.14025448E+00
  0.24002545E+00  0.40630577E+00  0.76680952E+00  0.11644488E+01  0.19306224E+01
  0.27815889E+01  0.42265827E+01  0.83204069E+00 -0.20820865E+01  0.19613930E+01
  0.35277283E+01  0.12341185E+01  0.92322174E+00  0.59405957E+00  0.49922079E+00
 -0.24965674E+00  0.88409277E+00 -0.43309468E+00 -0.43726410E+00 -0.53021178E+00
  0.32161629E+00 -0.13747933E-01 -0.62201825E+00  0.15486704E+00  0.58269519E+00
  0.11455825E+01  0.14974080E+01  0.22831403E+01  0.16398941E+01
  0.00000000E+00  0.00000000E+00  0.00000000E+00  0.00000000E+00  0.00000000E+00
  0.00000000E+00  0.00000000E+00  0.00000000E+00  0.00000000E+00  0.00000000E+00
  0.00000000E+00  0.00000000E+00  0.00000000E+00  0.00000000E+00  0.00000000E+00
  0.00000000E+00  0.00000000E+00  0.00000000E+00  0.00000000E+00  0.00000000E+00
  0.00000000E+00  0.36087053E-04  0.00000000E+00  0.84069670E-05  0.64912003E-04
  0.14333215E-02  0.40718999E-04  0.85315643E-03  0.32941532E-02  0.49767275E-02
  0.19668932E-01  0.22492093E-01  0.37619318E-01  0.11121571E+00  0.14131091E+00
  0.25941268E+00  0.47045565E+00  0.73667342E+00  0.12430481E+01  0.21427741E+01
  0.31085492E+01  0.45785022E+01  0.81685033E+00 -0.26605928E+01  0.26843429E+01
  0.35064098E+01  0.23033348E+01  0.18885082E+01  0.11717543E+01  0.14687142E+00
  0.62745423E+00  0.17769564E+00  0.40277075E+00  0.16616708E+01  0.24196403E-01
 -0.73371701E+00  0.88513630E+00  0.10430165E+00  0.39084530E+00  0.23007830E+00
  0.10524629E+01  0.18063487E+01  0.20179408E+01  0.10282228E+01
  0.00000000E+00  0.00000000E+00  0.00000000E+00  0.00000000E+00  0.00000000E+00
  0.00000000E+00  0.00000000E+00  0.00000000E+00  0.00000000E+00  0.00000000E+00
  0.00000000E+00  0.00000000E+00  0.00000000E+00  0.00000000E+00  0.00000000E+00
  0.00000000E+00  0.00000000E+00  0.00000000E+00  0.00000000E+00  0.00000000E+00
  0.00000000E+00  0.30523229E-04  0.89228703E-05  0.84693816E-05  0.44688186E-04
  0.87504300E-03  0.73676391E-03  0.11289002E-02  0.34318860E-02  0.60210916E-02
  0.14695701E-01  0.25634282E-01  0.36111865E-01  0.88363590E-01  0.16933535E+00
  0.29431412E+00  0.46885733E+00  0.94156475E+00  0.15149381E+01  0.24804416E+01
  0.35241073E+01  0.54926910E+01  0.24480234E+01 -0.47198027E+01  0.22329023E+01
  0.22943511E+01  0.30084039E+01  0.14461026E+01 -0.68134455E-01  0.67120536E+00
 -0.39589764E+00  0.48342944E+00  0.43600547E+00 -0.39465278E+00  0.28247515E-01
  0.20244347E+00  0.48146988E+00  0.56129069E+00  0.93079464E+00  0.10097977E+01
  0.15537759E+01  0.22330338E+01  0.29150695E+01  0.18432800E+01
  0.00000000E+00  0.00000000E+00  0.00000000E+00  0.00000000E+00  0.00000000E+00
  0.00000000E+00  0.00000000E+00  0.00000000E+00  0.00000000E+00  0.00000000E+00
  0.00000000E+00  0.00000000E+00  0.00000000E+00  0.00000000E+00  0.00000000E+00
  0.00000000E+00  0.00000000E+00  0.00000000E+00  0.00000000E+00  0.00000000E+00
  0.00000000E+00  0.26024494E-04  0.85369487E-05  0.84191083E-05 -0.10393958E-03
  0.30808042E-03  0.40229575E-03  0.12903405E-02  0.44287378E-02  0.87154616E-02
  0.12272584E-01  0.32435460E-01  0.55973328E-01  0.11179258E+00  0.20297460E+00
  0.36052283E+00  0.55681968E+00  0.10313326E+01  0.16234975E+01  0.27037775E+01
  0.45177843E+01  0.60436707E+01  0.15360564E+01 -0.42396716E+01  0.29277962E+01
  0.48482297E+01  0.12160797E+01  0.11200236E+01 -0.78235771E-01  0.10605486E+01
  0.28351762E+00 -0.28056045E+00 -0.35614934E+00  0.14946944E+00 -0.33772901E-01
 -0.94890280E+00 -0.23933077E+00  0.95766803E+00  0.75189293E+00  0.46930508E+00
  0.15036484E+01  0.22820667E+01  0.25965202E+01  0.19593258E+01
  0.00000000E+00  0.00000000E+00  0.00000000E+00  0.00000000E+00  0.00000000E+00
  0.00000000E+00  0.00000000E+00  0.00000000E+00  0.00000000E+00  0.00000000E+00
  0.00000000E+00  0.00000000E+00  0.00000000E+00  0.00000000E+00  0.00000000E+00
  0.00000000E+00  0.00000000E+00  0.00000000E+00  0.00000000E+00  0.00000000E+00
  0.00000000E+00  0.26967137E-04  0.10010472E-04  0.82744456E-05  0.83232748E-04
  0.54453645E-03  0.80807698E-03  0.15120686E-02  0.35125194E-02  0.76575092E-02
  0.23644443E-01  0.39718248E-01  0.65661358E-01  0.15689719E+00  0.25273594E+00
  0.45935554E+00  0.64780007E+00  0.12867389E+01  0.20621622E+01  0.30351474E+01
  0.48975539E+01  0.63127436E+01  0.90363138E+00 -0.41305519E+01  0.36172642E+01
  0.37893784E+01  0.27926444E+01  0.64752935E+00  0.91547053E+00  0.74739536E+00
 -0.37443569E+00  0.11645068E+01  0.51781026E+00 -0.46459458E+00  0.51594420E+00
  0.71209279E+00 -0.41265607E+00 -0.21146789E+00  0.11790579E+01  0.76079097E+00
  0.19156480E+01  0.16011831E+01  0.22829321E+01  0.18581036E+01
  0.00000000E+00  0.00000000E+00  0.00000000E+00  0.00000000E+00  0.00000000E+00
  0.00000000E+00  0.00000000E+00  0.00000000E+00  0.00000000E+00  0.00000000E+00
  0.00000000E+00  0.00000000E+00  0.00000000E+00  0.00000000E+00  0.00000000E+00
  0.00000000E+00  0.00000000E+00  0.00000000E+00  0.00000000E+00  0.00000000E+00
  0.00000000E+00  0.47349304E-04  0.11774388E-04  0.00000000E+00  0.13404950E-03
  0.56402174E-03  0.69646213E-03  0.25570450E-02  0.58715784E-02  0.11555657E-01
  0.15591527E-01  0.38964913E-01  0.10060941E+00  0.16397173E+00  0.26090187E+00
  0.40381996E+00  0.88199458E+00  0.13282400E+01  0.22545844E+01  0.36047906E+01
  0.55636422E+01  0.52498728E+01  0.95677208E+00 -0.14542772E+01  0.29745628E+01
  0.33301483E+01  0.24637491E+01  0.22114948E+01  0.12686268E+01  0.52114866E-02
 -0.83099769E-02  0.24180420E+00 -0.46485229E-01  0.22272107E+00 -0.86774583E+00
  0.61020490E+00  0.12042113E+01  0.33253737E+00  0.23349291E-01  0.11414542E+01
  0.19777008E+01  0.29652058E+01  0.33951911E+01  0.19248575E+01
  0.00000000E+00  0.00000000E+00  0.00000000E+00  0.00000000E+00  0.00000000E+00
  0.00000000E+00  0.00000000E+00  0.00000000E+00  0.00000000E+00  0.00000000E+00
  0.00000000E+00  0.00000000E+00  0.00000000E+00  0.00000000E+00  0.00000000E+00
  0.00000000E+00  0.00000000E+00  0.00000000E+00  0.00000000E+00  0.00000000E+00
  0.00000000E+00  0.56284331E-04  0.13901365E-04  0.00000000E+00  0.23726922E-03
  0.43918031E-03 -0.45286350E-03  0.24961095E-02  0.43393593E-02  0.83251829E-02
  0.20994660E-01  0.59299211E-01  0.99659536E-01  0.20920839E+00  0.37218661E+00
  0.59672426E+00  0.89460226E+00  0.15894043E+01  0.28890615E+01  0.42805700E+01
  0.67913582E+01  0.57265586E+01 -0.10494350E+01 -0.25095831E+01  0.38278751E+01
  0.48135042E+01  0.30304835E+01  0.13169841E+01  0.72489533E-01  0.60507033E+00
  0.73266409E+00  0.75633289E+00  0.27922481E+00 -0.36744303E+00 -0.65522950E+00
  0.46879493E+00  0.24633895E+00  0.95309492E+00  0.17167058E+00  0.14365912E+01
  0.21612778E+01  0.29338943E+01  0.39001331E+01  0.21294013E+01
  0.00000000E+00  0.00000000E+00  0.00000000E+00  0.00000000E+00  0.00000000E+00
  0.00000000E+00  0.00000000E+00  0.00000000E+00  0.00000000E+00  0.00000000E+00
  0.00000000E+00  0.00000000E+00  0.00000000E+00  0.00000000E+00  0.00000000E+00
  0.00000000E+00  0.00000000E+00  0.00000000E+00  0.00000000E+00  0.00000000E+00
  0.00000000E+00  0.39726599E-04  0.31723010E-04  0.00000000E+00  0.18716532E-03
  0.43717133E-03  0.14664770E-02  0.22885353E-02  0.81148129E-02  0.95009638E-02
  0.36750035E-01  0.61051339E-01  0.11647697E+00  0.22547311E+00  0.43450529E+00
  0.69734668E+00  0.12369062E+01  0.20180584E+01  0.32303491E+01  0.47457510E+01
  0.71615375E+01  0.44825535E+01 -0.44453393E+01 -0.15521163E+01  0.54600492E+01
  0.58165744E+01  0.32397422E+01  0.12778810E+01  0.25104586E+01  0.68519493E+00
  0.42979986E+00  0.35109361E+00  0.28027940E+00  0.44517112E-01 -0.17908670E+00
  0.91614309E+00 -0.44950032E+00  0.33669783E+00  0.79468866E+00  0.23250066E+01
  0.93190401E+00  0.22555902E+01  0.36863553E+01  0.26385159E+01
  0.00000000E+00  0.00000000E+00  0.00000000E+00  0.00000000E+00  0.00000000E+00
  0.00000000E+00  0.00000000E+00  0.00000000E+00  0.00000000E+00  0.00000000E+00
  0.00000000E+00  0.00000000E+00  0.00000000E+00  0.00000000E+00  0.00000000E+00
  0.00000000E+00  0.00000000E+00  0.00000000E+00  0.00000000E+00  0.00000000E+00
  0.00000000E+00  0.29847421E-04  0.49919006E-04  0.00000000E+00  0.47538135E-03
  0.70196735E-03  0.86059180E-03  0.29466504E-02  0.10148344E-01  0.13367145E-01
  0.31823554E-01  0.73951998E-01  0.14750324E+00  0.26343867E+00  0.42851189E+00
  0.85169983E+00  0.13474515E+01  0.22099407E+01  0.37535667E+01  0.57460747E+01
  0.69980702E+01  0.42669355E+01 -0.43037639E+01  0.23729054E+01  0.60708642E+01
  0.27554436E+01  0.32643788E+01  0.10140230E+01 -0.11944184E+00  0.15064489E+01
  0.11536394E+01  0.46783998E+00  0.67876849E+00 -0.51925332E-01  0.22078962E+00
 -0.44478716E+00  0.33386001E+00 -0.32539089E+00  0.16278177E+01  0.14700312E+01
  0.16433603E+01  0.32570990E+01  0.35052273E+01  0.22618771E+01
  0.00000000E+00  0.00000000E+00  0.00000000E+00  0.00000000E+00  0.00000000E+00
  0.00000000E+00  0.00000000E+00  0.00000000E+00  0.00000000E+00  0.00000000E+00
  0.00000000E+00  0.00000000E+00  0.00000000E+00  0.00000000E+00  0.00000000E+00
  0.00000000E+00  0.00000000E+00  0.00000000E+00  0.00000000E+00  0.00000000E+00
  0.00000000E+00  0.30225295E-04  0.62061429E-04  0.42891078E-03  0.17203462E-03
  0.39224129E-03  0.10728551E-02  0.32061391E-02  0.89198233E-02  0.18466419E-01
  0.39200256E-01  0.88411175E-01  0.14756459E+00  0.36697156E+00  0.59224860E+00
  0.95857352E+00  0.17191512E+01  0.30889211E+01  0.44545276E+01  0.67957334E+01
  0.73887486E+01 -0.15250077E+01 -0.52286684E+01  0.38717612E+01  0.77455590E+01
  0.34353715E+01  0.36722034E+01  0.28742467E+01 -0.41786445E+00 -0.28542561E+00
  0.89152830E+00  0.56931647E+00 -0.17327477E+00  0.44780115E-01  0.27932682E+00
  0.13477077E+00 -0.82262057E-01 -0.16644512E+00  0.90409391E+00  0.14618954E+01
  0.25303505E+01  0.33746775E+01  0.36517291E+01  0.23028124E+01
  0.00000000E+00  0.00000000E+00  0.00000000E+00  0.00000000E+00  0.00000000E+00
  0.00000000E+00  0.00000000E+00  0.00000000E+00  0.00000000E+00  0.00000000E+00
  0.00000000E+00  0.00000000E+00  0.00000000E+00  0.00000000E+00  0.00000000E+00
  0.00000000E+00  0.00000000E+00  0.00000000E+00  0.00000000E+00  0.12535057E-04
  0.00000000E+00  0.30502996E-04  0.85523827E-04  0.11387593E-03  0.10104060E-03
  0.93663942E-03  0.14201387E-02  0.30614252E-02  0.11598345E-01  0.26104058E-01
  0.34628343E-01  0.69960699E-01  0.21542034E+00  0.31774968E+00  0.70506014E+00
  0.12725279E+01  0.21267883E+01  0.32491803E+01  0.53092786E+01  0.63844767E+01
  0.40795117E+01 -0.61079367E+01  0.83711215E+00  0.61893821E+01  0.78046755E+01
  0.46367117E+01  0.14693288E+01  0.13855000E+01  0.15882076E+01  0.10231954E+01
 -0.70960721E+00 -0.15485157E+01  0.73543907E+00  0.38712733E+00 -0.45588550E+00
  0.24239874E+00  0.11450289E+01  0.83315752E+00  0.20558480E+01  0.17985758E+01
  0.29987022E+01  0.37190234E+01  0.45109979E+01  0.28407788E+01
  0.00000000E+00  0.00000000E+00  0.00000000E+00  0.00000000E+00  0.00000000E+00
  0.00000000E+00  0.00000000E+00  0.00000000E+00  0.00000000E+00  0.00000000E+00
  0.00000000E+00  0.00000000E+00  0.00000000E+00  0.00000000E+00  0.00000000E+00
  0.00000000E+00  0.00000000E+00  0.00000000E+00  0.00000000E+00  0.14877220E-04
  0.00000000E+00  0.30670667E-04  0.14522473E-03  0.56709996E-04  0.11438209E-03
  0.58874743E-03  0.23101032E-02  0.29837241E-02  0.11727825E-01  0.29313944E-01
  0.54722141E-01  0.12453972E+00  0.26106958E+00  0.48104724E+00  0.79586549E+00
  0.14355183E+01  0.23929537E+01  0.34015393E+01  0.58335268E+01  0.68385983E+01
 -0.26310856E-01 -0.35635206E+01  0.21930913E+01  0.73620613E+01  0.64250640E+01
  0.34735659E+01  0.38481384E+01  0.13022219E+01  0.10836782E+01 -0.57397406E+00
  0.95465918E-01  0.13116676E+01 -0.44416006E+00  0.17352167E+01  0.69226636E+00
  0.38540584E+00  0.72130334E+00 -0.32636862E-01  0.36017682E+00  0.21289115E+01
  0.39856441E+01  0.36900851E+01  0.37511616E+01  0.27176255E+01
  0.00000000E+00  0.00000000E+00  0.00000000E+00  0.00000000E+00  0.00000000E+00
  0.00000000E+00  0.00000000E+00  0.00000000E+00  0.00000000E+00  0.00000000E+00
  0.00000000E+00  0.00000000E+00  0.00000000E+00  0.00000000E+00  0.00000000E+00
  0.00000000E+00  0.00000000E+00  0.00000000E+00  0.00000000E+00  0.31979978E-03
  0.00000000E+00  0.30719843E-04  0.10630917E-03 -0.50447658E-03  0.17030699E-03
 -0.62805876E-04  0.16048639E-02  0.40919084E-02  0.14521335E-01  0.25478056E-01
  0.71158643E-01  0.13598979E+00  0.30279393E+00  0.58659428E+00  0.10403837E+01
  0.16380145E+01  0.29198749E+01  0.50660971E+01  0.62776544E+01  0.40012232E+01
 -0.27104457E+01 -0.52031912E+01  0.40162928E+01  0.85647796E+01  0.69549948E+01
  0.25867038E+01  0.17276100E+01  0.11701777E+01  0.45668646E+00  0.14788267E+01
 -0.54569751E+00  0.83436878E-01  0.12054855E+00 -0.46365549E+00  0.85532955E+00
  0.19880589E+00 -0.30718959E+00  0.18092554E+01 -0.12175033E+00  0.14670349E+01
  0.18665883E+01  0.36206705E+01  0.39313910E+01  0.24332500E+01
  0.00000000E+00  0.00000000E+00  0.00000000E+00  0.00000000E+00  0.00000000E+00
  0.00000000E+00  0.00000000E+00  0.00000000E+00  0.00000000E+00  0.00000000E+00
  0.00000000E+00  0.00000000E+00  0.00000000E+00  0.00000000E+00  0.00000000E+00
  0.00000000E+00  0.00000000E+00  0.00000000E+00  0.00000000E+00  0.32187552E-04
  0.00000000E+00  0.61295237E-04  0.00000000E+00  0.17366889E-03  0.33152568E-03
  0.79442526E-03  0.23242278E-02  0.69432808E-02  0.18236818E-01  0.37036187E-01
  0.84245098E-01  0.16407469E+00  0.34941365E+00  0.62408650E+00  0.12911731E+01
  0.21938480E+01  0.34140748E+01  0.53946963E+01  0.62443136E+01  0.17107597E+01
 -0.89491921E+01  0.35035002E+01  0.82055478E+01  0.96292727E+01  0.34424671E+01
  0.33600639E+01  0.14372083E+01  0.58737389E+00 -0.83513764E+00  0.92491817E+00
  0.24048833E+00  0.13571150E+01  0.11307852E+00  0.62532756E+00  0.12022209E+01
 -0.69382176E-01 -0.14370626E+00  0.60072797E+00  0.19540449E+01  0.18696073E+01
  0.31845065E+01  0.42180453E+01  0.43847217E+01  0.24045286E+01
  0.00000000E+00  0.00000000E+00  0.00000000E+00  0.00000000E+00  0.00000000E+00
  0.00000000E+00  0.00000000E+00  0.00000000E+00  0.00000000E+00  0.00000000E+00
  0.00000000E+00  0.00000000E+00  0.00000000E+00  0.00000000E+00  0.00000000E+00
  0.00000000E+00  0.00000000E+00  0.00000000E+00  0.00000000E+00  0.36369543E-04
  0.00000000E+00  0.60875703E-04  0.00000000E+00  0.33078704E-04  0.50454198E-03
  0.86461574E-03  0.17000486E-02  0.87885225E-02  0.22994205E-01  0.44017306E-01
  0.72678468E-01  0.17424859E+00  0.37405830E+00  0.78121484E+00  0.16363222E+01
  0.27796162E+01  0.43258111E+01  0.64708962E+01  0.58610522E+01 -0.28331401E+01
 -0.68416885E+01  0.57097714E+01  0.86514835E+01  0.74240264E+01  0.36660600E+01
  0.31882436E+01  0.18040926E+01  0.22414373E+01  0.12766134E+01  0.18029221E+00
 -0.27673507E+00  0.17579895E+00 -0.21177074E+00 -0.58055155E-01  0.12431212E+01
 -0.15444643E+00  0.38563988E+00  0.92505885E+00  0.11466064E+01  0.19398441E+01
  0.22469454E+01  0.44471820E+01  0.40685776E+01  0.19635190E+01
  0.00000000E+00  0.00000000E+00  0.00000000E+00  0.00000000E+00  0.00000000E+00
  0.00000000E+00  0.00000000E+00  0.00000000E+00  0.00000000E+00  0.00000000E+00
  0.00000000E+00  0.00000000E+00  0.00000000E+00  0.00000000E+00  0.00000000E+00
  0.00000000E+00  0.00000000E+00  0.00000000E+00  0.00000000E+00  0.41179305E-04
  0.00000000E+00  0.59944165E-04  0.00000000E+00  0.14770240E-03  0.26570397E-03
  0.10147060E-02  0.15683227E-02  0.10116508E-01  0.23423424E-01  0.59154889E-01
  0.10525643E+00  0.24715555E+00  0.47309888E+00  0.93224444E+00  0.17838998E+01
  0.31728132E+01  0.49681871E+01  0.56535027E+01  0.32362461E+01 -0.94812134E+01
 -0.17401657E+01  0.93963349E+01  0.88815011E+01  0.61827700E+01  0.35925226E+01
  0.52566971E+00  0.19205813E+01  0.14203183E+01  0.14767653E+00 -0.32886464E+00
  0.96035178E+00  0.35380029E+00  0.53918996E+00  0.97201883E+00  0.46351555E+00
  0.51314457E+00  0.68005403E+00  0.35823288E+00  0.12022730E+01  0.21142926E+01
  0.27368290E+01  0.42834196E+01  0.35546918E+01  0.24215347E+01
  0.00000000E+00  0.00000000E+00  0.00000000E+00  0.00000000E+00  0.00000000E+00
  0.00000000E+00  0.00000000E+00  0.00000000E+00  0.00000000E+00  0.00000000E+00
  0.00000000E+00  0.00000000E+00  0.00000000E+00  0.00000000E+00  0.00000000E+00
  0.00000000E+00  0.00000000E+00  0.00000000E+00  0.00000000E+00  0.46670148E-04
  0.36192979E-04  0.22497929E-04  0.00000000E+00  0.44349286E-04  0.26959324E-03
  0.18738387E-02  0.43686398E-02  0.11577768E-01  0.25460758E-01  0.58381333E-01
  0.13869836E+00  0.32246178E+00  0.66591090E+00  0.10984702E+01  0.22753996E+01
  0.36392957E+01  0.58945832E+01  0.53270656E+01 -0.99251354E+00 -0.83980663E+01
  0.60903229E+01  0.11557324E+02  0.82544371E+01  0.59005103E+01  0.45382688E+01
  0.10522054E+01  0.21572149E+01 -0.27935572E+00  0.13022344E+01 -0.13624605E+01
  0.39348242E+00  0.90962855E+00  0.20281144E+00 -0.75515946E-01 -0.60707631E+00
  0.12930909E+01  0.12884752E+00  0.15976345E+01  0.18749630E+01  0.17992594E+01
  0.33782566E+01  0.34062910E+01  0.37743813E+01  0.22390146E+01
  0.00000000E+00  0.00000000E+00  0.00000000E+00  0.00000000E+00  0.00000000E+00
  0.00000000E+00  0.00000000E+00  0.00000000E+00  0.00000000E+00  0.00000000E+00
  0.00000000E+00  0.00000000E+00  0.00000000E+00  0.00000000E+00  0.00000000E+00
  0.00000000E+00  0.00000000E+00  0.00000000E+00  0.00000000E+00  0.41392327E-04
  0.69363400E-04  0.00000000E+00 -0.15840022E-03  0.35567836E-03  0.23174548E-03
  0.71843091E-03  0.58024256E-02  0.13892203E-01  0.35270219E-01  0.57018141E-01
  0.16195694E+00  0.30323850E+00  0.60429463E+00  0.13272625E+01  0.21149269E+01
  0.42187475E+01  0.54623776E+01  0.39985499E+01 -0.61274431E+01 -0.59236991E+01
  0.92722785E+01  0.10071632E+02  0.75527265E+01  0.41505889E+01  0.24790614E+01
  0.13168826E+01 -0.33950234E+00  0.81238194E+00  0.11361847E+01 -0.35349403E+00
  0.39338321E+00  0.24690396E+00  0.32260130E+00 -0.35782730E+00  0.37730143E+00
  0.10608484E+01  0.10306498E+01  0.74182254E+00  0.13439598E+01  0.34500732E+01
  0.43028865E+01  0.38542096E+01  0.30517273E+01  0.14843700E+01
  0.00000000E+00  0.00000000E+00  0.00000000E+00  0.00000000E+00  0.00000000E+00
  0.00000000E+00  0.00000000E+00  0.00000000E+00  0.00000000E+00  0.00000000E+00
  0.00000000E+00  0.00000000E+00  0.00000000E+00  0.00000000E+00  0.00000000E+00
  0.00000000E+00  0.00000000E+00  0.00000000E+00  0.00000000E+00  0.00000000E+00
  0.11814343E-03  0.00000000E+00  0.24315082E-03  0.22242300E-03  0.21524025E-03
  0.37177835E-02  0.75605432E-02  0.12423844E-01  0.32848003E-01  0.84505613E-01
  0.17683312E+00  0.39679597E+00  0.79290770E+00  0.15070649E+01  0.25938366E+01
  0.46301060E+01  0.61551480E+01  0.69397130E+00 -0.10148474E+02 -0.12795978E+01
  0.10494672E+02  0.11349965E+02  0.67768607E+01  0.27963100E+01  0.20771568E+01
  0.37357117E+00 -0.42385603E+00  0.14355411E+01  0.10539703E+01  0.40587885E+00
 -0.11481490E+00  0.29554589E+00  0.12539861E+00 -0.57000927E+00  0.13036748E+00
  0.16394003E+01  0.88984020E+00  0.96064337E+00  0.30158569E+01  0.21159873E+01
  0.31673747E+01  0.37198910E+01  0.28565410E+01  0.15950214E+01
  0.00000000E+00  0.00000000E+00  0.00000000E+00  0.00000000E+00  0.00000000E+00
  0.00000000E+00  0.00000000E+00  0.00000000E+00  0.00000000E+00  0.00000000E+00
  0.00000000E+00  0.00000000E+00  0.00000000E+00  0.00000000E+00  0.00000000E+00
  0.00000000E+00  0.00000000E+00  0.00000000E+00  0.00000000E+00  0.36504169E-04
  0.16252465E-03  0.79970755E-04  0.41237249E-03  0.30388042E-03  0.28153550E-03
  0.28599323E-02  0.87194034E-02  0.21574130E-01  0.35371667E-01  0.76660317E-01
  0.18764764E+00  0.34896078E+00  0.78934653E+00  0.15911445E+01  0.29429849E+01
  0.44495187E+01  0.46667474E+01 -0.42403412E+00 -0.11837964E+02  0.57186021E-01
  0.14213979E+02  0.98000820E+01  0.52220882E+01  0.21659236E+01  0.89146128E+00
  0.16395692E+01  0.29084107E+00  0.79389404E+00 -0.60634731E-01  0.10005393E+01
  0.47176724E+00  0.24826019E+00 -0.34149007E+00 -0.16348134E+00  0.89381901E+00
  0.54306897E+00  0.14100516E+01  0.96464916E+00  0.19251899E+01  0.19767494E+01
  0.31263409E+01  0.31731349E+01  0.32031299E+01  0.18000115E+01
  0.00000000E+00  0.00000000E+00  0.00000000E+00  0.00000000E+00  0.00000000E+00
  0.00000000E+00  0.00000000E+00  0.00000000E+00  0.00000000E+00  0.00000000E+00
  0.00000000E+00  0.00000000E+00  0.00000000E+00  0.00000000E+00  0.00000000E+00
  0.00000000E+00  0.00000000E+00  0.00000000E+00  0.00000000E+00  0.00000000E+00
  0.98706088E-04  0.48154975E-05  0.94383450E-05  0.20133413E-03  0.47871551E-03
  0.15322313E-02  0.57815667E-02  0.12855050E-01  0.34825858E-01  0.75587014E-01
  0.21438542E+00  0.43280448E+00  0.73940794E+00  0.14280243E+01  0.28054058E+01
  0.39515767E+01  0.10857306E+01 -0.11387136E+02 -0.23095284E+02 -0.78033392E+00
  0.10527587E+02  0.71507523E+01  0.39902712E+01  0.20453248E+01  0.84960295E+00
  0.39323129E+00  0.69388202E+00  0.61666784E+00 -0.69588229E+00  0.15697892E+00
  0.26652618E+00 -0.11179416E+00  0.44293092E+00 -0.38719277E-01  0.87374938E+00
  0.67589293E+00  0.89447701E+00  0.10303585E+01  0.18188029E+01  0.24545188E+01
  0.26499511E+01  0.32697738E+01  0.30419350E+01  0.20747299E+01
-.778772E+22
 -0.82219435E+15 -0.19686425E+16 -0.19689078E+16 -0.19693116E+16 -0.17553226E+16
 -0.17928929E+16  0.52505445E+16 -0.19724648E+16 -0.19736948E+16 -0.54259837E+15
 -0.14577751E+16  0.14373390E+16  0.11706270E+16 -0.17519193E+16 -0.23544694E+15
  0.84621420E+15 -0.19928092E+16 -0.18473331E+16  0.11632764E+16  0.13574836E+16
 -0.11736494E+17  0.28381667E+16 -0.67446674E+16 -0.98226585E+16 -0.10029922E+17
 -0.99473310E+16 -0.71771344E+16 -0.88543806E+16 -0.71572886E+16 -0.49556581E+16
  0.31339266E+17  0.32928331E+17  0.47204632E+17  0.84448691E+17  0.17975356E+18
  0.37936963E+18  0.75957690E+18  0.16744717E+19  0.36164799E+19  0.89511854E+19
  0.20822606E+20  0.44858966E+20  0.40071816E+20  0.11059570E+20 -0.21142716E+19
 -0.95757481E+19 -0.14272210E+20 -0.16575710E+20 -0.17187935E+20 -0.16785797E+20
 -0.15981974E+20 -0.14929968E+20 -0.13833713E+20 -0.12760335E+20 -0.11748243E+20
 -0.10816494E+20 -0.99729583E+19 -0.92016136E+19 -0.84626363E+19 -0.77053272E+19
 -0.66387231E+19 -0.48157248E+19 -0.22079041E+19 -0.37549147E+18
 -0.80136321E+15 -0.19494988E+16 -0.19502582E+16 -0.19514142E+16 -0.17352126E+16
 -0.17586642E+16 -0.19574721E+16 -0.19604547E+16 -0.19639866E+16 -0.48269727E+15
 -0.12756279E+16  0.20011564E+16  0.11679180E+16 -0.10628648E+16 -0.20236854E+15
  0.25317958E+15 -0.20195032E+16 -0.18752317E+16  0.10974698E+16  0.15194024E+16
 -0.11316298E+17 -0.83847118E+15 -0.73120529E+16 -0.93427374E+16 -0.94512114E+16
 -0.93459288E+16 -0.83051838E+16 -0.84482498E+16 -0.78307451E+16 -0.18285741E+16
  0.89969140E+16  0.25678839E+17  0.38348076E+17  0.64359925E+17  0.13920455E+18
  0.30367000E+18  0.60191329E+18  0.12974429E+19  0.29496811E+19  0.70493465E+19
  0.17212252E+20  0.37021661E+20  0.38726453E+20  0.13394584E+20 -0.66626386E+18
 -0.84882050E+19 -0.13175175E+20 -0.15675190E+20 -0.16362566E+20 -0.16064284E+20
 -0.15243574E+20 -0.14282746E+20 -0.13233332E+20 -0.12206084E+20 -0.11239539E+20
 -0.10348808E+20 -0.95423496E+19 -0.88058629E+19 -0.81099951E+19 -0.73774538E+19
 -0.63607572E+19 -0.46217656E+19 -0.21227886E+19 -0.36130147E+18
 -0.78699141E+15 -0.19324406E+16 -0.19336610E+16 -0.19355194E+16  0.13554009E+16
 -0.17264245E+16 -0.19452609E+16 -0.19500593E+16 -0.19557439E+16 -0.43994384E+15
 -0.10524395E+16  0.26249094E+16  0.11601926E+16 -0.15022421E+16  0.14163404E+16
 -0.43915786E+15 -0.20461221E+16 -0.19037441E+16  0.10242447E+16  0.16740746E+16
 -0.10469852E+17  0.51956033E+16 -0.68616086E+16 -0.88893499E+16 -0.86224404E+16
 -0.86488542E+16 -0.63501934E+16 -0.56813274E+16 -0.73755559E+16 -0.59357118E+15
  0.39592449E+16  0.24658057E+17  0.23794993E+17  0.74454112E+17  0.12607063E+18
  0.25585853E+18  0.57535640E+18  0.12203516E+19  0.28490532E+19  0.66265309E+19
  0.15850689E+20  0.33915227E+20  0.39188219E+20  0.15648448E+20  0.66486146E+18
 -0.74463055E+19 -0.12390052E+20 -0.14904539E+20 -0.15724826E+20 -0.15484771E+20
 -0.14730794E+20 -0.13781863E+20 -0.12768235E+20 -0.11768396E+20 -0.10831580E+20
 -0.99716381E+19 -0.91873185E+19 -0.84784336E+19 -0.78149781E+19 -0.71081118E+19
 -0.61349853E+19 -0.44688670E+19 -0.20596602E+19 -0.35106507E+18
 -0.77953613E+15 -0.19163132E+16 -0.19179793E+16 -0.19205161E+16  0.44483135E+16
 -0.16958193E+16 -0.19338080E+16 -0.19403520E+16 -0.19481029E+16 -0.40756125E+15
 -0.78582532E+15  0.18908149E+16  0.11283149E+16 -0.16663973E+16  0.31362245E+16
 -0.40108099E+15 -0.20723842E+16 -0.19331649E+16  0.93729290E+15  0.18177639E+16
 -0.95667880E+16  0.14091048E+17 -0.57034148E+16 -0.82676084E+16 -0.79225328E+16
 -0.81023894E+16  0.34999483E+17 -0.75132885E+16 -0.68417589E+16 -0.15312815E+16
  0.29645497E+16  0.13205882E+17  0.25651925E+17  0.68923527E+17  0.12047454E+18
  0.26128409E+18  0.53676437E+18  0.11322574E+19  0.26107669E+19  0.61653502E+19
  0.15142085E+20  0.32750819E+20  0.41902564E+20  0.18636325E+20  0.22934523E+19
 -0.64133058E+19 -0.11599193E+20 -0.14339484E+20 -0.15229669E+20 -0.15034080E+20
 -0.14322852E+20 -0.13389726E+20 -0.12392238E+20 -0.11409343E+20 -0.10493604E+20
 -0.96548375E+19 -0.88923317E+19 -0.82007237E+19 -0.75562742E+19 -0.68765957E+19
 -0.59438644E+19 -0.43430588E+19 -0.20104786E+19 -0.34350507E+18
  0.13478884E+16  0.41354755E+16 -0.19023822E+16 -0.19056128E+16 -0.68708027E+15
 -0.16667311E+16 -0.19225183E+16 -0.19308286E+16 -0.11304664E+16 -0.38644885E+15
 -0.47596793E+15 -0.17397721E+15  0.10790278E+16 -0.17546649E+16  0.34078845E+16
 -0.37462347E+15 -0.20988644E+16 -0.19643172E+16  0.83554315E+15  0.19343628E+16
 -0.86314981E+16  0.19838118E+17 -0.57278741E+16 -0.71796155E+16 -0.71764914E+16
 -0.28243155E+16  0.11109126E+17 -0.69222051E+16 -0.62739591E+16 -0.14489006E+16
  0.27668027E+16  0.12527773E+17  0.25801619E+17  0.55703908E+17  0.11371712E+18
  0.23764159E+18  0.51798522E+18  0.10983747E+19  0.24628724E+19  0.57982974E+19
  0.14133351E+20  0.32359185E+20  0.45255055E+20  0.22227868E+20  0.39126535E+19
 -0.53682414E+19 -0.10795229E+20 -0.13708553E+20 -0.14794048E+20 -0.14637257E+20
 -0.13971049E+20 -0.13051854E+20 -0.12066116E+20 -0.11101035E+20 -0.10197563E+20
 -0.93740776E+19 -0.86294759E+19 -0.79536663E+19 -0.73249576E+19 -0.66691894E+19
 -0.57736437E+19 -0.42344456E+19 -0.19699196E+19 -0.33743161E+18
 -0.18830309E+16  0.10814720E+17 -0.18869344E+16 -0.18909088E+16 -0.64520746E+15
 -0.16390691E+16 -0.19116823E+16 -0.19218777E+16 -0.68337856E+15 -0.37351516E+15
 -0.12144870E+15 -0.21088414E+15  0.10190533E+16 -0.17608185E+16  0.35515413E+16
 -0.33426852E+15 -0.21275719E+16 -0.19990536E+16  0.72339445E+15  0.20286213E+16
 -0.65287241E+16  0.15684856E+17 -0.51955798E+16 -0.62201228E+16 -0.64983591E+16
  0.43090207E+16 -0.63826629E+16 -0.63972583E+16 -0.57217294E+16 -0.69015506E+15
  0.18985499E+16  0.11948216E+17  0.27253220E+17  0.57137100E+17  0.11730456E+18
  0.22807262E+18  0.49270863E+18  0.10236051E+19  0.23233888E+19  0.55536434E+19
  0.13328304E+20  0.30690670E+20  0.47959844E+20  0.26180331E+20  0.57510789E+19
 -0.42802562E+19 -0.10143294E+20 -0.13238572E+20 -0.14406720E+20 -0.14326746E+20
 -0.13661612E+20 -0.12748592E+20 -0.11766410E+20 -0.10812943E+20 -0.99237742E+19
 -0.91125082E+19 -0.83797178E+19 -0.77193097E+19 -0.71080570E+19 -0.64750925E+19
 -0.56147432E+19 -0.41329497E+19 -0.19330109E+19 -0.33207250E+18
 -0.18658609E+16  0.14790409E+17 -0.18705673E+16 -0.18753604E+16 -0.60870592E+15
 -0.16120097E+16 -0.19004189E+16 -0.19127171E+16 -0.69534960E+15 -0.36782934E+15
  0.27693941E+15 -0.25344095E+15  0.94902005E+15 -0.17705714E+16  0.41468026E+16
 -0.22501750E+15 -0.21605172E+16 -0.20397930E+16  0.38926639E+15  0.20967641E+16
 -0.18707026E+16  0.15162466E+17  0.74905335E+15 -0.58496009E+16 -0.58080919E+16
 -0.44121593E+16 -0.56301123E+16 -0.58778692E+16 -0.49325659E+16 -0.11716828E+16
  0.24591954E+16  0.12697917E+17  0.28344972E+17  0.54677357E+17  0.11179616E+18
  0.22932108E+18  0.50930946E+18  0.10132847E+19  0.22475176E+19  0.53041469E+19
  0.12482849E+20  0.29178911E+20  0.49448160E+20  0.30285316E+20  0.78473644E+19
 -0.30847376E+19 -0.94945970E+19 -0.12725348E+20 -0.14042976E+20 -0.14010788E+20
 -0.13360292E+20 -0.12459591E+20 -0.11486664E+20 -0.10545925E+20 -0.96607295E+19
 -0.88567431E+19 -0.81378400E+19 -0.74924051E+19 -0.68986568E+19 -0.62839210E+19
 -0.54575471E+19 -0.40312578E+19 -0.18955468E+19 -0.32665374E+18
 -0.18464646E+16  0.19551602E+17 -0.18520320E+16 -0.18577080E+16 -0.57591167E+15
 -0.15843518E+16 -0.18874641E+16 -0.19021130E+16 -0.70567638E+15 -0.16459957E+15
  0.43183251E+16 -0.22140428E+15  0.87028161E+15 -0.19963420E+16  0.66427661E+16
 -0.25144527E+15 -0.22005521E+16 -0.20906081E+16 -0.23381795E+16  0.21227201E+16
 -0.16692444E+16  0.92475484E+16  0.83447009E+16 -0.32995541E+16 -0.49841940E+16
 -0.41260366E+16 -0.49539133E+16 -0.52899425E+16 -0.41464265E+16  0.76189313E+15
  0.18841961E+15  0.13649252E+17  0.35033842E+17  0.56471440E+17  0.12028424E+18
  0.23531959E+18  0.46382690E+18  0.98653582E+18  0.22514446E+19  0.51773073E+19
  0.12079746E+20  0.28187125E+20  0.50601921E+20  0.33607227E+20  0.99305093E+19
 -0.20410658E+19 -0.88019484E+19 -0.12306103E+20 -0.13666627E+20 -0.13682547E+20
 -0.13048684E+20 -0.12157910E+20 -0.11197077E+20 -0.10259577E+20 -0.93871215E+19
 -0.85999931E+19 -0.78952630E+19 -0.72617747E+19 -0.66826419E+19 -0.60902355E+19
 -0.52966319E+19 -0.39250377E+19 -0.18559289E+19 -0.32084521E+18
 -0.18232633E+16  0.14411221E+17 -0.18296631E+16 -0.11284130E+16 -0.54715080E+15
 -0.15547963E+16 -0.18706322E+16 -0.18876870E+16 -0.20604717E+15  0.63687063E+15
  0.60976788E+16 -0.22470770E+15  0.77400865E+15 -0.20731695E+16  0.47304711E+16
  0.60157375E+14 -0.22498424E+16 -0.21576088E+16 -0.24240328E+16  0.20654895E+16
 -0.46113811E+16  0.18482891E+17  0.11724560E+16  0.11769471E+17  0.34611243E+16
 -0.48100067E+16 -0.44146834E+16 -0.46317880E+16 -0.29234351E+16 -0.40204425E+14
  0.12215758E+16  0.13582905E+17  0.47842729E+17  0.59232549E+17  0.12180310E+18
  0.24259243E+18  0.47635847E+18  0.10241069E+19  0.22508861E+19  0.48670534E+19
  0.11403046E+20  0.27064077E+20  0.52081953E+20  0.36681707E+20  0.12016773E+20
 -0.10161410E+19 -0.81420586E+19 -0.11806135E+20 -0.13282726E+20 -0.13338482E+20
 -0.12712505E+20 -0.11831863E+20 -0.10880966E+20 -0.99572106E+19 -0.91031867E+19
 -0.83296665E+19 -0.76418883E+19 -0.70242000E+19 -0.64627210E+19 -0.58899436E+19
 -0.51297918E+19 -0.38128488E+19 -0.18113889E+19 -0.31416327E+18
 -0.17953181E+16 -0.17976894E+16 -0.18024964E+16 -0.75973749E+15 -0.52101834E+15
 -0.15222420E+16 -0.18487340E+16 -0.18565310E+16 -0.96604989E+15 -0.11284650E+15
  0.66479857E+16 -0.27599900E+15  0.67793795E+15 -0.20860096E+16  0.23372505E+16
  0.59213892E+15 -0.23100996E+16 -0.22485778E+16 -0.25505778E+16  0.18850024E+16
 -0.13826634E+16  0.19041958E+17  0.21356221E+16  0.23352676E+17  0.63052450E+15
 -0.15617946E+16 -0.39331185E+16 -0.40814503E+16 -0.24818857E+16  0.10271444E+16
  0.18034803E+16  0.96155400E+16  0.42532500E+17  0.61988826E+17  0.12451147E+18
  0.24225773E+18  0.47582398E+18  0.10480114E+19  0.21924596E+19  0.47380298E+19
  0.11109821E+20  0.26183532E+20  0.50446053E+20  0.40591310E+20  0.13274482E+20
 -0.20381168E+18 -0.76061950E+19 -0.11322602E+20 -0.12856684E+20 -0.12941845E+20
 -0.12343709E+20 -0.11479796E+20 -0.10540311E+20 -0.96363460E+19 -0.88025062E+19
 -0.80473403E+19 -0.73770246E+19 -0.67779725E+19 -0.62359181E+19 -0.56844936E+19
 -0.49545187E+19 -0.36919816E+19 -0.17614124E+19 -0.30654362E+18
 -0.13926775E+16 -0.13946977E+16 -0.13987958E+16 -0.12444293E+16 -0.39160988E+15
 -0.11745151E+16 -0.14383789E+16 -0.14387347E+16 -0.74517658E+15 -0.22255288E+15
  0.56505831E+16 -0.24820902E+15  0.47330665E+15 -0.16473301E+16  0.17917871E+16
  0.45736906E+15 -0.18608063E+16 -0.18440307E+16 -0.21364742E+16  0.10894111E+16
 -0.44917402E+15  0.13950947E+17  0.19504144E+16  0.28719191E+16  0.22774215E+17
  0.31076473E+15 -0.28590196E+16 -0.29349969E+16 -0.18931242E+16  0.16518823E+16
  0.27657572E+16  0.82803110E+16  0.31968993E+17  0.52611035E+17  0.99572897E+17
  0.18692083E+18  0.39282821E+18  0.78860713E+18  0.17394329E+19  0.35929966E+19
  0.82640028E+19  0.19788086E+20  0.39440898E+20  0.32855383E+20  0.11666696E+20
  0.32371771E+18 -0.56091316E+19 -0.85979956E+19 -0.98215712E+19 -0.99046480E+19
 -0.94425075E+19 -0.87819375E+19 -0.80525950E+19 -0.73557424E+19 -0.67127824E+19
 -0.61325089E+19 -0.56206078E+19 -0.51650733E+19 -0.47490987E+19 -0.43289717E+19
 -0.37759794E+19 -0.28189789E+19 -0.13494613E+19 -0.23553739E+18
 -0.15638567E+16 -0.15662954E+16 -0.15712447E+16 -0.14045477E+16 -0.42632109E+15
 -0.13118909E+16 -0.16191806E+16 -0.16224346E+16 -0.83139578E+15  0.27262165E+16
  0.76651525E+15 -0.31032328E+15  0.48289573E+15 -0.18765988E+16  0.20004132E+16
  0.52390529E+15 -0.21483303E+16 -0.21497273E+16 -0.25073478E+16  0.11091787E+16
 -0.51528334E+15  0.14068911E+17  0.26107125E+16 -0.29674903E+16 -0.10229661E+16
  0.16030762E+15 -0.30238248E+16 -0.30532798E+16 -0.16920248E+16  0.67228519E+16
  0.36824434E+16  0.11355652E+17  0.37351483E+17  0.54280973E+17  0.11662169E+18
  0.22374949E+18  0.45171661E+18  0.90072147E+18  0.19392091E+19  0.40675764E+19
  0.93770522E+19  0.22180665E+20  0.45058888E+20  0.39131855E+20  0.14113008E+20
  0.80612217E+18 -0.60843845E+19 -0.94481585E+19 -0.10845208E+20 -0.10959785E+20
 -0.10456364E+20 -0.97209243E+19 -0.89069998E+19 -0.81345210E+19 -0.74159895E+19
 -0.67729186E+19 -0.62041131E+19 -0.56988288E+19 -0.52418067E+19 -0.47779452E+19
 -0.41692870E+19 -0.31184488E+19 -0.14965577E+19 -0.26196138E+18
 -0.17583160E+16 -0.17612463E+16 -0.17671952E+16 -0.15871541E+16 -0.46116599E+15
 -0.14862053E+16 -0.18040915E+16 -0.18316797E+16 -0.92594937E+15  0.41311990E+16
 -0.19456484E+16 -0.38247249E+15  0.49154241E+15 -0.21380486E+16  0.22475600E+16
  0.61281327E+15 -0.24711423E+16 -0.24876710E+16 -0.28926355E+16  0.12370742E+16
 -0.73613642E+15  0.13689859E+17  0.29893632E+16 -0.31969110E+16  0.22280993E+16
 -0.81421002E+14 -0.32370453E+16 -0.31375660E+16 -0.20424729E+16 -0.13228629E+15
  0.42382435E+16  0.12342250E+17  0.40164228E+17  0.63429353E+17  0.14240722E+18
  0.25717701E+18  0.51525002E+18  0.10946957E+19  0.22031488E+19  0.47635226E+19
  0.10674531E+20  0.25105040E+20  0.51243735E+20  0.44769599E+20  0.16483072E+20
  0.12715481E+19 -0.65736118E+19 -0.10410594E+20 -0.11958053E+20 -0.12108449E+20
 -0.11557713E+20 -0.10733740E+20 -0.98394097E+19 -0.89789225E+19 -0.81868695E+19
 -0.74701602E+19 -0.68399238E+19 -0.62789870E+19 -0.57756683E+19 -0.52671725E+19
 -0.45986464E+19 -0.34431394E+19 -0.16565658E+19 -0.29097100E+18
 -0.19790991E+16 -0.19826003E+16 -0.19897096E+16 -0.17951485E+16 -0.49410744E+15
 -0.20347535E+16 -0.16591738E+16 -0.20696650E+16 -0.10280525E+16  0.49261149E+16
 -0.22042306E+16  0.34583960E+15  0.49610610E+15 -0.24341312E+16  0.25367587E+16
  0.74149529E+15 -0.28345480E+16 -0.28645152E+16 -0.33090899E+16  0.14391882E+16
 -0.10087323E+16  0.13054654E+17  0.46661171E+16 -0.29339044E+16  0.47686843E+16
  0.21141941E+16 -0.92961445E+15 -0.33860107E+16 -0.23809516E+16 -0.90661009E+15
  0.51930985E+16  0.14277793E+17  0.48542500E+17  0.75694189E+17  0.15776696E+18
  0.31022763E+18  0.62871529E+18  0.13047652E+19  0.25823337E+19  0.54589435E+19
  0.11967550E+20  0.28353681E+20  0.58486003E+20  0.50396105E+20  0.18675449E+20
  0.16657477E+19 -0.70930704E+19 -0.11406376E+20 -0.13171656E+20 -0.13343769E+20
 -0.12739738E+20 -0.11826059E+20 -0.10840535E+20 -0.98854442E+19 -0.90024324E+19
 -0.82139449E+19 -0.75214912E+19 -0.69074219E+19 -0.63510359E+19 -0.57924808E+19
 -0.50601373E+19 -0.37916913E+19 -0.18275472E+19 -0.32214088E+18
 -0.22295694E+16 -0.22337285E+16 -0.22421739E+16 -0.20317180E+16 -0.52209197E+15
 -0.22956997E+16 -0.18519079E+16 -0.23398504E+16 -0.11375754E+16  0.59075837E+16
 -0.24970069E+16  0.16328921E+16  0.49609548E+15 -0.27698253E+16  0.28957903E+16
  0.92858914E+15 -0.32456560E+16 -0.32532692E+16 -0.38137738E+16  0.17050836E+16
 -0.13363407E+16  0.18417713E+17  0.80117114E+16 -0.40308807E+16  0.47289050E+16
 -0.30220232E+16 -0.43574005E+16 -0.37433937E+16 -0.23011906E+16 -0.72306893E+15
  0.58342801E+16  0.15243121E+17  0.58236611E+17  0.84889431E+17  0.19910759E+18
  0.35870227E+18  0.78046435E+18  0.15055742E+19  0.31043702E+19  0.63507315E+19
  0.13964174E+20  0.32273313E+20  0.64118350E+20  0.55200109E+20  0.20187819E+20
  0.17765397E+19 -0.78195084E+19 -0.12507311E+20 -0.14457179E+20 -0.14647473E+20
 -0.13986013E+20 -0.12965663E+20 -0.11836606E+20 -0.10840224E+20 -0.98713813E+19
 -0.90053394E+19 -0.82458281E+19 -0.75716305E+19 -0.69629586E+19 -0.63520960E+19
 -0.55495693E+19 -0.41608247E+19 -0.20079085E+19 -0.35524253E+18
 -0.25129908E+16 -0.25178801E+16 -0.25278076E+16 -0.23003249E+16 -0.54555865E+15
 -0.25907257E+16 -0.20643535E+16 -0.26428946E+16 -0.12547191E+16  0.71326026E+16
 -0.28331621E+16  0.20760219E+16 -0.12016596E+15 -0.31508113E+16  0.33452150E+16
  0.12584417E+16 -0.37132789E+16 -0.36900928E+16 -0.44030219E+16  0.52131707E+16
 -0.17202914E+16  0.10513637E+17  0.10639227E+17 -0.46101516E+16  0.46032802E+16
 -0.31257036E+16 -0.47280067E+16 -0.42365533E+16 -0.98523593E+14 -0.51308364E+15
  0.62078353E+16  0.20000031E+17  0.60710509E+17  0.11966718E+18  0.23514256E+18
  0.44039794E+18  0.91448666E+18  0.17813689E+19  0.35658784E+19  0.74933332E+19
  0.16143765E+20  0.38519802E+20  0.71600495E+20  0.57726316E+20  0.21548366E+20
  0.16447091E+19 -0.86420767E+19 -0.13705599E+20 -0.15771331E+20 -0.15978995E+20
 -0.15228179E+20 -0.14139495E+20 -0.12958122E+20 -0.11820540E+20 -0.10766674E+20
 -0.98277381E+19 -0.89970690E+19 -0.82611207E+19 -0.75980172E+19 -0.69309524E+19
 -0.60536136E+19 -0.45372265E+19 -0.21910155E+19 -0.38936375E+18
 -0.28333034E+16 -0.28390534E+16 -0.25454194E+16 -0.26049143E+16 -0.55829936E+15
 -0.29217254E+16 -0.22959640E+16 -0.29889974E+16 -0.13745316E+16  0.86941284E+16
 -0.32113092E+16  0.26726001E+16 -0.34301963E+16 -0.35837909E+16  0.39872969E+16
  0.18790482E+16 -0.42475087E+16 -0.42124691E+16 -0.50793296E+16  0.23909184E+17
  0.27031848E+17  0.11638682E+17  0.24113948E+17 -0.50904625E+16  0.43376674E+16
 -0.35718007E+16 -0.46248726E+16 -0.45628111E+16  0.28225512E+17  0.90808812E+14
  0.63982696E+16  0.23863226E+17  0.74949772E+17  0.15559738E+18  0.29238252E+18
  0.53317139E+18  0.10681955E+19  0.21323850E+19  0.44968062E+19  0.91566671E+19
  0.20255585E+20  0.45395696E+20  0.78558353E+20  0.58547549E+20  0.20696286E+20
  0.79649620E+18 -0.97255153E+19 -0.14950105E+20 -0.17099084E+20 -0.17278616E+20
 -0.16464304E+20 -0.15286081E+20 -0.14013368E+20 -0.12793829E+20 -0.11663715E+20
 -0.10651744E+20 -0.97532485E+19 -0.89585212E+19 -0.82418810E+19 -0.75153666E+19
 -0.65608393E+19 -0.49122369E+19 -0.23694314E+19 -0.42316180E+18
 -0.31958389E+16 -0.32025796E+16 -0.27568385E+16 -0.29501012E+16 -0.55133715E+15
 -0.32996639E+16 -0.25458812E+16 -0.33903960E+16 -0.14452082E+16  0.10655585E+17
 -0.36395836E+16  0.34802378E+16 -0.38966719E+16  0.30333847E+17  0.47501840E+16
  0.33286697E+16 -0.48591724E+16 -0.46307150E+16 -0.44291644E+16  0.55756493E+17
 -0.28468368E+16  0.32340392E+16  0.25398234E+17 -0.56347317E+16  0.40794115E+16
 -0.57785346E+16 -0.28604208E+16 -0.50595948E+16  0.19148503E+17  0.97558296E+15
  0.79444844E+16  0.32381304E+17  0.11543133E+18  0.17798690E+18  0.32647658E+18
  0.66558808E+18  0.13564272E+19  0.26901106E+19  0.53983575E+19  0.11411205E+20
  0.25618949E+20  0.56374426E+20  0.84836179E+20  0.55223749E+20  0.17885886E+20
 -0.75412558E+18 -0.11058868E+20 -0.16230965E+20 -0.18372604E+20 -0.18487132E+20
 -0.17623305E+20 -0.16370603E+20 -0.15022930E+20 -0.13721500E+20 -0.12517410E+20
 -0.11439228E+20 -0.10481480E+20 -0.96361951E+19 -0.88659715E+19 -0.80830138E+19
 -0.70509781E+19 -0.52641572E+19 -0.25321784E+19 -0.45466932E+18
 -0.36062115E+16 -0.35801527E+16 -0.31665916E+16 -0.33509610E+16 -0.50497813E+15
 -0.37278340E+16 -0.28120690E+16 -0.38397798E+16 -0.14689141E+16  0.69213538E+16
 -0.41260610E+16  0.45800944E+16 -0.44276778E+16  0.25756443E+15  0.52194867E+16
  0.68239901E+16 -0.55593369E+16 -0.52034399E+16 -0.18710554E+16 -0.53155239E+16
 -0.30995270E+16  0.31707629E+16  0.32646634E+17 -0.15654278E+16 -0.11679166E+16
 -0.64457453E+16 -0.29787167E+16 -0.56604168E+16 -0.18454518E+16  0.15628040E+17
  0.16330249E+17  0.40793077E+17  0.10643733E+18  0.20543199E+18  0.44618075E+18
  0.81618947E+18  0.16674702E+19  0.33879893E+19  0.68640232E+19  0.14716732E+20
  0.32826227E+20  0.69279306E+20  0.85895510E+20  0.48017961E+20  0.14319476E+20
 -0.29775575E+19 -0.12520835E+20 -0.17548646E+20 -0.19542210E+20 -0.19551912E+20
 -0.18624079E+20 -0.17318720E+20 -0.15908690E+20 -0.14547621E+20 -0.13289433E+20
 -0.12156011E+20 -0.11150411E+20 -0.10259089E+20 -0.94415172E+19 -0.86072113E+19
 -0.74933569E+19 -0.55699908E+19 -0.26655550E+19 -0.48151580E+18
 -0.40710422E+16  0.15487482E+17  0.14121892E+16 -0.16910924E+16 -0.17366026E+15
 -0.42132937E+16 -0.30906316E+16 -0.43444012E+16 -0.15584026E+16 -0.75150508E+15
 -0.46792400E+16  0.60878564E+16 -0.50326526E+16 -0.83927304E+14 -0.58678661E+14
  0.78025245E+16 -0.63399664E+16 -0.58510763E+16 -0.15040378E+16 -0.68788721E+16
 -0.41058017E+16  0.22198215E+15  0.27547131E+17 -0.54324649E+16 -0.67527891E+16
 -0.50618504E+16 -0.26175076E+16 -0.62260588E+16 -0.38120716E+16  0.21352034E+17
  0.31611970E+17  0.55550545E+17  0.13161049E+18  0.23279235E+18  0.53056136E+18
  0.10873470E+19  0.21617404E+19  0.45151879E+19  0.91141106E+19  0.19338129E+20
  0.42817757E+20  0.81232987E+20  0.82309044E+20  0.37400683E+20  0.97964984E+19
 -0.56090948E+19 -0.14425763E+20 -0.18851350E+20 -0.20571993E+20 -0.20442753E+20
 -0.19414673E+20 -0.18058791E+20 -0.16619778E+20 -0.15219781E+20 -0.13927320E+20
 -0.12759247E+20 -0.11720044E+20 -0.10788385E+20 -0.99355316E+19 -0.90550549E+19
 -0.78566604E+19 -0.58020462E+19 -0.27548537E+19 -0.50101038E+18
 -0.45981216E+16  0.20327019E+16  0.13206698E+17 -0.45812432E+16  0.89016877E+14
 -0.47643110E+16 -0.33392866E+16 -0.49176498E+16 -0.16192722E+16 -0.74824021E+15
  0.25772754E+16  0.18406433E+15 -0.57207766E+16 -0.41463238E+15 -0.28954163E+16
  0.91188266E+16 -0.70084981E+16 -0.68784260E+16 -0.20788551E+16 -0.83160021E+16
 -0.50303920E+16 -0.21563703E+16  0.27349687E+17 -0.44641844E+16 -0.78616589E+16
  0.61368285E+16 -0.21099790E+16 -0.27432429E+16  0.65841808E+16  0.80400827E+16
  0.88445731E+17  0.57244336E+17  0.15776200E+18  0.30868509E+18  0.65064992E+18
  0.14075237E+19  0.27731540E+19  0.56856859E+19  0.12240401E+20  0.26349357E+20
  0.56550056E+20  0.89820773E+20  0.68977743E+20  0.28270728E+20  0.47661244E+19
 -0.87407953E+19 -0.16311161E+20 -0.20118130E+20 -0.21380533E+20 -0.21065222E+20
 -0.19968736E+20 -0.18579226E+20 -0.17115895E+20 -0.15703611E+20 -0.14394427E+20
 -0.13213291E+20 -0.12150216E+20 -0.11198005E+20 -0.10315155E+20 -0.93855959E+19
 -0.81099722E+19 -0.59329759E+19 -0.27873904E+19 -0.51055462E+18
 -0.51964664E+16  0.21361457E+16  0.12792123E+17  0.14085970E+17  0.40891269E+15
  0.14474311E+17  0.24806429E+17 -0.23636043E+16 -0.16506196E+16 -0.72330486E+15
  0.87936700E+16 -0.40271902E+16 -0.64844223E+16 -0.66472560E+15  0.32521514E+16
  0.11229576E+17 -0.71332531E+16 -0.90152070E+16 -0.12708159E+16 -0.92300214E+16
 -0.59833091E+16  0.76848026E+15 -0.52432125E+15 -0.58845694E+16 -0.85792734E+16
  0.75677543E+16 -0.59443940E+16  0.11620373E+17  0.11280577E+17  0.64345863E+16
  0.32821803E+17  0.81886732E+17  0.18031618E+18  0.40207066E+18  0.89074393E+18
  0.17683124E+19  0.35912690E+19  0.76549261E+19  0.16453513E+20  0.35852765E+20
  0.72339475E+20  0.94034661E+20  0.55632232E+20  0.18236349E+20 -0.67927234E+18
 -0.11880870E+20 -0.18098613E+20 -0.21218130E+20 -0.21955970E+20 -0.21410707E+20
 -0.20236624E+20 -0.18830692E+20 -0.17372485E+20 -0.15956833E+20 -0.14649217E+20
 -0.13473702E+20 -0.12406504E+20 -0.11445822E+20 -0.10496036E+20 -0.95749550E+19
 -0.82219439E+19 -0.59395447E+19 -0.27523438E+19 -0.50851802E+18
 -0.58747842E+16  0.17252311E+16  0.22600570E+16  0.43100757E+17  0.12295885E+17
  0.17378218E+17 -0.31523444E+16  0.56980020E+16 -0.16199915E+16 -0.64608557E+15
  0.30465759E+16 -0.45851774E+16 -0.73328048E+16  0.38377225E+15  0.47975977E+16
  0.12717503E+17 -0.80523894E+16 -0.10301098E+17  0.35318276E+14 -0.10171955E+17
 -0.65388821E+16  0.40857535E+17 -0.48821264E+16 -0.73324177E+16 -0.94831229E+16
  0.14038378E+17 -0.84897269E+16  0.19963568E+17  0.76978107E+16  0.20168398E+17
  0.33709063E+17  0.11224277E+18  0.22413830E+18  0.54955714E+18  0.11642952E+19
  0.22486726E+19  0.49703418E+19  0.10634276E+20  0.23059825E+20  0.49149365E+20
  0.89617485E+20  0.83663691E+20  0.37932401E+20  0.96276530E+19 -0.57904183E+19
 -0.14951166E+20 -0.19866994E+20 -0.22102751E+20 -0.22327851E+20 -0.21548518E+20
 -0.20282597E+20 -0.18839642E+20 -0.17382832E+20 -0.15984820E+20 -0.14701004E+20
 -0.13486388E+20 -0.12479741E+20 -0.11521582E+20 -0.10607242E+20 -0.96067816E+19
 -0.81809061E+19 -0.58148794E+19 -0.26486356E+19 -0.49423463E+18
 -0.66465140E+16  0.15760306E+16  0.53359467E+16 -0.65801333E+16  0.29850951E+16
 -0.68891110E+16  0.68682322E+16 -0.26403546E+16 -0.41168890E+16  0.21476563E+16
 -0.77626004E+16 -0.52113455E+16 -0.83696492E+16  0.17366046E+16  0.17972060E+17
  0.18815184E+17 -0.71932268E+16 -0.94216939E+16 -0.31311315E+16  0.25346717E+17
 -0.23936836E+16  0.25608425E+17 -0.57847415E+16 -0.99146233E+16 -0.92061399E+16
  0.88128115E+16 -0.89931689E+16  0.23450855E+17 -0.25940356E+16  0.24489377E+17
  0.46663230E+17  0.12655342E+18  0.28845289E+18  0.65883364E+18  0.14845900E+19
  0.30287531E+19  0.64687885E+19  0.14296583E+20  0.31119637E+20  0.65706759E+20
  0.95829736E+20  0.64872858E+20  0.24544884E+20  0.22585340E+19 -0.10533927E+20
 -0.17689829E+20 -0.21461334E+20 -0.22738947E+20 -0.22467549E+20 -0.21451544E+20
 -0.20095174E+20 -0.18626578E+20 -0.17177934E+20 -0.15812755E+20 -0.14555630E+20
 -0.13410984E+20 -0.12378158E+20 -0.11429241E+20 -0.10513250E+20 -0.94765342E+19
 -0.79811696E+19 -0.55628313E+19 -0.24833809E+19 -0.46873739E+18
 -0.75245137E+16  0.14223932E+16  0.55470933E+16 -0.74820498E+16  0.77971228E+16
 -0.78028561E+16  0.93241547E+16 -0.37082631E+16 -0.81684052E+16  0.68063465E+16
 -0.88123586E+16 -0.59082208E+16 -0.81033185E+16  0.21710168E+16  0.19954190E+17
  0.16236278E+17  0.18820746E+17  0.19183195E+16 -0.58684936E+15  0.24310835E+17
  0.14238343E+17 -0.37656883E+16  0.19097577E+17 -0.11072098E+17 -0.10421538E+17
  0.17276675E+17  0.65608615E+16  0.13365350E+17  0.10657041E+17  0.41793947E+17
  0.55737448E+17  0.14428629E+18  0.36485264E+18  0.82887492E+18  0.18474062E+19
  0.41080560E+19  0.88747883E+19  0.19633051E+20  0.43520699E+20  0.82820638E+20
  0.88958934E+20  0.44894875E+20  0.12514804E+20 -0.46614281E+19 -0.14632767E+20
 -0.20139220E+20 -0.22689215E+20 -0.23143378E+20 -0.22425048E+20 -0.21193962E+20
 -0.19731550E+20 -0.18250027E+20 -0.16812002E+20 -0.15474727E+20 -0.14247882E+20
 -0.13133257E+20 -0.12125701E+20 -0.11194284E+20 -0.10273891E+20 -0.92014366E+19
 -0.76443255E+19 -0.52052761E+19 -0.22731566E+19 -0.43456631E+18
 -0.85151837E+16  0.26452789E+15  0.90117245E+16 -0.85057382E+16  0.89592504E+16
 -0.88467074E+16 -0.34988642E+16 -0.48457464E+16 -0.92821222E+16  0.88873270E+16
 -0.99975497E+16 -0.66740792E+16 -0.25881950E+15 -0.37241472E+16 -0.57710260E+16
  0.70603567E+16 -0.11082984E+17  0.14471135E+16  0.29069928E+16  0.58930184E+17
 -0.22486576E+15 -0.56137525E+16 -0.87690572E+15 -0.10336351E+17 -0.12210681E+17
 -0.70190590E+16  0.25080726E+17  0.73538796E+16  0.20557091E+17  0.35913572E+17
  0.77280296E+17  0.17078566E+18  0.45451135E+18  0.10730402E+19  0.23365508E+19
  0.52915280E+19  0.11691357E+20  0.26976307E+20  0.58198725E+20  0.95489488E+20
  0.73018923E+20  0.28268887E+20  0.35702007E+19 -0.10373738E+20 -0.18147877E+20
 -0.22230193E+20 -0.23557566E+20 -0.23242165E+20 -0.22234127E+20 -0.20820484E+20
 -0.19289960E+20 -0.17777080E+20 -0.16352804E+20 -0.15040033E+20 -0.13842094E+20
 -0.12758818E+20 -0.11770250E+20 -0.10854103E+20 -0.99296095E+19 -0.88244164E+19
 -0.72090013E+19 -0.47844364E+19 -0.20399318E+19 -0.39555013E+18
 -0.95620083E+16 -0.62591593E+16  0.16487934E+17 -0.94106548E+16  0.20377596E+17
 -0.10025671E+17 -0.57437395E+16 -0.31794971E+16 -0.10536848E+17  0.39786226E+16
 -0.11331953E+17 -0.75170953E+16  0.43321478E+16 -0.48726241E+16 -0.68163078E+16
  0.13523488E+16 -0.12060161E+17 -0.88623305E+16  0.46064235E+16  0.42774491E+17
  0.28130880E+16 -0.50400254E+16  0.12298828E+17 -0.13828094E+17 -0.13856990E+17
 -0.12521746E+17  0.10033701E+17 -0.40818152E+16  0.41092048E+16  0.37539877E+17
  0.11418173E+18  0.24700749E+18  0.54378668E+18  0.13393066E+19  0.31493231E+19
  0.68832519E+19  0.15467738E+20  0.35340299E+20  0.72449700E+20  0.94686768E+20
  0.53779483E+20  0.14465819E+20 -0.42137930E+19 -0.15154287E+20 -0.21030459E+20
 -0.23744644E+20 -0.24141297E+20 -0.23288509E+20 -0.21954303E+20 -0.20388195E+20
 -0.18790059E+20 -0.17277868E+20 -0.15864774E+20 -0.14570174E+20 -0.13397904E+20
 -0.12341576E+20 -0.11376995E+20 -0.10468296E+20 -0.95309007E+19 -0.83853336E+19
 -0.67235073E+19 -0.43443432E+19 -0.18075959E+19 -0.35590181E+18
 -0.10782919E+17 -0.73338025E+16  0.31501503E+17 -0.94867732E+16  0.14283539E+17
 -0.11332052E+17 -0.11573580E+17  0.26590887E+16 -0.11804132E+17  0.11321627E+16
 -0.12852521E+17 -0.84133717E+16  0.12803643E+17 -0.18154153E+16 -0.18908678E+16
 -0.43101704E+16 -0.12947431E+17 -0.11313616E+17 -0.96141728E+16 -0.25360753E+15
 -0.54546982E+16 -0.82068070E+16  0.14789004E+17 -0.15271690E+17 -0.14667061E+17
 -0.13542832E+17 -0.49801209E+16 -0.27917679E+16  0.16455009E+17  0.52477205E+17
  0.16713149E+18  0.28938321E+18  0.71245968E+18  0.16618378E+19  0.38398476E+19
  0.88260700E+19  0.20058446E+20  0.45822207E+20  0.88562914E+20  0.85348579E+20
  0.34504399E+20  0.51398100E+19 -0.10210802E+20 -0.18965411E+20 -0.23438970E+20
 -0.24872046E+20 -0.24532985E+20 -0.23305564E+20 -0.21699274E+20 -0.20009338E+20
 -0.18371806E+20 -0.16828571E+20 -0.15418909E+20 -0.14142810E+20 -0.12989541E+20
 -0.11948896E+20 -0.10999769E+20 -0.10092808E+20 -0.91385529E+19 -0.79483054E+19
 -0.62491264E+19 -0.39264487E+19 -0.15967432E+19 -0.32110101E+18
 -0.11997821E+17 -0.88046632E+16  0.21787898E+16 -0.83001900E+16 -0.30263149E+16
 -0.59809816E+16 -0.32695604E+16  0.32899020E+16 -0.10619211E+17 -0.29488512E+16
 -0.14478602E+17 -0.93236855E+16  0.54954323E+16  0.51625621E+16 -0.30977659E+16
 -0.14958868E+17  0.13574094E+17 -0.13860301E+17 -0.11708938E+17  0.14452129E+17
 -0.29942516E+16 -0.84583362E+16  0.21636129E+17 -0.16803443E+17 -0.16529521E+17
 -0.12101366E+17 -0.28146043E+16  0.10162342E+17  0.23776958E+17  0.84573625E+17
  0.14270258E+18  0.34408597E+18  0.85135466E+18  0.21063372E+19  0.48079651E+19
  0.10864076E+20  0.25439840E+20  0.57737655E+20  0.96736469E+20  0.67352476E+20
  0.21132469E+20 -0.21609504E+19 -0.15284744E+20 -0.22226382E+20 -0.25359697E+20
 -0.25837215E+20 -0.24901249E+20 -0.23333454E+20 -0.21562541E+20 -0.19775592E+20
 -0.18083396E+20 -0.16525449E+20 -0.15110999E+20 -0.13834974E+20 -0.12689531E+20
 -0.11655487E+20 -0.10706642E+20 -0.97928131E+19 -0.88123883E+19 -0.75761517E+19
 -0.58384109E+19 -0.35716418E+19 -0.14231448E+19 -0.29334187E+18
 -0.13269577E+17 -0.10028155E+17  0.21890901E+16 -0.10851537E+17 -0.43951347E+16
 -0.14377836E+17  0.19563004E+17  0.26069136E+16 -0.32853028E+16 -0.15666398E+17
 -0.16235938E+17 -0.75039090E+16 -0.17348442E+17  0.15191691E+17 -0.48792272E+16
 -0.12741060E+17  0.31070685E+17 -0.12301491E+17 -0.11539157E+17  0.28776483E+17
  0.13585875E+17  0.23064692E+16  0.61543457E+16 -0.18527567E+17 -0.18339216E+17
 -0.13680174E+17  0.17517242E+17  0.25795197E+17  0.12780748E+17  0.73154344E+17
  0.17471396E+18  0.40882873E+18  0.10672473E+19  0.25126584E+19  0.58585661E+19
  0.13304657E+20  0.31168896E+20  0.69408558E+20  0.96564303E+20  0.50688364E+20
  0.10424232E+20 -0.84770786E+19 -0.19362424E+20 -0.25091672E+20 -0.27054732E+20
 -0.26784689E+20 -0.25424733E+20 -0.23609948E+20 -0.21677290E+20 -0.19798888E+20
 -0.18049834E+20 -0.16458092E+20 -0.15022636E+20 -0.13733434E+20 -0.12580515E+20
 -0.11539731E+20 -0.10579699E+20 -0.96435611E+19 -0.86227818E+19 -0.73281136E+19
 -0.55426996E+19 -0.33129796E+19 -0.12990754E+19 -0.27356914E+18
 -0.15174362E+17 -0.10401875E+17 -0.11506521E+17 -0.70152885E+16 -0.54667592E+16
 -0.16064639E+17 -0.91373298E+16  0.26751879E+17  0.52486557E+17 -0.17467691E+17
 -0.18097508E+17 -0.54388072E+16 -0.19316736E+17  0.11895297E+17  0.59631791E+17
 -0.45606934E+16  0.27278264E+16  0.14968191E+17  0.71829507E+15  0.32430591E+17
  0.27186885E+17  0.37323182E+17  0.83797840E+16  0.24276960E+16  0.88074757E+16
 -0.78655506E+16  0.25461879E+17  0.24816422E+17  0.91459590E+16  0.87994138E+17
  0.19057209E+18  0.47647046E+18  0.11462897E+19  0.28068319E+19  0.65103471E+19
  0.15792552E+20  0.37403959E+20  0.79691969E+20  0.90954349E+20  0.36562422E+20
  0.33666037E+19 -0.13392100E+20 -0.22874410E+20 -0.27680087E+20 -0.28874862E+20
 -0.28041957E+20 -0.26372161E+20 -0.24324948E+20 -0.22187638E+20 -0.20249339E+20
 -0.18418092E+20 -0.16760640E+20 -0.15274018E+20 -0.13947659E+20 -0.12760280E+20
 -0.11688350E+20 -0.10695915E+20 -0.97217017E+19 -0.86468383E+19 -0.72782063E+19
 -0.54234442E+19 -0.31840774E+19 -0.12344994E+19 -0.26427965E+18
 -0.17120052E+17 -0.21415819E+16 -0.17296606E+17 -0.17268701E+17 -0.16144222E+16
 -0.17854067E+17 -0.18147283E+17 -0.90418528E+16  0.34495379E+17 -0.18718605E+17
 -0.20017539E+17 -0.14926476E+17 -0.21351400E+17 -0.10842971E+17  0.10045585E+18
  0.61694520E+17  0.55888375E+16  0.12934791E+17  0.54846722E+17  0.40014615E+17
 -0.84892066E+16  0.24493838E+16  0.27434625E+17 -0.19384890E+17 -0.22322294E+17
 -0.14455589E+17  0.44087001E+17  0.79457349E+16  0.12060206E+17  0.97637850E+17
  0.25899902E+18  0.65465970E+18  0.14790283E+19  0.34096053E+19  0.81871972E+19
  0.20313743E+20  0.47025256E+20  0.94629955E+20  0.89633360E+20  0.26496627E+20
 -0.26503783E+19 -0.17790901E+20 -0.26583653E+20 -0.30667396E+20 -0.31284456E+20
 -0.30077581E+20 -0.28066608E+20 -0.25789157E+20 -0.23507994E+20 -0.21360467E+20
 -0.19395569E+20 -0.17629507E+20 -0.16047986E+20 -0.14640417E+20 -0.13382174E+20
 -0.12245988E+20 -0.11192217E+20 -0.10152640E+20 -0.89982850E+19 -0.75292977E+19
 -0.55610063E+19 -0.32319334E+19 -0.12451314E+19 -0.26907391E+18
 -0.19657618E-06 -0.13948140E-10 -0.13632957E-10 -0.13151890E-10 -0.30669276E-07
 -0.12203065E-07 -0.41563203E-06 -0.93487576E-11 -0.78458608E-11 -0.17733453E-06
 -0.16363798E-07 -0.28358519E-06 -0.61392220E-06 -0.26130245E-07 -0.36593773E-06
 -0.14263934E-06  0.16525021E-10 -0.19068539E-07 -0.90415963E-06 -0.36069542E-06
  0.18638725E-08  0.16331302E-05 -0.71834187E-07 -0.31700164E-08 -0.13011186E-07
 -0.60459222E-09 -0.86434703E-08  0.14471929E-07 -0.21508901E-07 -0.90376145E-07
 -0.75853111E-06  0.73268444E-07 -0.19280576E-05  0.83734166E-06  0.16866684E-05
 -0.14557230E-04 -0.93903043E-05 -0.19225895E-04 -0.44045140E-04 -0.11617355E-03
 -0.17078421E-03 -0.61168821E-03 -0.22835049E-02 -0.51697987E-02 -0.70230797E-02
 -0.84525397E-02 -0.85732309E-02 -0.80932591E-02 -0.86182084E-02 -0.75759817E-02
 -0.70391130E-02 -0.61285213E-02 -0.56206215E-02 -0.48222534E-02 -0.35745760E-02
 -0.34120896E-02 -0.24946077E-02 -0.20192176E-02 -0.17597116E-02 -0.15002253E-02
 -0.10417372E-02 -0.87022627E-03 -0.44185255E-03 -0.20326796E-03
 -0.19682344E-06 -0.13761079E-10 -0.13453831E-10 -0.12984602E-10 -0.31131407E-07
 -0.13483503E-07 -0.10501806E-10 -0.92661275E-11 -0.77924804E-11 -0.18376163E-06
 -0.21982812E-07 -0.30733296E-06 -0.61416466E-06 -0.20527007E-05 -0.36581667E-06
 -0.10746437E-05  0.16649403E-10 -0.19825094E-07 -0.89706870E-06 -0.38305939E-06
 -0.45178347E-08 -0.21191203E-06 -0.34350477E-07 -0.98535977E-07 -0.10296265E-07
 -0.28662396E-08 -0.36367213E-07  0.45916347E-08 -0.42622843E-07  0.20386011E-06
 -0.14566920E-06  0.90413077E-07 -0.10679372E-05 -0.21284858E-06 -0.51873436E-05
 -0.54993248E-05 -0.16666281E-04 -0.49505485E-05 -0.12484065E-04 -0.48124993E-04
 -0.10115515E-03 -0.17195743E-03 -0.12517946E-02 -0.35651890E-02 -0.50358428E-02
 -0.65194972E-02 -0.71481042E-02 -0.73110028E-02 -0.61980863E-02 -0.64209609E-02
 -0.59866455E-02 -0.48196651E-02 -0.42263413E-02 -0.32108491E-02 -0.33843933E-02
 -0.26922899E-02 -0.22038034E-02 -0.17282296E-02 -0.11407618E-02 -0.12175547E-02
 -0.10193741E-02 -0.52636991E-03 -0.41197139E-03 -0.15058779E-03
 -0.19632354E-06 -0.13606530E-10 -0.13309183E-10 -0.12854805E-10  0.36143169E-06
 -0.14754327E-07 -0.10447164E-10 -0.92470108E-11 -0.78140163E-11 -0.18834192E-06
 -0.28930170E-07 -0.33223519E-06 -0.61362846E-06  0.16673425E-07  0.32081017E-05
 -0.17518762E-06  0.16640111E-10 -0.20513624E-07 -0.88802457E-06 -0.40479919E-06
 -0.51652021E-08 -0.95998710E-05 -0.79801341E-07  0.83466439E-08 -0.40426267E-07
 -0.21905100E-07 -0.81660238E-09 -0.12920695E-06 -0.67910465E-07 -0.14086477E-06
 -0.21375769E-05  0.60508269E-05 -0.40104106E-06 -0.18764387E-05 -0.41869215E-05
 -0.17802967E-05 -0.11698489E-04 -0.17494960E-04 -0.31094473E-04 -0.43575022E-04
  0.42534026E-04 -0.81177171E-05 -0.10094748E-02 -0.24986168E-02 -0.41482483E-02
 -0.52834890E-02 -0.58303207E-02 -0.61518338E-02 -0.62979201E-02 -0.51482024E-02
 -0.47950784E-02 -0.39945334E-02 -0.39030555E-02 -0.32768910E-02 -0.23987709E-02
 -0.21499808E-02 -0.21742607E-02 -0.14564365E-02 -0.14130612E-02 -0.70442478E-03
 -0.65490315E-03 -0.44365668E-03 -0.28183272E-03 -0.65384965E-04
 -0.19479856E-06 -0.13449324E-10 -0.13164051E-10 -0.12727820E-10 -0.11562396E-05
 -0.15968890E-07 -0.10412761E-10 -0.92569090E-11 -0.78751262E-11 -0.19170083E-06
 -0.37258123E-07 -0.34872643E-05 -0.60831250E-06 -0.12493200E-08 -0.43173336E-06
 -0.18154626E-06  0.16485734E-10 -0.21081633E-07 -0.87528777E-06 -0.40823912E-06
 -0.57077675E-08 -0.15485480E-04 -0.32992927E-06 -0.19316042E-06 -0.26240141E-07
  0.27637589E-07  0.57870005E-06 -0.22078218E-07 -0.15207262E-06 -0.10126846E-07
 -0.85259456E-06 -0.18481708E-05 -0.84444634E-06 -0.31193937E-05 -0.41859138E-05
 -0.55956728E-05 -0.65942717E-05 -0.11561613E-04  0.12875797E-04 -0.30557305E-04
  0.12736023E-04 -0.38607932E-05 -0.35898835E-03 -0.19448932E-02 -0.33523092E-02
 -0.44034790E-02 -0.52808035E-02 -0.55617936E-02 -0.45859856E-02 -0.47377511E-02
 -0.45141131E-02 -0.42375229E-02 -0.34581784E-02 -0.27551998E-02 -0.26673970E-02
 -0.12932363E-02 -0.92632585E-03 -0.15032475E-02 -0.87520318E-03 -0.99818023E-03
 -0.49387409E-03 -0.43857075E-03 -0.25294760E-03 -0.11363785E-03
  0.30345999E-05 -0.14356590E-06 -0.13004093E-10 -0.12588388E-10 -0.11808329E-06
 -0.17089015E-07 -0.10378188E-10 -0.92725658E-11 -0.24677710E-05 -0.19369147E-06
 -0.46955662E-07 -0.35817583E-06 -0.59963614E-06 -0.29838743E-07 -0.42926163E-06
 -0.18663460E-06  0.16198206E-10 -0.21511890E-07 -0.85881576E-06 -0.44297627E-06
 -0.36829317E-07 -0.22696698E-05  0.12815312E-07  0.65680724E-07 -0.79942663E-07
  0.67574043E-07  0.28166302E-06 -0.29014141E-07 -0.80270325E-07 -0.23393852E-06
 -0.91307900E-06 -0.95267459E-06 -0.34521484E-06 -0.71378596E-06 -0.64767341E-05
 -0.49850263E-05 -0.67774922E-05 -0.13522345E-04  0.14383380E-04 -0.65416359E-05
  0.10871861E-03  0.14155074E-03 -0.56267745E-04 -0.14830438E-02 -0.29043992E-02
 -0.33135486E-02 -0.43981806E-02 -0.46150442E-02 -0.39091602E-02 -0.40767614E-02
 -0.30732737E-02 -0.38819235E-02 -0.31423779E-02 -0.25542320E-02 -0.24507389E-02
 -0.20021537E-02 -0.16382437E-02 -0.12203435E-02 -0.69207006E-03 -0.91478847E-03
 -0.37685545E-03 -0.37650733E-03 -0.17173999E-03 -0.84899513E-04
 -0.13206251E-10 -0.30204435E-06 -0.12822661E-10 -0.12428839E-10 -0.12080360E-06
 -0.18135386E-07 -0.10330272E-10 -0.92779085E-11 -0.12033339E-07 -0.19477611E-06
 -0.58092895E-07 -0.35129841E-06 -0.58914093E-06 -0.30336630E-07 -0.45579651E-06
 -0.18679964E-06  0.15823240E-10 -0.21841515E-07 -0.84052686E-06 -0.45963655E-06
  0.16852235E-06 -0.30031656E-07 -0.22076513E-06  0.38328065E-07 -0.91331791E-08
 -0.92026547E-06 -0.41241264E-07 -0.35567255E-07 -0.79460604E-07  0.14231863E-06
 -0.75287325E-06 -0.14292737E-05 -0.19721836E-05 -0.37849574E-05 -0.13935828E-04
 -0.58943594E-05 -0.71667655E-05 -0.11442741E-04  0.67724301E-05  0.49713710E-04
  0.11111542E-03  0.26077336E-03 -0.28422387E-05 -0.76638674E-03 -0.21502763E-02
 -0.33742338E-02 -0.32698470E-02 -0.33732533E-02 -0.30688409E-02 -0.35732617E-02
 -0.31817189E-02 -0.24913432E-02 -0.24588963E-02 -0.16384649E-02 -0.96333403E-03
 -0.81907399E-03 -0.95376728E-03 -0.10886372E-02 -0.65621462E-03 -0.72984350E-03
 -0.24459106E-03 -0.21875288E-03 -0.15805061E-03 -0.24249024E-03
 -0.12969038E-10 -0.39619899E-06 -0.12607931E-10 -0.12236696E-10 -0.12293384E-06
 -0.19099036E-07 -0.10253150E-10 -0.92553946E-11 -0.21052599E-07 -0.19501041E-06
 -0.70636431E-07 -0.34353540E-06 -0.57701261E-06 -0.30680069E-07 -0.52582530E-05
 -0.17274968E-06  0.15425721E-10 -0.22062930E-07 -0.76069075E-06 -0.47457857E-06
  0.72952075E-06 -0.25585254E-06 -0.15018844E-05  0.62384440E-07 -0.36191059E-07
  0.14070351E-06 -0.45466092E-07 -0.64846304E-08 -0.95690840E-08  0.44248514E-06
 -0.73584055E-06 -0.16892148E-05 -0.22154947E-05 -0.26492616E-05 -0.53463826E-05
 -0.82132644E-05 -0.18816801E-04 -0.26082516E-04 -0.24723081E-04  0.23817441E-04
  0.11769202E-03  0.13892677E-03  0.27265577E-03 -0.39025969E-03 -0.19733657E-02
 -0.28541934E-02 -0.35496742E-02 -0.31996864E-02 -0.33217388E-02 -0.26180278E-02
 -0.27298388E-02 -0.20052713E-02 -0.96646193E-03 -0.14750175E-02 -0.13161955E-02
 -0.11655633E-02 -0.10665460E-02 -0.64891627E-03 -0.28276404E-03 -0.42920800E-03
 -0.45894795E-03 -0.42874364E-03 -0.25609384E-03 -0.15703314E-03
 -0.12688759E-10 -0.50898334E-06 -0.12350127E-10 -0.12001532E-10 -0.12451213E-06
 -0.19975041E-07 -0.10133321E-10 -0.91901410E-11 -0.28759280E-07 -0.23956075E-05
 -0.64683175E-05  0.24770490E-06 -0.56348100E-06 -0.69322537E-08 -0.30949961E-05
 -0.17695204E-06  0.15087366E-10 -0.22143209E-07  0.33714369E-10 -0.48666438E-06
  0.62635492E-06 -0.91502667E-06 -0.12181974E-06 -0.22942890E-07 -0.28165033E-07
  0.11335151E-06 -0.52842287E-07 -0.23540344E-06 -0.99906201E-07 -0.79518524E-06
 -0.11666099E-06 -0.24450555E-05 -0.13653303E-05 -0.43220763E-05 -0.72797928E-05
 -0.12191451E-04 -0.13451533E-04 -0.20720328E-04 -0.87078321E-05  0.27605108E-04
  0.30262308E-04  0.26963650E-03  0.21740169E-03 -0.49310020E-03 -0.15611853E-02
 -0.23676670E-02 -0.27087509E-02 -0.23255601E-02 -0.25016606E-02 -0.29412770E-02
 -0.24508604E-02 -0.13275237E-02 -0.21541815E-02 -0.14669195E-02 -0.95083092E-03
 -0.10519933E-02 -0.64296045E-03 -0.55252263E-03 -0.52512221E-03 -0.45501122E-03
 -0.30847954E-03 -0.16208170E-03 -0.43416540E-03 -0.16431991E-04
 -0.12357138E-10 -0.38618001E-06 -0.12040122E-10 -0.37360800E-06 -0.12532649E-06
 -0.20714295E-07 -0.99571755E-11 -0.90671057E-11  0.11142884E-05 -0.17501861E-06
 -0.14219179E-06 -0.32561590E-06 -0.54624989E-06  0.16583038E-11  0.41155795E-05
 -0.19960826E-06  0.14886048E-10 -0.21965756E-07  0.34622454E-10 -0.49271079E-06
  0.49657232E-07  0.11926894E-05 -0.71313095E-06 -0.20857586E-06 -0.75369281E-05
 -0.14769963E-07 -0.60526218E-07 -0.62284975E-07 -0.15523117E-06 -0.82521817E-06
 -0.34683914E-06 -0.13129628E-05 -0.36107113E-05 -0.22323690E-05 -0.10342643E-04
 -0.11772603E-04 -0.13938487E-04 -0.31218079E-04 -0.22322024E-04 -0.38209530E-04
  0.20710123E-04  0.12283146E-03  0.31670841E-03 -0.46067125E-03 -0.10622874E-02
 -0.11089682E-02 -0.27247471E-02 -0.25491350E-02 -0.17397641E-02 -0.21195710E-02
 -0.82954888E-03 -0.17123827E-02 -0.15099340E-02 -0.99655232E-03 -0.10912056E-02
 -0.78605743E-03 -0.21609016E-03 -0.37507519E-03 -0.42247360E-03 -0.57963791E-03
 -0.30510113E-03 -0.58934183E-04 -0.21787720E-03  0.25454373E-04
 -0.11973051E-10 -0.11875462E-10 -0.11676508E-10 -0.66469304E-06 -0.12541248E-06
 -0.21316867E-07 -0.97211632E-11 -0.52142108E-07 -0.86325751E-07  0.78130719E-06
 -0.18695144E-06 -0.31554550E-06 -0.52829597E-06  0.14617493E-11 -0.52213164E-06
 -0.23430712E-06  0.14891454E-10 -0.21624256E-07  0.36086984E-10 -0.49243372E-06
  0.37898318E-06  0.89375843E-06 -0.46088535E-07 -0.38739552E-06 -0.94643375E-07
  0.60882805E-07 -0.82216586E-07 -0.26105710E-07  0.48612666E-07 -0.86284514E-06
 -0.32875877E-06 -0.11453696E-05 -0.28672328E-05 -0.35020520E-05 -0.72166238E-05
 -0.10644777E-04 -0.25935994E-04 -0.23791291E-04 -0.45362817E-04 -0.11942807E-04
  0.39114711E-04  0.11246033E-03  0.40480560E-03 -0.39414619E-03 -0.95695372E-03
 -0.14632638E-02 -0.15915982E-02 -0.24756805E-02 -0.22933747E-02 -0.98488166E-03
 -0.20782294E-02 -0.13511819E-02 -0.15472750E-02 -0.17666813E-02 -0.11373542E-02
 -0.64762161E-03 -0.80089326E-03 -0.21713843E-03 -0.46103428E-03 -0.84711249E-03
 -0.35894329E-04  0.14199452E-03 -0.18724519E-03 -0.94648246E-05
 -0.91410335E-11 -0.90684597E-11 -0.89204680E-11 -0.87203021E-08 -0.98682747E-07
 -0.17172549E-07 -0.74619812E-11 -0.10147141E-09 -0.68100837E-07 -0.12198765E-06
 -0.17710600E-06 -0.24169791E-06 -0.40397336E-06  0.10679595E-11 -0.40720722E-06
 -0.18634611E-06  0.11824637E-10 -0.16737298E-07  0.30136976E-10 -0.37457817E-06
  0.29365943E-06  0.58328273E-06 -0.69483325E-07 -0.53600094E-07 -0.55268968E-06
  0.99955607E-07 -0.67113212E-07  0.24847663E-07  0.26753256E-07 -0.89138609E-06
 -0.22108977E-06 -0.10256176E-05 -0.24405265E-05 -0.20864772E-05 -0.57613216E-05
 -0.10972964E-04 -0.16585555E-04 -0.16469719E-04 -0.37331605E-04 -0.27301989E-04
 -0.40496035E-04 -0.96125940E-05 -0.81267648E-04 -0.31647986E-03 -0.10071342E-02
 -0.12600939E-02 -0.11881966E-02 -0.86291919E-03 -0.13040761E-02 -0.10546307E-02
 -0.14854711E-02 -0.68211315E-03 -0.11744610E-02 -0.40214060E-03 -0.14808365E-03
 -0.57641574E-03 -0.41263194E-03 -0.44574913E-03  0.84191493E-04 -0.14634626E-03
 -0.22700804E-03  0.34058735E-04  0.49684218E-05  0.29553297E-04
 -0.10096371E-10 -0.10017756E-10 -0.98574369E-11 -0.10285047E-07 -0.11228152E-06
 -0.19952744E-07 -0.82736610E-11 -0.19607572E-09 -0.77668094E-07 -0.31972456E-06
  0.47072876E-05 -0.26856134E-06 -0.44823823E-06  0.11801205E-11 -0.45996939E-06
 -0.21423828E-06  0.13565798E-10 -0.18742674E-07  0.35444087E-10 -0.42380777E-06
  0.30527304E-06  0.52649310E-06  0.85724137E-07  0.39113119E-07 -0.36374725E-06
  0.86008998E-07 -0.37760934E-07 -0.11185576E-06 -0.21670225E-08  0.28577675E-04
 -0.49970551E-06 -0.15719797E-05 -0.32167089E-05 -0.71250255E-06 -0.79017525E-05
 -0.88958906E-05 -0.21844903E-04 -0.32782548E-04 -0.58111615E-04 -0.79313752E-04
 -0.82957196E-04 -0.15142237E-03 -0.20947443E-03 -0.62852727E-03 -0.93389177E-03
 -0.51204625E-03 -0.10990632E-02 -0.10728372E-02 -0.23299261E-02 -0.15150978E-02
 -0.42216995E-03 -0.18124778E-02 -0.73775224E-03 -0.51946990E-03 -0.26020927E-03
 -0.49943225E-03 -0.51064365E-03 -0.77884275E-03 -0.43157059E-03  0.21611778E-04
 -0.21674796E-03 -0.47431340E-04  0.54676136E-04 -0.72128298E-04
 -0.11121613E-10 -0.11036454E-10 -0.10862810E-10 -0.12115970E-07 -0.12818848E-06
 -0.21875434E-07 -0.14385542E-08 -0.30902915E-09 -0.88909128E-07 -0.42709155E-06
 -0.11733692E-08 -0.29896624E-06 -0.49829542E-06  0.13467387E-11 -0.52091608E-06
 -0.24681997E-06  0.15553197E-10 -0.21106905E-07 -0.11889734E-06 -0.48651016E-06
  0.31007170E-06  0.44182913E-06 -0.17820800E-06  0.40104621E-07  0.19090705E-06
  0.65666993E-07 -0.61862610E-07 -0.62558380E-07 -0.44495047E-07 -0.25604688E-06
 -0.43010961E-06 -0.21529376E-05  0.55617582E-05 -0.33604018E-05 -0.10170808E-04
 -0.21762736E-04 -0.29249240E-04 -0.34721757E-04 -0.81765952E-04 -0.82423022E-04
 -0.14750989E-03 -0.27480997E-03 -0.31937891E-03 -0.44558750E-03 -0.43660604E-03
 -0.15693433E-02 -0.23874385E-02 -0.16090042E-02 -0.16381486E-02 -0.76929427E-03
 -0.10857380E-02 -0.76819120E-03 -0.24304530E-04 -0.76376577E-03 -0.42481391E-03
 -0.14507388E-03 -0.36526113E-03 -0.47949982E-03 -0.41706753E-03  0.20676962E-03
 -0.24526160E-03 -0.28853149E-03 -0.21033125E-03 -0.49748138E-05
 -0.12209589E-10 -0.12117269E-10 -0.11929089E-10 -0.14257888E-07 -0.14689998E-06
 -0.10718587E-10 -0.27429971E-07 -0.44283705E-09 -0.10219939E-06 -0.50107818E-06
 -0.13361002E-08  0.25680132E-05 -0.55409298E-06  0.15813520E-11 -0.59064369E-06
 -0.28580946E-06  0.17782833E-10 -0.23916830E-07 -0.19941761E-09 -0.56326772E-06
  0.31256303E-06  0.33725824E-06  0.68130050E-06  0.19085981E-07  0.49364320E-06
  0.64682282E-06  0.84754024E-06 -0.83335515E-07 -0.16183358E-06 -0.19571982E-06
 -0.73097582E-06 -0.15932342E-05 -0.45697259E-05 -0.52560584E-05 -0.11345433E-04
 -0.19269218E-04 -0.31832551E-04 -0.58208115E-04 -0.10520172E-03 -0.10377669E-03
 -0.20091115E-03 -0.41106017E-03 -0.43565502E-03 -0.87093321E-03 -0.14118925E-02
 -0.16731198E-02 -0.13937691E-02 -0.16559701E-02 -0.11281748E-02 -0.14765122E-02
 -0.16972828E-03 -0.38773056E-03 -0.76175611E-03 -0.44654801E-03 -0.10210073E-02
 -0.41778775E-03 -0.52064663E-03  0.48190598E-03 -0.39135656E-03  0.26321848E-03
  0.13279095E-03 -0.64525893E-04 -0.50652879E-04 -0.57999841E-04
 -0.13344656E-10 -0.13244519E-10 -0.13040522E-10 -0.16763943E-07 -0.16904288E-06
 -0.11726814E-10 -0.32422645E-07 -0.60005773E-09 -0.11786069E-06 -0.59024674E-06
 -0.15223039E-08 -0.38371681E-06 -0.61629660E-06  0.18915894E-11 -0.67280078E-06
 -0.33313403E-06  0.20210749E-10 -0.10067722E-06 -0.53545868E-09 -0.65526233E-06
  0.31296840E-06 -0.34409581E-05  0.41285640E-05  0.76224268E-06  0.45157988E-06
 -0.96272476E-07  0.88876037E-08 -0.80185859E-07 -0.80866225E-07 -0.25624077E-06
 -0.17495754E-05 -0.16317684E-05 -0.50635132E-05 -0.86241173E-05 -0.15379426E-04
 -0.23153529E-04 -0.53577782E-04 -0.83670875E-04 -0.13724805E-03 -0.19477439E-03
 -0.34489045E-03 -0.64856599E-03 -0.71457966E-03 -0.10927246E-02 -0.67120727E-03
 -0.11715876E-02 -0.63128174E-03  0.60945094E-04  0.12125804E-03 -0.13403495E-03
 -0.81245531E-03 -0.98957144E-03 -0.21597683E-03 -0.27594041E-03  0.24004421E-03
  0.53710801E-03 -0.46950649E-03 -0.17087317E-03 -0.33641820E-03  0.10108393E-03
  0.97949298E-04 -0.65684006E-04  0.13105691E-03 -0.89033219E-04
 -0.14501250E-10 -0.14392554E-10 -0.14171317E-10 -0.19650253E-07 -0.19487503E-06
 -0.12745879E-10 -0.38434007E-07 -0.14659619E-08 -0.13621473E-06 -0.69867596E-06
 -0.14333274E-07 -0.44546162E-06 -0.56683383E-06  0.22709073E-11 -0.77014309E-06
 -0.15862310E-06  0.22730894E-10 -0.31795612E-07 -0.49559308E-07 -0.49740725E-05
  0.31149288E-06 -0.24689835E-05 -0.28809334E-06  0.55125508E-09  0.39343309E-06
 -0.12751357E-06 -0.28646221E-07 -0.64977191E-07 -0.12465021E-06 -0.40066951E-06
 -0.12616676E-05 -0.28092206E-05 -0.58814873E-05 -0.10402500E-04 -0.12522109E-04
 -0.30986155E-04 -0.59631110E-04 -0.95852616E-04 -0.17607631E-03 -0.28402953E-03
 -0.54447090E-03 -0.10039001E-02 -0.14987987E-02 -0.15534558E-02 -0.15269574E-02
 -0.14402213E-02 -0.15046718E-03 -0.13198540E-02 -0.83430893E-03 -0.51783243E-03
 -0.63014825E-03 -0.31746559E-03  0.13887932E-03 -0.56519511E-03 -0.10788361E-03
  0.12496283E-03  0.37159967E-03 -0.17902847E-03 -0.25751231E-03  0.35041798E-04
 -0.57913456E-03  0.12123368E-04 -0.14112634E-04  0.68470382E-06
 -0.15647743E-10 -0.15530170E-10 -0.19533718E-05 -0.22979931E-07 -0.22543500E-06
 -0.74344843E-09 -0.45864496E-07 -0.17466222E-08 -0.15823072E-06 -0.83294776E-06
 -0.19432871E-08 -0.52109760E-06 -0.21916509E-08  0.26888917E-11 -0.11147573E-05
 -0.46478453E-06  0.25145380E-10 -0.37363987E-07 -0.12633325E-08  0.78083575E-07
  0.45352161E-06  0.75911320E-05 -0.33691323E-05 -0.46677572E-08  0.31777205E-06
 -0.16711607E-06 -0.30755382E-07 -0.11615337E-06  0.61916788E-06 -0.41666137E-06
 -0.81159998E-06 -0.24807916E-05 -0.61911991E-05 -0.17764553E-04 -0.22552232E-04
 -0.38588324E-04 -0.75848560E-04 -0.14191011E-03 -0.23631606E-03 -0.41526588E-03
 -0.74680407E-03 -0.12250258E-02 -0.16865465E-02 -0.20031990E-02 -0.53259618E-03
 -0.12236511E-03 -0.21759898E-03  0.28673164E-04 -0.22727063E-03 -0.13259634E-02
 -0.31580126E-03 -0.49076613E-03 -0.67540932E-03 -0.84525282E-04 -0.35298364E-03
 -0.26957398E-04 -0.55440198E-03  0.19666940E-03  0.21014959E-03 -0.48052744E-04
  0.15966397E-03 -0.80557938E-04 -0.14182171E-03  0.31493601E-05
 -0.16749480E-10 -0.16622904E-10 -0.43037524E-08 -0.26857822E-07 -0.26210363E-06
 -0.82313762E-09 -0.55138125E-07  0.33471553E-07 -0.17176468E-06 -0.10138979E-05
 -0.21919533E-08 -0.61475950E-06 -0.24520231E-08 -0.98256949E-05 -0.10200600E-05
 -0.43138158E-06  0.27132132E-10  0.17548948E-06  0.25984452E-06 -0.67186533E-06
  0.32269803E-06 -0.84139134E-06  0.65102378E-06  0.20646342E-08  0.18255946E-06
 -0.14112085E-07 -0.23724908E-06 -0.10229914E-06  0.59906373E-06 -0.40838399E-06
 -0.13262600E-05 -0.34123539E-05 -0.51678986E-06 -0.14964168E-04 -0.27381948E-04
 -0.49651609E-04 -0.99719025E-04 -0.17451528E-03 -0.28838215E-03 -0.54513972E-03
 -0.11061749E-02 -0.19954861E-02 -0.26966148E-02 -0.16943971E-02 -0.13258342E-02
  0.14642411E-03 -0.67925921E-03 -0.71336363E-03 -0.50344514E-03 -0.43730381E-03
  0.42478884E-03  0.17094522E-03  0.10617726E-03  0.49624129E-03 -0.35075127E-03
 -0.32485867E-03  0.22628580E-03 -0.13578051E-03 -0.41440779E-03 -0.25251083E-04
  0.14771360E-03 -0.21302285E-03  0.17625809E-03 -0.29570573E-04
 -0.17762344E-10 -0.39273339E-06 -0.85654202E-08 -0.29537756E-07 -0.30824876E-06
 -0.91298913E-09 -0.66817470E-07 -0.22981978E-08 -0.18023327E-06 -0.87117615E-06
 -0.24808943E-08 -0.73209557E-06 -0.27512935E-08  0.51805933E-06 -0.69795421E-06
  0.19632232E-06  0.28219811E-10 -0.55503797E-07  0.89880731E-06  0.15191081E-06
  0.32367553E-06 -0.11579799E-05 -0.40878322E-05  0.96837966E-07  0.65473750E-08
 -0.38449393E-07 -0.29786884E-06 -0.30554575E-06 -0.48313894E-07 -0.63370531E-06
 -0.22138355E-05 -0.33060918E-05 -0.93180597E-05 -0.15422562E-04 -0.38594542E-04
 -0.72676774E-04 -0.11041509E-03 -0.26479838E-03 -0.44706120E-03 -0.82760040E-03
 -0.15720898E-02 -0.27959459E-02 -0.32293490E-02 -0.14639203E-02 -0.18954334E-02
 -0.11138908E-03 -0.36318432E-03  0.38837407E-03 -0.16975606E-03 -0.12375718E-03
  0.50649169E-05  0.96186907E-03  0.78610254E-04  0.81022437E-03  0.69883431E-03
  0.80890965E-03  0.84528850E-04  0.89225863E-04  0.25789589E-03  0.33354551E-03
 -0.10221162E-03  0.50219696E-05 -0.18968218E-03  0.41676563E-04
 -0.18637938E-10 -0.23410731E-04  0.47867234E-06  0.34220948E-06 -0.40960832E-06
 -0.10146590E-08 -0.81667870E-07 -0.25840182E-08 -0.21842964E-06 -0.47180614E-06
 -0.28182283E-08 -0.88093385E-06 -0.30951031E-08  0.50815519E-06 -0.69585799E-06
  0.63639312E-07  0.15545721E-08 -0.69775373E-07 -0.73849933E-05  0.13738667E-06
  0.31542359E-06 -0.90949107E-06 -0.73298191E-06  0.18475923E-04  0.41820011E-07
 -0.11143742E-04 -0.31258523E-06 -0.10123407E-07 -0.36701406E-06 -0.73115010E-06
 -0.17014793E-05 -0.55315999E-05 -0.95528196E-05 -0.21953805E-04 -0.42834045E-04
 -0.10430175E-03 -0.14876079E-03 -0.27048561E-03 -0.59551568E-03 -0.10334210E-02
 -0.19136700E-02 -0.34280560E-02 -0.36900149E-02 -0.25636434E-02 -0.61208278E-03
  0.64336115E-04  0.38527209E-03  0.14171162E-02  0.89461115E-03  0.11221774E-02
  0.39049243E-03  0.12009758E-02  0.95707922E-03  0.30972460E-03 -0.39097892E-03
  0.37863655E-03  0.54011091E-03  0.26883036E-03  0.31228358E-03  0.23954106E-03
  0.10074432E-03  0.76095708E-04  0.63066916E-04 -0.12118951E-04
 -0.19326627E-10 -0.16527527E-06  0.62285605E-06  0.12636533E-07 -0.53765127E-06
 -0.11301344E-08 -0.11725208E-06 -0.29144481E-08 -0.26599108E-06 -0.54761708E-06
 -0.46204564E-06 -0.60647866E-06 -0.34776177E-08  0.48902699E-06 -0.49345823E-06
  0.37156573E-07 -0.15587694E-07 -0.28633894E-06  0.91081231E-06 -0.75943687E-06
  0.30666383E-06  0.81767627E-07  0.14049306E-04  0.17071590E-06 -0.54085269E-07
 -0.19036226E-06 -0.45260510E-06 -0.18959875E-05 -0.93590305E-06 -0.16908551E-05
 -0.25813426E-05 -0.47256219E-05 -0.14072522E-04 -0.27887014E-04 -0.51962890E-04
 -0.98691664E-04 -0.20095489E-03 -0.42448027E-03 -0.72736553E-03 -0.14631025E-02
 -0.26558163E-02 -0.41581843E-02 -0.38745977E-02 -0.20769817E-02  0.18396626E-04
  0.33370124E-04  0.12167978E-03  0.10235741E-02  0.64090078E-03  0.44575205E-03
  0.17270327E-02  0.20585233E-02  0.10573299E-02  0.96365892E-03  0.16945232E-02
  0.11696174E-02  0.84649334E-03  0.85827663E-03  0.19989364E-03  0.31831531E-03
  0.25246982E-03  0.18564568E-03  0.31265343E-04 -0.24034853E-04
 -0.19781533E-10 -0.28373698E-06  0.71550584E-06 -0.19837881E-06 -0.57177195E-06
  0.14778404E-06  0.88314906E-07 -0.17127874E-04 -0.32406020E-06 -0.63632681E-06
 -0.86581732E-06 -0.44027006E-06 -0.62072506E-07  0.45893453E-06  0.16832349E-06
 -0.29985770E-06 -0.13727218E-06 -0.16463448E-07  0.52966432E-05  0.10283094E-06
  0.29651027E-06 -0.21598758E-04  0.12898810E-04  0.13840770E-06 -0.26735816E-08
 -0.41600108E-06 -0.31474806E-06 -0.71062628E-06 -0.11807668E-05 -0.97184268E-06
 -0.31066532E-05 -0.71482608E-05 -0.15384250E-04 -0.36646019E-04 -0.72365859E-04
 -0.12136090E-03 -0.25766799E-03 -0.52994124E-03 -0.10677434E-02 -0.19991636E-02
 -0.36569366E-02 -0.48874844E-02 -0.37928536E-02 -0.22790500E-02 -0.24022263E-03
  0.54207543E-03  0.66311125E-04  0.24757755E-03  0.18681900E-02  0.17748568E-02
  0.17211193E-02  0.10259143E-02  0.13864573E-02  0.13375999E-02  0.85547530E-03
  0.75133046E-03  0.14864740E-03  0.29912985E-03  0.15118258E-03  0.62998468E-03
  0.42750034E-03  0.17259846E-03  0.43167080E-04 -0.63299376E-04
 -0.19958238E-10 -0.35095954E-06  0.45443105E-06 -0.14818408E-05 -0.24981841E-05
  0.17475753E-06 -0.21613975E-06  0.28164657E-05 -0.39667180E-06 -0.74335536E-06
 -0.57929023E-06 -0.49832535E-06 -0.26725148E-07  0.19348736E-06  0.60865809E-06
  0.25685719E-04 -0.76605487E-07 -0.19262894E-07  0.65412281E-06  0.23390725E-06
  0.26859548E-06  0.87153220E-05 -0.17048033E-06  0.11112118E-06 -0.19856523E-07
 -0.65616887E-06 -0.59996692E-05 -0.22895687E-05 -0.59187672E-06 -0.18152670E-05
 -0.38355947E-05 -0.78033760E-05 -0.17562542E-04 -0.41679379E-04 -0.72139074E-04
 -0.14674096E-03 -0.36682176E-03 -0.70839002E-03 -0.13106942E-02 -0.26039799E-02
 -0.45388049E-02 -0.45807615E-02 -0.32050079E-02 -0.15481701E-02 -0.27265646E-05
 -0.24791260E-03  0.17181920E-02  0.22806888E-02  0.29294568E-02  0.29688446E-02
  0.25840940E-02  0.22169520E-02  0.13468127E-02  0.15504211E-02  0.77582245E-03
  0.58743978E-03  0.47863669E-03  0.40081903E-03  0.52148909E-03  0.19277518E-03
  0.65747783E-03  0.38626521E-03  0.26050023E-03  0.15694779E-04
 -0.19838553E-10 -0.46867356E-06  0.72342069E-06  0.20355960E-07 -0.85704472E-06
  0.74455645E-09 -0.11320146E-05  0.64766490E-06 -0.24343900E-06 -0.11195771E-05
 -0.48018172E-08 -0.56592848E-06 -0.63727016E-08 -0.81900507E-07 -0.34572888E-05
 -0.37422626E-06 -0.24791513E-06 -0.19294230E-07 -0.23717843E-06 -0.21250745E-05
 -0.14968451E-06  0.94996657E-05 -0.53772452E-06  0.81414919E-08  0.79238296E-07
 -0.92611575E-05  0.23975319E-07 -0.18580851E-05 -0.10896688E-06 -0.90401366E-05
 -0.35434314E-05 -0.15083428E-04 -0.25725413E-04 -0.54810682E-04 -0.11099407E-03
 -0.22093016E-03 -0.42733868E-03 -0.89357044E-03 -0.17628058E-02 -0.32356880E-02
 -0.47346832E-02 -0.45510851E-02 -0.22129823E-02 -0.14796246E-02  0.60381037E-03
  0.19296005E-02  0.15317058E-02  0.39614279E-02  0.25778231E-02  0.33509833E-02
  0.26603908E-02  0.17060264E-02  0.21753110E-02  0.19146978E-02  0.14147363E-02
  0.15060556E-02  0.85165861E-03  0.11330881E-02  0.97549594E-03  0.40186690E-03
  0.54279095E-03  0.17855801E-03  0.22798611E-03  0.16137697E-03
 -0.19413203E-10 -0.60891172E-06  0.28154668E-05  0.19577293E-07 -0.28270428E-06
  0.12006345E-08 -0.14071846E-05  0.63282855E-06  0.43650356E-07 -0.16865020E-05
 -0.55413646E-08 -0.64499517E-06 -0.60761151E-07 -0.11999725E-05  0.70873323E-05
  0.79585596E-06  0.63836575E-05 -0.14890185E-05 -0.35747462E-06  0.12070888E-05
 -0.46134925E-06 -0.10247352E-06 -0.26192936E-05  0.57135935E-06  0.39999673E-07
  0.77728211E-05  0.20762101E-06 -0.44688765E-05 -0.19874102E-05 -0.19992824E-05
 -0.45143266E-05 -0.61235896E-05 -0.27677599E-04 -0.51969262E-04 -0.11400682E-03
 -0.23629111E-03 -0.54401307E-03 -0.10266289E-02 -0.22591367E-02 -0.41546412E-02
 -0.44392937E-02 -0.31710097E-02 -0.10238625E-02  0.50049315E-03  0.40508657E-03
  0.27251066E-02  0.33459945E-02  0.28939093E-02  0.41611866E-02  0.36854061E-02
  0.41135045E-02  0.37000279E-02  0.31915591E-02  0.19941120E-02  0.17609104E-02
  0.21632539E-02  0.14914829E-02  0.11410249E-02  0.84899479E-03  0.56527229E-03
  0.42486130E-03  0.72482337E-04 -0.68079138E-04  0.10364144E-03
 -0.63446275E-07 -0.57703246E-06  0.44675254E-06  0.18720798E-07  0.17925125E-06
  0.85514898E-09 -0.39181717E-06  0.66243778E-06  0.44334023E-07 -0.20354393E-05
 -0.64263568E-08 -0.73796976E-06 -0.38449366E-06 -0.64821786E-06  0.29900782E-07
  0.45258492E-06 -0.22760147E-06  0.10279300E-05 -0.51817411E-06  0.14613730E-04
 -0.17988906E-06  0.32205415E-05 -0.14156739E-05 -0.48284595E-05  0.14624854E-08
  0.81760589E-05 -0.62222693E-06 -0.42147263E-05 -0.21021189E-05 -0.20929069E-06
 -0.61053071E-05 -0.14977460E-04 -0.28895777E-04 -0.69499344E-04 -0.14592943E-03
 -0.28716785E-03 -0.63005225E-03 -0.13495384E-02 -0.25814801E-02 -0.40552063E-02
 -0.42187354E-02 -0.17632687E-02  0.16020617E-03  0.11900166E-02  0.18197199E-02
  0.30267652E-02  0.31294469E-02  0.41492439E-02  0.32598632E-02  0.28908909E-02
  0.36275740E-02  0.26006763E-02  0.33273600E-02  0.22712715E-02  0.14778903E-02
  0.15485035E-02  0.12037901E-02  0.13566050E-02  0.43315843E-03  0.10296262E-02
  0.51580782E-03  0.30846166E-03  0.31473647E-03  0.13921208E-03
 -0.73885443E-09  0.22510106E-06  0.16475543E-06  0.59809593E-08 -0.13061055E-04
  0.46074655E-09 -0.30794979E-06 -0.47650766E-05  0.44890253E-07 -0.15218641E-05
 -0.64295276E-08 -0.84435050E-06 -0.63662502E-06 -0.22077058E-06 -0.69932913E-07
  0.43922701E-07 -0.29210237E-06 -0.24114851E-06  0.73155257E-06  0.19036554E-04
  0.11157476E-05 -0.12065089E-06  0.10356227E-05  0.11122961E-06  0.38654661E-07
  0.20972098E-07 -0.23791011E-05  0.20954067E-06 -0.18840020E-05 -0.14679894E-05
 -0.82593087E-05 -0.12320526E-04 -0.28950182E-04 -0.72245019E-04 -0.13130719E-03
 -0.36037900E-03 -0.74577684E-03 -0.15552601E-02 -0.31253547E-02 -0.39978355E-02
 -0.32595940E-02 -0.14018500E-02  0.53826494E-03  0.20212505E-02  0.32370662E-02
  0.28800034E-02  0.46181799E-02  0.47407410E-02  0.46948462E-02  0.47088966E-02
  0.36435350E-02  0.30904578E-02  0.34039084E-02  0.18674326E-02  0.19641211E-02
  0.16928299E-02  0.87133685E-03  0.13942703E-02  0.11152690E-02  0.61202304E-03
  0.48797799E-03  0.49711480E-03  0.14469501E-03  0.17070630E-03
  0.12319773E-07  0.77338834E-06 -0.34325129E-06 -0.11022961E-06 -0.13108802E-05
 -0.14885061E-08 -0.18061304E-10 -0.36679534E-07  0.36089622E-07 -0.12655316E-05
 -0.24235998E-10 -0.96950614E-06 -0.10142327E-05 -0.25569760E-05 -0.32733790E-06
  0.81424872E-06 -0.89161343E-06  0.16566928E-05  0.12391755E-05 -0.47011888E-05
 -0.72140390E-06 -0.46153925E-06  0.12164047E-05 -0.80559846E-10  0.10509445E-06
 -0.71053006E-07 -0.48649013E-06  0.14820103E-06 -0.19941271E-06 -0.70724713E-06
  0.14444337E-04 -0.13171441E-04 -0.23822496E-04 -0.66474154E-04 -0.12237494E-03
 -0.38025601E-03 -0.83934746E-03 -0.16221987E-02 -0.29469277E-02 -0.31540809E-02
 -0.12838108E-02  0.34199871E-03  0.20807368E-02  0.36415441E-02  0.47673256E-02
  0.51010004E-02  0.44756499E-02  0.42508988E-02  0.53043463E-02  0.42150410E-02
  0.36085508E-02  0.39948572E-02  0.21924979E-02  0.29371962E-02  0.23260688E-02
  0.17978925E-02  0.12840673E-02  0.11006753E-02  0.88921974E-03  0.96314091E-03
  0.36703404E-03  0.51656450E-03  0.29571895E-03  0.18720434E-03
 -0.62545653E-08  0.45070530E-06  0.48720756E-05  0.21171303E-05  0.63483889E-06
  0.21636711E-06  0.31440832E-06  0.99214208E-06  0.39028701E-06 -0.10378593E-05
 -0.26207765E-10 -0.11204107E-05 -0.79860683E-06  0.18877429E-06  0.34997337E-07
  0.34283973E-06  0.13748758E-07 -0.50163171E-06  0.11156232E-05  0.44384008E-05
 -0.90807406E-06 -0.76887024E-06  0.81548530E-06 -0.18011277E-07 -0.15770220E-10
 -0.31645185E-06 -0.51464184E-06  0.10860537E-05 -0.37414010E-06 -0.23874262E-05
 -0.57791023E-05 -0.83033575E-05 -0.22397001E-04 -0.59014247E-04 -0.17879980E-03
 -0.30970445E-03 -0.82339924E-03 -0.14447812E-02 -0.25162647E-02 -0.16808386E-02
  0.12147690E-02  0.36782999E-02  0.37884417E-02  0.65622454E-02  0.64713015E-02
  0.69478416E-02  0.55203029E-02  0.59059723E-02  0.50468733E-02  0.55350167E-02
  0.43781677E-02  0.41363534E-02  0.38257338E-02  0.27556864E-02  0.25237760E-02
  0.16044376E-02  0.17548839E-02  0.15324246E-02  0.11603114E-02  0.10002611E-02
  0.50263272E-03  0.69588383E-03  0.43780149E-03  0.11151598E-03
 -0.15997912E-07  0.41525318E-06  0.50738253E-06 -0.11866583E-06  0.74165811E-06
  0.31952636E-07  0.10997316E-05 -0.12810638E-05 -0.10279144E-05 -0.12076329E-07
 -0.25259916E-10  0.39040210E-05  0.77275798E-08  0.56502556E-06 -0.13324945E-06
  0.36338961E-06  0.10442191E-06 -0.59842540E-06 -0.40540486E-05 -0.10002474E-04
  0.52295746E-07  0.83957575E-05  0.11728351E-06 -0.72931138E-08 -0.11865588E-06
 -0.15866099E-06 -0.32759646E-06  0.70953467E-06 -0.19884617E-06  0.57270058E-05
 -0.14421422E-05 -0.10021758E-04 -0.12508019E-04 -0.35756118E-04 -0.13932585E-03
 -0.15428594E-03 -0.57332231E-03 -0.10927410E-02 -0.10179329E-02  0.63188280E-03
  0.35640329E-02  0.51676333E-02  0.59631198E-02  0.64254042E-02  0.70409161E-02
  0.77682281E-02  0.68386576E-02  0.63814832E-02  0.61697365E-02  0.52979498E-02
  0.48593243E-02  0.46136546E-02  0.34565649E-02  0.33529079E-02  0.22519982E-02
  0.20142789E-02  0.18900853E-02  0.16352534E-02  0.12504082E-02  0.74052017E-03
  0.51704616E-03  0.41613007E-03  0.21976903E-03  0.95724533E-04
 -0.76730806E-08  0.34413664E-06  0.12884694E-06  0.90908746E-06  0.54775380E-06
  0.12876825E-07  0.23282223E-06  0.15253547E-05 -0.76114539E-05 -0.14510509E-07
 -0.19580717E-10 -0.16434909E-05  0.50636930E-08 -0.26943930E-06  0.84364344E-06
  0.14076835E-05  0.46639344E-05  0.34781177E-06 -0.80722076E-05  0.97700153E-06
 -0.84048336E-07 -0.17575369E-05 -0.70010033E-06  0.70740002E-07  0.10734609E-06
 -0.44579939E-06  0.11398753E-05 -0.17289595E-06 -0.16338967E-06  0.10183188E-04
 -0.12947155E-05 -0.37605016E-06 -0.84633646E-05 -0.10836847E-04 -0.37440523E-04
 -0.10498666E-03 -0.26249926E-03 -0.38887943E-03  0.38307547E-03  0.28999994E-02
  0.63792858E-02  0.91005876E-02  0.10832075E-01  0.10709944E-01  0.97488819E-02
  0.97523886E-02  0.86640279E-02  0.85150986E-02  0.76181113E-02  0.65973213E-02
  0.56521623E-02  0.49528748E-02  0.38680458E-02  0.32742422E-02  0.29256122E-02
  0.23368805E-02  0.20400355E-02  0.13637189E-02  0.10753787E-02  0.93752430E-03
  0.92335740E-03  0.43127259E-03  0.52930797E-03  0.25448913E-03
  0.44150981E-09 -0.59520493E-05 -0.33052935E-11  0.17080556E-08  0.27037996E-06
 -0.40668058E-11 -0.45092902E-11  0.11354593E-05 -0.21529156E-06  0.52317074E-08
 -0.78771916E-11 -0.71509781E-06  0.18508956E-08  0.19991898E-04  0.95438373E-05
  0.28468304E-05 -0.10496564E-05  0.31292041E-06  0.11571103E-04 -0.72913506E-06
  0.75931248E-06  0.42211264E-06 -0.12032781E-04 -0.17756712E-05  0.14186223E-06
 -0.78248643E-07 -0.10559407E-04  0.25930096E-06  0.82258772E-06 -0.19796994E-05
 -0.45053046E-05  0.10317074E-06  0.35609017E-05  0.38711770E-04  0.12310605E-04
  0.11449400E-03  0.30056934E-03  0.13878095E-02  0.39249691E-02  0.94155196E-02
  0.12697203E-01  0.14866969E-01  0.14542257E-01  0.15378866E-01  0.14649793E-01
  0.13633456E-01  0.12177345E-01  0.10585885E-01  0.99474293E-02  0.87626235E-02
  0.73348438E-02  0.61672532E-02  0.54379133E-02  0.45533496E-02  0.34034116E-02
  0.28146569E-02  0.25239184E-02  0.19329518E-02  0.16241290E-02  0.12719768E-02
  0.89924201E-03  0.46908782E-03  0.41059675E-03  0.15967623E-03
 -0.15653325E-07 -0.25093881E-11 -0.32803651E-11 -0.26955232E-11  0.81486854E-08
  0.31489240E-07  0.14666122E-05  0.25164515E-10  0.41925390E-10  0.10301803E-06
 -0.59129095E-07  0.95510717E-06 -0.19333089E-06 -0.24623149E-08 -0.16137269E-06
 -0.77682781E-06  0.36445527E-09 -0.58399379E-08  0.11765237E-06 -0.48553898E-06
  0.19998600E-07  0.17597568E-05 -0.22403970E-07  0.14113401E-07  0.22884264E-07
  0.31230290E-07  0.69183179E-07 -0.21712547E-07 -0.12969908E-06 -0.58476533E-07
  0.22102023E-05 -0.25057500E-05 -0.12311958E-05  0.58114426E-06  0.19749965E-05
  0.10443830E-04  0.37319174E-05 -0.11146088E-04  0.15512974E-04  0.58365249E-04
  0.54603051E-04 -0.23512614E-03 -0.61301523E-03 -0.10634514E-02 -0.67489020E-03
  0.97592274E-04 -0.39489797E-03 -0.45346401E-03 -0.78445676E-04 -0.25672737E-03
 -0.16740616E-03 -0.91042616E-05 -0.35077837E-03 -0.28479619E-03 -0.13979522E-03
 -0.15601151E-03  0.47530212E-04 -0.70544588E-04  0.27427343E-04 -0.25491411E-03
  0.11229210E-03 -0.50095025E-04 -0.31682241E-04 -0.44407576E-04
 -0.15675558E-07 -0.95946122E-11 -0.13423853E-10 -0.13388629E-10  0.82638858E-08
  0.34796349E-07  0.26716113E-10  0.59713764E-10  0.10609913E-09  0.10644719E-06
 -0.79313732E-07  0.11945407E-05 -0.19321719E-06  0.32624522E-05 -0.16099213E-06
  0.42550117E-05  0.10483771E-08 -0.53825854E-08  0.11732038E-06 -0.51576346E-06
  0.91049418E-08 -0.82194851E-06  0.11805752E-06 -0.94735237E-07  0.23513303E-07
  0.28365553E-07 -0.27492667E-08 -0.24653979E-07 -0.44059993E-08 -0.16287595E-06
 -0.12123657E-06 -0.20743545E-05 -0.11170879E-05 -0.60550640E-06  0.73669657E-05
 -0.24507283E-05  0.25288578E-05  0.10611878E-04  0.40736811E-04  0.34319452E-04
  0.17690593E-04  0.18977531E-03 -0.40601533E-03 -0.87714190E-03  0.45046323E-04
 -0.39135629E-03 -0.77203749E-04 -0.21564972E-03 -0.47298240E-03 -0.59687308E-04
  0.18314902E-03 -0.22911077E-03  0.63066369E-04 -0.35279391E-04  0.21986038E-03
 -0.15132178E-04 -0.35969482E-03 -0.16577120E-03 -0.12104019E-03 -0.12549268E-03
  0.48865016E-04 -0.20048733E-04 -0.92738225E-04 -0.48139968E-04
 -0.15640045E-07 -0.22024583E-10 -0.32759514E-10 -0.37542229E-10 -0.26333558E-06
  0.38054561E-07  0.98384655E-11  0.55982810E-10  0.12287951E-09  0.10913826E-06
 -0.10437697E-06  0.14646875E-05 -0.19352911E-06 -0.44698843E-07  0.10422343E-04
  0.48465237E-07  0.16015628E-08 -0.50038834E-08  0.11668631E-06 -0.54516908E-06
  0.84685382E-08 -0.15639842E-06  0.10532222E-06  0.15650555E-07  0.21848141E-07
  0.15465328E-07  0.44070679E-06  0.67076842E-06  0.18342155E-06 -0.41341133E-06
 -0.28425028E-06 -0.49515228E-05 -0.23022996E-08  0.13040124E-05  0.14822317E-05
 -0.54938806E-05 -0.28336962E-06  0.49103161E-06  0.70057494E-05  0.49907592E-04
  0.15273997E-03  0.14656337E-03 -0.46357972E-03 -0.48588991E-03 -0.13818555E-04
  0.36826851E-03  0.10473786E-03  0.23264245E-03  0.10161566E-03  0.15637508E-03
 -0.41810401E-03  0.53720308E-04 -0.39958197E-03  0.19788210E-03  0.12018659E-03
 -0.13652235E-03  0.33220267E-03  0.20069220E-03 -0.55283615E-04 -0.24859120E-03
  0.11655561E-04  0.34795113E-04 -0.53026099E-04 -0.68357477E-04
 -0.15525250E-07 -0.41596233E-10 -0.64335093E-10 -0.79535416E-10 -0.45217365E-06
  0.41136071E-07 -0.46793735E-10  0.27057608E-11  0.78642468E-10  0.11104850E-06
 -0.13452775E-06 -0.50615858E-05 -0.19177224E-06 -0.36292127E-07  0.72056642E-06
  0.50451016E-07  0.19686205E-08 -0.47425457E-08  0.11548420E-06 -0.52178377E-06
  0.77340870E-08 -0.67381998E-05  0.14444497E-07 -0.15562316E-07  0.13629587E-07
  0.60046131E-07  0.96295778E-05  0.63881793E-07 -0.23208636E-07 -0.32513226E-06
 -0.26122754E-06 -0.52544661E-07 -0.67536989E-07  0.12279646E-05 -0.14937803E-06
  0.48235409E-05  0.31118960E-06  0.26373827E-05  0.63478275E-05  0.42868710E-04
  0.18614212E-03  0.29273661E-03 -0.53818120E-04 -0.68730131E-03  0.11133216E-04
 -0.35600977E-03  0.51061156E-03  0.42545018E-04  0.95024003E-04 -0.46761419E-03
  0.44033880E-03 -0.20901960E-03  0.31158012E-03 -0.45908968E-03  0.60762342E-03
 -0.18238032E-03 -0.17455949E-03  0.16077759E-03 -0.84988346E-04 -0.16875409E-03
 -0.14719259E-03  0.11133235E-03 -0.36189689E-04 -0.36436135E-04
 -0.21471112E-05 -0.60440107E-06 -0.10873856E-09 -0.14024354E-09 -0.58340659E-07
  0.43940711E-07 -0.14530301E-09 -0.10284858E-09 -0.42829683E-06  0.11208867E-06
 -0.16973194E-06  0.68856476E-08 -0.18908961E-06 -0.20789217E-08  0.72660601E-06
  0.51883446E-07  0.21113147E-08 -0.46439204E-08  0.11365912E-06 -0.59337442E-06
  0.30346701E-08  0.42170948E-06 -0.76590232E-07  0.73212856E-07 -0.16655594E-07
  0.10794005E-05  0.40804823E-05  0.15393079E-07 -0.27790961E-07 -0.18397117E-06
  0.24199329E-06 -0.24861674E-06 -0.72250479E-06  0.11089653E-05 -0.13007708E-06
  0.29214511E-06 -0.27814359E-05  0.38339658E-05  0.12974642E-06  0.67576858E-04
  0.46912266E-04  0.32399135E-03  0.50961728E-04 -0.76053921E-03  0.58196489E-04
  0.52107532E-05  0.40062809E-03 -0.85284258E-04  0.39117941E-04 -0.25585222E-03
 -0.23527045E-03 -0.23892202E-03  0.42731493E-04  0.38588842E-03  0.27570516E-03
 -0.41418211E-03 -0.27242583E-04  0.19999762E-03  0.58489317E-04 -0.88172727E-05
 -0.79002327E-04  0.19093209E-03 -0.14058643E-04 -0.38246209E-04
 -0.34705237E-10 -0.12716033E-05 -0.16455003E-09 -0.21768434E-09 -0.59779516E-07
  0.46525013E-07 -0.28206435E-09 -0.25653149E-09 -0.32847856E-07  0.11253129E-06
 -0.21023794E-06  0.66354082E-08 -0.18596360E-06 -0.23225102E-08  0.76658478E-06
  0.48586948E-07  0.20114454E-08 -0.47597998E-08  0.11140470E-06 -0.61590520E-06
  0.15982348E-07 -0.68455608E-06 -0.39634667E-07  0.13540616E-06  0.22581467E-07
  0.64867190E-05  0.11683395E-07 -0.42237897E-07  0.13178217E-06 -0.66899962E-07
 -0.23100729E-07 -0.91096731E-06 -0.70287573E-06 -0.19747842E-06 -0.11459355E-05
 -0.11195182E-05  0.64929656E-05  0.12374651E-04  0.12539387E-04  0.71234387E-04
  0.14479559E-03  0.28716242E-03 -0.14186058E-03 -0.41601692E-03 -0.15743931E-03
 -0.20518931E-03 -0.23848497E-03 -0.80767928E-03 -0.27994737E-03 -0.90407752E-04
  0.31738110E-03 -0.64531611E-04  0.16373095E-03 -0.35712365E-03 -0.30732979E-03
 -0.12419108E-03  0.18959765E-03  0.21267561E-04  0.17243556E-03 -0.14404536E-03
 -0.14221897E-04  0.61343220E-04 -0.34533239E-04 -0.11716493E-03
 -0.47517600E-10 -0.16680179E-05 -0.22866924E-09 -0.30748904E-09 -0.60944779E-07
  0.48872843E-07 -0.44874009E-09 -0.44862369E-09 -0.34100584E-07  0.11242114E-06
 -0.25591101E-06  0.62676361E-08 -0.18243662E-06 -0.26912144E-08 -0.43576232E-05
  0.30649322E-07  0.16696732E-08 -0.51122536E-08  0.10091023E-06 -0.63623846E-06
  0.46053085E-07 -0.72003964E-06  0.15012280E-06  0.69531943E-07  0.21439550E-08
 -0.10470763E-07  0.41141684E-07  0.95038414E-08  0.18668216E-07  0.11037157E-05
 -0.32546932E-07 -0.38137266E-06 -0.22634956E-07  0.13144943E-06  0.13347255E-05
  0.29031701E-05  0.97898387E-06  0.52574526E-05  0.12042624E-04  0.46557076E-04
  0.16989337E-03  0.40398836E-03  0.19431643E-03 -0.72865345E-03  0.37731379E-04
 -0.27188865E-03  0.11583919E-03  0.80315358E-03  0.45281677E-03 -0.23646247E-03
 -0.32420718E-03  0.17262354E-03 -0.27055797E-03 -0.37263841E-05  0.80294116E-04
  0.66981450E-04  0.33144257E-03  0.69005099E-04  0.81390608E-04  0.15581113E-03
  0.66138001E-04 -0.86452709E-04 -0.16675882E-03 -0.53781849E-04
 -0.61047250E-10 -0.21428629E-05 -0.29683680E-09 -0.40360663E-09 -0.61847321E-07
  0.50981406E-07 -0.63336638E-09 -0.66498225E-09 -0.35181397E-07  0.82174272E-06
  0.10384402E-04  0.10788905E-04 -0.17855572E-06 -0.70096654E-09  0.59010542E-05
  0.33037315E-07  0.11052541E-08 -0.56945331E-08  0.17378870E-08 -0.65288731E-06
  0.38869015E-07  0.49044220E-05 -0.21432330E-06  0.20419118E-06 -0.17587003E-08
 -0.13885656E-07  0.16004967E-07 -0.68907218E-07  0.61560999E-07  0.97550272E-07
  0.37302997E-07 -0.47111954E-06 -0.14600046E-06  0.22819098E-05 -0.38920037E-05
 -0.57778172E-06  0.68657162E-05 -0.41582950E-05  0.10395960E-04  0.18119757E-04
  0.83407599E-04  0.28503041E-03  0.23261522E-03 -0.10524279E-02 -0.30132338E-03
 -0.27387836E-03  0.21017504E-03 -0.15766348E-03 -0.69648731E-03  0.22661787E-03
  0.22220826E-03  0.25096535E-04  0.38179237E-04 -0.29146969E-03  0.20960607E-03
 -0.14551013E-03 -0.17770509E-03 -0.39638272E-04  0.18757670E-04  0.65098048E-04
  0.12897243E-03  0.75027728E-04  0.62442739E-04 -0.18679032E-03
 -0.74364439E-10 -0.16259230E-05 -0.36427626E-09  0.35393119E-06 -0.62373582E-07
  0.52735482E-07 -0.82168307E-09 -0.88838379E-09  0.40191313E-06  0.13484712E-06
  0.73237775E-06  0.43712891E-06 -0.17355901E-06 -0.51130286E-09 -0.15664371E-05
  0.24307441E-07  0.35590438E-09 -0.64484784E-08  0.95454436E-09 -0.66161606E-06
 -0.26776621E-07  0.45793445E-06 -0.17212632E-05 -0.10434755E-06 -0.37959598E-05
 -0.65874231E-08  0.32647554E-07  0.30732429E-07  0.90299803E-07  0.52771263E-07
  0.71592072E-08 -0.54256549E-06 -0.35198551E-05 -0.27235755E-06 -0.65768284E-05
 -0.19172135E-05  0.17328316E-05  0.81048467E-05  0.13610705E-04  0.30707041E-04
  0.11649542E-03  0.27557541E-03  0.33738587E-03 -0.33907703E-03 -0.32065276E-03
  0.28986582E-03  0.46972064E-03 -0.20195270E-03 -0.10863987E-03  0.12969390E-03
 -0.13382320E-03 -0.39294435E-03  0.31411260E-03  0.26056651E-03 -0.11728416E-03
  0.69808625E-03  0.89537662E-05 -0.27529046E-03  0.20165096E-03  0.25441842E-04
 -0.11831783E-04  0.12173521E-03 -0.20836824E-03 -0.82814594E-05
 -0.86635945E-10 -0.25862353E-09 -0.42666697E-09 -0.40414488E-06 -0.62532659E-07
  0.54146122E-07 -0.10000052E-08  0.72528165E-07 -0.38148884E-07 -0.99146743E-07
  0.73190039E-06  0.42381215E-06 -0.16834510E-06 -0.10575722E-08  0.57572943E-06
  0.83976574E-08 -0.51271138E-09 -0.73489565E-08 -0.18547854E-09 -0.66207613E-06
 -0.20095912E-06  0.63402356E-06 -0.32048689E-06 -0.22251544E-06  0.19752130E-06
  0.23999875E-06 -0.43248971E-07  0.20339189E-08 -0.13692510E-07 -0.15655144E-06
  0.17795065E-06  0.60059998E-06 -0.11739782E-05  0.74571515E-06  0.84038412E-06
  0.53267454E-05  0.21496606E-05  0.79124423E-05  0.10237538E-04  0.22616617E-04
  0.10271708E-03  0.26055726E-03  0.73785651E-03 -0.54987864E-03 -0.13304814E-03
  0.23847506E-03 -0.45224471E-03 -0.36244923E-03 -0.83149756E-03 -0.36891335E-03
  0.26937891E-03  0.45229892E-03 -0.62995994E-03  0.17320901E-03  0.29206958E-04
 -0.16108118E-03  0.12790044E-03 -0.61759535E-04 -0.18654716E-03  0.27114129E-03
 -0.86376200E-04 -0.15606780E-04  0.12015582E-03 -0.11861361E-03
 -0.75877986E-10 -0.22677214E-09 -0.37499854E-09 -0.12411894E-08 -0.49278624E-07
  0.43543995E-07 -0.90050074E-09 -0.19980047E-08 -0.30255128E-07  0.68092639E-07
  0.57108765E-06  0.32474318E-06 -0.12906412E-06 -0.11970600E-08  0.45133119E-06
  0.60813153E-08 -0.10186452E-08 -0.64497001E-08 -0.11437398E-08 -0.50572583E-06
 -0.15803740E-06  0.47753224E-06 -0.29605667E-06 -0.17182803E-07 -0.27299040E-06
  0.32148541E-06  0.56574207E-08 -0.48971030E-07 -0.16570370E-07 -0.13141044E-06
  0.42932602E-06  0.81188155E-07 -0.83123411E-06 -0.21964426E-06  0.94693465E-06
 -0.10818487E-06 -0.17959814E-05  0.14656179E-04  0.59729214E-05  0.25564816E-04
  0.84970062E-04  0.16812249E-03  0.35609362E-03 -0.26769300E-03 -0.96871183E-03
 -0.15254509E-03 -0.16426913E-03 -0.72521232E-04  0.31853313E-03  0.48727487E-03
 -0.35256159E-03 -0.49694345E-03 -0.12873611E-04 -0.59269301E-05 -0.65768692E-04
  0.31925496E-03 -0.20657215E-03 -0.13968447E-03  0.40915491E-04  0.14026218E-03
 -0.66165158E-04  0.73623536E-04 -0.73013392E-04 -0.29412117E-04
 -0.93608582E-10 -0.27999268E-09 -0.46377433E-09 -0.14629724E-08 -0.56139291E-07
  0.50525674E-07 -0.11325116E-08 -0.21804544E-08 -0.34657555E-07  0.98539250E-06
  0.16750805E-05  0.36095244E-06 -0.14353674E-06 -0.17106198E-08  0.51213430E-06
  0.62874375E-08 -0.17316125E-08 -0.79210791E-08 -0.21090070E-08 -0.57316005E-06
 -0.16530015E-06  0.50531595E-06 -0.16746207E-06  0.42507996E-07 -0.22541807E-05
  0.30865243E-06 -0.41907614E-08  0.14138442E-08 -0.38365794E-07  0.22640183E-04
  0.52419405E-06 -0.20553509E-06 -0.19783704E-06  0.69806621E-06  0.12742399E-05
 -0.40768749E-06 -0.55939404E-05  0.72657164E-05  0.10835943E-04  0.36362916E-04
  0.74926137E-04  0.27674074E-03  0.44872270E-03 -0.81334046E-03 -0.27107593E-03
 -0.61824684E-03  0.29725096E-03  0.17419710E-03 -0.23850238E-03 -0.72902683E-03
 -0.60442076E-03 -0.22983300E-03 -0.13049349E-03 -0.10265758E-03  0.10940912E-03
 -0.60489840E-03  0.18936343E-03  0.33675291E-03 -0.26770207E-03  0.16156945E-04
  0.98038778E-05  0.68712389E-04  0.26530353E-03 -0.95153814E-04
 -0.11489053E-09 -0.34388825E-09 -0.57040784E-09 -0.17241613E-08 -0.64169847E-07
  0.55252591E-07  0.22791041E-08 -0.23927678E-08 -0.39840856E-07  0.14364404E-05
 -0.18215548E-08  0.40197514E-06 -0.15994101E-06 -0.23312157E-08  0.58286636E-06
  0.63167922E-08 -0.25485740E-08 -0.95740331E-08  0.21816204E-08 -0.65807763E-06
 -0.16877542E-06  0.52490956E-06 -0.37078202E-06  0.44002157E-07  0.32718156E-06
  0.28877138E-06 -0.53009951E-08 -0.78431725E-07 -0.51028251E-07 -0.39771370E-07
 -0.37023158E-06  0.32707760E-06  0.56734042E-05  0.56666210E-06 -0.65118744E-06
  0.60661036E-06 -0.29262038E-05  0.98803732E-05  0.59219096E-05  0.52285071E-04
  0.99249271E-04  0.25404116E-03  0.45745924E-03 -0.47714299E-03 -0.11549201E-02
 -0.43309221E-03 -0.46376977E-03 -0.15738473E-03 -0.27627090E-03  0.22030835E-03
 -0.15942754E-03  0.48899812E-03 -0.47121191E-04 -0.14941020E-03 -0.21853517E-03
  0.17439158E-03 -0.15413424E-03  0.18410251E-03  0.26064725E-03 -0.21389172E-03
  0.17954126E-03  0.17700295E-04  0.26986153E-04 -0.13229653E-03
 -0.14002264E-09 -0.41934820E-09 -0.69635763E-09 -0.20290892E-08 -0.73617346E-07
 -0.14946957E-08  0.69068921E-07 -0.26350232E-08 -0.45968868E-07  0.17048762E-05
 -0.23351690E-08 -0.75905606E-05 -0.17825571E-06 -0.30480879E-08  0.66446804E-06
  0.61376602E-08 -0.34151023E-08 -0.11346583E-07 -0.31728119E-08 -0.76122114E-06
 -0.16969209E-06  0.54135224E-06  0.27299285E-07 -0.32370046E-07  0.47130359E-06
  0.33798434E-05 -0.16193171E-05  0.27546568E-07  0.29454233E-08 -0.95300956E-07
  0.66455709E-07 -0.36469093E-07 -0.12808222E-06 -0.93067027E-06  0.27549826E-05
  0.35153988E-05  0.75703033E-05  0.18972190E-05  0.26227467E-04  0.11069835E-03
  0.20402182E-03  0.32506888E-03  0.46852862E-03 -0.18801206E-03 -0.69053446E-03
 -0.23830121E-03  0.42991420E-04  0.10371091E-04 -0.24557288E-05  0.11772728E-03
 -0.36201239E-05 -0.21227595E-03 -0.64608263E-04 -0.39038823E-04 -0.44201955E-05
 -0.32288775E-03 -0.35973414E-03 -0.20429562E-04 -0.47912546E-04 -0.14360136E-03
 -0.24210241E-04  0.92218580E-04 -0.65595539E-04 -0.18551500E-03
 -0.16914235E-09 -0.50677197E-09 -0.84224659E-09 -0.23813327E-08 -0.84791529E-07
 -0.18174170E-08  0.81577827E-07 -0.29034029E-08 -0.53178051E-07  0.20335330E-05
 -0.29208553E-08  0.32506720E-06 -0.19867784E-06 -0.38412581E-08  0.76141477E-06
  0.56751722E-08 -0.42620232E-08 -0.15513615E-07 -0.34806874E-08 -0.88413054E-06
 -0.16877876E-06  0.19725561E-05  0.11306690E-05  0.13574279E-05  0.46714007E-06
  0.89087309E-08  0.29293105E-07 -0.30612730E-07 -0.14405545E-06  0.11228549E-06
  0.67755588E-07 -0.11827644E-06 -0.77889238E-06  0.43331907E-06 -0.14943691E-06
 -0.28336472E-05  0.74853454E-05  0.22646976E-04  0.54857648E-04  0.51266524E-04
  0.19025628E-03  0.40576561E-03  0.68756790E-03 -0.41493276E-03 -0.82242731E-03
 -0.35765790E-03  0.38696833E-03 -0.99331246E-03  0.47147826E-03 -0.47279552E-03
  0.48979259E-03 -0.23936630E-04  0.83430079E-03 -0.47884346E-03  0.66253272E-04
  0.24138639E-03  0.12954000E-03  0.37968830E-03 -0.11078425E-03  0.29317884E-03
 -0.77129128E-04  0.27177562E-04 -0.14576501E-03 -0.84158413E-04
 -0.20211265E-09 -0.60572388E-09 -0.10072672E-08 -0.27796790E-08 -0.97817487E-07
 -0.21809397E-08  0.96670205E-07 -0.26787242E-08 -0.61599168E-07  0.24396698E-05
 -0.76844394E-08  0.38177823E-06 -0.18397219E-06 -0.46783616E-08  0.87733487E-06
  0.22122996E-06 -0.50037529E-08 -0.77019006E-08  0.28611722E-07  0.35988133E-05
 -0.16620361E-06 -0.68895290E-05 -0.42073203E-06 -0.47537245E-07  0.45725458E-06
 -0.14947579E-07  0.29855404E-07  0.32915294E-08 -0.61067110E-06  0.63722581E-07
 -0.36251413E-06 -0.23268496E-06 -0.11851079E-04 -0.85161241E-06  0.21644711E-05
  0.11688233E-05  0.61541058E-05  0.49714199E-06  0.26688091E-04  0.60130575E-04
  0.24994040E-03  0.41908227E-03  0.81902535E-03 -0.85677852E-03 -0.80185981E-03
 -0.59966249E-03 -0.71770624E-03 -0.20377003E-03  0.24422332E-03  0.31298050E-03
 -0.11726218E-02  0.74531936E-04  0.26862761E-03 -0.36919206E-03  0.69256590E-03
  0.16159219E-03 -0.12821028E-03 -0.37907767E-04 -0.20213162E-03  0.64545806E-04
 -0.16916711E-03 -0.10129680E-03  0.38806709E-04 -0.13716664E-03
 -0.23849282E-09 -0.71486798E-09 -0.25338702E-06 -0.32243608E-08 -0.11320262E-06
 -0.25153919E-08  0.11538738E-06 -0.29174708E-08 -0.71635105E-07  0.29506331E-05
 -0.45680754E-08  0.45230521E-06 -0.69226268E-08 -0.55134446E-08  0.10324965E-05
 -0.10164267E-06 -0.55377141E-08 -0.67181922E-08 -0.37398267E-08 -0.65327271E-05
  0.64149189E-06 -0.36483591E-06  0.44533271E-05  0.17545484E-08  0.44302637E-06
  0.25020408E-08 -0.18635376E-07 -0.77196597E-07 -0.20806041E-04 -0.10702151E-06
  0.11092140E-06  0.29876175E-06 -0.75312072E-06  0.14093090E-05  0.41940911E-05
  0.63810555E-05  0.12464345E-04  0.10272311E-04  0.46853828E-04  0.98164494E-04
  0.31463540E-03  0.57840502E-03  0.55653309E-03 -0.50797709E-03 -0.12803784E-02
 -0.82150556E-03 -0.24286473E-03 -0.38723406E-03  0.24781311E-03 -0.49420866E-03
 -0.20545499E-04  0.17711099E-03 -0.38794712E-03 -0.19566132E-04  0.33001300E-03
 -0.61184654E-03 -0.37667657E-03  0.77656842E-04 -0.58474098E-04  0.21441882E-03
  0.18170256E-03 -0.22328248E-04  0.20515485E-03 -0.57981302E-04
 -0.27752324E-09 -0.83189146E-09 -0.15399911E-06 -0.37156849E-08 -0.13161949E-06
 -0.29320008E-08  0.13883757E-06 -0.41252382E-07 -0.92062821E-07  0.36082514E-05
 -0.53027752E-08  0.54100319E-06 -0.79124771E-08 -0.41762427E-05  0.12046332E-05
 -0.34868257E-08 -0.57485391E-08  0.50246414E-06 -0.47983257E-07 -0.30470909E-05
 -0.16148117E-06  0.52652750E-06  0.43567233E-05  0.28174049E-07  0.41751052E-06
  0.18649956E-07 -0.40337912E-07 -0.39590743E-07  0.85508710E-07  0.15472108E-06
  0.45319910E-08  0.16742373E-05  0.49271962E-05  0.14268146E-05  0.41031299E-05
  0.74437710E-05 -0.31991993E-05  0.21298375E-04  0.72711556E-04  0.12889036E-03
  0.36990891E-03  0.65102542E-03  0.49798240E-03 -0.56962589E-03 -0.98130254E-03
 -0.73596810E-03 -0.24433021E-03  0.42418907E-03 -0.95427937E-03  0.34750512E-03
 -0.19111391E-04 -0.37454222E-03  0.71313657E-03 -0.16898860E-03  0.16665989E-05
  0.12155856E-03 -0.10593858E-04 -0.73078058E-05  0.77453454E-04  0.13826496E-03
  0.21362880E-03 -0.12438096E-03  0.10596077E-03 -0.16933814E-03
 -0.31796389E-09 -0.58781285E-06 -0.15588372E-06 -0.41483732E-08 -0.15390791E-06
 -0.33571144E-08  0.16849291E-06 -0.21579996E-08 -0.12191799E-06  0.25558500E-05
 -0.60075040E-08  0.65386484E-06 -0.88462381E-08  0.13165625E-06  0.33365824E-06
 -0.29684665E-07 -0.55210708E-08  0.53615302E-07 -0.15990331E-06 -0.19348754E-06
 -0.93888359E-07  0.53464404E-06 -0.75176442E-05  0.14781212E-06  0.22122019E-06
  0.54508979E-08  0.11093090E-07 -0.10834306E-06 -0.60972469E-07  0.58945985E-06
  0.76019996E-07  0.17406786E-06  0.10208638E-05  0.10065253E-05  0.49692528E-05
  0.60506442E-05  0.15033077E-04  0.11009953E-04  0.94013884E-05  0.18779279E-03
  0.36607285E-03  0.10182708E-02  0.13555405E-03 -0.11047898E-02 -0.18768946E-03
 -0.87876441E-04 -0.55877158E-03 -0.32717863E-03 -0.66416946E-03 -0.16248678E-03
  0.52805721E-03  0.24143537E-03 -0.78991424E-03 -0.43211358E-03 -0.38849199E-03
  0.26931141E-04  0.10308488E-03 -0.32026975E-03  0.33265801E-03 -0.22909253E-03
 -0.10282527E-03  0.21867718E-03  0.33973925E-05 -0.17017084E-03
 -0.35810853E-09  0.70597922E-05  0.17413471E-06  0.24076378E-06 -0.18343100E-06
 -0.37700185E-08  0.20635517E-06 -0.23988510E-08 -0.14041147E-06  0.26765492E-06
 -0.66320672E-08  0.79924387E-06 -0.96604701E-08  0.14963834E-06  0.48153820E-06
 -0.13006380E-06 -0.81673383E-08  0.72655293E-07 -0.17214558E-05 -0.18765541E-06
 -0.13442497E-06  0.24772158E-06 -0.11560411E-05  0.46092160E-05  0.10996353E-06
  0.56534957E-05 -0.80613529E-07  0.15257002E-06  0.33533604E-07  0.11097263E-05
 -0.32589293E-06  0.94003434E-06  0.29623529E-05 -0.15017703E-05 -0.25086212E-05
  0.43647814E-05  0.24436302E-04  0.30611334E-04  0.75132227E-04  0.20267636E-03
  0.32520678E-03  0.75538601E-03 -0.34967890E-03 -0.10982599E-02 -0.10980486E-02
 -0.46173981E-03  0.23647175E-03 -0.46320743E-03 -0.37546078E-03 -0.12209463E-02
  0.35091807E-03 -0.41363338E-03 -0.31086237E-03 -0.84626191E-04  0.19417724E-03
  0.19718859E-03 -0.27734611E-03  0.26798245E-03 -0.34204713E-03  0.44106745E-03
  0.10791806E-03 -0.98086244E-04  0.49449997E-04 -0.21274412E-03
 -0.39581284E-09 -0.94952586E-06  0.16213412E-06 -0.23684102E-08 -0.33024714E-06
 -0.41455387E-08  0.27558712E-06 -0.25300798E-08 -0.16278092E-06  0.31114833E-06
  0.50274126E-06  0.47205123E-06 -0.10282123E-07  0.17549603E-06  0.49942216E-07
 -0.15861062E-07  0.37205713E-08  0.91369075E-08 -0.23657172E-06  0.11102410E-06
 -0.14169071E-06 -0.79165964E-07  0.23165197E-04  0.14719213E-06  0.31007422E-07
  0.33165218E-06  0.34226567E-07 -0.29462815E-06 -0.28516987E-05 -0.10649852E-05
  0.14677051E-07 -0.48498740E-06  0.41844417E-06  0.24710697E-05 -0.21912772E-05
  0.16241652E-05  0.11198068E-04  0.21919753E-04  0.17828288E-03  0.27067883E-03
  0.72527641E-03  0.61380877E-03 -0.62137655E-03 -0.10865833E-02 -0.73428742E-03
 -0.32720311E-03 -0.37979053E-03 -0.61893562E-04 -0.38950980E-03 -0.61773244E-05
 -0.18700329E-03  0.81472803E-03 -0.19932717E-03 -0.29726998E-03  0.60733593E-04
  0.37192701E-03 -0.14254191E-03 -0.18916786E-03 -0.21840066E-03  0.35973199E-03
 -0.21159955E-03 -0.38003573E-03 -0.74344040E-04 -0.17540121E-03
 -0.42861324E-09 -0.97740391E-06  0.20242021E-06 -0.57141836E-06 -0.28043110E-06
  0.13220711E-05  0.22163970E-05  0.29514516E-04 -0.18925951E-06  0.36228264E-06
  0.95061429E-06  0.26221416E-06  0.28151690E-08  0.21413385E-06 -0.74855419E-06
  0.11897943E-08  0.68417535E-07  0.87194833E-08  0.45253702E-05 -0.96791211E-07
 -0.13395223E-06 -0.26326770E-05 -0.51470285E-05  0.13845363E-06  0.42818537E-08
  0.46651895E-06 -0.40702535E-07 -0.20561674E-06 -0.18113671E-07 -0.60816970E-07
  0.32963381E-06  0.10498620E-05 -0.16119666E-05  0.22923842E-06 -0.16016836E-06
  0.81482272E-06  0.27147643E-04  0.87328423E-04  0.11706459E-03  0.32638144E-03
  0.41554325E-03  0.37054729E-03 -0.12016161E-02 -0.39541257E-03  0.29519104E-03
 -0.76682604E-04 -0.67328555E-04  0.86408696E-03  0.58189478E-03 -0.42253003E-03
 -0.23888361E-03  0.12537033E-03  0.45283869E-03 -0.22669385E-03 -0.34517710E-04
  0.14030681E-04  0.84388313E-04  0.88936681E-04 -0.11845663E-03  0.60864065E-03
  0.22970233E-03 -0.19070069E-03 -0.26291265E-05 -0.17753958E-03
 -0.45387818E-09 -0.10414963E-05 -0.32502115E-06  0.86271628E-05 -0.77417574E-06
  0.15632007E-05  0.52418537E-06 -0.97399422E-05 -0.22169550E-06  0.42423709E-06
  0.63155558E-06  0.29783923E-06 -0.32908144E-07  0.30571119E-06 -0.16245036E-05
 -0.13882833E-05  0.39276801E-07  0.12123126E-07  0.65832703E-06 -0.55689722E-07
 -0.38040747E-07 -0.31702579E-05  0.39381253E-06  0.12894208E-06  0.21982517E-07
  0.81109047E-06 -0.15035000E-05 -0.48095234E-06 -0.25693891E-06  0.24023347E-06
  0.60241156E-06 -0.29740293E-06  0.23927960E-05 -0.83656695E-05  0.16847024E-04
  0.20328277E-04 -0.54949311E-05  0.14255566E-03  0.23005008E-03  0.62362318E-03
  0.66540226E-03 -0.78220729E-03 -0.17268791E-02 -0.43069614E-03  0.25851493E-05
 -0.37793269E-04 -0.20913475E-03 -0.63416272E-03  0.53898937E-03 -0.23362983E-03
  0.31227434E-04 -0.12624256E-03 -0.82571012E-04 -0.27206792E-04 -0.19487718E-03
 -0.27591311E-03 -0.27675333E-03  0.47145139E-04  0.37316605E-04  0.32019347E-03
  0.29117501E-04 -0.87756289E-04 -0.96667390E-04 -0.23949187E-03
 -0.46969889E-09 -0.10958502E-05  0.88668105E-06  0.20800154E-08  0.62188831E-06
 -0.31313304E-08  0.26121521E-05 -0.49130547E-06 -0.15712055E-06  0.39424036E-06
 -0.73814620E-08  0.33953931E-06 -0.57737616E-08  0.42782977E-06  0.41067031E-05
 -0.57500328E-06  0.56043072E-07  0.25915652E-06  0.10665595E-05 -0.10048327E-05
  0.87636929E-06  0.88239421E-05 -0.56011847E-06  0.68734068E-07  0.39524967E-08
 -0.17322210E-04 -0.28511272E-07 -0.49034447E-06  0.76304930E-06 -0.30266970E-05
 -0.48099495E-06 -0.56481762E-05 -0.45336473E-05 -0.10081664E-06  0.95918162E-05
  0.15205645E-05  0.43860622E-04  0.18635343E-03  0.36619562E-03  0.58268262E-03
  0.31047041E-03 -0.10604271E-02 -0.13765873E-02  0.14984989E-03  0.41128948E-03
 -0.65632527E-03  0.38360424E-03  0.55192103E-03 -0.84353739E-03 -0.25427947E-03
  0.58487663E-03 -0.25264058E-03 -0.27586027E-03 -0.11695959E-03 -0.80633107E-03
 -0.19899423E-03  0.14543446E-03  0.45864757E-03  0.30124329E-04 -0.55168488E-04
 -0.41711948E-04 -0.23175911E-03 -0.76062763E-04 -0.12811960E-03
 -0.47515910E-09 -0.11562417E-05  0.33601096E-05  0.16942161E-08  0.88192839E-06
 -0.26690641E-08  0.32508103E-05 -0.47971335E-06 -0.34943297E-07  0.31113696E-06
 -0.71106509E-08  0.38838364E-06  0.83031906E-07 -0.38494798E-07 -0.18089257E-04
 -0.28097679E-06 -0.90250118E-05 -0.38710017E-05  0.15507231E-05 -0.97881811E-06
 -0.12726192E-04 -0.24341895E-07 -0.68722679E-05  0.46730468E-06  0.44362100E-07
 -0.65694414E-05  0.10361390E-06  0.72725275E-05  0.32284419E-06  0.50042365E-06
  0.11599989E-07 -0.31642627E-05 -0.78889485E-06  0.70759125E-05  0.73428277E-05
  0.75802055E-04  0.10589378E-03  0.18243975E-03  0.43262474E-03  0.72905277E-03
 -0.30224066E-04 -0.16853138E-02 -0.51839256E-03 -0.44274118E-03 -0.40877263E-03
  0.58834491E-03  0.20577501E-03  0.14024170E-03 -0.53109278E-03  0.58287042E-03
 -0.10311763E-02  0.71389828E-03 -0.21633820E-03  0.35178805E-03  0.34194201E-03
  0.99638429E-04 -0.32826383E-03  0.31467350E-03 -0.56867204E-04 -0.49254546E-05
  0.22591880E-03  0.16817617E-03 -0.42581578E-03 -0.21436136E-03
 -0.24083198E-07 -0.11356949E-05  0.12701226E-05  0.13545066E-08 -0.12189042E-05
 -0.26736392E-08  0.98539380E-06 -0.50303920E-06 -0.35229995E-07  0.35928431E-06
 -0.68476843E-08  0.44566297E-06  0.63766540E-06  0.16019117E-06  0.37828686E-06
 -0.37650509E-06  0.17157638E-06 -0.42461049E-06  0.20014371E-05 -0.87038955E-05
 -0.13074184E-05 -0.10428564E-05 -0.20735470E-05 -0.10146752E-05 -0.76232585E-07
  0.22476172E-05  0.51201320E-05  0.12304965E-05 -0.65410144E-07  0.15022849E-04
 -0.17555775E-05  0.25307624E-05  0.89347839E-06  0.41170748E-06  0.14170598E-04
  0.76880564E-04  0.83141521E-04  0.24933003E-03  0.57122769E-03  0.21006768E-03
 -0.10264917E-02 -0.12650359E-02  0.37083682E-03 -0.23268157E-03 -0.36217265E-03
 -0.38681277E-03 -0.11612993E-04  0.48909633E-03  0.57480192E-04  0.46296014E-03
  0.16367071E-03 -0.50633214E-03 -0.12534577E-03  0.32940725E-03 -0.49793994E-03
  0.85592941E-03 -0.39569538E-03  0.39233859E-03 -0.39647671E-03  0.36174837E-03
  0.43971898E-03 -0.80186135E-04  0.64443717E-04 -0.33741068E-03
 -0.18150237E-09 -0.66408577E-06  0.17580911E-05 -0.55188488E-07 -0.74891955E-05
 -0.26640580E-08  0.78974704E-06 -0.41697251E-05 -0.35513350E-07 -0.13913029E-06
 -0.68713655E-08  0.51075753E-06  0.10994121E-05  0.25218403E-06  0.35305408E-06
 -0.14182303E-06  0.21581258E-06 -0.23481526E-06  0.12614245E-05 -0.36392409E-05
  0.18956908E-05 -0.39374575E-06  0.21060453E-04  0.19337080E-07 -0.18448619E-07
 -0.12501604E-06  0.20862992E-05 -0.33079832E-06  0.62873152E-07 -0.10848922E-05
 -0.12426095E-05  0.33037002E-05  0.67641629E-05  0.48281560E-05  0.14327531E-04
  0.55675526E-04  0.13852484E-03  0.42785491E-03  0.60964473E-03 -0.67878464E-04
 -0.11410534E-02 -0.60619667E-03 -0.39601952E-04  0.55149991E-03 -0.23441154E-03
  0.77848694E-03 -0.64356011E-03  0.70747491E-03 -0.48365688E-03  0.44667599E-03
  0.11155411E-03 -0.32643512E-04 -0.48273059E-03  0.39069327E-03 -0.75147687E-03
  0.75826360E-03 -0.28042716E-03  0.19396671E-03  0.51214707E-04 -0.13092027E-03
  0.11176423E-03  0.23444564E-03 -0.14233549E-03 -0.18864341E-03
  0.22706612E-07 -0.42174483E-06  0.26876756E-05 -0.21360955E-06 -0.93930775E-05
 -0.44269216E-08 -0.55196238E-08  0.11406965E-05 -0.23357577E-07 -0.54763393E-06
 -0.76773627E-08  0.58658292E-06  0.16735766E-05  0.37920554E-05 -0.12538062E-05
  0.69883374E-06 -0.11037686E-05  0.24942272E-06 -0.25898296E-06  0.66829190E-06
 -0.17348345E-05 -0.14565351E-06 -0.60767672E-06 -0.10306473E-07  0.21386161E-07
 -0.94744925E-07  0.38549495E-06 -0.28406009E-06  0.55963779E-06 -0.17353605E-05
 -0.68969477E-05  0.14948367E-05  0.82567567E-05  0.13512281E-04  0.49149499E-04
  0.68344950E-05  0.20718443E-03  0.42192440E-03  0.46403689E-03 -0.57979897E-03
 -0.16861768E-02 -0.72624165E-03 -0.15399346E-03 -0.19170281E-03 -0.10982246E-03
  0.19022994E-03 -0.28361745E-03 -0.12567560E-03 -0.30565157E-03 -0.37609585E-04
  0.40724195E-05  0.26375960E-03  0.19502391E-03 -0.13629106E-04  0.10261922E-03
  0.11569635E-04  0.29823333E-03 -0.14523692E-03  0.42181208E-03  0.10133087E-03
 -0.19455355E-03 -0.12570676E-03  0.28419888E-04 -0.93268639E-04
  0.11052546E-07 -0.65266455E-06  0.11206371E-05 -0.20866929E-05 -0.97830188E-06
 -0.13235699E-05 -0.19012609E-05  0.47409427E-05 -0.40155507E-06 -0.44812139E-06
 -0.91247394E-08  0.67708856E-06  0.13126216E-05 -0.40526927E-07  0.36454860E-06
  0.11962135E-05  0.19286822E-05 -0.82635239E-06 -0.16731660E-06 -0.15532844E-05
 -0.24041305E-05 -0.11839976E-06 -0.44611839E-06 -0.48115411E-07 -0.50877367E-07
 -0.37952890E-06  0.40008543E-06  0.56276010E-06 -0.66423487E-06 -0.42506193E-05
  0.13886696E-05 -0.21849807E-05 -0.32588050E-05  0.62893317E-05  0.32364704E-04
  0.67353502E-04  0.21822883E-03  0.56470565E-03  0.13179368E-03 -0.15338335E-02
 -0.12870123E-02  0.31262379E-03  0.52840100E-03  0.67201798E-03 -0.22755970E-04
 -0.34780370E-03  0.17446793E-03 -0.16550634E-03  0.53666709E-03 -0.21060706E-03
  0.20892666E-03  0.13595055E-03 -0.20268400E-03 -0.45289073E-04 -0.13478159E-03
  0.23271371E-03 -0.30304372E-03  0.40957068E-03 -0.54953037E-04 -0.37513637E-05
 -0.94290735E-04  0.19947702E-03 -0.99229664E-04 -0.22123855E-03
  0.21147135E-07 -0.63744681E-06  0.16825120E-05 -0.65894249E-06 -0.10979606E-05
  0.24757344E-07 -0.66360569E-05  0.25847847E-05 -0.69031733E-06 -0.97012955E-08
 -0.11543011E-07 -0.10188010E-04 -0.32931082E-07 -0.78232123E-06  0.41226081E-06
 -0.59998100E-06  0.41898395E-05 -0.15415008E-05 -0.89013135E-06 -0.87343806E-05
 -0.66322029E-05  0.88792301E-05 -0.39448808E-06 -0.72101496E-07 -0.14377362E-06
 -0.48592426E-06 -0.24184394E-05 -0.57297309E-06 -0.62327152E-06 -0.59259840E-05
 -0.22397207E-05  0.48362546E-05  0.27246336E-05 -0.51814726E-06  0.12453642E-04
  0.73014568E-04  0.29957479E-03  0.48478439E-03 -0.57190501E-04 -0.15833763E-02
 -0.12357136E-03  0.21642534E-03 -0.29822362E-03 -0.39210342E-04 -0.64658702E-03
  0.27589307E-03  0.19640250E-03  0.10832397E-03 -0.14255411E-03  0.13817485E-03
 -0.27642701E-05  0.23254172E-04 -0.26280161E-03  0.10924331E-03  0.29596787E-03
 -0.27330728E-03 -0.66324602E-03  0.42948586E-03  0.28440102E-03  0.16198468E-03
 -0.16592194E-03 -0.22018746E-03 -0.86822789E-06 -0.98651339E-04
  0.12417088E-07 -0.59731095E-06  0.42524598E-06  0.36689788E-05 -0.72174476E-06
 -0.28588022E-07 -0.14110876E-05  0.56840165E-05  0.16530300E-04 -0.12013341E-07
 -0.14667270E-07 -0.33121885E-06 -0.39268701E-07  0.57452853E-06 -0.14284041E-04
  0.60157815E-06  0.61117326E-05 -0.68151882E-05 -0.25065653E-05 -0.61444942E-05
 -0.62310402E-05  0.84640111E-05  0.13425859E-05  0.24977654E-05  0.31777710E-05
 -0.97682422E-06  0.35091197E-06  0.39504531E-06 -0.60756335E-06 -0.11725852E-05
  0.11652184E-05  0.40840316E-05 -0.12255696E-05  0.29899896E-05  0.11978837E-04
  0.14518856E-03  0.27988802E-03  0.25879577E-03 -0.61501594E-03 -0.10850248E-02
 -0.95833548E-03  0.72530045E-04  0.28353520E-03 -0.29418902E-03  0.99846599E-04
 -0.12701096E-03 -0.13809225E-03 -0.61735495E-03  0.35928760E-03 -0.74029110E-03
  0.47005231E-03 -0.16735750E-03 -0.17233666E-03 -0.51667197E-04 -0.10134290E-03
  0.11960894E-03 -0.13157158E-03  0.15675792E-03  0.15284084E-03  0.19557012E-03
 -0.15863187E-04  0.85509857E-04 -0.18523915E-03 -0.74781638E-04
  0.39224213E-08  0.48712672E-06 -0.29526068E-08 -0.51846446E-08 -0.11925260E-05
 -0.70131970E-08 -0.86237949E-08 -0.66380714E-05 -0.62737192E-05  0.81958357E-07
 -0.17696486E-07 -0.15765510E-06 -0.45666909E-07 -0.77440216E-05  0.65267178E-05
 -0.24060221E-05  0.18819495E-05 -0.74118304E-05  0.32652227E-05 -0.88268446E-05
 -0.10271782E-05 -0.90023628E-07 -0.14704539E-04  0.13645116E-05 -0.17077775E-07
 -0.77047673E-06  0.11090201E-04  0.61535005E-06 -0.39233851E-06 -0.19253198E-06
  0.81090441E-05 -0.76414608E-05  0.12171181E-04 -0.21619876E-05  0.61718155E-05
  0.12293421E-03  0.14555081E-03 -0.17160661E-03 -0.21580593E-02 -0.24761507E-02
 -0.74440222E-03 -0.40047997E-03 -0.36302025E-03 -0.61129050E-03 -0.31120926E-03
 -0.65374771E-03  0.35587645E-03 -0.53692861E-04 -0.50138112E-03  0.76032607E-04
  0.21657460E-03 -0.31635916E-03 -0.15191408E-03  0.99779907E-04 -0.24719462E-03
 -0.13048385E-04 -0.33507468E-04  0.12451832E-04 -0.11293730E-03 -0.28938699E-04
  0.88307407E-04 -0.13094252E-03 -0.77618526E-04 -0.10504836E-04
 -0.44957226E-07 -0.15083504E-12 -0.19717714E-12 -0.16202330E-12 -0.10213879E-07
 -0.22291214E-07 -0.10819498E-05  0.15125960E-11  0.25200638E-11 -0.25088078E-07
 -0.77353628E-08 -0.14739002E-06 -0.12542104E-06 -0.16284467E-07  0.46537519E-06
  0.11208731E-06  0.21906785E-10  0.13685726E-07  0.47219123E-06  0.46317034E-07
 -0.15469608E-07 -0.30627035E-05  0.81750571E-07 -0.42669739E-07 -0.32407688E-07
  0.12243118E-09  0.10887610E-07  0.16289724E-08 -0.16138090E-06 -0.52864800E-06
 -0.26437153E-05 -0.19329341E-05 -0.39075345E-05 -0.89290654E-05 -0.15059225E-04
 -0.23557174E-04 -0.56290483E-04 -0.12551813E-03 -0.28584914E-03 -0.60673798E-03
 -0.14414583E-02 -0.30407564E-02 -0.30467335E-02 -0.11293052E-02 -0.14706409E-04
  0.99976545E-04  0.37367175E-03 -0.37824645E-03  0.43469341E-03  0.77614596E-04
 -0.73221014E-04  0.14141982E-03  0.58410390E-03  0.62971583E-03  0.75636390E-03
  0.82729576E-03  0.59676085E-03  0.63093043E-03  0.56128092E-03  0.67059916E-03
  0.98122515E-03  0.72494372E-03  0.39058439E-03  0.20313406E-03
 -0.45013974E-07 -0.57671574E-12 -0.80688488E-12 -0.80476767E-12 -0.10368359E-07
 -0.24632684E-07  0.16058599E-11  0.35892924E-11  0.63774371E-11 -0.29211243E-07
 -0.10384725E-07 -0.18997290E-06 -0.12551647E-06 -0.13727641E-05  0.45182835E-06
 -0.17685298E-05  0.63016160E-10  0.14269794E-07  0.46852408E-06  0.49565510E-07
 -0.35476668E-08 -0.25299699E-05  0.20455222E-06  0.18729570E-06 -0.21574976E-07
 -0.35712764E-08 -0.10506296E-06  0.61658804E-07 -0.13821460E-06 -0.34145894E-06
 -0.63114121E-06 -0.16290110E-05 -0.44699308E-05 -0.87951890E-05 -0.11150989E-04
 -0.29687325E-04 -0.64185521E-04 -0.13104704E-03 -0.34047164E-03 -0.69446844E-03
 -0.16154703E-02 -0.29917836E-02 -0.39848313E-02 -0.19636703E-02 -0.97502285E-03
 -0.10005553E-02 -0.10145213E-02 -0.10226873E-02 -0.51860830E-03 -0.73081978E-04
 -0.22501049E-03  0.49959043E-03  0.76957726E-03  0.85569916E-03  0.84360031E-03
  0.11191075E-02  0.10719641E-02  0.12630293E-02  0.11306480E-02  0.10310351E-02
  0.10190208E-02  0.10033910E-02  0.71967200E-03  0.33885193E-03
 -0.44899933E-07 -0.13238601E-11 -0.19691183E-11 -0.22565993E-11  0.91619991E-06
 -0.26957928E-07  0.59137336E-12  0.33650314E-11  0.73860774E-11 -0.29968744E-07
 -0.13666801E-07 -0.23736293E-06 -0.12579001E-06 -0.95049377E-09 -0.14843817E-04
 -0.12115275E-06  0.96267206E-10  0.14799120E-07  0.46383418E-06  0.52745913E-07
 -0.42929841E-08  0.80700458E-05  0.16290758E-06 -0.10813622E-07 -0.56864208E-07
 -0.43341647E-07 -0.22975659E-06 -0.52220320E-06 -0.27659605E-06 -0.93245115E-06
 -0.33488496E-06 -0.21096100E-05 -0.33025460E-05 -0.25318869E-05 -0.17084252E-04
 -0.36499947E-04 -0.61447446E-04 -0.15213738E-03 -0.33733250E-03 -0.72487329E-03
 -0.15655551E-02 -0.30805380E-02 -0.42628832E-02 -0.29982591E-02 -0.19048245E-02
 -0.11081696E-02 -0.86706837E-03 -0.77038016E-03 -0.31157142E-03  0.76618703E-03
  0.12427660E-03  0.99528516E-03  0.89516488E-03  0.12013703E-02  0.14333794E-02
  0.11978000E-02  0.12130874E-02  0.13666752E-02  0.12533595E-02  0.12761105E-02
  0.13428759E-02  0.12437191E-02  0.72160516E-03  0.29673788E-03
 -0.44551579E-07 -0.25002785E-11 -0.38670726E-11 -0.47807381E-11 -0.14699659E-05
 -0.29182162E-07 -0.28126914E-11  0.16263866E-12  0.47270643E-11 -0.30535973E-07
 -0.17607514E-07 -0.60481608E-06 -0.12469423E-06 -0.42736117E-08 -0.26559204E-06
 -0.12553596E-06  0.11833042E-09  0.15232718E-07  0.45721070E-06  0.44668582E-07
 -0.49226866E-08  0.77382726E-05  0.34013952E-06  0.64762692E-07 -0.59733648E-07
  0.28515807E-07 -0.45104832E-05 -0.49450331E-07 -0.38588547E-07 -0.68390190E-06
 -0.61064912E-06 -0.22219581E-05 -0.34335778E-05 -0.77634605E-05 -0.12966075E-04
 -0.36716140E-04 -0.62315836E-04 -0.14100579E-03 -0.27320803E-03 -0.65109568E-03
 -0.14837026E-02 -0.29687423E-02 -0.47869081E-02 -0.36796558E-02 -0.24807683E-02
 -0.17862642E-02 -0.12886065E-02 -0.12396416E-02 -0.99989761E-03 -0.20273297E-03
  0.57820556E-03  0.76787568E-03  0.10095626E-02  0.84510023E-03  0.15587568E-02
  0.16089120E-02  0.16858457E-02  0.16150977E-02  0.15649652E-02  0.15708190E-02
  0.14897351E-02  0.13910049E-02  0.81948044E-03  0.42842855E-03
 -0.19097821E-06 -0.25251169E-06 -0.65360887E-11 -0.84297994E-11 -0.67276852E-07
 -0.31235713E-07 -0.87339159E-11 -0.61820525E-11 -0.29023571E-05 -0.30889098E-07
 -0.22202008E-07 -0.50061609E-07 -0.12291774E-06 -0.18550491E-07 -0.27973058E-06
 -0.12905280E-06  0.12690752E-09  0.15555152E-07  0.44862834E-06  0.57977166E-07
 -0.83970480E-08 -0.75985511E-05  0.15651898E-06  0.19401273E-08 -0.92619449E-07
 -0.50055191E-06 -0.19212916E-05 -0.44754780E-07 -0.12607935E-06 -0.35107702E-06
 -0.81120431E-06 -0.21531852E-05 -0.32835372E-05 -0.78737575E-05 -0.17701853E-04
 -0.28293698E-04 -0.59419635E-04 -0.12581551E-03 -0.26619048E-03 -0.64102875E-03
 -0.14027303E-02 -0.28663490E-02 -0.47882679E-02 -0.44332135E-02 -0.26211303E-02
 -0.16961731E-02 -0.22773038E-02 -0.17331678E-02 -0.16093069E-03 -0.54334665E-03
  0.54214881E-03  0.91794933E-03  0.13955329E-02  0.12677191E-02  0.16746363E-02
  0.18783611E-02  0.14515473E-02  0.17510219E-02  0.16519216E-02  0.17690095E-02
  0.13819044E-02  0.15385735E-02  0.10186988E-02  0.40989334E-03
 -0.20860726E-11 -0.53127603E-06 -0.98908218E-11 -0.13084633E-10 -0.68832645E-07
 -0.33156235E-07 -0.16954405E-10 -0.15419669E-10  0.71523756E-07 -0.31100980E-07
 -0.27483139E-07 -0.49152210E-07 -0.12077633E-06 -0.18872266E-07 -0.31215395E-06
 -0.12551144E-06  0.12090456E-09  0.15790597E-07  0.43908551E-06  0.60500155E-07
  0.88353555E-07  0.14765622E-05  0.14902810E-06  0.10711676E-06 -0.79459659E-07
  0.21293813E-05 -0.81691160E-08 -0.10388571E-06 -0.19657049E-06 -0.66750358E-06
 -0.80192017E-06 -0.22049625E-05 -0.26170025E-05 -0.83884322E-05 -0.25764035E-04
 -0.24441984E-04 -0.53056661E-04 -0.12148620E-03 -0.26780193E-03 -0.58277587E-03
 -0.12955490E-02 -0.27113310E-02 -0.47851710E-02 -0.43817859E-02 -0.34022030E-02
 -0.23194316E-02 -0.24053265E-02 -0.90322459E-03 -0.12011707E-02 -0.61542736E-03
  0.94280456E-03  0.81271215E-03  0.12163801E-02  0.15188637E-02  0.18595037E-02
  0.15022414E-02  0.14979942E-02  0.18153216E-02  0.19021515E-02  0.18315400E-02
  0.19541867E-02  0.15468987E-02  0.10564309E-02  0.51807824E-03
 -0.28562017E-11 -0.69689577E-06 -0.13744916E-10 -0.18482641E-10 -0.70053308E-07
 -0.34926939E-07 -0.26973001E-10 -0.26966005E-10  0.59417828E-07 -0.31179420E-07
 -0.33434282E-07 -0.48120388E-07 -0.11830711E-06 -0.19106214E-07 -0.15426281E-05
 -0.99947444E-07  0.10036120E-09  0.15932185E-07  0.39738698E-06  0.62787646E-07
  0.39333420E-06  0.14707976E-05 -0.23142767E-05  0.18958123E-07 -0.79057178E-07
 -0.54097481E-06 -0.35411227E-07 -0.92883003E-07 -0.15101172E-06 -0.11228912E-05
 -0.50815049E-06 -0.20465781E-05 -0.26249938E-05 -0.66660851E-05 -0.11986697E-04
 -0.26860160E-04 -0.55148442E-04 -0.12071963E-03 -0.21951743E-03 -0.54004711E-03
 -0.11752601E-02 -0.26013674E-02 -0.45578969E-02 -0.46888033E-02 -0.32058980E-02
 -0.21064975E-02 -0.22192363E-02 -0.16558639E-02 -0.12965872E-02 -0.35811160E-03
  0.66470448E-03  0.66229008E-03  0.10199935E-02  0.19883717E-02  0.13741647E-02
  0.18085367E-02  0.13810269E-02  0.17795326E-02  0.17848201E-02  0.19550421E-02
  0.18271077E-02  0.13105335E-02  0.86173650E-03  0.59814814E-03
 -0.36694458E-11 -0.89528519E-06 -0.17842353E-10 -0.24260105E-10 -0.70960100E-07
 -0.36538250E-07 -0.38070572E-10 -0.39970946E-10  0.48919715E-07  0.27940267E-06
  0.20839483E-05 -0.66182431E-06 -0.11555568E-06 -0.43235681E-08  0.33856826E-05
 -0.10494746E-06  0.66434940E-10  0.15956184E-07  0.10446142E-09  0.64681747E-07
  0.33689342E-06 -0.30031471E-04 -0.51659758E-06 -0.42949002E-06 -0.12797647E-06
 -0.44078150E-06 -0.19959195E-07  0.37209996E-07 -0.39263255E-06 -0.21130903E-06
 -0.88101657E-06 -0.28672467E-05 -0.42242227E-05 -0.90941944E-05 -0.15107974E-04
 -0.32560409E-04 -0.57358908E-04 -0.10527910E-03 -0.23645623E-03 -0.50248241E-03
 -0.11780852E-02 -0.25438938E-02 -0.47947057E-02 -0.47001757E-02 -0.38569824E-02
 -0.32721626E-02 -0.20242918E-02 -0.16659965E-02 -0.85976277E-03 -0.54548272E-03
  0.96757100E-03  0.13120768E-02  0.14559350E-02  0.16713066E-02  0.13294608E-02
  0.17467257E-02  0.22579213E-02  0.16895079E-02  0.15447408E-02  0.18293653E-02
  0.20113354E-02  0.14136964E-02  0.99747903E-03  0.54432808E-03
 -0.44699193E-11 -0.67927840E-06 -0.21896024E-10 -0.17233424E-06 -0.71431708E-07
 -0.37899705E-07 -0.49389965E-10 -0.53399232E-10  0.11160184E-06  0.17491104E-06
  0.71839145E-06 -0.64603717E-07 -0.11204908E-06 -0.30733541E-10  0.12161692E-05
 -0.15413793E-06  0.21392804E-10  0.15780463E-07  0.57376031E-10  0.65748564E-07
 -0.66895087E-07  0.20436719E-05 -0.34276383E-06 -0.23372430E-05  0.59006228E-05
 -0.40350646E-07 -0.30986047E-07 -0.94139434E-07 -0.30940163E-06 -0.10822124E-06
 -0.13631837E-05 -0.25402692E-05 -0.31046160E-05 -0.10970764E-04 -0.86282592E-05
 -0.28332522E-04 -0.59204339E-04 -0.10982844E-03 -0.23345735E-03 -0.44593316E-03
 -0.10569777E-02 -0.22219070E-02 -0.45609869E-02 -0.48239795E-02 -0.46201234E-02
 -0.29408722E-02 -0.22451957E-02 -0.83728323E-03 -0.64044230E-03 -0.32732978E-03
  0.27176405E-03  0.17972612E-02  0.11195712E-02  0.19020263E-02  0.16642888E-02
  0.16755538E-02  0.18951687E-02  0.17670163E-02  0.17732360E-02  0.21067401E-02
  0.15604963E-02  0.15376406E-02  0.95055850E-03  0.48635936E-03
 -0.52075388E-11 -0.15545419E-10 -0.25646224E-10 -0.14262003E-05 -0.71487882E-07
 -0.39010783E-07 -0.60108601E-10  0.37263741E-08 -0.39944603E-07  0.25249918E-05
  0.72597858E-06 -0.62384415E-07 -0.10839507E-06 -0.63568867E-10 -0.48958311E-07
 -0.23169045E-06 -0.30818206E-10  0.15475561E-07 -0.11148799E-10  0.65936347E-07
 -0.42323801E-06  0.28578513E-05  0.38573590E-06 -0.39160195E-05  0.51746174E-06
  0.26535045E-06 -0.21828797E-07 -0.91420720E-07 -0.53212973E-06 -0.41417056E-06
 -0.86311893E-06 -0.16330868E-05 -0.42273663E-05 -0.76168677E-05 -0.13885476E-04
 -0.25497294E-04 -0.55221725E-04 -0.12425009E-03 -0.23450647E-03 -0.45146467E-03
 -0.10951736E-02 -0.21620099E-02 -0.40885675E-02 -0.51218456E-02 -0.42418504E-02
 -0.31116814E-02 -0.26928401E-02 -0.36405524E-03 -0.12369478E-02 -0.54053865E-03
  0.57183903E-03  0.11353058E-02  0.88672816E-03  0.15343915E-02  0.17089411E-02
  0.17109025E-02  0.19314980E-02  0.16500550E-02  0.18525281E-02  0.16989649E-02
  0.15587233E-02  0.14012521E-02  0.10236680E-02  0.44438938E-03
 -0.45608962E-11 -0.13630886E-10 -0.22540522E-10 -0.35995980E-07 -0.56255912E-07
 -0.31431841E-07 -0.54127562E-10 -0.59627735E-09 -0.31521266E-07 -0.38378600E-07
  0.57684961E-06 -0.47642796E-07 -0.82906426E-07 -0.71953234E-10 -0.39345520E-07
 -0.18753550E-06 -0.61229026E-10  0.11933006E-07 -0.68748244E-10  0.50199568E-07
 -0.32989952E-06  0.20209843E-05  0.25589090E-06 -0.80883615E-06 -0.32432907E-05
  0.40133807E-06  0.15674901E-07 -0.21726475E-06 -0.94441039E-07 -0.46438502E-06
 -0.98340734E-06 -0.16183249E-05 -0.35658269E-05 -0.46291756E-05 -0.11256414E-04
 -0.20682789E-04 -0.43605168E-04 -0.71332316E-04 -0.16810150E-03 -0.35805849E-03
 -0.72803504E-03 -0.16740499E-02 -0.32302100E-02 -0.41537127E-02 -0.31308084E-02
 -0.25591843E-02 -0.18662699E-02 -0.97824508E-03 -0.41138384E-03 -0.67269861E-03
  0.46294730E-03  0.36217693E-03  0.11795519E-02  0.10150654E-02  0.15962031E-02
  0.16922102E-02  0.13051286E-02  0.13827259E-02  0.13327931E-02  0.12932178E-02
  0.15754662E-02  0.11749315E-02  0.87555669E-03  0.47714009E-03
 -0.56266518E-11 -0.16829881E-10 -0.27876682E-10 -0.40109938E-07 -0.64012489E-07
 -0.36525531E-07 -0.68073336E-10 -0.62803588E-09 -0.35958792E-07  0.46522113E-06
  0.32644725E-05 -0.52798056E-07 -0.92010230E-07 -0.10282243E-09 -0.45408006E-07
 -0.21891421E-06 -0.10408426E-09  0.13321316E-07 -0.12676881E-09  0.56903173E-07
 -0.34495191E-06  0.20133454E-05 -0.49500877E-06  0.75963119E-08 -0.19014327E-05
  0.36253720E-06 -0.45282565E-07 -0.97501921E-07 -0.26916262E-06 -0.24621828E-04
 -0.10271932E-05 -0.25143613E-05 -0.39551294E-05 -0.41891393E-05 -0.14604309E-04
 -0.23411762E-04 -0.49388836E-04 -0.93460401E-04 -0.16960902E-03 -0.38997648E-03
 -0.78798041E-03 -0.18489483E-02 -0.35968671E-02 -0.46953526E-02 -0.31070990E-02
 -0.25899335E-02 -0.25003405E-02 -0.15458705E-02  0.78718166E-04 -0.34029616E-03
  0.14493834E-03  0.13731042E-02  0.74510233E-03  0.18460615E-02  0.14317272E-02
  0.12594858E-02  0.16118567E-02  0.16564464E-02  0.14223162E-02  0.13362015E-02
  0.17321766E-02  0.14804719E-02  0.11010908E-02  0.37987328E-03
 -0.69058737E-11 -0.20670536E-10 -0.34286242E-10 -0.44757322E-07 -0.73085999E-07
 -0.40053603E-07 -0.26985153E-08 -0.66176907E-09 -0.41173330E-07  0.70699972E-06
 -0.38596662E-08 -0.58605956E-07 -0.10230752E-06 -0.14012540E-09 -0.52352632E-07
 -0.25628660E-06 -0.15319044E-09  0.14962832E-07 -0.15182183E-06  0.65514764E-07
 -0.35410531E-06  0.19544082E-05  0.16135307E-06  0.75659327E-08 -0.12037500E-06
  0.30834226E-06  0.91054531E-08 -0.15547493E-06 -0.27636654E-06 -0.55885619E-06
 -0.11168803E-05 -0.13061998E-05 -0.64300478E-05 -0.61259465E-05 -0.16877814E-04
 -0.33102185E-04 -0.50750668E-04 -0.10757633E-03 -0.21183009E-03 -0.42706568E-03
 -0.86120763E-03 -0.19887132E-02 -0.40117038E-02 -0.52099149E-02 -0.43010265E-02
 -0.27563511E-02 -0.19290734E-02 -0.16997588E-02 -0.38084753E-03 -0.38559377E-03
  0.11477215E-02  0.77396730E-03  0.19062067E-02  0.11633957E-02  0.19446720E-02
  0.16564142E-02  0.14722516E-02  0.19222651E-02  0.19234061E-02  0.17564603E-02
  0.16772910E-02  0.14422674E-02  0.10370878E-02  0.54748492E-03
 -0.84165217E-11 -0.25206305E-10 -0.41856869E-10 -0.50023361E-07 -0.83759375E-07
 -0.89843611E-10 -0.50240983E-07 -0.69768926E-09 -0.47338503E-07  0.84518529E-06
 -0.44112221E-08  0.38994511E-05 -0.11378734E-06 -0.18321535E-09 -0.60141251E-07
 -0.30182934E-06 -0.20527596E-09  0.16925108E-07  0.42098065E-08  0.76139096E-07
 -0.35956443E-06  0.18702918E-05  0.71552182E-06 -0.92244079E-07 -0.53841807E-06
  0.68009216E-06  0.15468722E-05 -0.13652585E-06 -0.21849743E-06 -0.36697949E-06
 -0.10925651E-05 -0.18831380E-05 -0.68522372E-05 -0.65078199E-05 -0.19585422E-04
 -0.34475164E-04 -0.70945115E-04 -0.12708015E-03 -0.24774271E-03 -0.50026647E-03
 -0.10488593E-02 -0.21801537E-02 -0.42719902E-02 -0.53367825E-02 -0.48616024E-02
 -0.30568620E-02 -0.29853006E-02 -0.18155650E-02 -0.17571213E-02 -0.52206880E-03
  0.11425017E-02  0.65084918E-03  0.15265001E-02  0.18691762E-02  0.18207587E-02
  0.17150799E-02  0.23865135E-02  0.18427701E-02  0.17618831E-02  0.16841972E-02
  0.17550574E-02  0.15504859E-02  0.12483435E-02  0.42048124E-03
 -0.10166858E-10 -0.30461198E-10 -0.50626002E-10 -0.56010315E-07 -0.96389809E-07
 -0.10924183E-09 -0.59391126E-07 -0.73560417E-09 -0.54602894E-07  0.10154150E-05
 -0.50424773E-08  0.45052953E-06 -0.12658532E-06 -0.23089146E-09 -0.68962901E-07
 -0.35813486E-06 -0.25618293E-09  0.17751779E-07  0.39196638E-08  0.88966014E-07
 -0.36317879E-06 -0.45456246E-05 -0.54753446E-05  0.94800484E-06 -0.46095027E-06
 -0.25817875E-06 -0.47203302E-07 -0.11539233E-06 -0.38920438E-06 -0.56118245E-06
 -0.12967825E-05 -0.21989902E-05 -0.51902551E-05 -0.14840223E-04 -0.26194127E-04
 -0.35444030E-04 -0.78908160E-04 -0.14465412E-03 -0.26705514E-03 -0.54171694E-03
 -0.11262511E-02 -0.24330673E-02 -0.48223745E-02 -0.59866051E-02 -0.54066204E-02
 -0.31289054E-02 -0.30361165E-02 -0.19338186E-02 -0.83663107E-03  0.38560190E-03
  0.22085093E-03  0.57978799E-03  0.20094196E-02  0.23451285E-02  0.10101565E-02
  0.24227408E-02  0.18913085E-02  0.26043449E-02  0.22241626E-02  0.21021731E-02
  0.19010526E-02  0.15417500E-02  0.10293878E-02  0.67066537E-03
 -0.12148647E-10 -0.36409029E-10 -0.60545110E-10 -0.62694044E-07 -0.11112410E-06
 -0.13109256E-09 -0.70406730E-07 -0.37655395E-09 -0.63114697E-07  0.12269909E-05
  0.12621101E-06  0.55439424E-06 -0.11657824E-06 -0.28120834E-09 -0.78782089E-07
 -0.13320078E-06 -0.30076704E-09  0.26372999E-07  0.31486627E-07 -0.61079981E-05
 -0.36528652E-06  0.16081539E-05 -0.14368838E-06  0.10507891E-07 -0.36081436E-06
 -0.27156391E-06 -0.25762734E-07 -0.85218879E-07 -0.21396478E-06 -0.10893542E-05
 -0.17695953E-05 -0.42948174E-05  0.38707090E-06 -0.15156243E-04 -0.25154804E-04
 -0.48774284E-04 -0.93114166E-04 -0.16787017E-03 -0.32267972E-03 -0.65936464E-03
 -0.13466441E-02 -0.29590239E-02 -0.55965397E-02 -0.68374515E-02 -0.60877186E-02
 -0.39620288E-02 -0.32352141E-02 -0.16954563E-02 -0.17187486E-02  0.83784877E-03
  0.99625555E-03  0.20496431E-02  0.14567732E-02  0.21761019E-02  0.24985890E-02
  0.25342417E-02  0.25252376E-02  0.25553642E-02  0.23417914E-02  0.25035597E-02
  0.21714362E-02  0.17823158E-02  0.15126925E-02  0.65110291E-03
 -0.14335396E-10 -0.42969493E-10 -0.74941857E-06 -0.70209731E-07 -0.12855369E-06
 -0.11569657E-09 -0.84019593E-07 -0.37528206E-09 -0.73320903E-07  0.14945503E-05
  0.17072954E-08  0.68795881E-06 -0.13228717E-08 -0.33140375E-09  0.93587955E-07
 -0.50137759E-06 -0.33286256E-09  0.31312880E-07 -0.18879797E-08  0.35716763E-05
 -0.68688062E-05  0.15810588E-04  0.15330705E-05 -0.68080953E-08 -0.23122054E-06
 -0.31953491E-06 -0.56118762E-07 -0.44792356E-07 -0.59994970E-05 -0.77636154E-06
 -0.14880114E-05 -0.38567862E-05 -0.73542334E-05 -0.18140308E-04 -0.31893772E-04
 -0.53666308E-04 -0.90748566E-04 -0.19827417E-03 -0.39266753E-03 -0.75439164E-03
 -0.15527422E-02 -0.32226081E-02 -0.62326001E-02 -0.72616114E-02 -0.59657672E-02
 -0.49956585E-02 -0.37051398E-02 -0.26512725E-02 -0.54508816E-03 -0.23908243E-03
  0.49425709E-03  0.12645803E-02  0.17672311E-02  0.27014585E-02  0.20901954E-02
  0.28949952E-02  0.23407718E-02  0.27843732E-02  0.25352878E-02  0.24509786E-02
  0.26801135E-02  0.22188586E-02  0.12795933E-02  0.75157723E-03
 -0.16681448E-10 -0.50003577E-10  0.58413719E-07 -0.78801181E-07 -0.14946482E-06
 -0.13690810E-09 -0.10100427E-06 -0.20512852E-07 -0.94874551E-07  0.18454449E-05
  0.19172182E-08  0.86138710E-06 -0.14901825E-08  0.31112940E-04 -0.17147623E-06
 -0.65013179E-06 -0.34553487E-09  0.51115946E-06  0.16464442E-06 -0.10192227E-05
 -0.34646449E-06  0.40489159E-06 -0.98097694E-06 -0.45617073E-07 -0.99123875E-07
 -0.25233675E-07 -0.54804284E-06 -0.16295022E-06  0.11407671E-05 -0.98544634E-06
 -0.13214940E-05 -0.17243730E-05  0.67120877E-05 -0.26356978E-04 -0.35431433E-04
 -0.70738642E-04 -0.12842617E-03 -0.24471852E-03 -0.41697700E-03 -0.88059677E-03
 -0.18328211E-02 -0.39944304E-02 -0.71659863E-02 -0.74487520E-02 -0.68013494E-02
 -0.43916392E-02 -0.42979605E-02 -0.23634979E-02 -0.52483813E-03 -0.36505290E-03
  0.10888696E-02  0.13059955E-02  0.26550559E-02  0.25681787E-02  0.25120072E-02
  0.26631009E-02  0.32403743E-02  0.28437912E-02  0.29884197E-02  0.28828137E-02
  0.32598748E-02  0.23544012E-02  0.15919307E-02  0.66381545E-03
 -0.19112267E-10 -0.54968091E-06  0.57215329E-07 -0.84796583E-07 -0.17859389E-06
 -0.15813263E-09 -0.12238830E-06 -0.49050659E-09 -0.12673613E-06  0.12407269E-05
  0.21701810E-08  0.10888810E-05 -0.16701970E-08  0.49900971E-07 -0.36452882E-07
 -0.69591591E-06 -0.33186214E-09  0.12598312E-06  0.57304670E-06 -0.15308330E-06
 -0.27886823E-06  0.39445699E-06 -0.25247321E-05 -0.56778392E-07  0.13513758E-06
 -0.95575539E-07 -0.66271399E-06 -0.19956168E-06 -0.34462107E-06 -0.99203694E-09
 -0.24186790E-05 -0.54263589E-05 -0.12314855E-04 -0.24980399E-04 -0.53860335E-04
 -0.86741291E-04 -0.16319415E-03 -0.33014563E-03 -0.54171006E-03 -0.11479535E-02
 -0.24619473E-02 -0.49792601E-02 -0.75589009E-02 -0.85339187E-02 -0.63472077E-02
 -0.49860618E-02 -0.49370392E-02 -0.20333138E-02 -0.14962088E-02  0.34190741E-03
  0.18600276E-02  0.19750103E-02  0.28786206E-02  0.25775606E-02  0.30020223E-02
  0.24165467E-02  0.38733395E-02  0.31344861E-02  0.27358974E-02  0.30610276E-02
  0.30316382E-02  0.27550776E-02  0.17688024E-02  0.83125090E-03
 -0.21525291E-10  0.96268776E-05 -0.10041014E-05 -0.54267428E-06 -0.30885621E-06
 -0.17804284E-09 -0.14956962E-06 -0.55001237E-09 -0.14609772E-06 -0.67135324E-07
  0.24774684E-08  0.13905253E-05 -0.18613871E-08  0.85522916E-07 -0.37198716E-07
 -0.74705171E-06  0.52784280E-08  0.15646893E-06  0.18492806E-05 -0.15486046E-06
 -0.32145492E-06  0.22432912E-06 -0.22060639E-05 -0.29843970E-04 -0.21282861E-08
 -0.52283684E-05 -0.73696624E-06 -0.33347614E-06 -0.99396006E-07  0.14293699E-05
 -0.28631246E-05 -0.91193828E-05 -0.15450509E-04 -0.28545411E-04 -0.48118697E-04
 -0.10995324E-03 -0.22097079E-03 -0.42982290E-03 -0.71389771E-03 -0.14486929E-02
 -0.30503556E-02 -0.58552415E-02 -0.85173858E-02 -0.76871460E-02 -0.67973050E-02
 -0.54253552E-02 -0.38702707E-02 -0.23217064E-02 -0.12720820E-02  0.93547031E-04
  0.39736825E-03  0.26983849E-02  0.24802677E-02  0.27163966E-02  0.33464583E-02
  0.39323054E-02  0.33758684E-02  0.28886645E-02  0.35330028E-02  0.29182124E-02
  0.32270746E-02  0.29047580E-02  0.18704393E-02  0.90273844E-03
 -0.23791635E-10  0.29416583E-06 -0.34870046E-05  0.31999261E-08 -0.39323575E-06
 -0.19502760E-09 -0.24308445E-06 -0.60998630E-09 -0.16972075E-06 -0.77893783E-07
  0.13412323E-05  0.44122075E-06 -0.20568723E-08  0.13775536E-06  0.31132310E-07
 -0.13029196E-05  0.52051888E-07  0.38969256E-06  0.56388404E-06 -0.18088266E-06
 -0.32793107E-06 -0.29724507E-06  0.19959349E-04  0.37018034E-06 -0.10439756E-06
  0.45755532E-06 -0.95387042E-06 -0.35416251E-05 -0.89972267E-05 -0.18611515E-05
 -0.32515685E-05 -0.80481860E-05 -0.18859335E-04 -0.36381652E-04 -0.73228843E-04
 -0.12744359E-03 -0.25109583E-03 -0.48431108E-03 -0.10272663E-02 -0.20640117E-02
 -0.41573411E-02 -0.72688394E-02 -0.84023339E-02 -0.80251139E-02 -0.66531943E-02
 -0.59194587E-02 -0.51304687E-02 -0.31114269E-02 -0.15294485E-02 -0.26272536E-03
  0.16223127E-02  0.21569881E-02  0.43384909E-02  0.26721456E-02  0.34406292E-02
  0.39454666E-02  0.36958209E-02  0.38703320E-02  0.36903929E-02  0.34296141E-02
  0.32672299E-02  0.26800267E-02  0.20542442E-02  0.80854467E-03
 -0.25763210E-10  0.27078093E-06 -0.30813651E-05 -0.30817826E-05 -0.40298105E-06
 -0.48276961E-05 -0.71322507E-05  0.20123413E-04 -0.19789954E-06 -0.90468260E-07
  0.25181297E-05 -0.21385056E-06  0.24684602E-07  0.21569554E-06  0.17691941E-06
 -0.14089669E-05  0.22889666E-06  0.23141269E-07 -0.32364918E-05 -0.10644533E-06
 -0.31687216E-06 -0.86648491E-06  0.39357345E-05  0.29012198E-06  0.38107544E-07
  0.42359678E-06 -0.46750458E-06 -0.64616771E-06 -0.23758987E-05 -0.30496178E-05
 -0.72902333E-05 -0.92210520E-05 -0.24693727E-04 -0.42229731E-04 -0.84871141E-04
 -0.17683487E-03 -0.34950686E-03 -0.63796987E-03 -0.13016563E-02 -0.26267798E-02
 -0.52691815E-02 -0.77771699E-02 -0.89588982E-02 -0.77917667E-02 -0.74237687E-02
 -0.52147540E-02 -0.36214993E-02 -0.26307150E-02 -0.46568600E-03  0.45643129E-03
  0.28278489E-02  0.26184096E-02  0.30905168E-02  0.34824468E-02  0.48335576E-02
  0.39295577E-02  0.33401286E-02  0.35141029E-02  0.37156938E-02  0.31338386E-02
  0.42153861E-02  0.28032132E-02  0.21909321E-02  0.72006346E-03
 -0.27281843E-10  0.37458194E-06  0.13051579E-06  0.16212080E-04 -0.94118358E-05
 -0.57060142E-05 -0.13408675E-06 -0.25998245E-04 -0.23266258E-06 -0.10562372E-06
  0.16813565E-05 -0.24198615E-06 -0.15478510E-07  0.49371389E-06  0.27298971E-06
  0.52347130E-05  0.31367150E-06  0.26713716E-07 -0.53393602E-06  0.58429870E-07
 -0.21500258E-06  0.31621994E-05  0.19094824E-05  0.22141579E-06 -0.15621475E-07
  0.26510726E-06  0.26978101E-05  0.81607564E-06 -0.25051117E-05 -0.35673349E-05
 -0.44494000E-05 -0.14365957E-04 -0.26491487E-04 -0.81748791E-04 -0.13535208E-03
 -0.23110842E-03 -0.47504540E-03 -0.92164180E-03 -0.18363652E-02 -0.38264205E-02
 -0.68323828E-02 -0.89565050E-02 -0.88776675E-02 -0.78243288E-02 -0.61590976E-02
 -0.56860231E-02 -0.42850728E-02 -0.20791678E-02 -0.59180234E-03  0.13440353E-02
  0.17298741E-02  0.28654877E-02  0.30908529E-02  0.29144944E-02  0.39414030E-02
  0.44101784E-02  0.35897817E-02  0.35423689E-02  0.40836531E-02  0.41852820E-02
  0.37593472E-02  0.26805917E-02  0.24589042E-02  0.10357986E-02
 -0.28232800E-10  0.43895138E-06 -0.16232857E-05  0.31934582E-07  0.43689203E-05
  0.41182486E-08  0.19100209E-05  0.16252283E-05 -0.16296591E-06 -0.23776532E-06
  0.44585711E-08 -0.27473568E-06  0.31188751E-09  0.82682190E-06  0.69778089E-05
 -0.25600799E-05  0.87844380E-07  0.58481658E-06 -0.14272713E-05  0.48179357E-05
  0.95125488E-06  0.76726589E-05 -0.25904685E-06 -0.68126106E-07  0.17079425E-06
 -0.46539327E-05 -0.31853505E-06 -0.28870397E-05 -0.16528612E-05 -0.99794424E-05
 -0.73572284E-05 -0.16736425E-04 -0.41207296E-04 -0.90751859E-04 -0.15815040E-03
 -0.34066897E-03 -0.66739865E-03 -0.13112472E-02 -0.25969228E-02 -0.47336179E-02
 -0.82875816E-02 -0.95622445E-02 -0.78447596E-02 -0.74621404E-02 -0.67977013E-02
 -0.56552361E-02 -0.40393461E-02 -0.11902626E-02 -0.97733672E-03  0.97149391E-03
  0.21490716E-02  0.35763961E-02  0.42035075E-02  0.38798773E-02  0.39623516E-02
  0.39404916E-02  0.43004514E-02  0.44257666E-02  0.36470331E-02  0.39635391E-02
  0.33416722E-02  0.29572934E-02  0.24597502E-02  0.10783232E-02
 -0.28561002E-10  0.51459895E-06 -0.21761786E-05  0.29820149E-07  0.27296931E-05
  0.53353065E-08  0.23434028E-05  0.15887122E-05 -0.31289466E-07 -0.44456598E-06
  0.52294378E-08 -0.31303390E-06  0.17343871E-06  0.10657230E-05 -0.77380947E-05
 -0.19654295E-05  0.15448311E-04  0.21765973E-05 -0.20234391E-05  0.23919958E-05
 -0.17649237E-06  0.13905898E-06  0.14288779E-04 -0.18816378E-07  0.12567884E-06
 -0.76202863E-05  0.12604436E-05  0.14047379E-04 -0.41029943E-05 -0.82844252E-05
 -0.95488100E-05 -0.20146948E-04 -0.50037752E-04 -0.10759740E-03 -0.22124674E-03
 -0.42624970E-03 -0.85374622E-03 -0.18339053E-02 -0.37094021E-02 -0.66993604E-02
 -0.93228769E-02 -0.94365645E-02 -0.77020820E-02 -0.71974544E-02 -0.58287992E-02
 -0.50628148E-02 -0.25281951E-02 -0.83659528E-03 -0.78207932E-03  0.14079936E-02
  0.14038720E-02  0.29535343E-02  0.32773526E-02  0.45915386E-02  0.46009358E-02
  0.37013660E-02  0.44295842E-02  0.44687138E-02  0.37529572E-02  0.41019258E-02
  0.35143302E-02  0.29922989E-02  0.22423914E-02  0.10639827E-02
  0.21857603E-07  0.49080377E-06 -0.13570911E-05  0.27620933E-07 -0.57073323E-06
  0.51125781E-08 -0.44520687E-06  0.15135643E-05 -0.31764572E-07 -0.54098052E-06
  0.61479991E-08 -0.35807804E-06  0.12150958E-05  0.58110158E-06 -0.97741230E-07
 -0.15282667E-05  0.51633066E-06  0.18748784E-05 -0.29636636E-05  0.74370998E-05
  0.68926482E-06 -0.14130765E-05  0.11917650E-05  0.58091622E-05 -0.19142179E-06
 -0.14238673E-05 -0.27158190E-05  0.79828505E-05 -0.51701856E-05 -0.13018504E-04
 -0.13672272E-04 -0.29705346E-04 -0.66705413E-04 -0.14848321E-03 -0.28700544E-03
 -0.58430915E-03 -0.11420271E-02 -0.25436117E-02 -0.47729715E-02 -0.83082014E-02
 -0.10133296E-01 -0.85115693E-02 -0.74162709E-02 -0.68878986E-02 -0.56317792E-02
 -0.46860533E-02 -0.32598722E-02  0.56274558E-03  0.16720764E-02  0.26459277E-02
  0.18745572E-02  0.35921300E-02  0.44402077E-02  0.34367189E-02  0.35217243E-02
  0.41048037E-02  0.38259817E-02  0.42533297E-02  0.45462559E-02  0.36153128E-02
  0.34152326E-02  0.29317639E-02  0.19959411E-02  0.10158673E-02
 -0.15409447E-08 -0.14917157E-06 -0.13453151E-05  0.47171418E-07  0.23198997E-04
  0.48693368E-08 -0.56337079E-06  0.33544141E-05 -0.32154407E-07 -0.52730470E-06
  0.61462989E-08 -0.40964385E-06  0.20098936E-05  0.38468657E-06 -0.12831026E-06
 -0.67332080E-05  0.66133651E-06  0.12968926E-06 -0.24950596E-06  0.32317873E-04
 -0.18302818E-05  0.54080592E-06 -0.22539292E-04 -0.47780342E-07  0.19278101E-07
 -0.43265078E-07  0.76748878E-06 -0.46502765E-06 -0.37387726E-05 -0.50363926E-05
 -0.18262098E-04 -0.30318702E-04 -0.72110364E-04 -0.18837600E-03 -0.34754677E-03
 -0.80967103E-03 -0.15686245E-02 -0.34438314E-02 -0.61658960E-02 -0.94957386E-02
 -0.10289698E-01 -0.76417406E-02 -0.76021153E-02 -0.58893034E-02 -0.54233836E-02
 -0.31220698E-02 -0.47295043E-03 -0.10948379E-03  0.33809901E-03  0.11120244E-02
  0.27223895E-02  0.31441374E-02  0.35091498E-02  0.34001559E-02  0.35961388E-02
  0.48429893E-02  0.37802185E-02  0.42950617E-02  0.40268952E-02  0.38889957E-02
  0.30939944E-02  0.26256836E-02  0.14720476E-02  0.80880939E-03
 -0.25146335E-07 -0.11582809E-06 -0.13571959E-05  0.21578572E-06 -0.12030325E-04
  0.47057131E-08 -0.33177517E-09  0.62240322E-06 -0.40418396E-07 -0.56076279E-06
 -0.46147317E-09 -0.47035649E-06  0.32438363E-05 -0.15334875E-05  0.10431501E-05
  0.19242878E-05 -0.59712725E-05  0.24309481E-06  0.14176520E-05 -0.17263935E-05
 -0.28807250E-07  0.89535502E-07 -0.36682782E-05 -0.22405407E-07 -0.27323150E-06
 -0.31138473E-06 -0.49879069E-06 -0.95464549E-06 -0.52352379E-05 -0.85022924E-05
 -0.16189026E-04 -0.45527533E-04 -0.95009626E-04 -0.22348500E-03 -0.47679186E-03
 -0.10463900E-02 -0.20873242E-02 -0.43826667E-02 -0.82434780E-02 -0.10263447E-01
 -0.87995282E-02 -0.66983895E-02 -0.68129280E-02 -0.61141791E-02 -0.41634628E-02
 -0.12414263E-02 -0.11665960E-02  0.42972514E-03  0.81021327E-03  0.29336756E-02
  0.29794824E-02  0.21479084E-02  0.41078901E-02  0.46555576E-02  0.35286263E-02
  0.40458565E-02  0.42848904E-02  0.42150682E-02  0.38036436E-02  0.35551901E-02
  0.30635422E-02  0.25901281E-02  0.15572502E-02  0.72708021E-03
 -0.16446932E-07 -0.12838314E-06 -0.18188476E-04 -0.32634893E-05 -0.58078181E-06
  0.16191897E-05  0.23210404E-05 -0.11290007E-05  0.88200115E-06 -0.46480923E-06
 -0.54847255E-09 -0.54361649E-06  0.25416780E-05 -0.43445894E-06  0.12767469E-06
 -0.43391355E-07  0.13387715E-05  0.29590255E-06  0.12816971E-05  0.40286458E-06
 -0.10407769E-06  0.27658906E-07 -0.26929816E-05 -0.72015303E-07 -0.14080230E-06
 -0.29095186E-06 -0.81328890E-06 -0.23099921E-05 -0.53762815E-05 -0.13181761E-04
 -0.26443108E-04 -0.52484444E-04 -0.11658567E-03 -0.29040190E-03 -0.56142395E-03
 -0.12481915E-02 -0.26881683E-02 -0.57283072E-02 -0.95914689E-02 -0.99453931E-02
 -0.78998779E-02 -0.58985124E-02 -0.58358940E-02 -0.39517810E-02 -0.40454821E-02
 -0.59646953E-03 -0.14359265E-03  0.25371220E-03  0.16434489E-02  0.23942461E-02
  0.26497274E-02  0.36759075E-02  0.28429100E-02  0.35750425E-02  0.35379609E-02
  0.37949589E-02  0.42526738E-02  0.35969961E-02  0.28563652E-02  0.31022638E-02
  0.27184250E-02  0.20906561E-02  0.15941093E-02  0.60363054E-03
 -0.28399906E-07 -0.13124881E-06  0.33328800E-05  0.31031506E-06 -0.72697178E-06
  0.71313508E-07  0.81189895E-05 -0.15575947E-05  0.15031150E-05  0.11754933E-07
 -0.69383070E-09  0.17439306E-04 -0.30281769E-07  0.44852020E-06  0.21783897E-05
  0.12740869E-06 -0.86266493E-06 -0.74963807E-06  0.31415125E-05 -0.27440043E-05
 -0.13341756E-05 -0.17205961E-05 -0.81836508E-06 -0.35132299E-07 -0.24409975E-06
 -0.59509467E-06 -0.10112875E-04 -0.27867279E-05 -0.42668568E-05 -0.11540898E-04
 -0.26530307E-04 -0.72043892E-04 -0.15048734E-03 -0.33338496E-03 -0.70892961E-03
 -0.15335206E-02 -0.33470700E-02 -0.71928246E-02 -0.10325549E-01 -0.90928462E-02
 -0.64382500E-02 -0.53935741E-02 -0.34718762E-02 -0.44352847E-02 -0.22371126E-02
 -0.50874792E-03 -0.25700738E-04  0.97306995E-03  0.17135405E-02  0.23496235E-02
  0.28724924E-02  0.30186262E-02  0.34773854E-02  0.34334910E-02  0.35481639E-02
  0.33151557E-02  0.27596669E-02  0.25810364E-02  0.29996117E-02  0.24256981E-02
  0.22790014E-02  0.17896359E-02  0.12531831E-02  0.61589251E-03
 -0.14899957E-07 -0.17385455E-06  0.84627992E-06  0.27362257E-05 -0.88977041E-06
 -0.33109732E-08  0.17185487E-05 -0.41664252E-05 -0.13148967E-04  0.14112589E-07
 -0.88162457E-09  0.18436878E-05 -0.30624694E-07 -0.23654677E-06  0.26873082E-04
  0.64682019E-06  0.39550674E-05  0.10420935E-05  0.26085954E-05 -0.22627155E-05
 -0.22500856E-05 -0.90977917E-05 -0.35128616E-05 -0.53436090E-05 -0.71358863E-05
 -0.40447772E-05 -0.29829554E-05 -0.36087445E-05 -0.50190013E-05 -0.84773125E-05
 -0.33446884E-04 -0.76707891E-04 -0.17659022E-03 -0.35701977E-03 -0.82158603E-03
 -0.17685452E-02 -0.39674456E-02 -0.78188467E-02 -0.10689073E-01 -0.68558967E-02
 -0.32941788E-02 -0.24901373E-02 -0.35234761E-02 -0.22094148E-02 -0.55979151E-03
 -0.16427654E-03 -0.13444850E-03  0.14214636E-02  0.12375067E-02  0.17627993E-02
  0.28522528E-02  0.18805786E-02  0.24974361E-02  0.24348393E-02  0.30372554E-02
  0.31063369E-02  0.25294314E-02  0.23921184E-02  0.23024665E-02  0.19417501E-02
  0.15339443E-02  0.15922745E-02  0.98730409E-03  0.42469078E-03
 -0.14642202E-08 -0.30592578E-05 -0.17747616E-09  0.84207186E-08 -0.86013085E-06
 -0.42155130E-09 -0.51836156E-09  0.62563760E-05 -0.65264195E-05  0.13855843E-06
 -0.10637056E-08  0.80139231E-06 -0.31264810E-07 -0.15911552E-04  0.84697167E-05
 -0.47553717E-06  0.36309564E-05  0.28197152E-05 -0.15537608E-05 -0.21442085E-05
 -0.13127540E-05 -0.16460973E-05 -0.65987423E-05  0.63227853E-06 -0.27590632E-07
 -0.10860113E-05  0.87539217E-05 -0.23071595E-05 -0.45252680E-05 -0.14549134E-04
 -0.48880998E-04 -0.88372778E-04 -0.16948606E-03 -0.37431384E-03 -0.82358102E-03
 -0.18503883E-02 -0.40348761E-02 -0.74385315E-02 -0.78974889E-02 -0.37252679E-02
  0.24825062E-03  0.19077105E-03 -0.12164626E-02 -0.83508834E-03  0.34770850E-04
 -0.22752420E-03  0.90065709E-03  0.11168356E-02  0.39220611E-03  0.16006588E-02
  0.85437256E-03  0.17189014E-02  0.10135208E-02  0.20389412E-02  0.17576395E-02
  0.18634719E-02  0.15641169E-02  0.13971443E-02  0.11874522E-02  0.14470927E-02
  0.96914449E-03  0.80964189E-03  0.58071204E-03  0.23164466E-03
 -0.14316455E-01 -0.10503860E-01 -0.10505161E-01 -0.10507144E-01 -0.11223481E-01
 -0.11104291E-01 -0.34539790E-01 -0.10522759E-01 -0.10528904E-01 -0.15300665E-01
 -0.12270713E-01 -0.21914863E-01 -0.21045779E-01 -0.11348058E-01 -0.16414189E-01
 -0.20036690E-01 -0.10627037E-01 -0.11141516E-01 -0.21178762E-01 -0.21851515E-01
 -0.21149786E-01 -0.64735712E-01 -0.30660957E-01 -0.18645890E-01 -0.16410323E-01
 -0.15435269E-01 -0.22987031E-01 -0.18114374E-01 -0.22391059E-01 -0.30320302E-01
 -0.24323826E+00 -0.15292209E+00 -0.21332660E+00 -0.35021541E+00 -0.68017575E+00
 -0.14240627E+01 -0.27160942E+01 -0.58556508E+01 -0.12786820E+02 -0.31836653E+02
 -0.77059444E+02 -0.19569578E+03 -0.24553333E+03 -0.11660934E+03 -0.39326900E+02
 -0.14811263E+02 -0.42341398E+01  0.46109144E+00  0.15241936E+01  0.39543441E+01
  0.26309325E+01  0.39580133E+01  0.36542801E+01  0.40054407E+01  0.34302187E+01
  0.36705900E+01  0.32105725E+01  0.30566422E+01  0.32872064E+01  0.28783622E+01
  0.24182426E+01  0.18641267E+01  0.86080390E+00  0.11641279E+00
 -0.13832647E-01 -0.10017605E-01 -0.10021239E-01 -0.10026782E-01 -0.10758455E-01
 -0.10696809E-01 -0.10056003E-01 -0.10070487E-01 -0.10087712E-01 -0.15045249E-01
 -0.12448977E-01 -0.23382890E-01 -0.20665002E-01 -0.13313168E-01 -0.16238636E-01
 -0.17826582E-01 -0.10365559E-01 -0.10934540E-01 -0.20886898E-01 -0.22368383E-01
 -0.19105779E-01 -0.48714677E-01 -0.25487596E-01 -0.17389022E-01 -0.15591906E-01
 -0.14784792E-01 -0.17165631E-01 -0.16080023E-01 -0.17628373E-01 -0.36090339E-01
 -0.69594284E-01 -0.12087544E+00 -0.16116501E+00 -0.24074850E+00 -0.47360619E+00
 -0.97414317E+00 -0.18805644E+01 -0.39887772E+01 -0.90185313E+01 -0.21307123E+02
 -0.52442733E+02 -0.12752934E+03 -0.18676334E+03 -0.10653086E+03 -0.40625006E+02
 -0.17620355E+02 -0.54334911E+01 -0.88449957E+00  0.13668322E+01  0.23497894E+01
  0.28836368E+01  0.35159999E+01  0.30907343E+01  0.35038505E+01  0.37005209E+01
  0.35680177E+01  0.25908391E+01  0.28681113E+01  0.31164704E+01  0.27593803E+01
  0.24506805E+01  0.17547031E+01  0.69061616E+00  0.96602498E-01
 -0.13358918E-01 -0.95558673E-02 -0.95614883E-02 -0.95700644E-02 -0.20528414E-01
 -0.10310801E-01 -0.96153032E-02 -0.96377420E-02 -0.96644430E-02 -0.14752917E-01
 -0.12780187E-01 -0.25061112E-01 -0.20278391E-01 -0.11535981E-01 -0.21325374E-01
 -0.15291555E-01 -0.10100193E-01 -0.10719821E-01 -0.20566647E-01 -0.22858797E-01
 -0.17938420E-01 -0.64382134E-01 -0.23981379E-01 -0.15912830E-01 -0.15452957E-01
 -0.14349695E-01 -0.20751231E-01 -0.22251239E-01 -0.16637301E-01 -0.37533571E-01
 -0.51660952E-01 -0.11561641E+00 -0.11397304E+00 -0.26874319E+00 -0.42635759E+00
 -0.82050108E+00 -0.17901940E+01 -0.37183891E+01 -0.85752013E+01 -0.19794330E+02
 -0.47787329E+02 -0.11162897E+03 -0.17568666E+03 -0.11056927E+03 -0.42926232E+02
 -0.17169657E+02 -0.65497278E+01 -0.18129089E+01  0.60834626E+00  0.18231817E+01
  0.26516770E+01  0.33432618E+01  0.35995603E+01  0.33243244E+01  0.36750980E+01
  0.32703961E+01  0.29363952E+01  0.31418273E+01  0.31474285E+01  0.26868356E+01
  0.24806657E+01  0.14201584E+01  0.52862686E+00  0.25873774E-01
 -0.12891286E-01 -0.91196172E-02 -0.91269431E-02 -0.91381214E-02 -0.30326641E-01
 -0.99455187E-02 -0.91970955E-02 -0.92263515E-02 -0.92611717E-02 -0.14446630E-01
 -0.13272672E-01 -0.22248127E-01 -0.19825282E-01 -0.10683170E-01 -0.26742509E-01
 -0.15184208E-01 -0.98358189E-02 -0.10501688E-01 -0.20206300E-01 -0.23324605E-01
 -0.16762051E-01 -0.88974680E-01 -0.24423392E-01 -0.14899587E-01 -0.14855439E-01
 -0.13402151E-01 -0.14726388E+00 -0.14085282E-01 -0.15883391E-01 -0.32238998E-01
 -0.46215361E-01 -0.77990235E-01 -0.11657767E+00 -0.24913685E+00 -0.40609750E+00
 -0.83257355E+00 -0.16613195E+01 -0.34407249E+01 -0.78332979E+01 -0.18328142E+02
 -0.45408621E+02 -0.10532901E+03 -0.17670861E+03 -0.11395952E+03 -0.45976157E+02
 -0.16726466E+02 -0.81470555E+01 -0.18122035E+01  0.61818364E+00  0.17925107E+01
  0.25369177E+01  0.31781664E+01  0.28088834E+01  0.33600702E+01  0.29994775E+01
  0.30668697E+01  0.30587428E+01  0.27597454E+01  0.26652204E+01  0.23231174E+01
  0.22194031E+01  0.16900261E+01  0.63756859E+00  0.10206495E+00
 -0.19494034E-01 -0.28764670E-01 -0.87167920E-02 -0.87301800E-02 -0.12811147E-01
 -0.95985245E-02 -0.88008144E-02 -0.88358551E-02 -0.11567015E-01 -0.14122539E-01
 -0.13925472E-01 -0.15042763E-01 -0.19329146E-01 -0.10093081E-01 -0.27364341E-01
 -0.15043684E-01 -0.95734758E-02 -0.10280801E-01 -0.19807042E-01 -0.23721519E-01
 -0.15614615E-01 -0.10354370E+00 -0.21106336E-01 -0.15334779E-01 -0.14387994E-01
 -0.27245825E-01 -0.70074532E-01 -0.13468026E-01 -0.15264347E-01 -0.30117637E-01
 -0.43241746E-01 -0.73509770E-01 -0.11455928E+00 -0.20617777E+00 -0.38249404E+00
 -0.75655802E+00 -0.15979597E+01 -0.33271567E+01 -0.73627017E+01 -0.17175566E+02
 -0.42083832E+02 -0.10092967E+03 -0.17683584E+03 -0.12319085E+03 -0.49741380E+02
 -0.21734966E+02 -0.10414567E+02 -0.35477772E+01  0.41146395E+00  0.18694436E+01
  0.26541675E+01  0.27743540E+01  0.27926689E+01  0.33376666E+01  0.31047749E+01
  0.28642677E+01  0.24489563E+01  0.24691644E+01  0.26256514E+01  0.25010461E+01
  0.21973527E+01  0.15216980E+01  0.54650540E+00  0.98967651E-01
 -0.83091817E-02 -0.50507106E-01 -0.83241378E-02 -0.83394195E-02 -0.12515802E-01
 -0.92641250E-02 -0.84200446E-02 -0.84600381E-02 -0.12657426E-01 -0.13786580E-01
 -0.14739877E-01 -0.14579161E-01 -0.18809992E-01 -0.97858600E-02 -0.27570250E-01
 -0.14956018E-01 -0.93095661E-02 -0.10054200E-01 -0.19385413E-01 -0.24069983E-01
 -0.18186056E-01 -0.86795026E-01 -0.19568602E-01 -0.15378006E-01 -0.13720871E-01
 -0.46861367E-01 -0.13009837E-01 -0.12668368E-01 -0.14623160E-01 -0.30150409E-01
 -0.38247708E-01 -0.69366347E-01 -0.11652572E+00 -0.20784526E+00 -0.39018997E+00
 -0.72320303E+00 -0.15148344E+01 -0.30916201E+01 -0.69207294E+01 -0.16380337E+02
 -0.39279832E+02 -0.93985364E+02 -0.17963335E+03 -0.13698681E+03 -0.56109484E+02
 -0.23379193E+02 -0.10372646E+02 -0.29197969E+01 -0.14616030E+00  0.12337474E+01
  0.23712681E+01  0.19338357E+01  0.29621425E+01  0.28005931E+01  0.27052285E+01
  0.25285617E+01  0.28282909E+01  0.27104439E+01  0.24100243E+01  0.25405002E+01
  0.21079573E+01  0.15081548E+01  0.66013988E+00  0.16360310E-01
 -0.79305735E-02 -0.63274185E-01 -0.79471142E-02 -0.79640192E-02 -0.12215086E-01
 -0.89402245E-02 -0.80532337E-02 -0.80974975E-02 -0.12236661E-01 -0.13439315E-01
 -0.15711473E-01 -0.14110072E-01 -0.18271082E-01 -0.94802321E-02 -0.29281585E-01
 -0.15109273E-01 -0.90457764E-02 -0.98231678E-02 -0.18254737E-01 -0.24368938E-01
 -0.28992156E-01 -0.81672990E-01 -0.35154847E-01 -0.13616516E-01 -0.13128241E-01
 -0.17004829E-01 -0.12865393E-01 -0.11896483E-01 -0.14760226E-01 -0.26414630E-01
 -0.37749546E-01 -0.69337775E-01 -0.11742767E+00 -0.19775615E+00 -0.37046653E+00
 -0.72291560E+00 -0.15569000E+01 -0.30483057E+01 -0.66723197E+01 -0.15588062E+02
 -0.36311316E+02 -0.87012187E+02 -0.17745352E+03 -0.15000343E+03 -0.61443392E+02
 -0.24913099E+02 -0.10448299E+02 -0.39734560E+01 -0.70231500E+00  0.10128605E+01
  0.22882589E+01  0.24788709E+01  0.24715760E+01  0.28886677E+01  0.28888984E+01
  0.27947643E+01  0.25263416E+01  0.29129189E+01  0.22407597E+01  0.21207551E+01
  0.21440097E+01  0.14737001E+01  0.60209175E+00 -0.66085928E-01
 -0.75662069E-02 -0.78653291E-01 -0.75840731E-02 -0.76023408E-02 -0.11908733E-01
 -0.86249994E-02 -0.76988286E-02 -0.77467450E-02 -0.11828784E-01 -0.13754836E-01
 -0.28758846E-01 -0.13898505E-01 -0.17715995E-01 -0.84754979E-02 -0.37284500E-01
 -0.14836753E-01 -0.87858316E-02 -0.95914918E-02 -0.93073391E-02 -0.24588505E-01
 -0.25784689E-01 -0.59602929E-01 -0.56002202E-01 -0.18786629E-01 -0.13045818E-01
 -0.15362952E-01 -0.12552878E-01 -0.11411128E-01 -0.14961600E-01 -0.30179808E-01
 -0.28672096E-01 -0.70079786E-01 -0.13536312E+00 -0.20063335E+00 -0.39297606E+00
 -0.73692125E+00 -0.14145441E+01 -0.29568170E+01 -0.66599527E+01 -0.15151674E+02
 -0.35219216E+02 -0.83864075E+02 -0.17809658E+03 -0.14899771E+03 -0.68669638E+02
 -0.27759555E+02 -0.11695763E+02 -0.49096010E+01  0.25626855E+00  0.11652378E+01
  0.15645591E+01  0.22360181E+01  0.26436274E+01  0.21804263E+01  0.24548473E+01
  0.27883318E+01  0.25719194E+01  0.21140996E+01  0.23807734E+01  0.22062775E+01
  0.20081514E+01  0.14480055E+01  0.57210575E+00  0.11485624E-01
 -0.72178070E-02 -0.61153923E-01 -0.72369248E-02 -0.96068445E-02 -0.11592468E-01
 -0.83189195E-02 -0.73599060E-02 -0.74113411E-02 -0.13115629E-01 -0.16057642E-01
 -0.34316060E-01 -0.13578755E-01 -0.17116883E-01 -0.79794403E-02 -0.30760010E-01
 -0.15713673E-01 -0.85414823E-02 -0.93694490E-02 -0.91311381E-02 -0.24648798E-01
 -0.12716051E-01 -0.85471791E-01 -0.30431220E-01 -0.63258970E-01 -0.36864766E-01
 -0.10844145E-01 -0.11955140E-01 -0.11259778E-01 -0.16621899E-01 -0.25664233E-01
 -0.29823807E-01 -0.67844427E-01 -0.17195888E+00 -0.20654212E+00 -0.39464700E+00
 -0.75487189E+00 -0.14462947E+01 -0.30560957E+01 -0.66357384E+01 -0.14189170E+02
 -0.32885127E+02 -0.79964043E+02 -0.17327445E+03 -0.16018698E+03 -0.74706503E+02
 -0.30148532E+02 -0.12037528E+02 -0.42807731E+01 -0.10946042E+01  0.44100506E+00
  0.20219645E+01  0.20939017E+01  0.20890950E+01  0.24694642E+01  0.24166695E+01
  0.23029967E+01  0.25456258E+01  0.18712953E+01  0.20800687E+01  0.23313827E+01
  0.15610331E+01  0.15283864E+01  0.55216484E+00  0.90751478E-01
 -0.68855392E-02 -0.68921215E-02 -0.69054718E-02 -0.10413431E-01 -0.11266486E-01
 -0.80202698E-02 -0.70339428E-02 -0.71262655E-02 -0.10219911E-01 -0.13212561E-01
 -0.35794541E-01 -0.13091050E-01 -0.16510109E-01 -0.76887031E-02 -0.22655503E-01
 -0.17329498E-01 -0.82998402E-02 -0.91496997E-02 -0.89683773E-02 -0.24537819E-01
 -0.19308497E-01 -0.84002911E-01 -0.30585245E-01 -0.96874105E-01 -0.25638273E-01
 -0.18732297E-01 -0.11369260E-01 -0.10983589E-01 -0.16051572E-01 -0.27048810E-01
 -0.29755961E-01 -0.53937774E-01 -0.15391257E+00 -0.21265485E+00 -0.40011078E+00
 -0.75043727E+00 -0.14397590E+01 -0.31157879E+01 -0.64448689E+01 -0.13772394E+02
 -0.31979148E+02 -0.77163526E+02 -0.16778090E+03 -0.16781238E+03 -0.78956051E+02
 -0.32116828E+02 -0.12214773E+02 -0.43358959E+01 -0.13550559E+01  0.97023067E+00
  0.16081735E+01  0.17705887E+01  0.19032838E+01  0.24279744E+01  0.26149351E+01
  0.24353557E+01  0.25413113E+01  0.20290469E+01  0.22769014E+01  0.21074703E+01
  0.18328704E+01  0.12503240E+01  0.59011611E+00  0.87978648E-01
 -0.52014507E-02 -0.52067616E-02 -0.52175361E-02 -0.57675595E-02 -0.86504114E-02
 -0.61158730E-02 -0.53213526E-02 -0.54191342E-02 -0.78371838E-02 -0.97082030E-02
 -0.29319373E-01 -0.99788997E-02 -0.12591061E-01 -0.58551379E-02 -0.17524494E-01
 -0.13509680E-01 -0.63667544E-02 -0.70518923E-02 -0.69673363E-02 -0.18932901E-01
 -0.14443243E-01 -0.60730471E-01 -0.23162263E-01 -0.26139321E-01 -0.88175461E-01
 -0.18194777E-01 -0.84268397E-02 -0.83024421E-02 -0.11662130E-01 -0.22715957E-01
 -0.26387706E-01 -0.43474015E-01 -0.11537440E+00 -0.17757104E+00 -0.31799809E+00
 -0.57741375E+00 -0.11843353E+01 -0.23400884E+01 -0.51010342E+01 -0.10423352E+02
 -0.23731382E+02 -0.57616111E+02 -0.12612819E+03 -0.13368050E+03 -0.64079946E+02
 -0.26907272E+02 -0.11200512E+02 -0.42167881E+01 -0.70180803E+00  0.84904833E+00
  0.11414690E+01  0.16593294E+01  0.15023792E+01  0.18035134E+01  0.18455723E+01
  0.20039547E+01  0.16556101E+01  0.16454603E+01  0.18247998E+01  0.15373989E+01
  0.12526446E+01  0.11651219E+01  0.50557833E+00 -0.25572025E-01
 -0.57050864E-02 -0.57112260E-02 -0.57236841E-02 -0.63216424E-02 -0.96307208E-02
 -0.67672168E-02 -0.58438224E-02 -0.59508184E-02 -0.87148657E-02 -0.20669444E-01
 -0.14368968E-01 -0.11034818E-01 -0.13930617E-01 -0.64649231E-02 -0.19646725E-01
 -0.15254369E-01 -0.70710107E-02 -0.78639589E-02 -0.78024667E-02 -0.21372577E-01
 -0.15309248E-01 -0.62185786E-01 -0.26337070E-01 -0.90192813E-02 -0.15200286E-01
 -0.18961054E-01 -0.91987344E-02 -0.92625420E-02 -0.13645664E-01 -0.39607995E-01
 -0.30619070E-01 -0.54280511E-01 -0.13310972E+00 -0.18412429E+00 -0.37027567E+00
 -0.68798495E+00 -0.13588348E+01 -0.26682350E+01 -0.56772729E+01 -0.11780565E+02
 -0.26959134E+02 -0.63528739E+02 -0.14395299E+03 -0.15312494E+03 -0.75924952E+02
 -0.29805785E+02 -0.12265985E+02 -0.44825074E+01 -0.10226357E+01  0.40109728E+00
  0.15331434E+01  0.17927139E+01  0.22769034E+01  0.19262229E+01  0.19639347E+01
  0.19176322E+01  0.18790926E+01  0.17991583E+01  0.17734253E+01  0.18156166E+01
  0.17057264E+01  0.86551299E+00  0.33851813E+00  0.60308379E-01
 -0.62559800E-02 -0.62630632E-02 -0.62774379E-02 -0.69278285E-02 -0.10739021E-01
 -0.74261700E-02 -0.64852809E-02 -0.65332996E-02 -0.97039667E-02 -0.26658077E-01
 -0.67596569E-02 -0.12211040E-01 -0.15426859E-01 -0.71358691E-02 -0.22073231E-01
 -0.17262289E-01 -0.78545732E-02 -0.87637209E-02 -0.87696397E-02 -0.24314318E-01
 -0.16065858E-01 -0.62502134E-01 -0.28992042E-01 -0.97494247E-02 -0.26787988E-01
 -0.19671735E-01 -0.10022614E-01 -0.10514035E-01 -0.14114848E-01 -0.20251456E-01
 -0.33925427E-01 -0.58932558E-01 -0.14327882E+00 -0.21330204E+00 -0.44883317E+00
 -0.78858936E+00 -0.15471391E+01 -0.32359935E+01 -0.64398523E+01 -0.13774246E+02
 -0.30542722E+02 -0.72547065E+02 -0.16248789E+03 -0.17298928E+03 -0.87481901E+02
 -0.36136022E+02 -0.13346047E+02 -0.60804227E+01 -0.14074399E+01 -0.62433213E-01
  0.18892119E+01  0.18736518E+01  0.24077044E+01  0.21224677E+01  0.22833950E+01
  0.21069247E+01  0.21927869E+01  0.23125223E+01  0.20148916E+01  0.19775643E+01
  0.18529095E+01  0.11813880E+01  0.55095969E+00  0.85411139E-01
 -0.68578286E-02 -0.68659813E-02 -0.68825277E-02 -0.75904836E-02 -0.11996250E-01
 -0.69869315E-02 -0.83686422E-02 -0.71706235E-02 -0.10821976E-01 -0.30783501E-01
 -0.74377784E-02 -0.16204972E-01 -0.17089305E-01 -0.78812227E-02 -0.24838543E-01
 -0.19606233E-01 -0.87193802E-02 -0.97635678E-02 -0.98836215E-02 -0.27810548E-01
 -0.16872639E-01 -0.62294067E-01 -0.36035263E-01 -0.12313856E-01 -0.36449156E-01
 -0.28220190E-01 -0.18892890E-01 -0.11495875E-01 -0.14848125E-01 -0.19692362E-01
 -0.38670603E-01 -0.66687841E-01 -0.17046451E+00 -0.25207386E+00 -0.49664046E+00
 -0.94770226E+00 -0.18829708E+01 -0.38510370E+01 -0.75379272E+01 -0.15766029E+02
 -0.34366283E+02 -0.81027442E+02 -0.18203006E+03 -0.19417264E+03 -0.97040844E+02
 -0.38777622E+02 -0.15083152E+02 -0.64666238E+01 -0.18975349E+01  0.63147931E+00
  0.17390703E+01  0.19340458E+01  0.26815554E+01  0.23516994E+01  0.23010879E+01
  0.22106802E+01  0.23326302E+01  0.23315364E+01  0.24497979E+01  0.20584080E+01
  0.19559187E+01  0.14385168E+01  0.54772309E+00  0.91727384E-01
 -0.75145197E-02 -0.75238814E-02 -0.75428822E-02 -0.83143209E-02 -0.13428074E-01
 -0.76627911E-02 -0.92943403E-02 -0.78681555E-02 -0.12088041E-01 -0.35710097E-01
 -0.81882666E-02 -0.22242965E-01 -0.18937492E-01 -0.87024957E-02 -0.28050808E-01
 -0.22372523E-01 -0.96760613E-02 -0.10998192E-01 -0.11026498E-01 -0.31928354E-01
 -0.17698304E-01 -0.81311305E-01 -0.48600879E-01 -0.10882940E-01 -0.38343554E-01
 -0.14271115E-01 -0.10289563E-01 -0.12405956E-01 -0.17125198E-01 -0.22317335E-01
 -0.42732850E-01 -0.71787788E-01 -0.20193092E+00 -0.28199076E+00 -0.62227808E+00
 -0.10938545E+01 -0.23323422E+01 -0.44401545E+01 -0.90530717E+01 -0.18326195E+02
 -0.39776074E+02 -0.92043729E+02 -0.20239228E+03 -0.21249535E+03 -0.10646413E+03
 -0.42854601E+02 -0.16660828E+02 -0.66126100E+01 -0.13649213E+01  0.64927239E+00
  0.10767409E+01  0.26209300E+01  0.25182701E+01  0.29149690E+01  0.27196939E+01
  0.26961175E+01  0.27183039E+01  0.27296474E+01  0.24528430E+01  0.24108586E+01
  0.20547073E+01  0.14242932E+01  0.56521961E+00  0.10381506E+00
 -0.82342944E-02 -0.82452314E-02 -0.82674293E-02 -0.91081611E-02 -0.15055426E-01
 -0.84075595E-02 -0.10341356E-01 -0.86465304E-02 -0.13523697E-01 -0.41648207E-01
 -0.89987061E-02 -0.25701264E-01 -0.18969252E-01 -0.96059873E-02 -0.31806643E-01
 -0.25872053E-01 -0.10736274E-01 -0.12399780E-01 -0.12275502E-01 -0.47052330E-01
 -0.18557052E-01 -0.58516730E-01 -0.59162486E-01 -0.11317156E-01 -0.40235846E-01
 -0.16220186E-01 -0.11413745E-01 -0.13170108E-01 -0.26198479E-01 -0.25303295E-01
 -0.46281344E-01 -0.88688848E-01 -0.21202953E+00 -0.38902912E+00 -0.73269850E+00
 -0.13394164E+01 -0.27310283E+01 -0.52508547E+01 -0.10397851E+02 -0.21614927E+02
 -0.46044043E+02 -0.11121876E+03 -0.22829028E+03 -0.22333959E+03 -0.11278647E+03
 -0.45651697E+02 -0.18648380E+02 -0.73022243E+01 -0.12226836E+01  0.11948232E+01
  0.10835786E+01  0.27222478E+01  0.24942620E+01  0.30192351E+01  0.28390947E+01
  0.27869511E+01  0.29552745E+01  0.24418148E+01  0.28089302E+01  0.26280373E+01
  0.23573839E+01  0.15090977E+01  0.59601229E+00  0.31659272E-01
 -0.90240006E-02 -0.90365296E-02 -0.10077598E-01 -0.99778747E-02 -0.16917169E-01
 -0.92324001E-02 -0.11527623E-01 -0.94888378E-02 -0.15163386E-01 -0.48924600E-01
 -0.98968474E-02 -0.29904881E-01 -0.10343825E-01 -0.10600022E-01 -0.36476977E-01
 -0.30630054E-01 -0.11912109E-01 -0.13899584E-01 -0.13695258E-01 -0.11192602E+00
 -0.11283148E+00 -0.64556953E-01 -0.10423139E+00 -0.12295788E-01 -0.41961443E-01
 -0.17363684E-01 -0.14271588E-01 -0.14719241E-01 -0.11585891E+00 -0.29781270E-01
 -0.49584766E-01 -0.10324122E+00 -0.25803446E+00 -0.50015062E+00 -0.90718428E+00
 -0.16192968E+01 -0.31900690E+01 -0.62853041E+01 -0.13114353E+02 -0.26413160E+02
 -0.58050552E+02 -0.13159827E+03 -0.25370627E+03 -0.23569953E+03 -0.11410982E+03
 -0.48520001E+02 -0.18433471E+02 -0.78557276E+01 -0.18508186E+01  0.91507272E+00
  0.21513239E+01  0.23520090E+01  0.31893728E+01  0.29846528E+01  0.32062787E+01
  0.33693551E+01  0.28304996E+01  0.26926341E+01  0.27231973E+01  0.28271560E+01
  0.22693121E+01  0.17089874E+01  0.62285163E+00  0.38012327E-01
 -0.98846757E-02 -0.98990071E-02 -0.11457199E-01 -0.10927982E-01 -0.19063681E-01
 -0.10122696E-01 -0.12879246E-01 -0.10378626E-01 -0.17204423E-01 -0.57777370E-01
 -0.10883635E-01 -0.35074722E-01 -0.11397150E-01 -0.12529270E+00 -0.41863523E-01
 -0.38459264E-01 -0.13220170E-01 -0.16186488E-01 -0.19940892E-01 -0.21987150E+00
 -0.19930756E-01 -0.40534903E-01 -0.11111644E+00 -0.13313777E-01 -0.43960759E-01
 -0.13264378E-01 -0.22548688E-01 -0.16002911E-01 -0.90903397E-01 -0.35419446E-01
 -0.57334979E-01 -0.13230028E+00 -0.38383773E+00 -0.57138946E+00 -0.10140691E+01
 -0.20189673E+01 -0.40493566E+01 -0.79309878E+01 -0.15759938E+02 -0.32929117E+02
 -0.73576681E+02 -0.16658843E+03 -0.28463560E+03 -0.22936073E+03 -0.10588637E+03
 -0.45051079E+02 -0.19208741E+02 -0.78640934E+01 -0.23020719E+01  0.75014027E+00
  0.21006321E+01  0.31827529E+01  0.28366435E+01  0.32738925E+01  0.36727827E+01
  0.33248987E+01  0.34073117E+01  0.33112759E+01  0.30919503E+01  0.32917652E+01
  0.27829554E+01  0.17351836E+01  0.88313836E+00  0.11742179E+00
 -0.10822218E-01 -0.10951643E-01 -0.12415330E-01 -0.11933549E-01 -0.21586546E-01
 -0.11093748E-01 -0.14430127E-01 -0.11368061E-01 -0.19669017E-01 -0.48012602E-01
 -0.11964327E-01 -0.41514100E-01 -0.12553613E-01 -0.29060006E-01 -0.46643380E-01
 -0.53422335E-01 -0.14684314E-01 -0.18457877E-01 -0.32952562E-01 -0.27455685E-01
 -0.22107044E-01 -0.43281714E-01 -0.13719933E+00 -0.29119502E-01 -0.30546483E-01
 -0.14196716E-01 -0.25235307E-01 -0.17211669E-01 -0.29409001E-01 -0.83624512E-01
 -0.86306461E-01 -0.16147323E+00 -0.36080117E+00 -0.65865099E+00 -0.13786111E+01
 -0.24757493E+01 -0.49814383E+01 -0.10004132E+02 -0.20066393E+02 -0.42543242E+02
 -0.94718621E+02 -0.21103511E+03 -0.30920065E+03 -0.21044996E+03 -0.96231764E+02
 -0.40167815E+02 -0.17985413E+02 -0.83614317E+01 -0.11699023E+01  0.90572272E-01
  0.22951865E+01  0.28152114E+01  0.33626564E+01  0.29081806E+01  0.35900106E+01
  0.33373547E+01  0.36381249E+01  0.33213512E+01  0.31607569E+01  0.32720781E+01
  0.25726271E+01  0.20868564E+01  0.92625484E+00  0.56477213E-01
 -0.11843313E-01 -0.77070127E-01 -0.30262413E-01 -0.20073918E-01 -0.25333926E-01
 -0.12152671E-01 -0.16224801E-01 -0.12465428E-01 -0.22216545E-01 -0.25478531E-01
 -0.13147365E-01 -0.49645526E-01 -0.13824286E-01 -0.31382014E-01 -0.32915090E-01
 -0.60567922E-01 -0.16373474E-01 -0.21025713E-01 -0.39416292E-01 -0.28412163E-01
 -0.22251626E-01 -0.37148439E-01 -0.12449388E+00 -0.20152670E-01 -0.16247443E-01
 -0.21780625E-01 -0.29654572E-01 -0.18760618E-01 -0.26734799E-01 -0.10484080E+00
 -0.13681434E+00 -0.21045279E+00 -0.44175130E+00 -0.74699475E+00 -0.16400511E+01
 -0.32961433E+01 -0.64632594E+01 -0.13358372E+02 -0.26687977E+02 -0.56394223E+02
 -0.12540208E+03 -0.25391019E+03 -0.31166083E+03 -0.17771868E+03 -0.83180955E+02
 -0.37584024E+02 -0.16098129E+02 -0.78018370E+01 -0.98574144E+00  0.11445434E+01
  0.25626001E+01  0.32983867E+01  0.36576795E+01  0.36472960E+01  0.34360609E+01
  0.35321609E+01  0.34530216E+01  0.32371292E+01  0.31821032E+01  0.34513203E+01
  0.30983738E+01  0.19489458E+01  0.93072934E+00 -0.13899745E-01
 -0.12955428E-01 -0.35121770E-01 -0.72485139E-01 -0.13361857E-01 -0.29164216E-01
 -0.13307275E-01 -0.18440364E-01 -0.13663312E-01 -0.25198981E-01 -0.28769663E-01
 -0.40608730E-01 -0.33628743E-01 -0.15237242E-01 -0.34180747E-01 -0.27687677E-01
 -0.69324045E-01 -0.18968368E-01 -0.22937019E-01 -0.43430907E-01 -0.30358346E-01
 -0.23082425E-01 -0.33171603E-01 -0.12762795E+00 -0.26707941E-01 -0.16224098E-01
 -0.60428905E-01 -0.34766252E-01 -0.33148972E-01 -0.62589536E-01 -0.67685823E-01
 -0.31552301E+00 -0.22008898E+00 -0.52659115E+00 -0.98365607E+00 -0.20118062E+01
 -0.42698372E+01 -0.83095220E+01 -0.16867766E+02 -0.35915848E+02 -0.76960346E+02
 -0.16862038E+03 -0.30355598E+03 -0.28806223E+03 -0.15304207E+03 -0.69769062E+02
 -0.30439414E+02 -0.14394868E+02 -0.61713262E+01 -0.22804925E+01  0.15910721E+01
  0.21541075E+01  0.32196766E+01  0.36244262E+01  0.33610029E+01  0.37863817E+01
  0.38097341E+01  0.39067773E+01  0.36528296E+01  0.35266946E+01  0.29217078E+01
  0.25931933E+01  0.20399790E+01  0.83598589E+00 -0.59484638E-01
 -0.14168779E-01 -0.38699265E-01 -0.74376199E-01 -0.78882209E-01 -0.33544337E-01
 -0.80771868E-01 -0.11560316E+00 -0.25653924E-01 -0.28683654E-01 -0.32550420E-01
 -0.65076200E-01 -0.23641835E-01 -0.16853880E-01 -0.37726771E-01 -0.52601991E-01
 -0.81243607E-01 -0.23928002E-01 -0.21834041E-01 -0.52573335E-01 -0.34588036E-01
 -0.24255815E-01 -0.46534510E-01 -0.42780182E-01 -0.25972193E-01 -0.17669534E-01
 -0.68754504E-01 -0.26530114E-01 -0.81824615E-01 -0.81166270E-01 -0.66782233E-01
 -0.14907705E+00 -0.30050178E+00 -0.60194828E+00 -0.12759799E+01 -0.27501031E+01
 -0.53738849E+01 -0.10794710E+02 -0.22773205E+02 -0.48481178E+02 -0.10615437E+03
 -0.22351031E+03 -0.34176921E+03 -0.25122130E+03 -0.11779727E+03 -0.53945515E+02
 -0.23454429E+02 -0.11074795E+02 -0.42785478E+01 -0.65983919E+00  0.30259900E+00
  0.30528681E+01  0.36672327E+01  0.36537980E+01  0.41946078E+01  0.40802934E+01
  0.38621371E+01  0.37405103E+01  0.39921562E+01  0.35928684E+01  0.33856392E+01
  0.32789656E+01  0.21977027E+01  0.84152728E+00  0.11771097E+00
 -0.15513868E-01 -0.40971762E-01 -0.42908359E-01 -0.17947393E+00 -0.76943347E-01
 -0.94286839E-01 -0.26322531E-01 -0.56437639E-01 -0.32813600E-01 -0.36956333E-01
 -0.50297596E-01 -0.26242413E-01 -0.18692582E-01 -0.46096952E-01 -0.62902955E-01
 -0.91706431E-01 -0.26891663E-01 -0.24136284E-01 -0.63986714E-01 -0.39306508E-01
 -0.27125703E-01 -0.17966081E+00 -0.33056383E-01 -0.25424501E-01 -0.18776493E-01
 -0.93319535E-01 -0.22532332E-01 -0.11220072E+00 -0.74265308E-01 -0.11377263E+00
 -0.15657034E+00 -0.39969498E+00 -0.74371089E+00 -0.17366057E+01 -0.35969861E+01
 -0.68554644E+01 -0.14987278E+02 -0.31731540E+02 -0.68348611E+02 -0.14759903E+03
 -0.29833266E+03 -0.34040425E+03 -0.20038154E+03 -0.87692996E+02 -0.40379506E+02
 -0.19423872E+02 -0.89811951E+01 -0.30474939E+01 -0.15043475E+00  0.20953421E+01
  0.26229858E+01  0.29526423E+01  0.35220762E+01  0.40693585E+01  0.33675362E+01
  0.38532804E+01  0.39811187E+01  0.32583963E+01  0.32331726E+01  0.28564373E+01
  0.27953024E+01  0.19128488E+01  0.70163851E+00 -0.72045609E-01
 -0.16983966E-01 -0.44559479E-01 -0.57299832E-01 -0.17744528E-01 -0.50067007E-01
 -0.17565842E-01 -0.64069452E-01 -0.33063420E-01 -0.29013206E-01 -0.50907620E-01
 -0.19180566E-01 -0.29149288E-01 -0.20456595E-01 -0.56053447E-01 -0.11220652E+00
 -0.11797895E+00 -0.36318960E-01 -0.34172994E-01 -0.61460074E-01 -0.16289502E+00
 -0.45582212E-01 -0.13568916E+00 -0.34704606E-01 -0.21550571E-01 -0.23942973E-01
 -0.81289427E-01 -0.25188818E-01 -0.12778523E+00 -0.46541784E-01 -0.13203051E+00
 -0.20202101E+00 -0.45068323E+00 -0.95047982E+00 -0.20850718E+01 -0.45960710E+01
 -0.92645997E+01 -0.19580216E+02 -0.42941475E+02 -0.92846503E+02 -0.20557004E+03
 -0.34485723E+03 -0.30089114E+03 -0.15116316E+03 -0.68326355E+02 -0.31079196E+02
 -0.15240360E+02 -0.62023013E+01 -0.19374435E+01  0.73879676E+00  0.22533877E+01
  0.34183178E+01  0.34501849E+01  0.27398075E+01  0.34655428E+01  0.40851966E+01
  0.40561407E+01  0.36652400E+01  0.35360493E+01  0.35474127E+01  0.32360860E+01
  0.27050178E+01  0.19353401E+01  0.53911363E+00  0.11241007E+00
 -0.18590983E-01 -0.48629982E-01 -0.62628059E-01 -0.19349553E-01 -0.70859585E-01
 -0.19252631E-01 -0.77136924E-01 -0.34437193E-01 -0.20558283E-01 -0.71641695E-01
 -0.21046865E-01 -0.32399843E-01 -0.27134282E-01 -0.63586296E-01 -0.12521039E+00
 -0.11635418E+00 -0.12913535E+00 -0.79129403E-01 -0.78135783E-01 -0.16859768E+00
 -0.10490635E+00 -0.46333827E-01 -0.11960756E+00 -0.22580196E-01 -0.24707173E-01
 -0.11303478E+00 -0.79064507E-01 -0.10091735E+00 -0.92950642E-01 -0.19152028E+00
 -0.23628943E+00 -0.51329862E+00 -0.11972506E+01 -0.26246579E+01 -0.57417868E+01
 -0.12612769E+02 -0.26969889E+02 -0.59433601E+02 -0.13298641E+03 -0.27324152E+03
 -0.36138876E+03 -0.24052251E+03 -0.10792003E+03 -0.47562609E+02 -0.22103295E+02
 -0.10207228E+02 -0.46811219E+01 -0.56417961E+00  0.47678320E+00  0.27903882E+01
  0.25024958E+01  0.29511481E+01  0.33736265E+01  0.42296513E+01  0.36044856E+01
  0.35867662E+01  0.37692266E+01  0.35459338E+01  0.29675245E+01  0.33179518E+01
  0.26344776E+01  0.16631934E+01  0.63306311E+00  0.28181023E-01
 -0.20369956E-01 -0.49891509E-01 -0.79410451E-01 -0.21102928E-01 -0.80033496E-01
 -0.21070272E-01 -0.39723656E-01 -0.36157943E-01 -0.22478391E-01 -0.84411731E-01
 -0.23068273E-01 -0.36038479E-01 -0.59605637E-01 -0.50809510E-01 -0.47299882E-01
 -0.93641029E-01 -0.38701966E-01 -0.86018737E-01 -0.98510396E-01 -0.29102429E+00
 -0.63984118E-01 -0.45940292E-01 -0.60826510E-01 -0.30087074E-01 -0.23991903E-01
 -0.40689956E-01 -0.14317710E+00 -0.87107111E-01 -0.12959273E+00 -0.17912545E+00
 -0.31049087E+00 -0.60446587E+00 -0.14882648E+01 -0.34028471E+01 -0.72907947E+01
 -0.16315716E+02 -0.35757082E+02 -0.82399446E+02 -0.18323725E+03 -0.34638285E+03
 -0.33789363E+03 -0.17566975E+03 -0.76934223E+02 -0.34108482E+02 -0.16451585E+02
 -0.71516208E+01 -0.16486081E+01  0.75152580E+00  0.19729481E+01  0.29292804E+01
  0.35561919E+01  0.34486676E+01  0.40550122E+01  0.36806223E+01  0.39152012E+01
  0.41677104E+01  0.36344630E+01  0.35921120E+01  0.30742764E+01  0.31501971E+01
  0.25016598E+01  0.16500330E+01  0.56660634E+00 -0.24589967E-01
 -0.22563085E-01 -0.33765433E-01 -0.11027028E+00 -0.23861946E-01 -0.12418406E+00
 -0.23050835E-01 -0.38251205E-01 -0.47876805E-01 -0.24557653E-01 -0.74526356E-01
 -0.25250195E-01 -0.40103148E-01 -0.82032622E-01 -0.54429511E-01 -0.51584936E-01
 -0.82950557E-01 -0.43976492E-01 -0.61140503E-01 -0.11362182E+00 -0.24881569E+00
 -0.80202992E-01 -0.53864707E-01 -0.10936111E+00 -0.24417491E-01 -0.24146778E-01
 -0.28483252E-01 -0.10091723E+00 -0.56372608E-01 -0.83484319E-01 -0.19085360E+00
 -0.43438526E+00 -0.85319543E+00 -0.17823169E+01 -0.42601913E+01 -0.98597704E+01
 -0.21328565E+02 -0.47592900E+02 -0.10976044E+03 -0.23900905E+03 -0.38369384E+03
 -0.28948492E+03 -0.11975514E+03 -0.53770032E+02 -0.24253392E+02 -0.97657834E+01
 -0.34702309E+01 -0.59356438E+00  0.21745425E+01  0.23930973E+01  0.35421839E+01
  0.36047309E+01  0.34499424E+01  0.35989095E+01  0.37430364E+01  0.37789568E+01
  0.35198777E+01  0.30674512E+01  0.32233209E+01  0.33488043E+01  0.31123482E+01
  0.23236514E+01  0.14146516E+01  0.50880177E+00 -0.30454999E-01
 -0.24820848E-01 -0.36540867E-01 -0.16712958E+00 -0.30059799E-01 -0.11037438E+00
 -0.25274661E-01 -0.25446278E-01 -0.74281192E-01 -0.27294693E-01 -0.72221923E-01
 -0.27497268E-01 -0.44670283E-01 -0.11809752E+00 -0.72682451E-01 -0.76321610E-01
 -0.72985176E-01 -0.50147731E-01 -0.62626262E-01 -0.77086385E-01 -0.11919174E+00
 -0.60108770E-01 -0.50107702E-01 -0.12398067E+00 -0.25817167E-01 -0.27491224E-01
 -0.31117016E-01 -0.58957975E-01 -0.66711480E-01 -0.12936856E+00 -0.24559628E+00
 -0.61086740E+00 -0.99803326E+00 -0.23309304E+01 -0.53029486E+01 -0.12073193E+02
 -0.27594355E+02 -0.62229990E+02 -0.14386977E+03 -0.31173956E+03 -0.38860820E+03
 -0.21977369E+03 -0.89367930E+02 -0.39707169E+02 -0.17518982E+02 -0.81392868E+01
 -0.25471564E+01 -0.19273529E+00  0.26402056E+01  0.26426408E+01  0.32221309E+01
  0.29212249E+01  0.36778661E+01  0.37609979E+01  0.32806103E+01  0.37780846E+01
  0.33276926E+01  0.27715466E+01  0.30575399E+01  0.31855327E+01  0.26124262E+01
  0.22220720E+01  0.11084360E+01  0.42689212E+00 -0.10363295E+00
 -0.27797988E-01 -0.38689026E-01 -0.75912652E-01 -0.41205631E-01 -0.59587462E-01
 -0.50531441E-01 -0.60696549E-01 -0.83975601E-01 -0.38918826E-01 -0.66440028E-01
 -0.30056395E-01 -0.49855100E-01 -0.10229174E+00 -0.10467619E+00 -0.81372258E-01
 -0.47051051E-01 -0.14765744E+00 -0.64412086E-01 -0.80998041E-01 -0.17918545E+00
 -0.75499961E-01 -0.56360400E-01 -0.15341134E+00 -0.27499901E-01 -0.28026577E-01
 -0.42346924E-01 -0.72730183E-01 -0.11528217E+00 -0.16020358E+00 -0.35625646E+00
 -0.54326753E+00 -0.11850078E+01 -0.27910806E+01 -0.67385250E+01 -0.15183728E+02
 -0.34106091E+02 -0.79533679E+02 -0.18774201E+03 -0.37116576E+03 -0.35785124E+03
 -0.16597833E+03 -0.66737109E+02 -0.27661934E+02 -0.11754602E+02 -0.45937926E+01
 -0.16994431E+00  0.14744502E+01  0.29907021E+01  0.39482246E+01  0.34664480E+01
  0.44440446E+01  0.32664250E+01  0.43083190E+01  0.35234730E+01  0.35577132E+01
  0.32243740E+01  0.33040149E+01  0.29066839E+01  0.27578065E+01  0.23254443E+01
  0.17528298E+01  0.11794938E+01  0.34926447E+00 -0.20418147E-01
 -0.31231843E-01 -0.42313540E-01 -0.83760640E-01 -0.40449945E-01 -0.62894705E-01
 -0.30300302E-01 -0.14545648E+00 -0.89919475E-01 -0.71831503E-01 -0.32341968E-01
 -0.32819468E-01 -0.64812190E-01 -0.35187415E-01 -0.14755552E+00 -0.85145768E-01
 -0.64410904E-01 -0.21622999E+00 -0.80515310E-01 -0.93237350E-01 -0.23910782E+00
 -0.13791790E+00 -0.99344949E-01 -0.11065664E+00 -0.29231843E-01 -0.29431105E-01
 -0.44619345E-01 -0.14611511E+00 -0.17358056E+00 -0.13303549E+00 -0.32889000E+00
 -0.65617738E+00 -0.14046969E+01 -0.34987724E+01 -0.80625891E+01 -0.18589503E+02
 -0.41907718E+02 -0.98890830E+02 -0.23627860E+03 -0.40565297E+03 -0.30704154E+03
 -0.12699779E+03 -0.49989669E+02 -0.21789210E+02 -0.90787842E+01 -0.17078003E+01
  0.53294123E+00  0.32427626E+01  0.30111486E+01  0.42309218E+01  0.44839957E+01
  0.38565703E+01  0.42185780E+01  0.34754033E+01  0.34076765E+01  0.33189068E+01
  0.32986043E+01  0.34434920E+01  0.27885327E+01  0.27875425E+01  0.23288564E+01
  0.16489139E+01  0.91590683E+00  0.36698610E+00  0.64189907E-01
 -0.33102775E-01 -0.49365286E-01 -0.46039024E-01 -0.61750325E-01 -0.67766480E-01
 -0.33160421E-01 -0.57735157E-01 -0.17982904E+00 -0.26796198E+00 -0.35361432E-01
 -0.35828544E-01 -0.81214958E-01 -0.38308423E-01 -0.14665969E+00 -0.31051458E+00
 -0.10233950E+00 -0.13355143E+00 -0.18275871E+00 -0.14641326E+00 -0.26510483E+00
 -0.19151930E+00 -0.22285640E+00 -0.12639264E+00 -0.10584187E+00 -0.12609924E+00
 -0.71749835E-01 -0.18048036E+00 -0.17918887E+00 -0.13018220E+00 -0.38634284E+00
 -0.71872138E+00 -0.16415971E+01 -0.37741276E+01 -0.90335003E+01 -0.20746952E+02
 -0.50257834E+02 -0.12032458E+03 -0.28207024E+03 -0.42107901E+03 -0.26535889E+03
 -0.10332384E+03 -0.37144754E+02 -0.16955892E+02 -0.46487055E+01 -0.15279090E+01
  0.20750484E+01  0.37086072E+01  0.33784020E+01  0.36294851E+01  0.47172553E+01
  0.42680159E+01  0.42213663E+01  0.44535141E+01  0.40681030E+01  0.37169036E+01
  0.36160868E+01  0.28817156E+01  0.31604407E+01  0.27879724E+01  0.21296730E+01
  0.16907514E+01  0.68352852E+00  0.18307881E+00 -0.10158075E+00
 -0.35242856E-01 -0.99281571E-01 -0.35293149E-01 -0.36043010E-01 -0.84703130E-01
 -0.36104109E-01 -0.36526257E-01 -0.68826651E-01 -0.22640568E+00 -0.40712915E-01
 -0.39151290E-01 -0.59471760E-01 -0.41786840E-01 -0.81389314E-01 -0.41464645E+00
 -0.38713026E+00 -0.15594275E+00 -0.19243746E+00 -0.31965975E+00 -0.32439440E+00
 -0.83766093E-01 -0.11784682E+00 -0.19701570E+00 -0.43834498E-01 -0.35130322E-01
 -0.65550518E-01 -0.32068251E+00 -0.13477614E+00 -0.15905370E+00 -0.45243050E+00
 -0.99871695E+00 -0.23616556E+01 -0.51444572E+01 -0.11777769E+02 -0.28240408E+02
 -0.70291393E+02 -0.16825005E+03 -0.39356170E+03 -0.53360664E+03 -0.27419160E+03
 -0.94103442E+02 -0.33003525E+02 -0.12773010E+02 -0.15827463E+01  0.20461488E+01
  0.32305005E+01  0.45763017E+01  0.53193038E+01  0.53650843E+01  0.50492992E+01
  0.51213937E+01  0.44374820E+01  0.43858313E+01  0.38508361E+01  0.40107936E+01
  0.33331422E+01  0.34358164E+01  0.34212775E+01  0.27885545E+01  0.24807389E+01
  0.17479621E+01  0.10080692E+01  0.30754302E+00  0.52806963E-01
 -0.30591350E-01 -0.35928815E-01 -0.35931483E-01 -0.35935543E-01 -0.35166914E-01
 -0.34570361E-01  0.36400192E-01 -0.35967242E-01 -0.35979640E-01 -0.31539246E-01
 -0.34906246E-01  0.42215401E-01 -0.15645505E-01 -0.35462398E-01  0.11424719E-01
 -0.25571400E-02 -0.36186214E-01 -0.35640223E-01  0.13561811E-01 -0.19559299E-01
 -0.56347473E-01 -0.25060638E-01 -0.29579749E-01 -0.42727462E-01 -0.43158941E-01
 -0.41693085E-01 -0.37822608E-01 -0.36030531E-01 -0.26803578E-01 -0.21632867E-01
  0.18406651E-01  0.13094301E+00  0.16008941E+00  0.20037342E+00  0.34520717E+00
  0.95218308E+00  0.14151106E+01  0.21070983E+01  0.36531462E+01  0.56636929E+01
  0.38702783E+01 -0.13364022E+02 -0.35073650E+02 -0.38870659E+01  0.72881554E+01
  0.28986251E+01 -0.13490673E+00 -0.54848042E+01 -0.40253961E+01 -0.46723939E+01
 -0.43721754E+01 -0.46076827E+01 -0.58874347E+01 -0.18224129E+01 -0.45104020E+01
 -0.35000516E+01 -0.42163993E+01 -0.42303644E+01 -0.25097401E+01 -0.16341260E+01
 -0.93865259E+00 -0.17974027E+01  0.82281936E-01 -0.60430971E+00
 -0.28885529E-01 -0.34231936E-01 -0.34239095E-01 -0.34249988E-01 -0.33478964E-01
 -0.32761230E-01 -0.34306995E-01 -0.34335068E-01 -0.34368370E-01 -0.29620281E-01
 -0.32968755E-01  0.59370097E-01 -0.14146661E-01 -0.20629734E+00  0.12500174E-01
 -0.15296020E+00 -0.34935726E-01 -0.34449926E-01  0.14245400E-01 -0.17545927E-01
 -0.53522255E-01  0.23133984E-01 -0.31391600E-01 -0.41149570E-01 -0.41234278E-01
 -0.39484629E-01 -0.33653760E-01 -0.33187339E-01 -0.28803974E-01 -0.16864472E-01
  0.31873239E-01  0.10801360E+00  0.18293955E+00  0.28512046E+00  0.52418353E+00
  0.87666639E+00  0.13473301E+01  0.22960217E+01  0.45584708E+01  0.46612454E+01
  0.69848698E+01 -0.46523970E+00 -0.12960609E+02 -0.39920825E+00  0.94964181E+01
  0.11756796E+02  0.91981732E+00 -0.34707936E+01 -0.48439141E+01 -0.57626678E+01
 -0.71892034E+01 -0.71162951E+00 -0.89193985E+01 -0.50811280E+01 -0.14597875E+01
 -0.50724815E+01 -0.59708544E+01 -0.53372753E+01 -0.11853872E+01 -0.20304455E+01
 -0.20294004E+01 -0.13793426E+01 -0.11197403E+01 -0.14597741E+00
 -0.27335033E-01 -0.32669795E-01 -0.32680830E-01 -0.32697612E-01 -0.28595214E-01
 -0.31083405E-01 -0.32785334E-01 -0.32828482E-01 -0.32879626E-01 -0.28031431E-01
 -0.31056075E-01  0.78250363E-01 -0.12748616E-01 -0.24880115E-01 -0.91300354E+00
 -0.29098090E-01 -0.33750792E-01 -0.33317458E-01  0.14771144E-01 -0.15613691E-01
 -0.50394218E-01  0.16604512E+00 -0.27947908E-01 -0.39716068E-01 -0.38194523E-01
 -0.37368188E-01 -0.25081161E-01 -0.25017220E-02 -0.26493094E-01 -0.25693912E-02
  0.21150078E-01  0.22168153E+00  0.11586585E+00  0.26355640E+00  0.35823760E+00
  0.68957203E+00  0.12088408E+01  0.22316618E+01  0.44741473E+01  0.73017410E+01
  0.88993581E+01  0.21499661E+01 -0.17832758E+02 -0.29667320E+01  0.16702987E+02
  0.33647072E+01 -0.31763504E+01 -0.17925575E+01 -0.53862426E+01 -0.30122393E+01
 -0.49013899E+01 -0.69635834E+01 -0.63740491E+01 -0.30178094E+01 -0.42016977E+01
 -0.20964798E+01 -0.17434412E+01 -0.14634092E+01 -0.16355927E+01 -0.21627988E+01
 -0.33662665E+01 -0.16888232E+01 -0.88906645E+00  0.60527837E-01
 -0.25922146E-01 -0.31217296E-01 -0.31231920E-01 -0.31254137E-01 -0.18541266E-01
 -0.29519334E-01 -0.31369942E-01 -0.31426715E-01 -0.31493859E-01 -0.26575070E-01
 -0.29147835E-01 -0.31945276E+00 -0.11632665E-01 -0.27561975E-01  0.86280663E-02
 -0.27755154E-01 -0.32622109E-01 -0.32235383E-01  0.15051016E-01 -0.15141053E-01
 -0.47201179E-01  0.73671633E+00 -0.19723250E-01 -0.35535739E-01 -0.35817857E-01
 -0.35368986E-01  0.36666933E+00 -0.29814993E-01 -0.27006051E-01 -0.12149159E-01
  0.13407765E-01  0.55309780E-01  0.11253590E+00  0.25516846E+00  0.37043181E+00
  0.81248547E+00  0.13845941E+01  0.24058379E+01  0.39604175E+01  0.71400142E+01
  0.97867777E+01  0.45840907E+01 -0.18260079E+02 -0.89331524E+00  0.11410430E+02
  0.10351825E+02  0.21280110E+01  0.34988163E+01 -0.11063247E+02 -0.60750669E+00
 -0.63824864E+01 -0.43008645E+01 -0.64567084E+00 -0.10027873E+02 -0.76490447E+01
 -0.18226439E+01 -0.26698632E+01 -0.53740510E+01 -0.29522238E+01 -0.33496710E+01
 -0.24109902E+01 -0.58549827E+00 -0.68614674E+00 -0.11002164E+00
 -0.83050560E-01 -0.18716943E-01 -0.29874663E-01 -0.29902484E-01 -0.27268064E-01
 -0.28058130E-01 -0.30046874E-01 -0.30117293E-01 -0.16824240E+00 -0.25246126E-01
 -0.27237900E-01 -0.13885980E-01 -0.10715491E-01 -0.30152900E-01  0.14237629E-01
 -0.26516632E-01 -0.31556813E-01 -0.31211606E-01  0.15076218E-01 -0.12216642E-01
 -0.44776679E-01  0.93430014E-01 -0.28512324E-01 -0.32674972E-01 -0.32911122E-01
  0.10362485E-01  0.13798006E+00 -0.28977480E-01 -0.23690970E-01 -0.80473524E-02
  0.38716849E-01  0.63632708E-01  0.78074606E-01  0.21558341E+00  0.33788725E+00
  0.71476473E+00  0.14632135E+01  0.22599292E+01  0.38732347E+01  0.75073563E+01
  0.11840083E+02  0.51058234E+01 -0.11468511E+02 -0.16572798E+01  0.17323634E+02
  0.20856097E+01  0.14346745E+01  0.33318944E-01 -0.37767739E+01 -0.50935720E+01
 -0.96679488E+01 -0.25674861E+01 -0.46175561E+01 -0.47297531E+01  0.41002550E+01
 -0.42512739E+01 -0.46600703E+01 -0.34579583E+00 -0.91804461E+00 -0.23122873E+01
 -0.33793055E+01 -0.15764238E+01  0.41646986E+00  0.13324417E+00
 -0.28572828E-01 -0.51469833E-02 -0.28606451E-01 -0.28640511E-01 -0.25952902E-01
 -0.26696829E-01 -0.28816604E-01 -0.28902051E-01 -0.20626182E-01 -0.24038058E-01
 -0.25329361E-01 -0.13073507E-01 -0.99595476E-02 -0.29064359E-01  0.15442498E-01
 -0.24941947E-01 -0.30582861E-01 -0.30274202E-01  0.14925586E-01 -0.10717796E-01
 -0.35538723E-01  0.97891629E-01 -0.22497531E-01 -0.31308785E-01 -0.31083483E-01
 -0.12138003E-01 -0.28497150E-01 -0.26409057E-01 -0.17583126E-01 -0.30856718E-02
  0.41483852E-01  0.60286756E-01  0.79090673E-01  0.19728062E+00  0.27448825E+00
  0.76315158E+00  0.13237654E+01  0.24666391E+01  0.38781095E+01  0.79339156E+01
  0.13538126E+02  0.86066436E+01 -0.10390786E+02 -0.43879539E+01  0.11191260E+02
  0.88545512E+01 -0.15892293E+00  0.25004523E+01 -0.54179692E+01 -0.93037593E+01
 -0.27820318E+01 -0.59699860E+01 -0.65057361E+01 -0.34374388E+01 -0.62847713E+01
 -0.38863689E+00 -0.20324604E+01 -0.22060901E+01 -0.26962019E+01 -0.14338082E+01
 -0.10792765E+01  0.39598509E+00 -0.85290753E+00 -0.46706244E+00
 -0.27366976E-01  0.33627436E-02 -0.27407673E-01 -0.27448894E-01 -0.24722736E-01
 -0.25418206E-01 -0.27661811E-01 -0.27764928E-01 -0.20170946E-01 -0.22937307E-01
 -0.23415231E-01 -0.12396458E-01 -0.93574732E-02 -0.28084314E-01  0.69306237E-01
 -0.21984830E-01 -0.29724367E-01 -0.29452544E-01  0.11278292E-01 -0.94062842E-02
 -0.15815464E-01  0.98052260E-01  0.45472345E-02 -0.27788700E-01 -0.28407049E-01
 -0.36397773E-02 -0.27007141E-01 -0.26219855E-01 -0.19802809E-01 -0.45074262E-02
  0.37833653E-01  0.72449582E-01  0.13125873E+00  0.17698190E+00  0.39971949E+00
  0.72667088E+00  0.14841576E+01  0.23350386E+01  0.36631123E+01  0.74033224E+01
  0.11252477E+02  0.90940679E+01 -0.70406271E+01 -0.10428595E+02  0.53187598E+01
  0.17072269E+02  0.48067846E+01 -0.30613666E+00  0.15857125E+01 -0.10688135E+02
 -0.53573220E+01  0.44883728E+00 -0.39891763E+01 -0.76156157E+01 -0.44827062E+01
 -0.46649995E+01 -0.17771281E-01 -0.55118917E+01 -0.19040924E+01 -0.18349490E+01
 -0.14754221E+00 -0.30137931E+00 -0.20188353E+00  0.12233939E+01
 -0.26209623E-01  0.13269403E-01 -0.26258018E-01 -0.26307104E-01 -0.23555941E-01
 -0.24201871E-01 -0.26561500E-01 -0.26685139E-01 -0.19696465E-01  0.99828314E-02
  0.38235845E+00  0.33814846E+00 -0.88935231E-02 -0.27777402E-01 -0.30904538E-01
 -0.21426253E-01 -0.29012964E-01 -0.28792399E-01 -0.30057750E-01 -0.83767335E-02
 -0.15343021E-01  0.56147832E-01  0.19422754E-01 -0.20156755E-01 -0.23799936E-01
 -0.62165121E-02 -0.23845251E-01 -0.24907014E-01 -0.13335112E-01  0.28354040E-01
  0.48666995E-02  0.64638751E-01  0.12346086E+00  0.20001568E+00  0.50981365E+00
  0.95049147E+00  0.12804599E+01  0.20809400E+01  0.39101377E+01  0.73172316E+01
  0.92124813E+01  0.11577338E+02 -0.50054259E+01 -0.97234199E+01  0.28026742E+01
  0.10920799E+02  0.89849337E+01 -0.46057682E+01 -0.37545201E+01 -0.54075200E+01
 -0.62393165E+01 -0.69856106E+01 -0.19033788E+01 -0.22936405E+01 -0.16313703E+01
 -0.40357081E+01 -0.69249188E+01  0.55815993E+00 -0.21226697E+00 -0.27169835E+01
 -0.93358193E+00 -0.49481534E+00 -0.19688107E+01  0.10625879E+01
 -0.25077790E-01  0.48696340E-02 -0.25133308E-01 -0.25866188E-01 -0.22430304E-01
 -0.23024336E-01 -0.25484231E-01 -0.25628519E-01  0.14279363E-01 -0.81710902E-02
  0.58232089E-01  0.43149758E-02 -0.86003182E-02 -0.27136794E-01  0.46220911E-01
 -0.19929860E-01 -0.28466780E-01 -0.28353104E-01 -0.29709171E-01 -0.78743863E-02
 -0.27326505E-01  0.99795610E-01  0.14819381E-01  0.28169146E-01  0.51419783E+00
 -0.23808240E-01 -0.20360691E-01 -0.21497335E-01 -0.13648084E-01  0.24314834E-01
  0.20530768E-01  0.76938940E-01  0.18999827E+00  0.25770829E+00  0.45045755E+00
  0.69723344E+00  0.14002502E+01  0.25973032E+01  0.42213872E+01  0.71538268E+01
  0.10795402E+02  0.11840704E+02 -0.63072324E+01 -0.75430648E+01  0.91905031E+01
  0.82505899E+01  0.39558810E+01 -0.35984335E+01 -0.13464370E+01  0.20763013E+01
 -0.25246514E+01 -0.17046263E+01 -0.17139995E+01  0.25598098E+01 -0.61649982E+01
 -0.46290730E+01 -0.35754546E+01 -0.17237466E+01 -0.21007516E+01 -0.29785768E+00
 -0.16088017E+01 -0.10466855E+01 -0.21320945E+01 -0.53707049E+00
 -0.23959049E-01 -0.23979514E-01 -0.24020887E-01  0.78870568E-01 -0.21331641E-01
 -0.21871536E-01 -0.24414947E-01 -0.23343094E-01 -0.23090937E-01 -0.78824629E-01
  0.62598780E-01  0.43139537E-02 -0.83469792E-02 -0.26361996E-01  0.80006920E-02
 -0.17826899E-01 -0.28096086E-01 -0.28219152E-01 -0.29837620E-01 -0.82820255E-02
 -0.66956475E-02  0.95498984E-01  0.75153649E-02  0.65103945E-01  0.41506755E-01
 -0.52339013E-02 -0.20555979E-01 -0.18234070E-01 -0.14976927E-01  0.30912381E-01
  0.88263880E-02  0.33615760E-01  0.16576122E+00  0.25019397E+00  0.49391535E+00
  0.70403841E+00  0.13624308E+01  0.21436306E+01  0.43770827E+01  0.74021452E+01
  0.13204726E+02  0.15909129E+02  0.54678243E+01 -0.72649463E+01  0.40764921E+01
  0.56138817E+01  0.29752865E+01 -0.20875419E+01 -0.38888691E+01 -0.58897943E+01
 -0.52056455E+01 -0.79072563E+00 -0.47247772E+01 -0.39382102E+01 -0.62411402E+01
 -0.17893286E+01  0.55741946E+00 -0.13471684E+01 -0.17862200E+01 -0.20606024E+01
 -0.44722021E+00 -0.25824602E+01 -0.96067654E-02 -0.42955384E+00
 -0.18110558E-01 -0.18127771E-01 -0.18162601E-01 -0.15179711E-01 -0.16054983E-01
 -0.16441214E-01 -0.18496042E-01 -0.18510451E-01 -0.17474826E-01 -0.13366688E-01
  0.52349797E-01  0.34216572E-02 -0.63685381E-02 -0.20201180E-01  0.63016151E-02
 -0.13698886E-01 -0.21878327E-01 -0.22241851E-01 -0.24009796E-01 -0.88580266E-02
 -0.20102304E-02  0.71878323E-01  0.92752085E-02  0.31491378E-02  0.96933506E-01
  0.48689976E-02 -0.15368889E-01 -0.88574980E-02 -0.90523647E-02  0.31076772E-01
  0.32879827E-01  0.27621884E-01  0.12415810E+00  0.26050000E+00  0.32639757E+00
  0.69002442E+00  0.10805107E+01  0.18639821E+01  0.36020490E+01  0.61577377E+01
  0.76437031E+01  0.12655483E+02  0.28489248E+01 -0.71926191E+01  0.16178846E+01
  0.61086221E+01 -0.57927949E+00 -0.10772846E+01 -0.10694296E+01  0.41812436E+01
 -0.53421887E+01 -0.84163744E+01 -0.19677206E+01 -0.17264923E+01 -0.34421685E+01
 -0.42233098E+00 -0.52457343E+00 -0.18902835E+01 -0.31623018E+01 -0.12070184E+01
 -0.15688879E+01 -0.38716600E+00 -0.44982827E+00  0.17024898E+00
 -0.19865560E-01 -0.19886012E-01 -0.19927415E-01 -0.16636495E-01 -0.17535956E-01
 -0.17933716E-01 -0.20325027E-01 -0.20359611E-01 -0.19178178E-01  0.41056875E-01
  0.10044543E+00  0.39586924E-02 -0.70021260E-02 -0.22396282E-01  0.72798206E-02
 -0.15136124E-01 -0.24500518E-01 -0.25037120E-01 -0.27182955E-01 -0.10019768E-01
 -0.29219580E-02  0.74257139E-01  0.50300780E-02 -0.15655994E-01  0.66006292E-01
  0.37097390E-02 -0.14456797E-01 -0.12569800E-01 -0.49488857E-02  0.19312109E+00
  0.24867095E-01  0.80548064E-01  0.15031426E+00  0.21340041E+00  0.35553979E+00
  0.70100376E+00  0.14937273E+01  0.22868062E+01  0.39127895E+01  0.58848804E+01
  0.90086666E+01  0.14743664E+02  0.49066459E+01 -0.12516365E+02  0.47031571E+01
  0.61259295E+01  0.92005860E+01  0.35787359E+01 -0.50764276E+01 -0.80568052E+01
 -0.88376337E+00 -0.95361806E+01 -0.11043086E+01 -0.74773989E+01 -0.25522406E+01
  0.18663785E+01 -0.13416200E+01 -0.16830981E+01 -0.17222050E+01  0.58475310E+00
  0.42083182E+00 -0.28997939E+01  0.16168422E+01  0.13860287E+00
 -0.21769758E-01 -0.21793806E-01 -0.21842506E-01 -0.18206635E-01 -0.19117547E-01
 -0.19677864E-01 -0.22149497E-01 -0.22368074E-01 -0.21011755E-01  0.66652748E-01
 -0.23138319E-01  0.46658006E-02 -0.76204380E-02 -0.24771479E-01  0.85680668E-02
 -0.16573747E-01 -0.27263896E-01 -0.27916931E-01 -0.29194217E-01 -0.10332671E-01
 -0.47329845E-02  0.74286826E-01  0.14962500E-01 -0.17097321E-01  0.52495373E-01
  0.19606610E-02 -0.17399679E-01 -0.12915120E-01 -0.96382947E-02  0.59993016E-02
  0.22583421E-01  0.17214301E-01  0.17690652E+00  0.27658265E+00  0.58119513E+00
  0.63102954E+00  0.11072239E+01  0.26745661E+01  0.46691499E+01  0.72120974E+01
  0.12114986E+02  0.13582680E+02  0.58789450E+01 -0.12081805E+02  0.85300268E+00
  0.11176347E+01 -0.26202827E+01  0.42638614E+01  0.12094783E+01 -0.75092826E+01
 -0.48872974E+01 -0.32774106E+01 -0.37880086E+01 -0.84532558E+01 -0.42726898E+01
 -0.18724252E+01 -0.47617527E+01 -0.16123910E+01 -0.18584294E+01 -0.35083507E+01
 -0.24050054E+01 -0.17678564E+01 -0.57841737E+00 -0.20769944E+00
 -0.23825341E-01 -0.23853291E-01 -0.23909902E-01 -0.19886017E-01 -0.20790132E-01
 -0.24266208E-01 -0.21356166E-01 -0.24535934E-01 -0.22967648E-01  0.80839419E-01
 -0.25423587E-01 -0.51374514E+00 -0.82130075E-02 -0.27307326E-01  0.10213748E-01
 -0.17940733E-01 -0.30173573E-01 -0.30904482E-01 -0.33206852E-01 -0.10138332E-01
 -0.69198291E-02  0.73220353E-01 -0.25260717E-01 -0.14654969E-01  0.78374401E-01
 -0.25160137E-02  0.48128341E-01 -0.14700449E-01 -0.11353225E-01  0.12137487E-02
  0.17437246E-01  0.71031755E-01  0.16651539E+00  0.31669227E+00  0.55831902E+00
  0.10315447E+01  0.15683544E+01  0.31032954E+01  0.50068752E+01  0.80944436E+01
  0.13979373E+02  0.18145635E+02  0.10119140E+02 -0.10472688E+02  0.62171368E+01
  0.34313968E+01  0.80676409E+01 -0.53270980E+01 -0.67189684E+01 -0.48591544E+01
 -0.50396774E+01 -0.36843691E+01 -0.19497755E+01  0.90661599E+00 -0.45397432E+01
 -0.43708072E+01 -0.26946719E+01  0.10278646E+01 -0.45493586E+01 -0.18087755E+01
 -0.29565739E+01 -0.21083975E+00  0.47811487E+00 -0.86268567E+00
 -0.26031935E-01 -0.26064048E-01 -0.26129086E-01 -0.21666766E-01 -0.22538637E-01
 -0.26538362E-01 -0.23092197E-01 -0.26859774E-01 -0.25033348E-01  0.98532589E-01
 -0.27858000E-01 -0.18385680E-02 -0.87510996E-02 -0.30006885E-01  0.12437918E-01
 -0.19170878E-01 -0.33245534E-01 -0.36783766E-01 -0.36618342E-01 -0.95268134E-02
 -0.93578187E-02  0.29622291E-01 -0.12525117E+00 -0.22094288E-01  0.82380230E-01
 -0.16533472E-01 -0.22390610E-01 -0.18834600E-01 -0.15012850E-01 -0.36767166E-02
  0.41259232E-01  0.49218572E-01  0.19167769E+00  0.35324921E+00  0.76173608E+00
  0.11539949E+01  0.21409256E+01  0.36235720E+01  0.63744849E+01  0.10611596E+02
  0.15986179E+02  0.18282212E+02  0.89077971E+01 -0.15697691E+02 -0.29613993E+01
  0.67477881E+01  0.73524673E+01 -0.16093723E+01  0.92989071E+00  0.97796738E-01
 -0.18277433E+01 -0.47923639E+01  0.19388616E+01 -0.30573880E+01 -0.29923888E+01
  0.10249952E+01 -0.17004502E+01 -0.23891122E+01 -0.26792349E+01 -0.99945537E+00
 -0.12484281E+01 -0.52138082E+00  0.42390268E+00  0.47503601E+00
 -0.28381485E-01 -0.28417714E-01 -0.28491076E-01 -0.23542085E-01 -0.24346007E-01
 -0.28952473E-01 -0.24854499E-01 -0.29274901E-01 -0.27193690E-01  0.12078767E+00
 -0.33673962E-01  0.20891887E-03 -0.13163850E-01 -0.32872624E-01  0.15401344E-01
 -0.14111082E-01 -0.36503030E-01 -0.37149649E-01 -0.41496892E-01  0.18837846E+00
 -0.12006218E-01  0.33548994E+00  0.54894218E-01 -0.25204235E-01  0.86192223E-01
 -0.17502961E-01 -0.23419974E-01 -0.19213309E-01  0.37455350E-02 -0.45258927E-02
  0.17165570E-01  0.98229750E-01  0.52765651E+00  0.43478173E+00  0.76301455E+00
  0.12381188E+01  0.24523662E+01  0.44895273E+01  0.68549019E+01  0.10817420E+02
  0.16687788E+02  0.24014273E+02  0.57479540E+01 -0.11624850E+02  0.52373639E+01
  0.94721285E+01  0.37675401E+00  0.59955445E+01  0.16093089E+00 -0.31675697E+01
 -0.84673494E+01 -0.11608851E+01  0.84964875E+00 -0.53574248E+01 -0.48706597E+01
 -0.44266043E+01 -0.33140814E+01 -0.78844267E-01 -0.52978462E+01 -0.11560626E+01
 -0.20161239E+01 -0.23787737E+01 -0.93220740E+00 -0.21647360E+00
 -0.30867431E-01 -0.30908244E-01  0.45212117E-01 -0.25498675E-01 -0.26187554E-01
 -0.31483250E-01 -0.26603148E-01 -0.31884591E-01 -0.29433792E-01  0.14927232E+00
 -0.33452319E-01  0.32483895E-02 -0.34866481E-01 -0.35909236E-01  0.13056330E-01
 -0.16338845E-01 -0.39970483E-01 -0.40633224E-01 -0.44324009E-01 -0.34459570E+00
  0.20500985E+00 -0.78659288E-01  0.25994710E+00 -0.28630504E-01  0.89617857E-01
 -0.17966187E-01 -0.22206521E-01 -0.18106428E-01  0.55179772E+00  0.52040477E-03
  0.21766529E-01  0.10631697E+00  0.31031391E+00  0.50608722E+00  0.11030372E+01
  0.14038244E+01  0.30324401E+01  0.42404190E+01  0.97172967E+01  0.12981354E+02
  0.19790102E+02  0.26574004E+02  0.60435334E+01 -0.19572833E+02 -0.19439465E+01
  0.32327719E+01  0.17624626E+01 -0.50914793E+01 -0.25358990E+01 -0.22124171E+01
 -0.17509122E+02 -0.26724445E+01 -0.69019234E+01 -0.15811638E+01 -0.72359065E+01
 -0.32523533E+01 -0.44456416E+01 -0.36474287E+01 -0.28754638E+01 -0.26689712E+01
 -0.44802496E+01  0.18510289E+00  0.13060767E+01  0.82510211E+00
 -0.33491811E-01 -0.33537483E-01 -0.22207474E-01 -0.27519081E-01 -0.28032090E-01
 -0.34180808E-01 -0.28288048E-01 -0.36214443E-01 -0.30710819E-01  0.18499478E+00
 -0.36379286E-01  0.76381891E-02 -0.37959489E-01  0.12251769E+01  0.25903259E-01
 -0.13526260E-01 -0.43667885E-01 -0.31105040E-01 -0.38011598E-01  0.36956684E-01
 -0.18615538E-01  0.40616061E-01  0.18234148E+00 -0.30511851E-01  0.94533779E-01
 -0.29678850E-01 -0.13093280E-01 -0.26678659E-01  0.25201200E-01  0.31893177E-02
  0.40793469E-01  0.19409196E+00  0.16204743E+00  0.60255176E+00  0.10573331E+01
  0.18687806E+01  0.38312363E+01  0.56345502E+01  0.87506280E+01  0.15114521E+02
  0.23673048E+02  0.21986494E+02 -0.40744709E+01 -0.52365071E+01  0.56784245E+01
  0.60107898E+01 -0.14136667E+01  0.24046206E+01 -0.38320948E+01 -0.77525595E+01
 -0.47129549E+01 -0.63000428E+01 -0.34668626E+01 -0.31244924E+01 -0.91621701E+01
 -0.55046481E+01 -0.47345141E+01 -0.14272532E+01  0.80619978E+00 -0.29700510E+01
 -0.28396233E+00 -0.21344852E+01 -0.29365947E+00  0.69593612E+00
 -0.36252556E-01 -0.40064810E-01 -0.24733841E-01 -0.29868606E-01 -0.29562715E-01
 -0.37019807E-01 -0.29845295E-01 -0.37669085E-01 -0.31178537E-01  0.11414661E+00
 -0.39465514E-01  0.13869736E-01 -0.41228105E-01 -0.28940977E-01  0.15264239E+00
  0.12374771E-01 -0.47607646E-01 -0.45671931E-01 -0.16983504E-01 -0.40744231E-01
 -0.18750203E-01  0.43457639E-01  0.28445470E+00  0.25618565E-01  0.36896718E-01
 -0.36441239E-01 -0.15811553E-01 -0.21991620E-01 -0.11568396E-01  0.16770457E-01
  0.52364815E-01  0.10656435E+00  0.36899331E+00  0.62143336E+00  0.17142917E+01
  0.22917724E+01  0.38100838E+01  0.70096550E+01  0.11275093E+02  0.16526525E+02
  0.24469143E+02  0.22833085E+02 -0.18202922E+02 -0.55562138E+01  0.90458085E+01
  0.12218253E+02  0.95258654E+01 -0.10956538E+02 -0.10862972E+02 -0.75184328E+00
 -0.65847234E+01  0.94743962E+00 -0.80639304E+01 -0.73730840E+01 -0.20428059E+01
 -0.73918567E+01 -0.47267661E+01 -0.17931065E+01 -0.78774441E+01  0.88208789E+00
 -0.20137960E+01 -0.13869682E+01 -0.10501247E+01  0.11489628E+01
 -0.39151714E-01 -0.20826475E+00  0.23776112E-01 -0.96108368E-02 -0.24068984E-01
 -0.40003696E-01 -0.31192556E-01 -0.40722965E-01 -0.33419954E-01 -0.30233959E-01
 -0.42719188E-01  0.22627323E-01 -0.44682675E-01 -0.31631474E-01 -0.10874672E-01
  0.18508553E-01 -0.51510511E-01 -0.49148756E-01  0.11886262E+00 -0.48632442E-01
 -0.24778922E-01  0.19843625E-01  0.20252548E+00 -0.68618810E+00 -0.34390097E-01
 -0.21080348E+00 -0.12398290E-01 -0.35075200E-01 -0.96907076E-02  0.10721893E+00
  0.73610872E-01  0.17402110E+00  0.45700903E+00  0.76815477E+00  0.17766065E+01
  0.25701307E+01  0.51554216E+01  0.79886083E+01  0.11924744E+02  0.18787319E+02
  0.24700940E+02  0.16459518E+02 -0.15200517E+02 -0.57027913E+01  0.19248930E+02
  0.22408392E+01  0.40520488E+01  0.31741465E+00 -0.90357567E+01 -0.98652011E+01
 -0.70224634E+01 -0.93980854E+01 -0.45262077E+01 -0.92687452E+01 -0.99109094E+01
 -0.38861109E+01 -0.43000254E+01 -0.25830724E+01 -0.28113110E+01 -0.27654484E+01
  0.65763144E+00 -0.23281039E+01  0.27874537E+01 -0.67319349E+00
 -0.42197258E-01  0.30526713E-01  0.76466472E-01 -0.42270368E-01 -0.24956210E-01
 -0.43141885E-01 -0.33024017E-01 -0.43937186E-01 -0.35652571E-01 -0.31694795E-01
 -0.32523057E-02 -0.85887629E-02 -0.48325911E-01 -0.34216212E-01 -0.26315391E-01
  0.13122483E-01 -0.54252120E-01 -0.39565095E-01 -0.10251398E-01 -0.63282030E-01
 -0.29425818E-01 -0.27572078E-01 -0.46127810E+00 -0.24352489E-01 -0.40689258E-01
 -0.77284285E-03 -0.13730931E-01 -0.65911624E-01 -0.16134791E+00  0.42461299E-01
  0.11315729E+00  0.16658243E+00  0.51074560E+00  0.10117705E+01  0.18969963E+01
  0.39106780E+01  0.51732149E+01  0.81405488E+01  0.15706170E+02  0.21686844E+02
  0.23790719E+02 -0.18069197E+01 -0.16006778E+02  0.34808135E+01  0.14804400E+02
  0.77643310E+01  0.15762476E+01  0.13703511E+01 -0.89050702E+01 -0.12033315E+02
 -0.33679064E+01 -0.49541694E+01 -0.68097744E+01 -0.82092953E+01  0.24033856E+01
 -0.30454886E+01  0.13359475E+00 -0.63489894E+01  0.14986892E+00  0.52117118E+00
 -0.60453324E+01  0.18985842E+01 -0.74883178E+00  0.46710322E+00
 -0.45404208E-01  0.30866192E-01  0.88858020E-01  0.31414427E-01 -0.23762945E-01
  0.14242037E+00  0.23758580E+00 -0.47156726E+00 -0.37876868E-01 -0.33011957E-01
  0.30834593E-01 -0.30184993E-01 -0.52053445E-01 -0.36472000E-01 -0.75549809E-02
  0.18279704E-01 -0.53567139E-01 -0.63400874E-01 -0.12678905E+00 -0.59835706E-01
 -0.33588253E-01 -0.52295303E+00 -0.33437347E+00 -0.30414668E-01 -0.41836860E-01
 -0.35673782E-03 -0.28095575E-01  0.11259832E-01  0.40569691E-01  0.50655607E-01
  0.13481998E+00  0.30040029E+00  0.64954737E+00  0.11363993E+01  0.24409022E+01
  0.35817013E+01  0.58684308E+01  0.10351682E+02  0.19042724E+02  0.23485843E+02
  0.13830755E+02 -0.14228856E+02 -0.21263350E+02  0.16566385E+02  0.15701096E+02
  0.80042484E+01  0.69098311E+01 -0.52593415E+01 -0.57706941E+01 -0.18116068E+01
 -0.94525357E+01 -0.72537278E+01 -0.57597309E+01 -0.18924885E+01 -0.12881188E+02
 -0.41964040E+01 -0.89774910E+01 -0.38944222E+01 -0.57614256E+01 -0.25526109E+01
 -0.23784887E+01 -0.75877686E+00  0.63374447E+00 -0.10813854E+01
 -0.48783200E-01  0.32668697E-01  0.63410294E-01 -0.45830259E-01  0.50250160E-01
  0.17329239E+00 -0.23513454E-01 -0.11832658E+00 -0.40039708E-01 -0.34089189E-01
  0.15597089E-03 -0.31423301E-01 -0.57422439E-01 -0.27998340E-01 -0.29862630E-02
  0.41777404E+00 -0.54475815E-01 -0.68647809E-01  0.45452420E-02 -0.60793046E-01
 -0.33270826E-01 -0.15654130E+00  0.37826662E-01 -0.36250620E-01 -0.46574762E-01
  0.12831431E-01  0.14326179E+00  0.34474267E-01  0.23343767E-02  0.67184836E-01
  0.15363519E+00  0.45461298E+00  0.70061495E+00  0.16332829E+01  0.35205983E+01
  0.46552108E+01  0.85069024E+01  0.13400662E+02  0.17785614E+02  0.21194432E+02
  0.35626791E+01 -0.19956180E+02 -0.47034396E+01  0.18414339E+02  0.14627109E+02
  0.10843173E+01  0.12688606E+01 -0.42243653E+01 -0.12543951E+01 -0.11967311E+02
 -0.29261214E+01 -0.15064359E+02 -0.51087094E+00 -0.92433582E+01  0.31394920E+00
 -0.41124724E+01 -0.30139755E+01 -0.57209927E+00 -0.23935867E+01 -0.16564509E+01
 -0.17843771E+01 -0.45680219E+00 -0.42869080E+00 -0.37990112E+00
 -0.52385723E-01  0.34249613E-01  0.38289862E-01 -0.51046970E-01 -0.45220037E-01
 -0.53445899E-01  0.11038851E+00  0.57120210E-01 -0.46863244E-01 -0.30047139E-01
 -0.57710446E-01 -0.32479895E-01 -0.60403249E-01 -0.18883176E-01 -0.17385656E+00
 -0.55484748E-02 -0.54404265E-01 -0.59116083E-01 -0.15922433E-01  0.84936504E-01
 -0.32390560E-02  0.30663428E+00 -0.21018442E-01 -0.45479801E-01 -0.45313087E-01
  0.54471735E+00 -0.40579132E-01  0.49772238E-01  0.43605732E-02  0.46294486E+00
  0.18379370E+00  0.58380776E+00  0.74394844E+00  0.16990985E+01  0.30895835E+01
  0.57436645E+01  0.10319262E+02  0.17011024E+02  0.23000965E+02  0.18654135E+02
 -0.12932799E+02 -0.13840146E+02  0.12459955E+02  0.24651189E+02  0.97178691E+00
  0.20852557E+01  0.60980195E+01  0.32554963E+01 -0.18973901E+02 -0.22111251E+01
 -0.31039040E+00 -0.51366040E+01 -0.48977183E+01 -0.86618359E+01 -0.13862641E+01
 -0.29033742E+01 -0.48657690E+01 -0.39432528E+01 -0.17244668E+01 -0.50562073E+01
 -0.15764153E+01 -0.37682796E+00  0.39804056E+00  0.11580655E+01
 -0.56260472E-01  0.36259228E-01 -0.16011017E+00 -0.55090658E-01  0.11718559E+00
 -0.57390536E-01  0.14603384E+00  0.50590970E-01 -0.56600618E-01 -0.22380829E-01
 -0.62109694E-01 -0.33300249E-01 -0.60763607E-01 -0.43833082E-01  0.17658893E+00
 -0.45611989E-01 -0.83783168E-02 -0.28631751E-01  0.10571749E-02  0.12077180E-01
  0.36782879E-01  0.42495089E-02  0.45387994E+00 -0.51189374E-01 -0.49546897E-01
  0.11601599E+00 -0.21268106E-01  0.61048398E+00  0.47425700E-01  0.20362524E+00
  0.19349701E+00  0.52979822E+00  0.98300162E+00  0.21003359E+01  0.38797790E+01
  0.74148380E+01  0.11204110E+02  0.20705028E+02  0.17994828E+02  0.10122792E+02
 -0.14506192E+02 -0.12248955E+02  0.16052112E+02  0.14850497E+02  0.32914344E+01
  0.30422542E+01  0.66668142E+01 -0.90867399E+01 -0.57466757E+01 -0.99217011E+01
 -0.19405444E+02 -0.41859038E-02 -0.14814772E+01 -0.32480249E+01 -0.70271015E+01
 -0.64202379E+01 -0.51177738E+01 -0.51522293E+01 -0.45565705E+01  0.44198548E+00
 -0.10828270E+01 -0.29116804E+01 -0.30107701E+00  0.51059695E+00
 -0.61783789E-01  0.29938571E-01  0.17696467E-01 -0.59475194E-01  0.44223567E-01
 -0.61744542E-01 -0.15980954E-01  0.40296463E-01 -0.61115623E-01 -0.19125119E-01
 -0.66851231E-01 -0.33809748E-01 -0.38534840E-01 -0.38542800E-01 -0.46871625E-01
 -0.50488673E-01 -0.64654992E-01  0.21754742E-01  0.24191648E-01  0.52568561E+00
  0.26203936E-01 -0.25688762E-01  0.76836472E-01 -0.18054136E+00 -0.60952835E-01
 -0.24597086E+00 -0.30018263E+00  0.22455711E+00  0.10398574E+00 -0.44929716E-01
  0.30235740E+00  0.41080693E+00  0.14166541E+01  0.25994251E+01  0.43660672E+01
  0.83948970E+01  0.14991252E+02  0.21335159E+02  0.17536998E+02 -0.11259534E+02
 -0.27579726E+02  0.13798821E+02  0.25749768E+02  0.13618482E+02  0.10875112E+02
  0.64102138E+01 -0.55452271E+01 -0.60771133E+01  0.19999417E+00 -0.84015556E+01
 -0.27928376E+01 -0.48112451E+01 -0.14648578E+01 -0.13198821E+02 -0.10898595E+01
 -0.79245230E+01 -0.51735583E+01 -0.49622503E+01 -0.46802226E+01  0.24416966E+01
 -0.23622232E+01  0.27526712E+01 -0.10224002E+01  0.42321293E+00
 -0.64901295E-01 -0.32772798E-01  0.16066574E-01 -0.62301739E-01  0.10556559E+01
 -0.66505064E-01 -0.32781818E-01  0.45818900E-01 -0.66047800E-01 -0.38153727E-01
 -0.72032202E-01 -0.34067593E-01 -0.22116897E-01 -0.32329288E-01 -0.51540517E-01
 -0.15663303E+00 -0.65686628E-01 -0.43936336E-01  0.47232337E-01  0.53961546E+00
  0.10335367E+00 -0.62645925E-02 -0.68706957E+00 -0.57116022E-01 -0.59646442E-01
 -0.49949557E-01  0.35029652E-01 -0.19293635E-02  0.20914504E-01  0.17076039E+00
  0.54712808E+00  0.69410961E+00  0.14531874E+01  0.31841243E+01  0.56389316E+01
  0.10543908E+02  0.16042546E+02  0.20862346E+02  0.10786085E+02 -0.28021052E+02
 -0.12266853E+02  0.23267571E+02  0.16584716E+02  0.20472350E+02  0.13399477E+02
 -0.63106917E+01 -0.29748489E+01 -0.95783187E+01 -0.57021425E+01 -0.11518180E+02
 -0.29449129E+01 -0.34905711E+01 -0.42908178E+01 -0.18233750E+01  0.76430543E+00
 -0.71834469E+00 -0.45082863E+01  0.91958389E+00 -0.40268194E+01 -0.19136878E+01
  0.57391968E+00 -0.41653816E-01 -0.65084277E+00  0.23511683E+00
 -0.69997658E-01 -0.16341315E-01  0.18425602E-01 -0.53230817E-01  0.25202325E+00
 -0.71686685E-01 -0.72871724E-01  0.11873190E+00 -0.70962213E-01 -0.51331607E-01
 -0.77990024E-01 -0.33883869E-01  0.62415449E-03  0.23412581E-01 -0.48928751E-01
 -0.19819050E-01 -0.15909449E+00 -0.14722890E-01 -0.37958610E-01 -0.11413253E+00
 -0.15581699E-01 -0.91247332E-02 -0.57317739E-02 -0.65115063E-01 -0.59501194E-01
 -0.50203035E-01 -0.41526649E-01 -0.11411271E-02  0.42774299E-01  0.17793564E+00
  0.79608194E+00  0.68438495E+00  0.15264060E+01  0.33847712E+01  0.65101539E+01
  0.10977946E+02  0.16426537E+02  0.21406906E+02 -0.49234603E+01 -0.29982938E+02
  0.36015997E+01  0.25346765E+02  0.22475658E+02  0.17074410E+02 -0.66060085E+01
 -0.41714018E+01 -0.38839200E+01 -0.31960389E+01 -0.14553572E+02  0.14733939E+01
 -0.37338504E+01 -0.97412409E+01 -0.31688798E+01  0.63887118E+00 -0.31725506E+01
 -0.22064606E+01 -0.78924012E+01  0.25730905E+00 -0.44170512E+01 -0.23005986E+01
 -0.20588331E+01  0.77203370E+00  0.87534895E+00  0.21136512E+00
 -0.75499363E-01 -0.36490772E-01  0.18446419E+00 -0.24693528E+00  0.32912788E-01
  0.19037085E-01  0.60016764E-01  0.21704798E+00 -0.18789591E-01 -0.61924047E-01
 -0.84170325E-01 -0.33011872E-01 -0.22366354E-01  0.27267718E-01 -0.68796019E-01
 -0.57245926E-01  0.12815551E-01 -0.64927367E-01 -0.51380076E-01 -0.11524307E+00
  0.25440905E-02 -0.17666809E-01  0.44205964E-01 -0.67436128E-01 -0.66443338E-01
 -0.46523113E-01 -0.34498146E-01  0.98277758E-02  0.11134531E+00  0.30295685E+00
  0.45830952E+00  0.10741856E+01  0.19612992E+01  0.37577296E+01  0.83050559E+01
  0.13838341E+02  0.17866759E+02  0.14981917E+02 -0.18488563E+02 -0.26164070E+02
  0.18719802E+02  0.31547075E+02  0.77938639E+01  0.21041376E+01 -0.85311911E+01
 -0.78114430E+01 -0.83178760E+01 -0.10069177E+01 -0.76361285E+01 -0.66617708E+01
 -0.44008592E+01  0.40615123E+00 -0.81171001E+01 -0.87836628E+01 -0.57527474E+01
 -0.43801410E+01 -0.90372250E-01 -0.46510027E+01  0.12605019E+01 -0.42146963E+01
  0.34904615E+00 -0.21781346E+01  0.41497726E+00  0.72792744E+00
 -0.81597412E-01 -0.43551262E-01  0.48925323E-01 -0.56892900E-01  0.36180694E-01
 -0.81519122E-01  0.40001560E+00  0.55376638E-01 -0.16014088E-01 -0.88602978E-01
 -0.91010457E-01 -0.32664187E+00 -0.93492877E-01  0.90150391E-01 -0.11524396E+00
 -0.11147359E+00  0.25582731E-01 -0.51881883E-01 -0.79626227E-01  0.41576153E+00
  0.19931767E+00 -0.19335935E+00  0.25076065E-01 -0.73513816E-01 -0.66762603E-01
 -0.53171840E-01  0.66674618E-01  0.71415160E-01  0.76330348E-01  0.39130923E+00
  0.60574715E+00  0.12351222E+01  0.25343621E+01  0.53548211E+01  0.87038786E+01
  0.12667460E+02  0.19225132E+02  0.48629071E+01 -0.34078337E+02 -0.16100882E+02
  0.19419491E+02  0.23818443E+02  0.14769402E+02  0.10023671E+02 -0.13088753E+02
  0.27961822E+01 -0.56830114E+01 -0.34241241E+01 -0.58058977E+01 -0.26696325E+01
 -0.88293008E+01 -0.62369442E+01 -0.34871079E+01 -0.30771828E+01 -0.49985108E+01
 -0.27826260E+01 -0.28105108E+01 -0.34190534E+01 -0.25288392E+01 -0.30969463E+01
  0.45625117E+00 -0.12464281E+01  0.43259025E+00  0.27121786E+00
 -0.88894433E-01 -0.50798665E-01 -0.56333026E-01 -0.21100009E-01  0.75985097E-02
 -0.91298861E-01  0.10158263E-01  0.93551917E-01  0.64739634E+00 -0.96052275E-01
 -0.98683073E-01 -0.31128832E-01 -0.10134733E+00  0.61528084E-01  0.24035988E+00
 -0.59990623E-01 -0.63028645E-01  0.15654663E+00 -0.26046441E+00  0.25532752E+00
  0.14708302E+00  0.31139844E+00  0.16677292E+00  0.16731917E+00  0.24210982E+00
 -0.12236722E-01  0.25199408E-01  0.86658321E-02  0.68058238E-01  0.40445551E+00
  0.70482531E+00  0.12173532E+01  0.25720189E+01  0.49307411E+01  0.94036049E+01
  0.15101984E+02  0.17961170E+02 -0.14446566E+01 -0.34617304E+02 -0.41865760E+01
  0.37041043E+02  0.29430240E+02  0.56155320E+01 -0.67728335E+01 -0.48545301E+01
 -0.43121383E+01 -0.44361911E+01 -0.70424503E+01 -0.54525794E+01 -0.44617963E+01
 -0.11095388E+02 -0.25318741E+01 -0.49261115E+01 -0.19555835E+01 -0.52568690E+01
 -0.40488489E+01 -0.30336266E+01 -0.40206747E+01 -0.13495256E+01 -0.14175401E+01
 -0.20944681E+01 -0.27314291E+00 -0.11994010E+01  0.17553156E+00
 -0.97140687E-01  0.20195875E-01 -0.97844671E-01 -0.97966635E-01  0.34929978E-01
 -0.99861579E-01 -0.10091142E+00  0.25279819E+00  0.50198497E+00 -0.98418647E-01
 -0.10744680E+00 -0.79452145E-01 -0.11034008E+00 -0.30276552E+00  0.17790549E+00
 -0.96341723E-01 -0.41135256E-01  0.16268255E+00  0.38826673E+00  0.30411547E+00
 -0.36992086E-01 -0.38069313E-01  0.50322148E-01 -0.97059899E-01 -0.88384457E-01
 -0.99162860E-01 -0.36324717E+00 -0.17316186E-01  0.72305222E-01  0.25182185E+00
  0.53827376E+00  0.14072238E+01  0.31652961E+01  0.54122417E+01  0.77369544E+01
  0.11595239E+02  0.76106066E+01 -0.25815944E+02 -0.58912535E+02 -0.19350900E+02
  0.28899660E+02  0.10538677E+02  0.54520698E+00 -0.84504220E+01 -0.98101788E+01
 -0.60016606E+01 -0.12519565E+02 -0.11789368E+02 -0.41623346E+01 -0.75118068E+01
 -0.65849029E+01 -0.79616371E+01 -0.53805386E+01 -0.43837785E+01 -0.53055550E+01
 -0.32320847E+01 -0.49940998E+00 -0.18705709E+01 -0.24956741E+01 -0.28233127E+01
 -0.19250999E+01 -0.17508812E+01  0.34082309E+00 -0.44024799E+00
