-.115291E+23
  0.72282552E+13  0.14048576E+15  0.38583327E+15  0.11170372E+16  0.30692039E+16
  0.72061263E+15  0.10814167E+16  0.19634382E+16  0.14977356E+17  0.29178398E+17
  0.52881297E+17  0.28812160E+17  0.16502757E+17  0.87540067E+16  0.63861614E+16
  0.15566952E+19  0.11695736E+20  0.90199204E+19  0.16623206E+19  0.49375360E+18
  0.00000000E+00  0.00000000E+00  0.00000000E+00  0.00000000E+00  0.00000000E+00
  0.00000000E+00  0.00000000E+00  0.00000000E+00  0.00000000E+00  0.74064807E+16
  0.00000000E+00  0.22569850E+17  0.16430192E+19  0.10742454E+17  0.16344489E+17
  0.13185550E+17  0.26808082E+16  0.34003001E+16  0.40980459E+16  0.35199798E+16
  0.56727743E+16  0.84241656E+15  0.88520694E+15  0.21259806E+15  0.23551146E+15
  0.18352005E+14  0.42220275E+13  0.77915858E+12
  0.55293428E+13  0.27654816E+13  0.11942946E+15  0.15795965E+16  0.89681105E+15
  0.28467967E+16  0.59713674E+16  0.30636815E+16  0.14915780E+17  0.28730696E+17
  0.63179252E+17  0.55430065E+17  0.32550607E+17  0.14932895E+17  0.57684135E+16
  0.49558003E+19  0.20000586E+20  0.12435931E+20  0.20393542E+19  0.56570857E+18
  0.00000000E+00  0.00000000E+00  0.00000000E+00  0.00000000E+00  0.00000000E+00
  0.00000000E+00  0.00000000E+00  0.00000000E+00  0.00000000E+00  0.83990324E+16
  0.00000000E+00  0.25778535E+17  0.23681899E+19  0.13429671E+17  0.57322379E+16
  0.97518628E+16  0.14693752E+16  0.59308820E+16  0.11403399E+16  0.48834167E+16
  0.53159166E+16  0.64603525E+16  0.85667682E+14  0.31084417E+16  0.89882993E+15
  0.41885672E+14  0.12209854E+14  0.19391841E+13
  0.10878293E+13  0.20741283E+14  0.18960230E+15  0.27275506E+15  0.31299697E+16
  0.71798249E+15  0.65804897E+15  0.66881634E+16  0.29841297E+17  0.47189578E+17
  0.38402734E+17  0.64193178E+17  0.43668943E+17  0.19543179E+17  0.17467316E+17
  0.12531681E+20  0.46835759E+20  0.14485595E+20  0.24035526E+19  0.64506930E+18
  0.00000000E+00  0.00000000E+00  0.00000000E+00  0.00000000E+00  0.00000000E+00
  0.00000000E+00  0.00000000E+00  0.00000000E+00  0.00000000E+00  0.68091696E+16
  0.00000000E+00  0.28645654E+18  0.39471120E+19  0.19145146E+17  0.16121641E+17
  0.11836294E+17  0.13262606E+17  0.55705195E+16  0.58440462E+16  0.31781549E+16
  0.13338239E+16  0.12563130E+17  0.10607346E+17  0.76387512E+15  0.12026663E+16
  0.33819058E+15  0.55973232E+14  0.11201028E+13
  0.58860522E+13  0.32133961E+14  0.45407764E+14  0.11395027E+15  0.30437570E+16
  0.19677097E+15  0.42103044E+16  0.21787220E+17  0.41002523E+17  0.27094859E+17
  0.48488023E+17  0.24852522E+17  0.22352873E+17  0.19589526E+17  0.19228725E+17
  0.27341448E+20  0.68511936E+20  0.16913142E+20  0.28404263E+19  0.74010799E+18
  0.00000000E+00  0.00000000E+00  0.00000000E+00  0.00000000E+00  0.00000000E+00
  0.00000000E+00  0.00000000E+00  0.00000000E+00  0.00000000E+00  0.77635686E+16
  0.00000000E+00  0.10392179E+19  0.83457153E+19  0.37974966E+17  0.20781939E+17
  0.14501188E+17  0.30121445E+17  0.29128974E+16  0.10824086E+16  0.76523831E+15
  0.41168992E+16  0.97845488E+15  0.11952546E+17  0.75157802E+16  0.96146698E+14
  0.60716424E+14  0.69759186E+14  0.16212837E+14
  0.91663099E+13  0.11868380E+14  0.35094855E+14  0.81617070E+14  0.58829098E+16
  0.70659318E+16  0.10716904E+17  0.23340504E+17  0.25224088E+17  0.33381227E+17
  0.36361191E+17  0.18001305E+17  0.13485824E+17  0.28735466E+17  0.46456412E+17
  0.44086251E+20  0.12999964E+21  0.25461201E+20  0.82132610E+19  0.89019108E+18
  0.00000000E+00  0.00000000E+00  0.00000000E+00  0.00000000E+00  0.00000000E+00
  0.00000000E+00  0.00000000E+00  0.00000000E+00  0.00000000E+00  0.90000494E+16
  0.00000000E+00  0.16556958E+19  0.26854540E+20  0.62472513E+17  0.72028527E+17
  0.28020781E+17  0.35186301E+17  0.72612991E+16  0.16879638E+16  0.38108050E+15
  0.22318792E+16  0.20733376E+16  0.76362681E+15  0.58256910E+16  0.62247702E+16
  0.26525919E+15  0.23103190E+14  0.38982469E+13
  0.12636294E+14  0.28019427E+14  0.85397334E+15  0.22354333E+16  0.66891594E+16
  0.30270012E+16  0.71759063E+16  0.26442252E+17  0.33798268E+17  0.34452045E+17
  0.42078896E+17  0.19072410E+17  0.17371834E+17  0.58157426E+17  0.59376560E+17
  0.46311637E+20  0.15444447E+21  0.33480463E+20  0.10474352E+20  0.10206672E+19
  0.00000000E+00  0.00000000E+00  0.00000000E+00  0.00000000E+00  0.00000000E+00
  0.00000000E+00  0.00000000E+00  0.00000000E+00  0.00000000E+00  0.10526445E+17
  0.97836125E+18  0.18813988E+19  0.10234839E+21  0.12114548E+18  0.11135189E+18
  0.54198369E+17  0.14571416E+17  0.69967765E+16  0.13859326E+16  0.89513935E+15
  0.28977333E+16  0.22659104E+16  0.13874673E+16  0.69181399E+15  0.36445107E+16
  0.28697860E+16  0.27244828E+15  0.60657860E+13
  0.95240232E+14  0.36641186E+15  0.25893716E+14  0.21105195E+15  0.88345969E+16
  0.27764791E+16  0.25206402E+17  0.37966430E+17  0.49991904E+17  0.70169580E+17
  0.28419880E+17  0.30990334E+17  0.64380658E+17  0.90028282E+17  0.85004626E+17
  0.24510115E+20  0.22141495E+21  0.49106174E+20  0.12679212E+20  0.12512592E+19
  0.00000000E+00  0.00000000E+00  0.00000000E+00  0.00000000E+00  0.00000000E+00
  0.00000000E+00  0.00000000E+00  0.00000000E+00  0.00000000E+00  0.12120154E+17
  0.23034083E+19  0.25005773E+19  0.14854067E+21  0.29208629E+18  0.34948470E+18
  0.11965834E+18  0.15617339E+17  0.77598862E+16  0.23978690E+16  0.69572643E+15
  0.15046959E+16  0.20101186E+16  0.58127545E+16  0.12306890E+16  0.16830826E+16
  0.13481516E+16  0.12512634E+16  0.60713548E+14
  0.41350673E+14  0.27332503E+14  0.29948003E+15  0.20807272E+16  0.92802115E+16
  0.11548259E+17  0.32613995E+17  0.56280775E+17  0.35187295E+17  0.23770117E+17
  0.56635120E+17  0.31653245E+17  0.36328436E+17  0.84344826E+17  0.73094449E+18
  0.17927746E+20  0.23792283E+21  0.64411501E+20  0.19491139E+20  0.15089530E+19
  0.00000000E+00  0.00000000E+00  0.00000000E+00  0.00000000E+00  0.00000000E+00
  0.00000000E+00  0.00000000E+00  0.00000000E+00  0.00000000E+00  0.13876921E+17
  0.16931920E+19  0.15758660E+19  0.52854559E+21  0.22053158E+19  0.96457676E+18
  0.27739163E+18  0.16341491E+17  0.18117123E+17  0.41937038E+16  0.12847909E+16
  0.22473417E+16  0.17041948E+16  0.22309918E+16  0.33496173E+16  0.42651545E+16
  0.78290847E+15  0.30088459E+15  0.24932533E+15
  0.78768259E+14  0.42534570E+15  0.24066030E+16  0.40599666E+16  0.12419932E+16
  0.23577248E+17  0.51007458E+17  0.57721684E+17  0.73365633E+17  0.87127187E+17
  0.48548834E+17  0.34542615E+17  0.33086499E+17  0.16809662E+18  0.14424191E+19
  0.45408168E+19  0.31555366E+21  0.65190235E+20  0.17890543E+20  0.17116572E+19
  0.00000000E+00  0.00000000E+00  0.00000000E+00  0.00000000E+00  0.00000000E+00
  0.00000000E+00  0.00000000E+00  0.00000000E+00  0.00000000E+00  0.14439179E+17
  0.18136065E+19  0.37633464E+18  0.40625106E+21  0.30660598E+20  0.25368295E+19
  0.72172621E+18  0.56820614E+17  0.24937353E+17  0.11741628E+17  0.87626209E+16
  0.29666177E+16  0.13731621E+16  0.43261617E+16  0.41391180E+16  0.49360916E+16
  0.14461906E+16  0.26817989E+15  0.56436776E+13
  0.58534107E+15  0.12822845E+16  0.78608747E+15  0.11355620E+16  0.15334257E+16
  0.40437034E+17  0.91451128E+17  0.78297930E+17  0.16425852E+18  0.65658761E+17
  0.48348014E+17  0.53511981E+17  0.74753267E+17  0.20899333E+18  0.11596988E+19
  0.46973656E+19  0.29815769E+21  0.48264980E+20  0.18308739E+20  0.17652910E+19
  0.00000000E+00  0.00000000E+00  0.00000000E+00  0.00000000E+00  0.00000000E+00
  0.00000000E+00  0.00000000E+00  0.00000000E+00  0.00000000E+00  0.14542812E+17
  0.77487180E+18  0.76802038E+18  0.74340096E+20  0.17749778E+21  0.53233344E+19
  0.16051727E+19  0.18886171E+18  0.39175202E+17  0.25736573E+17  0.28244602E+17
  0.90708402E+16  0.24407225E+16  0.79451660E+15  0.41694929E+15  0.40381741E+15
  0.14860221E+16  0.90965712E+14  0.75258377E+14
  0.62421607E+15  0.24747131E+16  0.34764533E+16  0.83643880E+16  0.21387979E+17
  0.11774992E+18  0.77435736E+17  0.13283040E+18  0.12954075E+18  0.94110103E+17
  0.42093407E+17  0.36944220E+17  0.66975045E+17  0.96385754E+17  0.70838213E+18
  0.59486222E+19  0.35519597E+21  0.41150446E+20  0.19581834E+20  0.17077059E+19
  0.00000000E+00  0.00000000E+00  0.00000000E+00  0.00000000E+00  0.00000000E+00
  0.00000000E+00  0.00000000E+00  0.00000000E+00  0.00000000E+00  0.14342698E+17
  0.91191366E+17  0.11043021E+19  0.69716005E+19  0.21097899E+21  0.25921924E+20
  0.24946022E+19  0.62281232E+18  0.45432635E+17  0.41608233E+17  0.35162681E+17
  0.23407500E+17  0.90899023E+16  0.65754480E+15  0.43085327E+15  0.29998094E+15
  0.19839521E+16  0.14638862E+15  0.12780310E+14
  0.33934049E+15  0.41048140E+16  0.66071677E+16  0.22277222E+17  0.94586958E+17
  0.22743898E+18  0.35545051E+18  0.30599907E+18  0.54214166E+18  0.10180855E+18
  0.26057914E+17  0.56602265E+17  0.10351757E+18  0.34038505E+18  0.11332745E+19
  0.12986634E+20  0.23376958E+21  0.45508272E+20  0.16367336E+20  0.17148200E+19
  0.00000000E+00  0.00000000E+00  0.00000000E+00  0.00000000E+00  0.00000000E+00
  0.00000000E+00  0.00000000E+00  0.00000000E+00  0.00000000E+00  0.14799162E+17
  0.88498581E+17  0.11495013E+19  0.26436397E+19  0.72939849E+20  0.11042296E+21
  0.89069661E+19  0.13247139E+19  0.39839946E+17  0.14143151E+17  0.81565736E+17
  0.18571879E+17  0.16363406E+17  0.62105038E+16  0.46043981E+15  0.44905870E+15
  0.27365366E+16  0.22298895E+15  0.57063992E+14
  0.37282083E+16  0.21454689E+17  0.10557225E+18  0.19907858E+18  0.31474386E+18
  0.61117972E+18  0.52228937E+18  0.45619540E+18  0.21917630E+18  0.52376944E+17
  0.95365122E+17  0.14012955E+18  0.29753626E+18  0.35852111E+18  0.13133051E+19
  0.30263602E+20  0.23863853E+21  0.39027005E+20  0.12505862E+20  0.17750233E+19
  0.00000000E+00  0.00000000E+00  0.00000000E+00  0.00000000E+00  0.00000000E+00
  0.00000000E+00  0.00000000E+00  0.00000000E+00  0.00000000E+00  0.15323083E+17
  0.90641524E+17  0.12724769E+19  0.16829280E+19  0.25070219E+20  0.18534850E+21
  0.36916729E+20  0.22780530E+19  0.62246226E+17  0.14794502E+17  0.12940924E+17
  0.59811650E+17  0.25410439E+17  0.24757867E+17  0.53968091E+16  0.29959002E+15
  0.23247238E+16  0.10489578E+16  0.10025484E+15
  0.97972019E+17  0.22235334E+18  0.34360557E+18  0.65666008E+18  0.10861054E+19
  0.10451807E+19  0.76062905E+18  0.26368358E+18  0.96472303E+17  0.82750490E+17
  0.16908771E+18  0.22206773E+18  0.40338275E+18  0.10357247E+19  0.33831035E+19
  0.52441644E+20  0.32981881E+21  0.39965917E+20  0.77719514E+19  0.17401038E+19
  0.00000000E+00  0.00000000E+00  0.00000000E+00  0.00000000E+00  0.00000000E+00
  0.00000000E+00  0.00000000E+00  0.00000000E+00  0.00000000E+00  0.15319306E+17
  0.88303130E+17  0.12912542E+19  0.17419159E+19  0.16854797E+20  0.12061127E+21
  0.65000079E+20  0.52212371E+19  0.33619472E+18  0.18079435E+17  0.52133108E+16
  0.29528582E+17  0.49955682E+17  0.50191351E+16  0.22808562E+17  0.70639228E+16
  0.18034990E+15  0.32707387E+16  0.12694056E+15
  0.52960958E+18  0.71276335E+18  0.79686454E+18  0.89989657E+18  0.72639967E+18
  0.52559394E+18  0.38481318E+18  0.36232838E+18  0.25058068E+18  0.31445238E+18
  0.49761638E+18  0.66224161E+18  0.11305340E+19  0.15433058E+19  0.58770979E+19
  0.10564347E+21  0.21368531E+21  0.35848841E+20  0.29749568E+19  0.14457547E+19
  0.00000000E+00  0.00000000E+00  0.00000000E+00  0.00000000E+00  0.00000000E+00
  0.00000000E+00  0.00000000E+00  0.00000000E+00  0.00000000E+00  0.15471665E+17
  0.87468522E+17  0.13222851E+19  0.69415444E+18  0.26545672E+19  0.52594071E+20
  0.70782186E+20  0.63026168E+19  0.81108974E+18  0.11205837E+18  0.78121124E+16
  0.29935205E+17  0.76084811E+17  0.32553588E+17  0.38235383E+17  0.33275949E+17
  0.26332474E+17  0.11778322E+17  0.94763731E+15
  0.35444124E+18  0.35265281E+18  0.77992535E+18  0.93919046E+18  0.80108486E+18
  0.10982766E+19  0.15351976E+19  0.13139046E+19  0.74607711E+18  0.90828842E+18
  0.17670575E+19  0.59773868E+20  0.18284757E+19  0.21811554E+19  0.12702405E+20
  0.27459042E+21  0.87653286E+20  0.37261038E+20  0.86607461E+18  0.13252750E+19
  0.00000000E+00  0.00000000E+00  0.00000000E+00  0.00000000E+00  0.00000000E+00
  0.00000000E+00  0.00000000E+00  0.00000000E+00  0.00000000E+00  0.16057076E+17
  0.90326285E+17  0.13659375E+19  0.48075380E+18  0.19893672E+19  0.15048422E+20
  0.92212080E+20  0.10000927E+20  0.12652927E+19  0.41563678E+18  0.58417504E+17
  0.48977977E+17  0.68575320E+17  0.19999520E+18  0.14661951E+18  0.20880148E+17
  0.75026755E+16  0.66617385E+16  0.27217558E+16
  0.86362611E+18  0.14460177E+19  0.23936344E+19  0.33564548E+19  0.45496221E+19
  0.40087364E+19  0.18706756E+19  0.16695742E+19  0.22601242E+19  0.20635226E+19
  0.16087784E+19  0.11072221E+19  0.23596208E+19  0.12074009E+20  0.93724079E+20
  0.18364210E+21  0.74388628E+20  0.39881061E+20  0.67009458E+18  0.12952089E+19
  0.00000000E+00  0.00000000E+00  0.00000000E+00  0.00000000E+00  0.00000000E+00
  0.00000000E+00  0.00000000E+00  0.00000000E+00  0.00000000E+00  0.11948843E+17
  0.91211518E+17  0.13639159E+19  0.15888129E+18  0.15984491E+19  0.14100367E+20
  0.73605094E+20  0.20795502E+20  0.26509377E+19  0.79884533E+18  0.10851576E+18
  0.10057640E+18  0.12981305E+18  0.15093100E+18  0.14258054E+18  0.39044458E+18
  0.80392352E+17  0.80887681E+16  0.22858979E+16
  0.49163151E+19  0.54101947E+19  0.49915130E+19  0.59519099E+19  0.61645146E+19
  0.33423093E+19  0.30170407E+19  0.25230436E+19  0.91466319E+18  0.89370304E+18
  0.13353794E+19  0.39098443E+19  0.14182604E+20  0.63593337E+20  0.78549823E+20
  0.69622066E+20  0.43546665E+20  0.45302178E+20  0.29704856E+19  0.13120520E+19
  0.00000000E+00  0.00000000E+00  0.00000000E+00  0.00000000E+00  0.00000000E+00
  0.00000000E+00  0.00000000E+00  0.00000000E+00  0.00000000E+00  0.12327219E+17
  0.90600931E+17  0.13527292E+19  0.12065272E+18  0.28986302E+19  0.18007281E+20
  0.23359813E+20  0.17110033E+20  0.30953065E+19  0.10791444E+19  0.42096578E+18
  0.24031479E+18  0.21258481E+18  0.18119914E+18  0.21826454E+18  0.25546469E+18
  0.30100599E+18  0.74546114E+17  0.20988658E+17
  0.35458164E+19  0.38346441E+19  0.29084781E+19  0.29445826E+19  0.22614282E+19
  0.16851531E+19  0.13501390E+19  0.99049221E+18  0.10666856E+19  0.14390872E+19
  0.48240470E+19  0.15488978E+20  0.35022179E+20  0.55504166E+20  0.30345116E+20
  0.38365179E+20  0.25742713E+20  0.48218141E+20  0.52166241E+19  0.12616942E+19
  0.00000000E+00  0.00000000E+00  0.00000000E+00  0.00000000E+00  0.00000000E+00
  0.00000000E+00  0.00000000E+00  0.00000000E+00  0.00000000E+00  0.12702504E+17
  0.70450246E+17  0.74213123E+18  0.91588276E+18  0.79093668E+18  0.81454208E+19
  0.15624206E+20  0.17619762E+20  0.57307666E+19  0.14763145E+19  0.57892853E+18
  0.26966072E+18  0.32279601E+18  0.23282846E+18  0.23854289E+18  0.28786297E+18
  0.26359532E+18  0.10473974E+18  0.40901738E+17
  0.63111145E+18  0.10013158E+19  0.10551707E+19  0.12596239E+19  0.14543632E+19
  0.11834018E+19  0.16033901E+19  0.17771678E+19  0.26372414E+19  0.37671492E+19
  0.94495898E+19  0.19992092E+20  0.27413531E+20  0.42465567E+20  0.28125753E+20
  0.48121675E+20  0.48190967E+20  0.39701413E+20  0.13121199E+20  0.12579596E+19
  0.00000000E+00  0.00000000E+00  0.00000000E+00  0.00000000E+00  0.00000000E+00
  0.00000000E+00  0.00000000E+00  0.00000000E+00  0.00000000E+00  0.13052981E+17
  0.11127057E+17  0.27582556E+18  0.15025429E+19  0.49969742E+17  0.19535254E+19
  0.12918196E+20  0.20373743E+20  0.95453986E+19  0.41156257E+19  0.74358793E+18
  0.49490087E+18  0.56473007E+18  0.58133546E+18  0.37444002E+18  0.67144817E+18
  0.30294614E+18  0.47440588E+18  0.22312956E+18
  0.43651792E+18  0.49031353E+18  0.42116048E+18  0.84094886E+18  0.13800644E+19
  0.15771995E+19  0.26739022E+19  0.37725910E+19  0.58503989E+19  0.87665042E+19
  0.30359783E+20  0.21997179E+20  0.30506526E+20  0.39462860E+20  0.29634946E+20
  0.33553340E+20  0.63012872E+20  0.32118935E+20  0.90288332E+19  0.12466150E+19
  0.00000000E+00  0.00000000E+00  0.00000000E+00  0.00000000E+00  0.00000000E+00
  0.00000000E+00  0.00000000E+00  0.00000000E+00  0.00000000E+00  0.88103111E+16
  0.00000000E+00  0.12086847E+18  0.16711541E+19  0.15864252E+17  0.16132100E+18
  0.22817639E+19  0.12606806E+20  0.11934182E+20  0.92590053E+19  0.21654173E+19
  0.55450075E+18  0.38925583E+18  0.42740032E+18  0.58143923E+18  0.49097846E+18
  0.64383465E+18  0.66700759E+18  0.34289486E+18
  0.39686869E+18  0.74207055E+18  0.14067893E+19  0.18174296E+19  0.34895978E+19
  0.28339255E+19  0.46576246E+19  0.99464948E+19  0.14669044E+20  0.15508811E+20
  0.12528437E+20  0.18079065E+20  0.65616748E+20  0.46521289E+20  0.22683306E+20
  0.35806595E+20  0.75814514E+20  0.43724178E+20  0.80410797E+19  0.12190551E+19
  0.00000000E+00  0.00000000E+00  0.00000000E+00  0.00000000E+00  0.00000000E+00
  0.00000000E+00  0.00000000E+00  0.00000000E+00  0.00000000E+00  0.88197023E+16
  0.00000000E+00  0.10333787E+18  0.10469809E+19  0.72767560E+18  0.40224555E+17
  0.34978735E+18  0.23679712E+19  0.10631156E+20  0.82935574E+19  0.30195356E+19
  0.11195233E+19  0.33291276E+18  0.97416091E+17  0.11036833E+18  0.34198236E+18
  0.39199322E+18  0.15863530E+18  0.23499435E+18
  0.63943257E+18  0.12436741E+19  0.21844236E+19  0.57193687E+19  0.82159827E+19
  0.10606181E+20  0.11009513E+20  0.14312746E+20  0.28407747E+20  0.23893097E+20
  0.31159673E+20  0.43038514E+20  0.15439119E+20  0.56766590E+19  0.38430374E+20
  0.30434340E+20  0.10186305E+21  0.37648508E+20  0.75459803E+19  0.12141653E+19
  0.00000000E+00  0.00000000E+00  0.00000000E+00  0.00000000E+00  0.00000000E+00
  0.00000000E+00  0.00000000E+00  0.00000000E+00  0.00000000E+00  0.87677955E+16
  0.00000000E+00  0.10352806E+18  0.17125243E+18  0.17239165E+19  0.00000000E+00
  0.54827461E+17  0.43054711E+18  0.20964889E+19  0.61598664E+19  0.36178663E+19
  0.82144720E+18  0.11832309E+19  0.45832497E+18  0.15881647E+18  0.85034800E+17
  0.63115927E+17  0.44634945E+17  0.25594025E+17
  0.37486690E+19  0.58887657E+19  0.10052798E+20  0.11749344E+20  0.17249194E+20
  0.16496693E+20  0.17993589E+20  0.25729082E+20  0.89977224E+19  0.12275784E+20
  0.15062093E+20  0.11547253E+20  0.14178352E+20  0.13277487E+20  0.12472957E+20
  0.29376677E+20  0.79988571E+20  0.23383907E+20  0.68220563E+19  0.11533098E+19
  0.00000000E+00  0.00000000E+00  0.00000000E+00  0.00000000E+00  0.00000000E+00
  0.00000000E+00  0.00000000E+00  0.00000000E+00  0.00000000E+00  0.86761990E+16
  0.00000000E+00  0.88595078E+17  0.16986037E+18  0.12260884E+19  0.50474269E+18
  0.18451900E+17  0.51412359E+17  0.31983772E+18  0.14565793E+19  0.37904449E+19
  0.69509372E+19  0.11523793E+19  0.52916843E+18  0.60901798E+18  0.35016141E+18
  0.24122097E+18  0.72026331E+17  0.32008378E+17
  0.21378180E+19  0.32073255E+19  0.52150206E+19  0.82899375E+19  0.61881066E+19
  0.66018954E+19  0.71818712E+19  0.89660048E+19  0.12791269E+20  0.98350553E+19
  0.76592791E+19  0.99645598E+19  0.92393256E+19  0.14046369E+20  0.23022668E+20
  0.38262429E+20  0.64948478E+20  0.20230498E+19  0.62889703E+19  0.11153222E+19
  0.00000000E+00  0.00000000E+00  0.00000000E+00  0.00000000E+00  0.00000000E+00
  0.00000000E+00  0.00000000E+00  0.00000000E+00  0.00000000E+00  0.85125492E+16
  0.00000000E+00  0.90410011E+17  0.13567154E+18  0.33445921E+18  0.17761147E+19
  0.31502522E+16  0.24648489E+17  0.46246150E+17  0.51580594E+18  0.93633050E+18
  0.13227005E+19  0.24347106E+19  0.57599301E+18  0.14507547E+19  0.25177035E+18
  0.95540202E+17  0.55750474E+17  0.63766877E+17
  0.16575630E+19  0.19512461E+19  0.29001355E+19  0.32683110E+19  0.38005144E+19
  0.81164661E+19  0.78292267E+19  0.65951273E+19  0.97952708E+19  0.12336776E+20
  0.11238244E+20  0.96604243E+19  0.14533093E+20  0.16860926E+20  0.15077942E+20
  0.40349691E+20  0.26961878E+20  0.16154835E+19  0.55877840E+19  0.10372422E+19
  0.00000000E+00  0.00000000E+00  0.00000000E+00  0.00000000E+00  0.00000000E+00
  0.00000000E+00  0.00000000E+00  0.00000000E+00  0.00000000E+00  0.41857014E+16
  0.34737923E+16  0.18521168E+17  0.83627216E+17  0.64859092E+18  0.10398095E+19
  0.88095344E+18  0.42646156E+17  0.56581246E+17  0.34528233E+17  0.63889245E+17
  0.23957259E+18  0.49392465E+17  0.43407590E+17  0.20536886E+17  0.27425257E+16
  0.55620059E+16  0.23547751E+17  0.35444137E+17
  0.26379416E+19  0.29782656E+19  0.31356897E+19  0.28750659E+19  0.44510338E+19
  0.54326971E+19  0.13225092E+20  0.59387499E+19  0.50223900E+19  0.47861209E+19
  0.99154689E+19  0.15338772E+20  0.15767372E+20  0.11424358E+20  0.11712758E+20
  0.24072627E+20  0.28551143E+19  0.82462273E+18  0.49119320E+19  0.94800106E+18
  0.00000000E+00  0.00000000E+00  0.00000000E+00  0.00000000E+00  0.00000000E+00
  0.00000000E+00  0.00000000E+00  0.00000000E+00  0.00000000E+00  0.39199005E+16
  0.34648676E+16  0.00000000E+00  0.93432974E+17  0.35079784E+18  0.10243744E+18
  0.17719551E+19  0.18970422E+16  0.43625936E+17  0.81782246E+17  0.48812489E+17
  0.40655375E+17  0.56821253E+17  0.96822257E+17  0.11076533E+18  0.27992127E+17
  0.60178803E+16  0.44396521E+18  0.93026066E+15
  0.14941936E+20  0.12536280E+19  0.16929373E+19  0.24858733E+19  0.23351765E+19
  0.23900898E+19  0.32878465E+19  0.42107283E+19  0.47102618E+19  0.62066960E+19
  0.39136724E+19  0.27677574E+19  0.55241385E+19  0.85131898E+19  0.50536812E+19
  0.57537882E+19  0.14960414E+19  0.96053657E+18  0.44292594E+19  0.83688930E+18
  0.00000000E+00  0.00000000E+00  0.00000000E+00  0.00000000E+00  0.00000000E+00
  0.00000000E+00  0.00000000E+00  0.00000000E+00  0.00000000E+00  0.35641281E+16
  0.32013285E+16  0.00000000E+00  0.52830094E+17  0.32996913E+17  0.15053337E+18
  0.56012389E+18  0.90157283E+18  0.10656916E+17  0.19870925E+17  0.26507693E+17
  0.28092854E+17  0.68630500E+17  0.22673535E+16  0.26419523E+16  0.53714188E+16
  0.12373358E+19  0.48188848E+18  0.18128203E+16
  0.10029464E+19  0.11017881E+19  0.13135749E+19  0.12996681E+19  0.12134477E+19
  0.10535617E+19  0.84255178E+18  0.99005955E+18  0.14903750E+19  0.38382123E+19
  0.36437391E+19  0.44862081E+19  0.30995994E+19  0.16983568E+19  0.16631172E+19
  0.15661990E+18  0.58593000E+18  0.26365895E+18  0.32692067E+19  0.21150946E+19
  0.00000000E+00  0.00000000E+00  0.00000000E+00  0.00000000E+00  0.00000000E+00
  0.00000000E+00  0.00000000E+00  0.00000000E+00  0.00000000E+00  0.31548532E+16
  0.28898683E+16  0.00000000E+00  0.00000000E+00  0.62675700E+17  0.16259084E+17
  0.11038694E+18  0.87529923E+18  0.36054007E+18  0.80898734E+16  0.10268784E+17
  0.11185625E+17  0.88104686E+16  0.43859847E+16  0.39330544E+18  0.22098039E+19
  0.72827282E+18  0.71498395E+15  0.00000000E+00
  0.71631735E+18  0.61915261E+18  0.37312010E+18  0.53465153E+18  0.60102565E+18
  0.91154145E+18  0.11466348E+19  0.13107560E+19  0.12750897E+19  0.14467440E+19
  0.12117478E+19  0.95242543E+18  0.74853951E+18  0.31736801E+18  0.46020807E+18
  0.11171371E+19  0.13191600E+19  0.12377941E+19  0.84564983E+18  0.51294529E+18
  0.00000000E+00  0.00000000E+00  0.00000000E+00  0.00000000E+00  0.00000000E+00
  0.00000000E+00  0.00000000E+00  0.00000000E+00  0.00000000E+00  0.25641911E+16
  0.23862231E+16  0.00000000E+00  0.00000000E+00  0.00000000E+00  0.45921451E+17
  0.28485570E+17  0.10217190E+18  0.30612912E+19  0.50497202E+16  0.15257574E+16
  0.46748341E+16  0.74103860E+18  0.18277099E+19  0.13799723E+19  0.11940887E+16
  0.12392909E+16  0.28625218E+16  0.15034999E+16
  0.18935147E+18  0.58598756E+20  0.56235887E+18  0.57503134E+18  0.66376206E+18
  0.65125983E+18  0.35592162E+18  0.31843703E+18  0.23822464E+18  0.29327293E+17
  0.27422484E+17  0.71319113E+17  0.89149608E+17  0.10895032E+18  0.63562726E+17
  0.60107013E+17  0.19368624E+17  0.78440159E+18  0.50177382E+18  0.28800601E+18
  0.00000000E+00  0.00000000E+00  0.00000000E+00  0.00000000E+00  0.00000000E+00
  0.00000000E+00  0.00000000E+00  0.00000000E+00  0.00000000E+00  0.18297837E+16
  0.17461010E+16  0.00000000E+00  0.00000000E+00  0.00000000E+00  0.00000000E+00
  0.22191325E+17  0.38204929E+17  0.86864386E+18  0.81541151E+18  0.66013070E+18
  0.11755162E+19  0.72773999E+18  0.40242920E+16  0.37639620E+16  0.14066825E+16
  0.44723465E+15  0.00000000E+00  0.73703675E+15
  0.20199332E+17  0.11166781E+17  0.66182826E+16  0.11982314E+17  0.17648791E+17
  0.21197423E+17  0.19072221E+18  0.25902824E+18  0.30214909E+18  0.19407173E+18
  0.27665050E+17  0.78716231E+16  0.54784995E+16  0.25572990E+16  0.13454703E+16
  0.20856501E+16  0.19858217E+16  0.39803623E+18  0.30076263E+18  0.12363839E+17
  0.00000000E+00  0.00000000E+00  0.00000000E+00  0.00000000E+00  0.00000000E+00
  0.00000000E+00  0.00000000E+00  0.00000000E+00  0.00000000E+00  0.99762507E+15
  0.10198494E+16  0.00000000E+00  0.00000000E+00  0.00000000E+00  0.00000000E+00
  0.66301445E+16  0.37170800E+16  0.11292433E+17  0.28121908E+17  0.25512840E+17
  0.96126417E+16  0.12733339E+18  0.15204861E+16  0.24581444E+16  0.14850973E+16
  0.13598897E+16  0.93484816E+15  0.59675527E+15
 -0.15797014E-09  0.73263662E-09 -0.88036417E-08  0.14626550E-07 -0.20995056E-04
 -0.11036366E-07 -0.14547073E-07  0.11057060E-03  0.43701820E-04 -0.29203063E-02
 -0.78148053E-02  0.79512046E-02 -0.18854379E-02  0.39123477E-02 -0.20720289E-03
 -0.95552319E-04  0.12992058E-02  0.15953405E-02  0.10908626E-03  0.40199708E-04
  0.00000000E+00  0.00000000E+00  0.00000000E+00  0.00000000E+00  0.00000000E+00
  0.00000000E+00  0.00000000E+00  0.00000000E+00  0.00000000E+00 -0.21107623E-06
  0.00000000E+00 -0.22694245E-05  0.71963680E-04 -0.66013582E-02  0.11215969E-01
 -0.70009476E-02 -0.20632620E-03  0.92928740E-03 -0.74643839E-03  0.19934898E-02
  0.33303028E-03 -0.12886786E-08 -0.26206083E-07 -0.28806760E-08  0.97769428E-03
  0.48975086E-11  0.30214314E-11  0.39356951E-13
  0.24865426E-10  0.00000000E+00  0.20048364E-08 -0.34084477E-07 -0.52352381E-08
  0.32313852E-06  0.23068907E-07  0.15179018E-06 -0.17211907E-04  0.20802826E-03
 -0.20640285E-02 -0.21585964E-02 -0.54041532E-03 -0.15502462E-02 -0.17828513E-02
  0.39510364E-03  0.14106656E-02  0.64558757E-03  0.14444662E-03  0.46044898E-04
  0.00000000E+00  0.00000000E+00  0.00000000E+00  0.00000000E+00  0.00000000E+00
  0.00000000E+00  0.00000000E+00  0.00000000E+00  0.00000000E+00 -0.23864203E-06
  0.00000000E+00 -0.25785341E-05  0.70543436E-04 -0.76340130E-03  0.17108190E-03
  0.12290889E-03 -0.95628561E-03  0.44128947E-02  0.17590677E-02 -0.26631913E-03
 -0.33396490E-02  0.17972496E-02  0.94806200E-05 -0.22570800E-02  0.18939799E-05
  0.18374344E-10  0.80066069E-11  0.47573113E-12
  0.33333578E-10  0.66158592E-09  0.99292418E-09  0.88364682E-08 -0.34360831E-07
 -0.20336657E-03 -0.82762798E-09  0.10745436E-04  0.12592881E-02  0.23061729E-03
 -0.91878205E-02 -0.89635425E-03  0.10778038E-01 -0.65037274E-02 -0.11480914E-01
  0.34494332E-02 -0.52483701E-03  0.38581363E-03  0.17204557E-03  0.52486303E-04
  0.00000000E+00  0.00000000E+00  0.00000000E+00  0.00000000E+00  0.00000000E+00
  0.00000000E+00  0.00000000E+00  0.00000000E+00  0.00000000E+00 -0.34945666E-06
  0.00000000E+00  0.27107217E-04  0.67633926E-04  0.59829950E-02  0.58798993E-03
  0.16371155E-02 -0.40132768E-02  0.39789890E-02  0.47392838E-03  0.68010292E-03
 -0.89178988E-04  0.12567911E-02  0.20029697E-02 -0.12900709E-04  0.15186444E-02
  0.19134833E-09 -0.34896027E-09  0.14557191E-11
 -0.11101986E-09 -0.17954633E-09  0.57392808E-09  0.81597171E-09 -0.62030700E-07
 -0.50399498E-09 -0.18646689E-03 -0.24545625E-02  0.67480617E-03  0.27936709E-03
  0.16931483E-02 -0.69948771E-02  0.56735401E-02  0.42515626E-03  0.29787960E-02
  0.24232559E-02  0.10517504E-01  0.99917199E-03  0.20077478E-03  0.60195984E-04
  0.00000000E+00  0.00000000E+00  0.00000000E+00  0.00000000E+00  0.00000000E+00
  0.00000000E+00  0.00000000E+00  0.00000000E+00  0.00000000E+00 -0.39894607E-06
  0.00000000E+00  0.21994155E-04  0.50412366E-03 -0.10987982E-01 -0.62930101E-02
  0.22975209E-03  0.42920789E-02  0.11768210E-02  0.31504480E-02 -0.87245790E-04
 -0.34472873E-04 -0.29168802E-04 -0.55378622E-03 -0.79659540E-03  0.44419880E-10
 -0.48436392E-10  0.73011856E-09  0.86655160E-11
 -0.23361661E-09  0.00000000E+00 -0.98822857E-11 -0.27716984E-09  0.17201852E-07
  0.29324364E-06  0.39492391E-06  0.19846994E-06 -0.67795011E-03 -0.79646760E-02
 -0.71683909E-03 -0.22757949E-03 -0.62051740E-02  0.33092926E-03  0.65879286E-02
  0.23192063E-02  0.90011414E-02  0.27423402E-02  0.84491128E-02  0.72365552E-04
  0.00000000E+00  0.00000000E+00  0.00000000E+00  0.00000000E+00  0.00000000E+00
  0.00000000E+00  0.00000000E+00  0.00000000E+00  0.00000000E+00 -0.46225543E-06
  0.00000000E+00  0.30508096E-04  0.10416038E-02  0.43086668E-03 -0.82183989E-02
  0.33912955E-02 -0.28900557E-02  0.36915628E-02  0.36254047E-03 -0.42452359E-04
 -0.14324886E-03  0.89900535E-05  0.29590154E-03 -0.42447629E-03  0.11328518E-02
  0.70240741E-08 -0.28750485E-10  0.23344251E-11
 -0.49272822E-09  0.57662801E-09  0.34327767E-07  0.93311043E-07 -0.27282322E-07
 -0.12586141E-07 -0.40363870E-05 -0.20223180E-07 -0.14448959E-03 -0.21356419E-02
  0.17537750E-02  0.10640211E-01  0.53230062E-02  0.10557905E-02 -0.10239171E-03
  0.32142062E-02  0.69633721E-02  0.57588445E-02  0.43181163E-03  0.21582688E-03
  0.00000000E+00  0.00000000E+00  0.00000000E+00  0.00000000E+00  0.00000000E+00
  0.00000000E+00  0.00000000E+00  0.00000000E+00  0.00000000E+00 -0.53817785E-06
 -0.89149704E-03 -0.25176742E-04  0.31094363E-02 -0.10090393E-01  0.36815310E-01
 -0.77607624E-02  0.22560650E-02  0.11354899E-02  0.14314885E-03 -0.18483314E-03
 -0.13947449E-04  0.32185573E-03  0.21836833E-04  0.11151130E-07 -0.24954589E-05
  0.72588115E-07  0.86981532E-08  0.39410082E-12
  0.19210458E-08  0.14668688E-07 -0.60991450E-09 -0.46881499E-08 -0.22122025E-06
  0.60163346E-05 -0.68667639E-05 -0.53123327E-04  0.57989570E-03 -0.52389367E-02
 -0.14340404E-02 -0.34217319E-02 -0.13527008E-02 -0.73170669E-02 -0.56258002E-02
  0.11527554E-01  0.63013682E-02  0.71199359E-02  0.15505232E-02  0.99032703E-04
  0.00000000E+00  0.00000000E+00  0.00000000E+00  0.00000000E+00  0.00000000E+00
  0.00000000E+00  0.00000000E+00  0.00000000E+00  0.00000000E+00 -0.61314175E-06
 -0.18445123E-02  0.21165558E-03  0.83890008E-02 -0.14582325E-01 -0.36851230E-02
 -0.18047392E-02 -0.55397462E-04  0.17301331E-02 -0.61117282E-04  0.18880766E-03
 -0.56768622E-04  0.18583002E-03 -0.18609119E-03  0.24798590E-03  0.66184639E-08
  0.29265387E-07 -0.23123226E-03  0.19220934E-08
 -0.97612709E-05 -0.53072242E-09 -0.93703573E-08 -0.35544268E-07  0.35118195E-02
 -0.10182524E-06 -0.24447831E-02 -0.78958592E-03 -0.15578240E-02 -0.11338383E-02
  0.22269238E-02  0.59078058E-03  0.94629901E-03 -0.22042153E-03 -0.21565563E-01
 -0.28320703E-01  0.16660044E-01  0.42593491E-02  0.16556357E-01  0.12909520E-04
  0.00000000E+00  0.00000000E+00  0.00000000E+00  0.00000000E+00  0.00000000E+00
  0.00000000E+00  0.00000000E+00  0.00000000E+00  0.00000000E+00 -0.68610864E-06
  0.11152198E-03  0.47804959E-04  0.48355823E-01 -0.10517752E-01  0.11245227E-01
 -0.10652093E-02  0.80761750E-03 -0.23598086E-02 -0.52809475E-04  0.63290259E-05
 -0.31895862E-03 -0.10925517E-06  0.41019996E-05  0.31928899E-04  0.81862811E-04
  0.17397157E-07  0.69101591E-08  0.59243691E-08
 -0.35399809E-08 -0.10050412E-02  0.12991837E-07 -0.16433598E-04 -0.77767196E-07
 -0.21682427E-02 -0.80800722E-03  0.21782992E-02 -0.23100132E-02  0.33462810E-02
  0.42065819E-03 -0.30443613E-02  0.13275318E-02  0.79119733E-02  0.36672553E-01
  0.27456446E-01  0.17506446E-01  0.28129470E-02 -0.36318058E-04  0.13881104E-03
  0.00000000E+00  0.00000000E+00  0.00000000E+00  0.00000000E+00  0.00000000E+00
  0.00000000E+00  0.00000000E+00  0.00000000E+00  0.00000000E+00 -0.68244357E-06
  0.26951890E-04 -0.85430445E-04  0.19432232E-01  0.86402079E-01  0.12153827E-01
  0.83767017E-02  0.17339402E-02  0.86481906E-03 -0.16870586E-02 -0.44846061E-02
 -0.47504618E-04  0.35935054E-03 -0.11156448E-03 -0.31123483E-03  0.14648368E-03
  0.78440029E-03  0.55093910E-08  0.88111051E-10
 -0.17940593E-07 -0.11399391E-07  0.34639306E-10  0.19086694E-05 -0.89256566E-05
  0.83530307E-04 -0.26701897E-02  0.11611466E-02  0.21495257E-02 -0.31530308E-02
  0.63489543E-02 -0.25198612E-02 -0.36373085E-02 -0.60020615E-01 -0.59256243E-01
 -0.47427191E-02  0.17093739E-01  0.30266855E-02  0.70292584E-02  0.14296245E-03
  0.00000000E+00  0.00000000E+00  0.00000000E+00  0.00000000E+00  0.00000000E+00
  0.00000000E+00  0.00000000E+00  0.00000000E+00  0.00000000E+00 -0.67795857E-06
  0.39132527E-04 -0.10039441E-04  0.49964292E-02  0.19945183E-01  0.15825474E-01
  0.10387706E-01  0.35914748E-02  0.60917291E-02 -0.64715114E-02 -0.21943585E-02
 -0.39029701E-03 -0.29099422E-04  0.16487718E-03 -0.36877279E-09  0.57401080E-08
 -0.33306819E-08  0.41102051E-10  0.14058253E-08
 -0.18172063E-07 -0.12925927E-06 -0.14864091E-06 -0.22628734E-06 -0.20732885E-04
 -0.22840136E-03  0.15358370E-02  0.35154026E-02  0.17552078E-02 -0.19382366E-03
  0.47309914E-02 -0.12838306E-01 -0.21516614E-02  0.30695326E-02  0.18785589E-02
 -0.29178574E-02  0.17110153E-01  0.39422512E-02  0.71167901E-03  0.13809095E-03
  0.00000000E+00  0.00000000E+00  0.00000000E+00  0.00000000E+00  0.00000000E+00
  0.00000000E+00  0.00000000E+00  0.00000000E+00  0.00000000E+00 -0.66638453E-06
 -0.21150784E-05  0.39986445E-05  0.28527369E-03  0.89673421E-02 -0.99719752E-03
  0.36992735E-03 -0.26717456E-01  0.69379532E-03 -0.15333124E-02  0.28722683E-02
 -0.57327800E-03 -0.17354611E-02  0.47359690E-05  0.11761170E-08  0.00000000E+00
 -0.40299033E-08  0.13755566E-08  0.00000000E+00
  0.20169184E-08  0.87887165E-06 -0.76819791E-07 -0.16729114E-06 -0.33065947E-05
  0.58719905E-02  0.83536046E-02  0.25786335E-02  0.16221727E-01  0.26522102E-02
  0.50678673E-02  0.10234272E-02  0.13795007E-02  0.45999788E-02  0.13137885E-02
  0.23790064E-01  0.16307402E-01  0.30252313E-02  0.83981883E-02  0.13847074E-03
  0.00000000E+00  0.00000000E+00  0.00000000E+00  0.00000000E+00  0.00000000E+00
  0.00000000E+00  0.00000000E+00  0.00000000E+00  0.00000000E+00 -0.68834245E-06
 -0.17789996E-05 -0.45185831E-05  0.13040773E-04  0.23817564E-02  0.64275252E-03
 -0.83724633E-02  0.13516903E-01  0.43541847E-03 -0.88778730E-03  0.72375670E-02
  0.25874821E-02  0.64135450E-03 -0.18651116E-03  0.91740278E-06  0.13178233E-08
 -0.13489431E-07  0.77350880E-05  0.58543441E-09
 -0.47917958E-07 -0.22147910E-03 -0.19417997E-04  0.13171940E-01 -0.90834379E-03
 -0.35453633E-02 -0.41433711E-02 -0.10794018E-02  0.17377306E-02 -0.64985707E-02
  0.45670773E-02  0.99682596E-02  0.95268604E-03 -0.21321690E-02  0.16602539E-03
  0.21658336E-01  0.12075769E-01  0.72016959E-03  0.34816642E-03  0.14313666E-03
  0.00000000E+00  0.00000000E+00  0.00000000E+00  0.00000000E+00  0.00000000E+00
  0.00000000E+00  0.00000000E+00  0.00000000E+00  0.00000000E+00 -0.71160722E-06
 -0.15494429E-05 -0.10609049E-04 -0.81817352E-03  0.10788812E-02  0.21247569E-02
 -0.20450175E-01  0.60088775E-02 -0.17574719E-02  0.13181383E-02  0.84296994E-03
 -0.59459536E-02  0.15476350E-02  0.36991263E-03  0.18781206E-05 -0.24559199E-05
 -0.11695641E-07 -0.45471617E-08  0.60553379E-09
 -0.74883946E-06 -0.10545246E-02  0.29878183E-03  0.16897227E-01  0.90427969E-02
  0.23574182E-02 -0.14739243E-01  0.16279558E-01  0.39936498E-02  0.42486693E-03
 -0.53522652E-02  0.72532888E-02 -0.68023720E-03  0.22745070E-01 -0.16434048E-01
  0.15145916E-01  0.26142848E-01  0.21355380E-02  0.56099558E-03  0.14010855E-03
  0.00000000E+00  0.00000000E+00  0.00000000E+00  0.00000000E+00  0.00000000E+00
  0.00000000E+00  0.00000000E+00  0.00000000E+00  0.00000000E+00 -0.70669254E-06
 -0.12466062E-05 -0.17289447E-04  0.37767688E-04  0.45335182E-03  0.11849615E-01
  0.21106201E-01  0.74779272E-02 -0.27504161E-03 -0.83082010E-03 -0.10743447E-02
  0.39430609E-02  0.24236093E-02 -0.18667841E-04 -0.86105274E-03  0.16199808E-04
 -0.95138389E-05 -0.19097153E-07  0.13064924E-04
  0.72650823E-03  0.41127247E-02  0.71166251E-03  0.92750659E-02 -0.31357651E-02
  0.51355094E-02 -0.43439473E-02  0.63595799E-02 -0.18404097E-03  0.13674630E-02
  0.39528247E-02  0.18860440E-01  0.44291829E-01  0.12746707E-01 -0.19396440E-01
  0.10297039E-01  0.21703840E-01  0.21275412E-02  0.44249732E-03  0.18926302E-02
  0.00000000E+00  0.00000000E+00  0.00000000E+00  0.00000000E+00  0.00000000E+00
  0.00000000E+00  0.00000000E+00  0.00000000E+00  0.00000000E+00 -0.71046195E-06
 -0.98821999E-06 -0.24424234E-04  0.41021640E-05 -0.47123248E-04  0.29941045E-02
 -0.11146759E-01  0.17684679E-01  0.11749827E-02  0.34110038E-03  0.15143913E-04
 -0.23870319E-02 -0.22412289E-02  0.51005696E-03  0.72952541E-05  0.90112493E-03
  0.16316864E-04 -0.17457323E-03  0.10102731E-08
  0.71128003E-03  0.16865793E-02 -0.25573221E-02  0.12397082E-02 -0.66144789E-02
 -0.10457245E-01 -0.22938390E-02 -0.27454177E-02  0.10285477E-01 -0.55418177E-02
 -0.35485753E-02  0.12719190E-01 -0.28121378E-02  0.61461692E-02  0.13727281E-01
  0.39389901E-01  0.41479609E-02  0.11226600E-02  0.41626671E-04  0.16857081E-03
  0.00000000E+00  0.00000000E+00  0.00000000E+00  0.00000000E+00  0.00000000E+00
  0.00000000E+00  0.00000000E+00  0.00000000E+00  0.00000000E+00 -0.72524338E-06
 -0.77072910E-06 -0.31084944E-04 -0.91974819E-05  0.30732177E-04 -0.32306717E-02
 -0.44705651E-02 -0.20217538E-02 -0.15213349E-01  0.24907690E-02 -0.35220325E-02
 -0.11143644E-02 -0.27672955E-02 -0.34488719E-02 -0.11636461E-02 -0.92430393E-03
 -0.93684799E-04  0.27239223E-03  0.90551986E-03
  0.28901257E-02  0.10044780E-02 -0.11002247E-02  0.26534618E-02  0.10037735E-01
  0.77480097E-02  0.42232250E-02 -0.57888165E-02 -0.58964574E-02  0.13349652E-01
 -0.13820288E-01  0.66947295E-02 -0.45278145E-02  0.14799811E-01  0.77960683E-02
  0.60795402E-02  0.26099557E-02  0.27261734E-02  0.12309043E-04  0.16454776E-03
  0.00000000E+00  0.00000000E+00  0.00000000E+00  0.00000000E+00  0.00000000E+00
  0.00000000E+00  0.00000000E+00  0.00000000E+00  0.00000000E+00 -0.26408675E-06
 -0.53796972E-06 -0.36844756E-04  0.12786106E-05 -0.22366406E-03  0.40973298E-03
  0.19432758E-02  0.64205060E-02  0.46394531E-02  0.81193303E-02 -0.19734877E-02
  0.13799972E-02 -0.32395001E-02  0.51278398E-02 -0.55280992E-03 -0.44217036E-03
  0.17705580E-02 -0.20584054E-03  0.26792076E-03
 -0.53407547E-02  0.94152135E-02 -0.23341922E-02 -0.25473544E-01 -0.11035279E-02
  0.11075690E-01 -0.12598427E-01  0.10988921E-01  0.17352646E-02 -0.14070226E-01
 -0.23614108E-02  0.91560486E-02  0.26403687E-01 -0.66612192E-02 -0.19537912E-02
 -0.32498142E-02  0.42273228E-02  0.53227995E-03  0.66975231E-03  0.16759531E-03
  0.00000000E+00  0.00000000E+00  0.00000000E+00  0.00000000E+00  0.00000000E+00
  0.00000000E+00  0.00000000E+00  0.00000000E+00  0.00000000E+00 -0.26769425E-06
 -0.15686111E-06 -0.40961508E-04 -0.12916401E-05  0.11478121E-04 -0.20188943E-02
 -0.23960641E-03  0.26701292E-02  0.84326261E-02 -0.39982711E-02  0.86766823E-02
  0.63630256E-03 -0.20473346E-02  0.19509783E-02 -0.67039228E-03 -0.30998986E-02
  0.67661779E-02  0.31596355E-03  0.26105006E-06
  0.11574602E-02  0.18113474E-01 -0.31248477E-02 -0.10627096E-01  0.31199075E-02
  0.67717986E-02  0.18869936E-01  0.75729064E-02 -0.16497915E-01  0.59650815E-02
  0.56701541E-02 -0.78980101E-02 -0.17782138E-01  0.76325874E-02  0.16433384E-02
  0.51734618E-02  0.10429591E-02  0.23969592E-02  0.19482523E-04  0.16106505E-03
  0.00000000E+00  0.00000000E+00  0.00000000E+00  0.00000000E+00  0.00000000E+00
  0.00000000E+00  0.00000000E+00  0.00000000E+00  0.00000000E+00 -0.26422551E-06
  0.13983437E-05  0.12360293E-06 -0.65466247E-04 -0.22471776E-04 -0.27648872E-03
 -0.13532487E-02  0.37519356E-02 -0.25868417E-02  0.30409834E-02  0.46221144E-02
 -0.80882042E-02  0.42794289E-02 -0.20762734E-02 -0.36061435E-03 -0.52272844E-02
  0.26999522E-02  0.37326485E-03 -0.62996142E-03
  0.35840149E-03  0.27162170E-02  0.13497148E-01  0.42580639E-02  0.14121274E-02
  0.17849829E-01  0.29671591E-02  0.12138965E-01 -0.78892931E-02 -0.14671686E-02
 -0.91408791E-02  0.73852888E-02 -0.11101625E-02  0.19086806E-02  0.45495324E-03
  0.89848598E-03  0.13673881E-02  0.19308499E-02  0.15364828E-01  0.16043337E-03
  0.00000000E+00  0.00000000E+00  0.00000000E+00  0.00000000E+00  0.00000000E+00
  0.00000000E+00  0.00000000E+00  0.00000000E+00  0.00000000E+00 -0.26775588E-06
  0.22004678E-06  0.36234128E-04 -0.11112076E-03  0.37977870E-05  0.47640315E-04
 -0.22474781E-02 -0.17765482E-03 -0.86553015E-02  0.31630921E-02 -0.65507558E-02
 -0.11015776E-02 -0.70630062E-02 -0.53994289E-02  0.15554420E-02 -0.12827907E-02
 -0.32201210E-02 -0.21974338E-02  0.35106898E-03
  0.76025217E-02  0.15980141E-02  0.20457327E-02 -0.29158593E-02  0.24490050E-02
  0.78324278E-02 -0.37257421E-02  0.51390651E-02  0.73909911E-02  0.12653032E-01
 -0.13595701E-01 -0.68393959E-02  0.35716881E-03  0.72167116E-02  0.27023783E-02
 -0.16967878E-02  0.79291253E-02  0.12108055E-02 -0.10257898E-03  0.15880901E-03
  0.00000000E+00  0.00000000E+00  0.00000000E+00  0.00000000E+00  0.00000000E+00
  0.00000000E+00  0.00000000E+00  0.00000000E+00  0.00000000E+00 -0.37382300E-06
  0.00000000E+00  0.40426168E-05 -0.73765692E-04 -0.35856771E-06  0.10183713E-04
 -0.41216191E-04  0.11817547E-03 -0.11678210E-02 -0.87374362E-03  0.31829102E-02
  0.10729077E-03  0.83330584E-02  0.60087416E-02  0.65426855E-02 -0.83390029E-03
 -0.56890860E-02 -0.13838472E-02  0.14217858E-02
  0.55861073E-02 -0.28537975E-02  0.18758872E-02  0.90131849E-03 -0.61585120E-02
  0.86152950E-03  0.37482367E-02  0.53095909E-02  0.22568793E-01 -0.48856715E-02
  0.81379289E-02  0.19696104E-02  0.14758872E-02  0.22956261E-01  0.14783661E-02
  0.48151133E-02  0.12295362E-01 -0.48006072E-02 -0.46039670E-04  0.15512828E-03
  0.00000000E+00  0.00000000E+00  0.00000000E+00  0.00000000E+00  0.00000000E+00
  0.00000000E+00  0.00000000E+00  0.00000000E+00  0.00000000E+00 -0.37588339E-06
  0.00000000E+00  0.53352443E-06 -0.28085542E-04 -0.55197564E-04  0.26426911E-05
  0.10139101E-03  0.51458237E-03  0.17789870E-02  0.10735744E-02  0.12955613E-03
  0.46256042E-02  0.46517684E-02  0.23070046E-03  0.16696261E-02 -0.77889792E-03
  0.35518776E-02  0.68048506E-03  0.20632670E-02
 -0.14004661E-03  0.12943443E-02 -0.48580309E-03  0.24540970E-02 -0.70530911E-02
  0.34580530E-02 -0.92611055E-02  0.64905059E-02  0.48592271E-02  0.75043326E-02
  0.24477489E-02  0.12607176E-03 -0.23504966E-02  0.24068135E-03 -0.15271807E-02
  0.75889280E-02  0.24946177E-02 -0.10075873E-02  0.48896441E-05  0.15437192E-03
  0.00000000E+00  0.00000000E+00  0.00000000E+00  0.00000000E+00  0.00000000E+00
  0.00000000E+00  0.00000000E+00  0.00000000E+00  0.00000000E+00 -0.37098478E-06
  0.00000000E+00  0.83605584E-06  0.32698358E-04 -0.13063053E-03  0.00000000E+00
  0.47587423E-05 -0.11859929E-04  0.19222713E-03 -0.31678118E-03  0.18783991E-03
 -0.37508374E-03  0.12322019E-02 -0.24384500E-02 -0.51460730E-03 -0.39049762E-03
  0.22916982E-04  0.62866621E-03  0.70219134E-03
  0.67987556E-02 -0.17552534E-01 -0.12111534E-02  0.11431492E-02  0.18514502E-02
  0.27766550E-02 -0.12683862E-01 -0.13719935E-02 -0.25697285E-02 -0.14357613E-03
  0.66322976E-03  0.34550835E-03  0.80295989E-02  0.69914900E-02 -0.22575615E-02
  0.10276077E-02  0.76426059E-02  0.91208260E-03  0.47037687E-04  0.14646198E-03
  0.00000000E+00  0.00000000E+00  0.00000000E+00  0.00000000E+00  0.00000000E+00
  0.00000000E+00  0.00000000E+00  0.00000000E+00  0.00000000E+00 -0.36677979E-06
  0.00000000E+00  0.17207477E-05  0.28393437E-04 -0.94221474E-04 -0.39033743E-04
  0.21050820E-05  0.55368520E-05 -0.65170612E-05  0.24846685E-02  0.12232873E-02
 -0.14250967E-02 -0.27280088E-02  0.44327191E-03 -0.12567004E-02 -0.32963614E-02
  0.19089338E-02 -0.26273425E-02  0.76028736E-03
 -0.36926549E-04  0.23636921E-04 -0.40907367E-02 -0.10710191E-03 -0.33791808E-05
  0.67929406E-02  0.47946439E-03  0.61854235E-04  0.23389065E-03  0.40319112E-02
  0.21389468E-02  0.22274617E-03  0.24362435E-03  0.20296625E-02  0.90804771E-03
  0.10353685E-02 -0.28648732E-02 -0.19422586E-04  0.79356597E-04  0.14105678E-03
  0.00000000E+00  0.00000000E+00  0.00000000E+00  0.00000000E+00  0.00000000E+00
  0.00000000E+00  0.00000000E+00  0.00000000E+00  0.00000000E+00 -0.35529853E-06
  0.00000000E+00  0.17464553E-05  0.22398151E-04 -0.55693500E-03 -0.13533362E-03
  0.35998818E-06  0.13518626E-04  0.57774249E-05  0.98697936E-03  0.43348763E-04
  0.14414110E-02  0.18616223E-02  0.74662340E-03  0.33467627E-02  0.13349949E-02
  0.10119671E-02  0.55484212E-04  0.13938110E-03
  0.55437256E-04  0.12037734E-05 -0.25400254E-02 -0.24514238E-04  0.29962413E-05
 -0.28047303E-03 -0.26913148E-02  0.61819571E-04  0.54373744E-04  0.15962963E-03
  0.21170654E-02  0.14520819E-03  0.62284581E-03  0.15448137E-02  0.30377215E-03
  0.11562632E-02  0.11386416E-02 -0.12685451E-04  0.98567148E-04  0.13095908E-03
  0.00000000E+00  0.00000000E+00  0.00000000E+00  0.00000000E+00  0.00000000E+00
  0.00000000E+00  0.00000000E+00  0.00000000E+00  0.00000000E+00 -0.44080280E-06
  0.87485624E-07  0.35560595E-06  0.13141319E-05  0.72763832E-05 -0.16662654E-02
 -0.96158509E-04  0.17574730E-05  0.57574317E-05  0.23059773E-05 -0.60288353E-05
  0.23364284E-02  0.89064653E-06  0.61061635E-06  0.13385094E-03 -0.27242041E-07
  0.78755271E-05  0.11099731E-05  0.18798800E-04
  0.46112187E-06  0.61558151E-05 -0.30125372E-05 -0.26992118E-02 -0.11956791E-02
  0.74506633E-04 -0.12837041E-03  0.10097496E-03  0.10564348E-01  0.30044329E-03
 -0.13818686E-02  0.59411521E-03  0.10948410E-02  0.42504973E-04  0.37664655E-03
  0.62647764E-03  0.62641961E-03 -0.15453895E-03  0.10932497E-03  0.11957826E-03
  0.00000000E+00  0.00000000E+00  0.00000000E+00  0.00000000E+00  0.00000000E+00
  0.00000000E+00  0.00000000E+00  0.00000000E+00  0.00000000E+00 -0.42077499E-06
  0.87241196E-07  0.00000000E+00  0.17811758E-05  0.12656504E-02  0.45626623E-05
 -0.21558913E-03  0.72564815E-07  0.37393732E-06  0.36462931E-05  0.12924120E-05
 -0.21639361E-04  0.21530994E-05 -0.86553351E-04 -0.13508167E-04  0.20388633E-04
 -0.24235514E-07  0.21862912E-04 -0.66311740E-05
 -0.54681038E-04 -0.10468470E-04 -0.21176791E-04  0.46788375E-04  0.63551846E-04
  0.95231138E-04  0.15838958E-03  0.20498909E-03  0.17535378E-03  0.18811991E-03
  0.15015331E-04  0.54671342E-04  0.24584767E-03  0.38327163E-03  0.23870302E-03
  0.40554165E-03 -0.11356469E-04 -0.72121192E-05  0.10450852E-03  0.10546973E-03
  0.00000000E+00  0.00000000E+00  0.00000000E+00  0.00000000E+00  0.00000000E+00
  0.00000000E+00  0.00000000E+00  0.00000000E+00  0.00000000E+00 -0.38258762E-06
  0.80584925E-07  0.00000000E+00  0.99922674E-06  0.62068818E-06  0.73251714E-05
 -0.61774494E-04 -0.11047331E-03  0.15556516E-06  0.11213096E-05  0.17390785E-05
 -0.64918896E-05  0.22118823E-04  0.12389562E-04  0.17031644E-06  0.40265013E-06
  0.61331026E-04  0.23810843E-04  0.52806668E-07
  0.39640356E-04  0.49971116E-04  0.50789665E-04  0.50794649E-04  0.42378506E-04
  0.32081873E-04  0.13925105E-04  0.19214998E-04  0.24091155E-03 -0.89425332E-03
  0.18424195E-03  0.14420838E-03  0.33190789E-01  0.12686476E-03  0.95629318E-04
  0.94311587E-05 -0.45513253E-05 -0.29407526E-04 -0.84150353E-04  0.15068654E-03
  0.00000000E+00  0.00000000E+00  0.00000000E+00  0.00000000E+00  0.00000000E+00
  0.00000000E+00  0.00000000E+00  0.00000000E+00  0.00000000E+00 -0.33865668E-06
  0.72724227E-07  0.00000000E+00  0.00000000E+00  0.11749673E-05  0.44330022E-06
  0.54203941E-05 -0.52146227E-03 -0.55795245E-04  0.40992640E-07  0.72020341E-06
  0.63919943E-06  0.94073145E-06 -0.10400096E-06  0.19219337E-04  0.10948124E-03
  0.36153864E-04  0.46336839E-07  0.00000000E+00
 -0.12534418E-04 -0.36257595E-05  0.10952044E-04  0.22312369E-04  0.18407215E-03
  0.44186142E-04  0.59124037E-04  0.52543446E-04  0.38851225E-04  0.48432842E-04
  0.27787093E-04  0.46094742E-04  0.39405666E-04 -0.94778676E-06 -0.26030381E-06
 -0.58590192E-05  0.75386597E-03  0.11899184E-03 -0.67816437E-04  0.58327440E-04
  0.00000000E+00  0.00000000E+00  0.00000000E+00  0.00000000E+00  0.00000000E+00
  0.00000000E+00  0.00000000E+00  0.00000000E+00  0.00000000E+00 -0.27525420E-06
  0.60031094E-07  0.00000000E+00  0.00000000E+00  0.00000000E+00  0.85204214E-06
  0.10668305E-05  0.26723713E-05  0.22925683E-02  0.36534009E-07 -0.45841501E-08
  0.41571159E-06  0.36678152E-04  0.90899361E-04  0.68483330E-04 -0.65674051E-07
 -0.68199239E-07  0.79160858E-07  0.77226825E-07
  0.86188955E-05 -0.17447618E-02  0.71202785E-07 -0.36001777E-05 -0.31467253E-05
 -0.11111626E-04 -0.13001790E-05  0.67574025E-05  0.14089379E-04  0.32113269E-05
  0.86858455E-06 -0.82036365E-06 -0.13110127E-05 -0.16154576E-05 -0.21476172E-05
 -0.22142216E-05  0.22920662E-06  0.70471952E-04 -0.37993139E-04  0.32647809E-04
  0.00000000E+00  0.00000000E+00  0.00000000E+00  0.00000000E+00  0.00000000E+00
  0.00000000E+00  0.00000000E+00  0.00000000E+00  0.00000000E+00 -0.19642042E-06
  0.43912146E-07  0.00000000E+00  0.00000000E+00  0.00000000E+00  0.00000000E+00
  0.45827187E-06  0.14513194E-05  0.44699513E-02  0.27922162E-04  0.24718305E-04
  0.63637287E-03  0.36073594E-04  0.19197854E-06  0.22677033E-06  0.14187389E-06
  0.60206064E-07  0.00000000E+00  0.78336977E-08
 -0.29693001E-06  0.59250880E-06  0.27709025E-06  0.36158487E-06  0.41025100E-06
  0.49365645E-06 -0.88026905E-05 -0.12621171E-04 -0.14533504E-04 -0.88708972E-05
 -0.54070958E-06 -0.22520282E-06 -0.41025257E-07  0.30686053E-07  0.11491008E-07
  0.13028674E-07 -0.10615202E-04  0.38801608E-04 -0.26736253E-05  0.55888190E-08
  0.00000000E+00  0.00000000E+00  0.00000000E+00  0.00000000E+00  0.00000000E+00
  0.00000000E+00  0.00000000E+00  0.00000000E+00  0.00000000E+00 -0.10709218E-06
  0.25638084E-07  0.00000000E+00  0.00000000E+00  0.00000000E+00  0.00000000E+00
  0.41679449E-06 -0.31556061E-04  0.20880319E-06  0.91157843E-06 -0.41107839E-06
  0.11910208E-06 -0.82242866E-06  0.72638194E-07  0.14389846E-06  0.12690109E-07
  0.33111146E-07  0.52086487E-07  0.39406115E-07
  0.60461232E-10  0.24402203E-08  0.61924730E-08  0.20913592E-07 -0.98823115E-05
  0.14104612E-07 -0.21631045E-08  0.24273347E-03  0.13607796E-03  0.20634325E-02
 -0.25066504E-02  0.64162055E-02 -0.10737551E-02  0.13121244E-02 -0.86285046E-03
  0.92575014E-04  0.94823859E-04  0.10878792E-02  0.66709868E-04 -0.30607200E-04
  0.00000000E+00  0.00000000E+00  0.00000000E+00  0.00000000E+00  0.00000000E+00
  0.00000000E+00  0.00000000E+00  0.00000000E+00  0.00000000E+00  0.67358943E-07
  0.00000000E+00  0.10982877E-05  0.22280209E-04  0.19076360E-02 -0.11387441E-02
 -0.55367863E-02  0.41398156E-02 -0.15712767E-03  0.40759939E-03  0.50209011E-04
  0.43783645E-02 -0.43459698E-08  0.28085997E-08 -0.11316004E-09  0.27938302E-03
 -0.11712958E-11 -0.15770873E-11 -0.37363664E-13
  0.96140752E-10  0.00000000E+00  0.93624342E-09  0.85081586E-08  0.71366686E-08
 -0.71443213E-05  0.13289962E-06  0.40331037E-07 -0.39016796E-05 -0.69737496E-03
 -0.52781463E-05 -0.44880321E-02  0.45755797E-02 -0.23423544E-02  0.13706583E-02
 -0.17065993E-03 -0.87640625E-04  0.10568790E-03  0.92666706E-04 -0.35090702E-04
  0.00000000E+00  0.00000000E+00  0.00000000E+00  0.00000000E+00  0.00000000E+00
  0.00000000E+00  0.00000000E+00  0.00000000E+00  0.00000000E+00  0.76541769E-07
  0.00000000E+00  0.12464321E-05 -0.30201782E-04  0.36377574E-03 -0.14691585E-02
 -0.40228325E-02 -0.52880653E-03  0.30606660E-02  0.10829693E-02 -0.13172403E-02
  0.43133278E-02 -0.27365125E-02  0.74629729E-07  0.17906525E-02  0.32403534E-05
 -0.35006377E-11  0.22414081E-12 -0.35678754E-12
  0.34199595E-10  0.18789388E-09  0.11027579E-08  0.40212128E-08  0.27321772E-07
  0.26258130E-04  0.25460767E-08  0.87685123E-06 -0.21437707E-03  0.21996914E-02
  0.11641756E-02  0.59323421E-02 -0.10592758E-01 -0.89582707E-02 -0.93972853E-02
 -0.16899705E-02  0.18671456E-02  0.74683794E-03  0.11245164E-03 -0.40044492E-04
  0.00000000E+00  0.00000000E+00  0.00000000E+00  0.00000000E+00  0.00000000E+00
  0.00000000E+00  0.00000000E+00  0.00000000E+00  0.00000000E+00  0.30625683E-07
  0.00000000E+00 -0.51401601E-03 -0.15587179E-03 -0.42016955E-02  0.21838276E-02
 -0.19265691E-02 -0.67968974E-02  0.25843022E-02 -0.30705707E-03  0.77241085E-03
 -0.54593378E-04 -0.16268869E-02  0.42330892E-03 -0.36468029E-04 -0.76739274E-03
 -0.19293516E-08 -0.18227505E-09 -0.14134053E-11
  0.16644553E-09  0.11278723E-09  0.23852710E-09  0.29235802E-10  0.25911423E-07
  0.17983433E-09 -0.19258444E-03 -0.15136274E-02 -0.84294136E-03 -0.15502469E-03
 -0.78068305E-02  0.29943395E-02 -0.24287183E-02  0.63435708E-02  0.10567438E-02
  0.14671245E-02  0.26057528E-02  0.87173924E-03  0.13282196E-03 -0.45983835E-04
  0.00000000E+00  0.00000000E+00  0.00000000E+00  0.00000000E+00  0.00000000E+00
  0.00000000E+00  0.00000000E+00  0.00000000E+00  0.00000000E+00  0.34829745E-07
  0.00000000E+00  0.51859989E-04  0.20501185E-03 -0.41163632E-02  0.31037113E-02
 -0.23176627E-02  0.66849150E-02 -0.10490944E-02 -0.16254433E-02  0.15167800E-03
 -0.18837215E-03  0.22077781E-04 -0.11208930E-02  0.40467253E-02 -0.82409737E-10
 -0.82152926E-10 -0.44208264E-09 -0.73866903E-10
  0.41960475E-09  0.00000000E+00 -0.48501443E-12  0.33132609E-09  0.86516588E-07
  0.17085009E-06  0.28970620E-06  0.11080432E-06  0.56261732E-03 -0.46458808E-02
 -0.93642925E-03  0.91390224E-03  0.47273341E-02  0.38201623E-02  0.62177187E-03
  0.22300029E-02  0.89363718E-02 -0.16796198E-02  0.62607671E-02 -0.55370588E-04
  0.00000000E+00  0.00000000E+00  0.00000000E+00  0.00000000E+00  0.00000000E+00
  0.00000000E+00  0.00000000E+00  0.00000000E+00  0.00000000E+00  0.40441600E-07
  0.00000000E+00 -0.31793469E-04  0.52698125E-03  0.16250260E-01  0.83151772E-02
  0.32798483E-02 -0.72311837E-02  0.62853650E-02 -0.33299523E-03  0.24747189E-03
 -0.53933345E-03 -0.47166579E-03  0.94820114E-03 -0.11950370E-02 -0.51611277E-04
 -0.12798163E-08 -0.60587092E-10  0.57243975E-12
  0.77123425E-09  0.36650751E-09  0.20621498E-07  0.55132532E-07  0.84992574E-07
 -0.14724428E-08 -0.89540683E-05 -0.27992672E-07  0.46139406E-03  0.27325298E-02
 -0.14861662E-02 -0.72941320E-03 -0.81874379E-02  0.34811246E-02 -0.34324942E-02
 -0.82793068E-02  0.51949281E-02  0.10987444E-02  0.63017528E-03 -0.33418165E-05
  0.00000000E+00  0.00000000E+00  0.00000000E+00  0.00000000E+00  0.00000000E+00
  0.00000000E+00  0.00000000E+00  0.00000000E+00  0.00000000E+00  0.47824206E-07
 -0.23007574E-02 -0.64207093E-05 -0.31995220E-02 -0.72897002E-02  0.50701498E-02
 -0.64639589E-02  0.30107379E-02 -0.44305438E-03  0.90291167E-04 -0.63069583E-03
  0.13223812E-03  0.20260458E-03  0.19847772E-03 -0.25076445E-07 -0.44307389E-05
 -0.12140850E-06 -0.15922167E-08 -0.12409784E-10
  0.32473467E-08  0.88468137E-08 -0.22371065E-09 -0.33364922E-08 -0.25895471E-07
  0.90094819E-05 -0.29103814E-05 -0.35782952E-04 -0.14182182E-02 -0.31492701E-02
  0.29646918E-02 -0.17972010E-02  0.31797890E-02 -0.49797316E-02 -0.13293544E-02
 -0.48372840E-02 -0.11807432E-01  0.64716086E-03  0.10187375E-03 -0.73689173E-04
  0.00000000E+00  0.00000000E+00  0.00000000E+00  0.00000000E+00  0.00000000E+00
  0.00000000E+00  0.00000000E+00  0.00000000E+00  0.00000000E+00  0.56411565E-07
 -0.25237670E-03 -0.95644031E-04  0.18369578E-02 -0.89173947E-02  0.14168988E-03
  0.16685428E-01 -0.66870358E-03 -0.30445806E-02 -0.64355842E-05  0.27246539E-03
  0.11236077E-04 -0.11430412E-03  0.53577206E-03  0.13252174E-03 -0.87488559E-07
 -0.69056498E-07 -0.92318042E-02 -0.35659275E-09
 -0.90839220E-05 -0.64855998E-10 -0.82536152E-08 -0.33910648E-07  0.20523290E-02
  0.39177396E-06  0.70691643E-02 -0.28715406E-03  0.44252312E-02  0.16653742E-03
  0.41462225E-02 -0.17856255E-02 -0.38708329E-02  0.41023330E-02  0.12475540E-02
  0.83752317E-02 -0.69673320E-02  0.16408612E-02 -0.20812162E-01 -0.16648843E-03
  0.00000000E+00  0.00000000E+00  0.00000000E+00  0.00000000E+00  0.00000000E+00
  0.00000000E+00  0.00000000E+00  0.00000000E+00  0.00000000E+00  0.67837642E-07
 -0.24173228E-03 -0.16484999E-04  0.52121329E-01 -0.30595210E-01 -0.33632620E-02
 -0.39826562E-02 -0.68036122E-03  0.19653413E-02  0.56572546E-04 -0.78630973E-04
  0.18862229E-04  0.66684433E-05 -0.53987030E-05 -0.98014180E-05 -0.77519050E-05
 -0.31966715E-07  0.37624099E-08  0.64886891E-08
  0.52151156E-08 -0.31241963E-02  0.81318277E-08 -0.38108971E-04 -0.71581735E-08
  0.37539576E-03  0.24392568E-03 -0.29133165E-02 -0.45064123E-02 -0.85544162E-02
  0.35032973E-02  0.59744615E-02  0.39203998E-02  0.49249914E-02 -0.13678424E-01
 -0.34883672E-01  0.19127139E-01  0.45975725E-02 -0.84151165E-04 -0.10751191E-03
  0.00000000E+00  0.00000000E+00  0.00000000E+00  0.00000000E+00  0.00000000E+00
  0.00000000E+00  0.00000000E+00  0.00000000E+00  0.00000000E+00  0.76979318E-07
 -0.13931144E-03  0.16783167E-03 -0.11560821E-01  0.62717323E-01  0.13451243E-01
  0.15363024E-02 -0.25671702E-02 -0.24624334E-02  0.11299872E-03 -0.21361293E-02
 -0.21150899E-03 -0.10714043E-03  0.39168105E-03  0.22094350E-03 -0.87604484E-04
 -0.83852251E-03 -0.12105928E-07 -0.19037900E-09
  0.10350274E-07 -0.86899630E-09 -0.16396841E-07  0.53926119E-05 -0.91723569E-05
 -0.27548708E-03  0.26045578E-02  0.53366803E-04  0.72470323E-02 -0.64685957E-02
  0.37481216E-03  0.32290942E-02 -0.42267259E-02  0.26330168E-02 -0.17271238E-01
 -0.92273695E-02  0.73916504E-02  0.99230567E-03 -0.26457773E-02 -0.11104465E-03
  0.00000000E+00  0.00000000E+00  0.00000000E+00  0.00000000E+00  0.00000000E+00
  0.00000000E+00  0.00000000E+00  0.00000000E+00  0.00000000E+00  0.79478420E-07
 -0.22320493E-04 -0.81510348E-04 -0.31889806E-02  0.53700665E-02  0.31923528E-03
 -0.25283247E-03  0.35081721E-02 -0.75593404E-03 -0.44384955E-03  0.38552669E-02
  0.29476454E-03  0.52715678E-04 -0.56584611E-04  0.76546790E-10 -0.39928963E-08
 -0.70349008E-07  0.22880988E-10 -0.30568355E-08
 -0.21568861E-08  0.70415622E-07 -0.60808944E-08  0.17633911E-07 -0.47326892E-04
  0.26127746E-06  0.16610275E-02  0.13211787E-03  0.71912442E-02 -0.32480404E-02
 -0.45060385E-02 -0.42923889E-02  0.72636340E-02  0.17485428E-02 -0.18896957E-01
  0.83502737E-02 -0.61302133E-02 -0.62798581E-03  0.13817122E-02 -0.10757039E-03
  0.00000000E+00  0.00000000E+00  0.00000000E+00  0.00000000E+00  0.00000000E+00
  0.00000000E+00  0.00000000E+00  0.00000000E+00  0.00000000E+00  0.78893925E-07
  0.13138107E-04 -0.10745680E-03  0.71136889E-04  0.30211412E-02  0.61993334E-02
 -0.65550626E-02  0.77833253E-02  0.15101904E-02 -0.38527343E-03 -0.17345649E-03
 -0.69906324E-03  0.19524941E-02 -0.12978582E-05 -0.23503020E-08  0.00000000E+00
 -0.99497169E-07 -0.93234472E-09  0.00000000E+00
  0.21754809E-08 -0.10343956E-04  0.20581998E-07  0.22972894E-06 -0.46234828E-06
 -0.33215890E-04 -0.43661798E-02 -0.33746345E-02 -0.32172214E-01  0.11681859E-01
 -0.36015484E-02  0.32837984E-02  0.54067553E-02 -0.84424786E-03  0.43726032E-02
 -0.10852046E-01 -0.25987303E-02  0.47220646E-02  0.36440638E-02 -0.10816930E-03
  0.00000000E+00  0.00000000E+00  0.00000000E+00  0.00000000E+00  0.00000000E+00
  0.00000000E+00  0.00000000E+00  0.00000000E+00  0.00000000E+00  0.81312923E-07
  0.12327728E-04 -0.12019808E-03 -0.50153952E-03 -0.24123947E-02  0.75253663E-02
 -0.60090397E-02 -0.83701584E-02 -0.32026340E-03  0.88258244E-03 -0.35424046E-02
  0.93825203E-04  0.86360026E-03 -0.16271658E-03 -0.30333044E-05 -0.39288292E-08
 -0.14323239E-06  0.28891186E-05 -0.40012175E-09
  0.19502515E-07 -0.18867160E-03 -0.73772183E-05 -0.16716288E-01 -0.38554311E-02
  0.56789678E-02  0.16847536E-02  0.10518093E-01 -0.33069532E-02  0.74801831E-02
 -0.11879565E-02 -0.65787847E-02 -0.16240093E-02  0.67739053E-03 -0.64940423E-02
 -0.28595262E-01 -0.70919679E-03 -0.47487688E-03  0.91543361E-03 -0.11213948E-03
  0.00000000E+00  0.00000000E+00  0.00000000E+00  0.00000000E+00  0.00000000E+00
  0.00000000E+00  0.00000000E+00  0.00000000E+00  0.00000000E+00  0.84478840E-07
  0.12204024E-04 -0.13791615E-03  0.51028071E-03  0.34460410E-04 -0.52183903E-02
  0.16870163E-01 -0.58410559E-02  0.52784078E-02  0.52058854E-03  0.11475267E-02
 -0.11032388E-02 -0.42689801E-03  0.40407530E-03 -0.13384040E-04  0.18413474E-05
 -0.11632044E-06 -0.49222254E-07 -0.80823169E-09
  0.61627297E-06 -0.37938789E-02 -0.57045604E-02  0.46552637E-02 -0.96207188E-02
 -0.13381122E-02  0.74841122E-02 -0.91478383E-02 -0.24543658E-02  0.19714277E-02
 -0.86890885E-02 -0.13347395E-01 -0.52871506E-02  0.11370542E-01  0.61594504E-02
 -0.43357062E-02 -0.45507927E-03  0.22070017E-02 -0.19135072E-04 -0.11008338E-03
  0.00000000E+00  0.00000000E+00  0.00000000E+00  0.00000000E+00  0.00000000E+00
  0.00000000E+00  0.00000000E+00  0.00000000E+00  0.00000000E+00  0.85481718E-07
  0.11474945E-04 -0.14461890E-03  0.32779476E-05 -0.53873328E-03 -0.64306672E-02
  0.54222431E-02  0.10077955E-01 -0.44203615E-02  0.17184991E-05  0.17193334E-02
  0.57031243E-03 -0.12426408E-02  0.31271300E-05  0.17882295E-03  0.75254267E-05
 -0.12993378E-04 -0.17660153E-06  0.59441496E-05
 -0.21251682E-02 -0.56462227E-02 -0.61823233E-02  0.71708789E-02 -0.18251158E-02
  0.48634461E-03 -0.92891550E-03  0.60777787E-02  0.22584314E-02  0.23441967E-02
  0.10013500E-01 -0.19257123E-02  0.91489759E-03 -0.90032006E-02 -0.76679998E-02
  0.77258278E-02  0.12485945E-01  0.24418541E-02  0.11234410E-03  0.19965517E-02
  0.00000000E+00  0.00000000E+00  0.00000000E+00  0.00000000E+00  0.00000000E+00
  0.00000000E+00  0.00000000E+00  0.00000000E+00  0.00000000E+00  0.87060004E-07
  0.10973929E-04 -0.15363507E-03 -0.63378090E-05  0.37915543E-03 -0.25609274E-02
 -0.15289764E-02  0.23526643E-02  0.99839158E-03  0.99112707E-03  0.26420378E-04
  0.28276922E-02 -0.84561445E-03 -0.66038163E-03  0.96455156E-05 -0.91439138E-03
 -0.19141765E-04  0.95330382E-03 -0.43522885E-07
  0.26498054E-02 -0.43732100E-02  0.29026655E-02 -0.20787981E-02 -0.28806376E-03
  0.74345196E-02  0.22836046E-02 -0.27023976E-02 -0.68833012E-02 -0.18790207E-02
  0.16283015E-01  0.12717235E-01 -0.17617653E-02 -0.39054691E-02  0.52878804E-03
 -0.73330162E-02 -0.27096183E-03 -0.25664252E-02  0.31801470E-05 -0.92093294E-05
  0.00000000E+00  0.00000000E+00  0.00000000E+00  0.00000000E+00  0.00000000E+00
  0.00000000E+00  0.00000000E+00  0.00000000E+00  0.00000000E+00  0.92869048E-07
  0.10930255E-04 -0.16279542E-03 -0.18745940E-04  0.31300192E-04 -0.42222554E-02
 -0.34973005E-02 -0.26606868E-02 -0.64978666E-04 -0.70888103E-02  0.59789370E-03
 -0.12278404E-02 -0.58278223E-02  0.16561884E-02 -0.23164472E-02  0.12470804E-02
  0.99307205E-04  0.10910245E-03  0.46994747E-03
 -0.41012370E-02 -0.79702745E-02  0.31128715E-02 -0.14500226E-02 -0.13656977E-01
  0.47782592E-02 -0.38164489E-02  0.61142791E-02  0.34560957E-03 -0.64634708E-02
 -0.57519076E-02  0.13009162E-01 -0.11075016E-01  0.17303645E-01 -0.55738505E-02
 -0.47382865E-02 -0.14334991E-02  0.57545728E-03  0.18523091E-04 -0.89999708E-05
  0.00000000E+00  0.00000000E+00  0.00000000E+00  0.00000000E+00  0.00000000E+00
  0.00000000E+00  0.00000000E+00  0.00000000E+00  0.00000000E+00  0.12468673E-06
  0.10645088E-04 -0.16744959E-03  0.61834005E-06  0.17485145E-04 -0.50343985E-04
 -0.22462513E-02  0.11263684E-02  0.21913372E-02  0.37399390E-02  0.18021889E-02
 -0.13512820E-02 -0.32931428E-02  0.47012168E-02 -0.48076109E-02 -0.11826964E-02
  0.42008922E-02 -0.12354814E-03  0.19006209E-03
 -0.72747687E-02 -0.20213206E-01  0.18015531E-02  0.67116599E-02 -0.64335065E-02
  0.46572546E-02 -0.35807585E-02 -0.97162280E-02  0.40232636E-02 -0.16539422E-02
  0.23421518E-02 -0.17419764E-01 -0.25214918E-02 -0.16991228E-01 -0.38009416E-02
 -0.28164401E-02  0.86979891E-03 -0.43706469E-02 -0.11689053E-02 -0.88715049E-05
  0.00000000E+00  0.00000000E+00  0.00000000E+00  0.00000000E+00  0.00000000E+00
  0.00000000E+00  0.00000000E+00  0.00000000E+00  0.00000000E+00  0.12965759E-06
  0.99018034E-05 -0.16938863E-03 -0.29978219E-05 -0.88311285E-03 -0.26442293E-04
 -0.11562968E-02  0.29185994E-02  0.65609498E-02 -0.60075149E-02 -0.75749403E-03
 -0.11023285E-02 -0.65481176E-03  0.27529218E-02 -0.52052017E-03  0.24682460E-02
  0.52268742E-03  0.20785835E-03 -0.21781577E-06
 -0.15827902E-01 -0.11595816E-01  0.39579243E-02  0.91244857E-03 -0.77587382E-02
 -0.80182069E-02  0.13068318E-01 -0.53537069E-02  0.91528089E-03 -0.63035085E-02
  0.61084493E-02  0.87877074E-02  0.12383887E-01 -0.94162847E-02 -0.23040955E-04
 -0.38759521E-02  0.16149167E-02  0.11016764E-02 -0.14675816E-03 -0.85068241E-05
  0.00000000E+00  0.00000000E+00  0.00000000E+00  0.00000000E+00  0.00000000E+00
  0.00000000E+00  0.00000000E+00  0.00000000E+00  0.00000000E+00  0.13601638E-06
  0.47620619E-05 -0.65750027E-04 -0.14254918E-03 -0.25850434E-04 -0.84730723E-03
 -0.52568222E-03 -0.17638198E-02  0.14960376E-02 -0.32462356E-04 -0.37687653E-02
 -0.50846485E-02 -0.13770876E-02  0.33953981E-02 -0.10068833E-02  0.96572572E-03
  0.13710194E-02  0.47710220E-03  0.23817578E-02
 -0.56485081E-03 -0.85143174E-02  0.17596963E-02 -0.54415151E-02 -0.11571630E-01
  0.13127754E-01 -0.20387241E-01 -0.16408371E-01  0.99998407E-02  0.10537368E-01
  0.78020022E-03 -0.31015632E-02 -0.47308368E-02  0.57076467E-02  0.20660974E-03
  0.13317733E-02  0.52767250E-02  0.13019807E-02  0.12047488E-01 -0.84754173E-05
  0.00000000E+00  0.00000000E+00  0.00000000E+00  0.00000000E+00  0.00000000E+00
  0.00000000E+00  0.00000000E+00  0.00000000E+00  0.00000000E+00  0.14060524E-06
  0.75236737E-06  0.19887785E-04 -0.23914378E-03 -0.51058427E-05  0.25316604E-03
  0.89782188E-03 -0.30468773E-03 -0.63910284E-02 -0.46863642E-02  0.27357038E-02
 -0.16049131E-02 -0.21129121E-02  0.18910047E-02 -0.65960833E-03 -0.17992633E-02
  0.28959890E-02  0.43444001E-02  0.60103603E-04
  0.26523728E-02  0.92156851E-02 -0.16941234E-01  0.76745679E-02 -0.62830387E-02
  0.89293928E-03  0.22094610E-02  0.14421541E-01  0.50940662E-02  0.35524947E-02
 -0.12120769E-01  0.10894755E-02 -0.11033265E-01  0.14003488E-01 -0.58138687E-03
  0.16764523E-02 -0.95422116E-02  0.21288537E-02  0.34910273E-04 -0.83915363E-05
  0.00000000E+00  0.00000000E+00  0.00000000E+00  0.00000000E+00  0.00000000E+00
  0.00000000E+00  0.00000000E+00  0.00000000E+00  0.00000000E+00  0.56068051E-07
  0.00000000E+00  0.11335087E-04 -0.22587690E-03 -0.92942462E-06 -0.66461825E-05
 -0.73159881E-04 -0.57287203E-03 -0.13649411E-03  0.12639571E-02  0.11964313E-01
 -0.69000368E-02  0.29129631E-02  0.91891125E-02 -0.75207631E-03  0.66222793E-02
 -0.55904027E-02  0.17624593E-02  0.57763694E-02
 -0.46742931E-02  0.15414699E-02 -0.35542083E-02 -0.98382898E-02 -0.29799850E-02
  0.13751807E-03  0.32630884E-02 -0.11463014E-01  0.20996607E-02  0.35817208E-02
  0.36700821E-02  0.51603760E-02 -0.13294897E-01  0.15533759E-01 -0.63517375E-03
  0.13455898E-01 -0.57052617E-02 -0.38246466E-02  0.79176924E-04 -0.81994229E-05
  0.00000000E+00  0.00000000E+00  0.00000000E+00  0.00000000E+00  0.00000000E+00
  0.00000000E+00  0.00000000E+00  0.00000000E+00  0.00000000E+00  0.55855193E-07
  0.00000000E+00  0.10111624E-04 -0.12713061E-03 -0.11499065E-03 -0.38707257E-05
 -0.95149430E-05 -0.11488573E-03 -0.13799939E-03  0.14039949E-02 -0.10057779E-03
  0.69797160E-02 -0.33147758E-02  0.25073168E-03 -0.38886421E-04 -0.25905819E-02
  0.20529904E-02  0.14294901E-03  0.70454728E-03
 -0.48769243E-02 -0.41371101E-04 -0.24968827E-03  0.37775913E-02 -0.10603555E-02
 -0.29472798E-02 -0.23082991E-03 -0.16842206E-02  0.10853484E-02 -0.22084267E-02
  0.36762759E-02 -0.13772705E-02 -0.41065996E-02 -0.96794231E-04 -0.16601461E-02
 -0.33580468E-02  0.51227423E-02  0.26238188E-02  0.10550299E-03 -0.81586268E-05
  0.00000000E+00  0.00000000E+00  0.00000000E+00  0.00000000E+00  0.00000000E+00
  0.00000000E+00  0.00000000E+00  0.00000000E+00  0.00000000E+00  0.56133484E-07
  0.00000000E+00  0.95380988E-05  0.96714056E-05 -0.27368045E-03  0.00000000E+00
 -0.41777195E-05  0.25717310E-05 -0.36783147E-03 -0.68392741E-04 -0.36598637E-03
  0.84180523E-03 -0.97326426E-03  0.16802678E-02 -0.35035720E-03  0.10582610E-02
 -0.29389532E-02 -0.17058846E-04  0.87110265E-03
 -0.10323118E-01 -0.99803952E-02 -0.29576530E-02 -0.61192240E-02  0.37084042E-03
 -0.12757695E-01 -0.12476307E-01 -0.39568729E-02 -0.64247476E-02  0.11500543E-02
  0.17077041E-03  0.44137713E-04 -0.10402163E-02 -0.21247229E-02 -0.73201443E-03
 -0.12237529E-02 -0.26772919E-01  0.14325699E-02  0.12123221E-03 -0.77436342E-05
  0.00000000E+00  0.00000000E+00  0.00000000E+00  0.00000000E+00  0.00000000E+00
  0.00000000E+00  0.00000000E+00  0.00000000E+00  0.00000000E+00  0.55683052E-07
  0.00000000E+00  0.59995112E-05  0.12462033E-04 -0.19494636E-03 -0.79247914E-04
 -0.26714112E-05 -0.37485239E-05 -0.13813035E-04  0.11014381E-02  0.18586496E-02
  0.50167666E-03  0.24187309E-02 -0.16746122E-02 -0.25949558E-02 -0.34778103E-02
  0.26798710E-02  0.35225506E-02  0.38986246E-03
 -0.61689176E-03  0.10142341E-03 -0.19978688E-02  0.37002127E-03  0.28621661E-03
 -0.71399308E-02 -0.53246782E-03  0.26576113E-03  0.24721907E-03 -0.70439282E-02
 -0.19155085E-02  0.35825189E-03  0.32977231E-03  0.87347891E-03  0.54651150E-03
  0.13078791E-03 -0.68628707E-02 -0.64401880E-06  0.11509356E-03 -0.90571532E-05
  0.00000000E+00  0.00000000E+00  0.00000000E+00  0.00000000E+00  0.00000000E+00
  0.00000000E+00  0.00000000E+00  0.00000000E+00  0.00000000E+00  0.55624774E-07
  0.00000000E+00  0.61251445E-05  0.10174207E-04  0.21436258E-03 -0.27990979E-03
 -0.45561690E-06 -0.24716453E-04 -0.17405968E-05  0.69141724E-05  0.18808797E-05
 -0.10107699E-02 -0.46801838E-02  0.69084897E-03  0.32582530E-02  0.87759955E-05
 -0.10721547E-03  0.43052715E-05 -0.52424453E-03
  0.46440549E-04  0.65440999E-04  0.15972077E-02  0.36807627E-04  0.17082279E-04
 -0.25420836E-02  0.47231308E-03  0.10415446E-03  0.35972803E-03  0.44880998E-03
 -0.35785659E-03  0.31869347E-03  0.38075066E-03  0.10703761E-03 -0.65399918E-03
 -0.11285071E-02 -0.39787901E-03  0.17880343E-04  0.14175776E-03 -0.87050792E-05
  0.00000000E+00  0.00000000E+00  0.00000000E+00  0.00000000E+00  0.00000000E+00
  0.00000000E+00  0.00000000E+00  0.00000000E+00  0.00000000E+00 -0.26199884E-07
  0.69550008E-07  0.12553980E-05  0.63388434E-05 -0.40701581E-04  0.52870815E-02
 -0.62722756E-05 -0.22396778E-05 -0.36027550E-05 -0.35386935E-05 -0.39864620E-05
  0.81528580E-03 -0.21459478E-05 -0.10732428E-05  0.11857996E-04 -0.38960209E-07
  0.50528786E-05  0.12460771E-06  0.24753376E-04
  0.46584615E-04  0.50920662E-04  0.57545080E-04 -0.85726551E-02  0.12104265E-03
  0.16495232E-03  0.43322601E-03  0.23020324E-03  0.26325072E-02  0.22146101E-04
  0.56028957E-02 -0.43290627E-03  0.76298672E-03 -0.65906175E-03 -0.22424580E-03
  0.97252458E-02 -0.72760656E-02  0.48048285E-04  0.14072226E-03 -0.79593148E-05
  0.00000000E+00  0.00000000E+00  0.00000000E+00  0.00000000E+00  0.00000000E+00
  0.00000000E+00  0.00000000E+00  0.00000000E+00  0.00000000E+00 -0.26100095E-07
  0.69396051E-07  0.00000000E+00  0.63366482E-05  0.48576024E-03 -0.10660533E-04
 -0.87618791E-05 -0.12969911E-06  0.13763359E-04 -0.33415506E-05 -0.43235805E-05
 -0.76838051E-05 -0.25941851E-05 -0.46417408E-05  0.35605729E-04  0.31296957E-04
 -0.16318352E-06  0.23157302E-05  0.14849315E-04
 -0.17419446E-02  0.15907967E-04 -0.12795814E-03 -0.12554330E-04 -0.66254088E-04
 -0.93221471E-04 -0.12941500E-03 -0.14027229E-03 -0.12850720E-03 -0.15517446E-03
 -0.16048663E-03 -0.91853859E-04  0.11352494E-04  0.71356322E-04  0.53635264E-04
  0.92977598E-04  0.10649819E-04  0.28048335E-04  0.13715072E-03 -0.70324974E-05
  0.00000000E+00  0.00000000E+00  0.00000000E+00  0.00000000E+00  0.00000000E+00
  0.00000000E+00  0.00000000E+00  0.00000000E+00  0.00000000E+00 -0.23692578E-07
  0.64143742E-07  0.00000000E+00  0.35851642E-05  0.22401906E-05 -0.18941784E-04
 -0.41007687E-04 -0.44439868E-05 -0.62612071E-06 -0.58316345E-06 -0.18650830E-06
  0.18341495E-04 -0.58072784E-05 -0.84519784E-05  0.11162367E-06  0.18553262E-06
  0.65062402E-05  0.23957695E-05 -0.89042115E-07
 -0.37258115E-04 -0.43693526E-04 -0.46467163E-04 -0.29851523E-04 -0.12436526E-04
  0.16323116E-05 -0.27873210E-05 -0.23815547E-04  0.16492893E-03 -0.18244337E-02
  0.17370001E-04  0.10471845E-03  0.46098253E-02  0.24615283E-04 -0.28753224E-04
 -0.35036089E-05 -0.19792143E-05  0.94630152E-04  0.83611653E-05 -0.67394625E-04
  0.00000000E+00  0.00000000E+00  0.00000000E+00  0.00000000E+00  0.00000000E+00
  0.00000000E+00  0.00000000E+00  0.00000000E+00  0.00000000E+00 -0.20935612E-07
  0.57928904E-07  0.00000000E+00  0.00000000E+00  0.42562149E-05  0.22053722E-06
 -0.13848610E-04  0.32840913E-04 -0.14121200E-04  0.22072207E-07 -0.23083414E-06
 -0.52700558E-07 -0.55698779E-06  0.92724151E-07  0.21554764E-05  0.11726493E-04
  0.40289760E-05  0.29831853E-07  0.00000000E+00
  0.14399871E-04  0.25883207E-05 -0.17436387E-05 -0.32854657E-05 -0.49299449E-03
  0.18212102E-06  0.14890793E-04  0.31207712E-04  0.27966533E-04  0.26834736E-04
  0.19117931E-04  0.28177919E-05 -0.85970041E-05 -0.13076821E-04 -0.15959109E-04
 -0.32130248E-04 -0.17030950E-02  0.11054682E-03 -0.45110855E-04 -0.25149095E-05
  0.00000000E+00  0.00000000E+00  0.00000000E+00  0.00000000E+00  0.00000000E+00
  0.00000000E+00  0.00000000E+00  0.00000000E+00  0.00000000E+00 -0.16984193E-07
  0.47856644E-07  0.00000000E+00  0.00000000E+00  0.00000000E+00  0.31208845E-05
 -0.13336426E-05 -0.31721542E-05 -0.65315359E-02 -0.38153743E-06 -0.12319615E-06
 -0.21891959E-07  0.37918860E-05  0.91467564E-05  0.71388543E-05  0.40972847E-07
  0.42461138E-07  0.11241898E-06  0.61019840E-07
  0.27085244E-05 -0.35138887E-02  0.20072225E-04  0.24649157E-04  0.27999109E-04
  0.30823232E-04  0.73752505E-05  0.26547588E-05 -0.33371134E-05 -0.65219134E-06
 -0.14533220E-06  0.36126548E-06  0.53254125E-06  0.65885279E-06  0.97847107E-06
  0.72084968E-06 -0.20464819E-05  0.46790127E-04 -0.26537960E-04 -0.13733454E-05
  0.00000000E+00  0.00000000E+00  0.00000000E+00  0.00000000E+00  0.00000000E+00
  0.00000000E+00  0.00000000E+00  0.00000000E+00  0.00000000E+00 -0.12095571E-07
  0.35037750E-07  0.00000000E+00  0.00000000E+00  0.00000000E+00  0.00000000E+00
  0.15581336E-05  0.13010704E-05  0.65052531E-02  0.11561081E-05 -0.17080633E-05
  0.39769114E-03  0.37205612E-05 -0.10813048E-06 -0.11841033E-06 -0.14499304E-06
 -0.51281394E-07  0.00000000E+00  0.28066571E-07
 -0.32418142E-06 -0.24592735E-06 -0.11585548E-07 -0.54268273E-07 -0.71547240E-07
 -0.86601527E-07  0.11933135E-04  0.16888093E-04  0.19742642E-04  0.11670116E-04
  0.12580338E-06 -0.22115982E-07 -0.20983264E-06 -0.28751450E-06 -0.12837541E-06
 -0.16977491E-06  0.34858147E-04  0.35681721E-04 -0.11759070E-04  0.32983639E-06
  0.00000000E+00  0.00000000E+00  0.00000000E+00  0.00000000E+00  0.00000000E+00
  0.00000000E+00  0.00000000E+00  0.00000000E+00  0.00000000E+00 -0.65805540E-08
  0.20476844E-07  0.00000000E+00  0.00000000E+00  0.00000000E+00  0.00000000E+00
  0.70636017E-06  0.17808959E-04  0.76753039E-06 -0.11265412E-05  0.61965207E-06
  0.91327801E-06 -0.82756169E-06  0.21400785E-07 -0.62205707E-07 -0.27705934E-07
 -0.56157337E-07 -0.80762106E-07 -0.63927769E-07
 -0.32655715E-10 -0.24656903E-08 -0.11829588E-07 -0.24518927E-07  0.12547203E-04
 -0.10903713E-07  0.65497740E-08 -0.60507583E-04  0.94792993E-04 -0.20524726E-02
  0.30632023E-02 -0.13864574E-01  0.10613995E-01 -0.96670897E-02 -0.45184460E-02
  0.17598561E-03  0.64482405E-03 -0.45117872E-03  0.12895389E-03  0.63407098E-04
  0.00000000E+00  0.00000000E+00  0.00000000E+00  0.00000000E+00  0.00000000E+00
  0.00000000E+00  0.00000000E+00  0.00000000E+00  0.00000000E+00  0.71613620E-06
  0.00000000E+00  0.35056977E-05  0.16580608E-03 -0.24204447E-02 -0.37120234E-03
 -0.33086064E-02 -0.15931342E-02 -0.33509274E-03 -0.83053518E-03 -0.39547353E-03
 -0.55535328E-02  0.10591633E-07  0.60165942E-08  0.40277781E-09  0.16608636E-02
  0.43909229E-11  0.77037371E-11 -0.13067070E-12
  0.11321204E-10  0.00000000E+00 -0.25181694E-08 -0.27843567E-07 -0.88579652E-08
  0.74567992E-05 -0.55518259E-07  0.25992495E-07 -0.66273044E-05  0.40972853E-02
  0.53373380E-03  0.44720289E-02 -0.16365713E-01 -0.27674956E-02 -0.90747842E-03
  0.96910250E-03  0.70142211E-03  0.21852384E-02  0.15076054E-03  0.72650739E-04
  0.00000000E+00  0.00000000E+00  0.00000000E+00  0.00000000E+00  0.00000000E+00
  0.00000000E+00  0.00000000E+00  0.00000000E+00  0.00000000E+00  0.81290080E-06
  0.00000000E+00  0.40049342E-05  0.31587593E-03 -0.18809150E-02 -0.42039573E-03
 -0.42101098E-02 -0.24812146E-02 -0.20659350E-02  0.46221137E-03 -0.76280903E-03
 -0.27184248E-03 -0.28542927E-02 -0.67383479E-05  0.26182051E-03 -0.16980134E-05
 -0.24524046E-10  0.42837541E-11  0.13280480E-11
  0.47857212E-13  0.60704313E-10  0.96277355E-09  0.40840422E-08 -0.77984608E-07
  0.59476260E-04 -0.29702967E-08  0.14323704E-04 -0.25103869E-02  0.53312548E-02
 -0.28603583E-02 -0.16750380E-02  0.19400312E-04  0.32839479E-02 -0.68368966E-02
  0.11231071E-02  0.37892850E-02  0.89887964E-03  0.17477244E-03  0.82847526E-04
  0.00000000E+00  0.00000000E+00  0.00000000E+00  0.00000000E+00  0.00000000E+00
  0.00000000E+00  0.00000000E+00  0.00000000E+00  0.00000000E+00  0.48806112E-06
  0.00000000E+00  0.28997628E-03  0.56591188E-03 -0.92255691E-02 -0.71585608E-02
 -0.65757504E-03 -0.43225363E-02 -0.17418815E-02 -0.35240745E-02  0.61445258E-03
  0.14334753E-03  0.46870652E-02 -0.17363454E-04 -0.15601796E-04 -0.59962537E-03
 -0.20699788E-08 -0.14595371E-09  0.43881766E-11
 -0.14580490E-09  0.37945703E-10  0.95613068E-10  0.37524551E-10 -0.93318136E-07
  0.20012107E-09  0.24061063E-03 -0.11379655E-02  0.35906950E-03 -0.15191167E-03
 -0.82803253E-02  0.51028698E-02  0.86701686E-02  0.12720241E-01 -0.41193066E-03
  0.15383557E-02  0.30903306E-02  0.64957198E-03  0.20530709E-03  0.95059607E-04
  0.00000000E+00  0.00000000E+00  0.00000000E+00  0.00000000E+00  0.00000000E+00
  0.00000000E+00  0.00000000E+00  0.00000000E+00  0.00000000E+00  0.55591658E-06
  0.00000000E+00  0.29301115E-04  0.52548690E-03 -0.24534340E-01 -0.12437888E-01
  0.89972433E-03 -0.68367699E-02  0.15634333E-03  0.12944655E-02  0.40965233E-03
 -0.76147302E-03  0.23424253E-04  0.11702747E-02  0.99342823E-03 -0.86231950E-10
 -0.60321353E-10 -0.55142203E-09 -0.77550095E-10
 -0.31887206E-09  0.00000000E+00  0.58811471E-11  0.18666291E-09 -0.10774915E-06
  0.27124623E-07 -0.38834833E-07 -0.58349849E-07 -0.99870202E-04  0.28352900E-03
 -0.10694784E-02  0.71264408E-04 -0.97743978E-03 -0.96390180E-02 -0.80065875E-02
  0.43491677E-02  0.68234345E-02  0.17977503E-02  0.10482056E-01  0.11434943E-03
  0.00000000E+00  0.00000000E+00  0.00000000E+00  0.00000000E+00  0.00000000E+00
  0.00000000E+00  0.00000000E+00  0.00000000E+00  0.00000000E+00  0.64471277E-06
  0.00000000E+00  0.13299219E-03  0.14578616E-02 -0.10073679E-01 -0.83759459E-02
  0.74178063E-02  0.10715515E-01 -0.73105741E-03  0.52285226E-03  0.18223254E-03
 -0.11365002E-03  0.21317651E-03 -0.39563501E-03 -0.22517759E-02  0.10035952E-02
 -0.25126402E-08 -0.68796399E-10 -0.10182763E-11
 -0.63891868E-09  0.75372553E-10  0.32284806E-08  0.85183830E-08 -0.14551167E-06
  0.10476442E-07 -0.48607297E-05 -0.17604913E-06  0.45603596E-05  0.26107755E-02
 -0.34788239E-02  0.30637742E-02 -0.64755943E-02 -0.32197667E-02  0.33805342E-02
 -0.51010587E-04  0.12607372E-01  0.50748385E-02  0.34649331E-04  0.29017824E-03
  0.00000000E+00  0.00000000E+00  0.00000000E+00  0.00000000E+00  0.00000000E+00
  0.00000000E+00  0.00000000E+00  0.00000000E+00  0.00000000E+00  0.75677570E-06
  0.22245790E-02  0.20609197E-03 -0.25627046E-02 -0.98438780E-02 -0.23179196E-02
 -0.10756173E-01  0.24548008E-02 -0.96544683E-03 -0.97872436E-04 -0.56230923E-04
 -0.10303851E-03  0.30702107E-03  0.22869788E-03  0.47247523E-08 -0.18483104E-04
  0.14956207E-08 -0.30956412E-08 -0.16532648E-10
 -0.97306046E-09  0.13547653E-08  0.77804506E-10  0.24823239E-08 -0.14692220E-06
 -0.44755336E-05 -0.11248618E-04 -0.17597428E-03 -0.74273432E-03  0.89020277E-02
 -0.25451261E-02 -0.42288123E-03  0.28900544E-03  0.74518195E-02  0.21312252E-02
  0.15617369E-01  0.10235297E-01  0.50293508E-02  0.39577974E-03  0.15214264E-03
  0.00000000E+00  0.00000000E+00  0.00000000E+00  0.00000000E+00  0.00000000E+00
  0.00000000E+00  0.00000000E+00  0.00000000E+00  0.00000000E+00  0.87850430E-06
 -0.21681117E-04  0.35881574E-03  0.82195596E-02 -0.14863433E-02 -0.17341901E-01
 -0.51086888E-02  0.10732122E-02 -0.70635203E-03 -0.21634659E-04 -0.57285382E-03
 -0.88988368E-04  0.70248460E-04  0.82259445E-03 -0.11915645E-03 -0.69793071E-07
  0.72061726E-08  0.79966198E-03 -0.68716111E-09
 -0.56669526E-05 -0.64562667E-12  0.61059930E-08  0.40170903E-07  0.19444169E-02
 -0.62984826E-07  0.18189890E-02  0.52948463E-03  0.80634196E-03  0.10514868E-02
 -0.32538777E-02 -0.48479962E-03  0.29416398E-02 -0.26384087E-02 -0.27525843E-01
  0.33441727E-01  0.88148691E-02  0.16706246E-02  0.16490633E-01 -0.73474244E-05
  0.00000000E+00  0.00000000E+00  0.00000000E+00  0.00000000E+00  0.00000000E+00
  0.00000000E+00  0.00000000E+00  0.00000000E+00  0.00000000E+00  0.10232871E-05
  0.30383586E-03  0.48697941E-04  0.22605347E-01 -0.14928719E-01  0.36990151E-02
 -0.75873785E-02  0.13261186E-02 -0.38450600E-02  0.19077323E-04 -0.65708810E-04
  0.10435415E-03 -0.93786891E-05  0.98150187E-05  0.28224495E-03 -0.70405245E-04
 -0.46643751E-08 -0.17174868E-10 -0.57220085E-09
 -0.42554672E-08 -0.11835796E-02  0.11877867E-07 -0.75916142E-04  0.35385756E-07
 -0.85656662E-03  0.13261839E-02  0.20697986E-02 -0.38608771E-02 -0.46724311E-02
  0.24866931E-02  0.16175064E-02  0.11895299E-02 -0.29622538E-01 -0.43665502E-01
  0.65296361E-01  0.24559716E-01  0.27265923E-02 -0.84787582E-03  0.21461731E-03
  0.00000000E+00  0.00000000E+00  0.00000000E+00  0.00000000E+00  0.00000000E+00
  0.00000000E+00  0.00000000E+00  0.00000000E+00  0.00000000E+00  0.10992531E-05
  0.10264417E-03  0.28824765E-03  0.66107669E-02  0.16946246E-01  0.61326993E-02
 -0.15291286E-02 -0.69196821E-03  0.86440287E-03 -0.47701134E-03 -0.56101809E-02
  0.53761533E-03 -0.35222087E-03  0.11968130E-02  0.98052103E-05 -0.20650094E-04
 -0.11365253E-02  0.26672111E-08  0.39244979E-10
 -0.26849753E-08  0.62598455E-08 -0.49395418E-08  0.34168888E-05 -0.74851477E-06
 -0.28232846E-02 -0.13803631E-02 -0.37379285E-03  0.41698424E-02 -0.27704338E-02
 -0.46086273E-03 -0.39252513E-02 -0.14966568E-01  0.22596607E-01  0.21079103E-01
  0.44083681E-02  0.34701992E-02  0.22353070E-02  0.11566792E-02  0.22123316E-03
  0.00000000E+00  0.00000000E+00  0.00000000E+00  0.00000000E+00  0.00000000E+00
  0.00000000E+00  0.00000000E+00  0.00000000E+00  0.00000000E+00  0.11174463E-05
  0.19759322E-04  0.61971561E-04  0.42921703E-02 -0.71776235E-02  0.28128036E-03
 -0.17745819E-02 -0.84773339E-02  0.19208634E-02 -0.11346500E-02  0.26936938E-02
 -0.32552487E-03 -0.16605387E-03 -0.79923662E-05 -0.94206514E-10  0.14905279E-08
 -0.83593981E-07  0.12460477E-09  0.67471370E-09
 -0.16096876E-07 -0.10069259E-06 -0.85757675E-07 -0.10133097E-06  0.71807516E-04
 -0.39087317E-03 -0.39865456E-02 -0.34188052E-02  0.89903544E-03  0.41680554E-02
 -0.86034511E-02 -0.23326092E-02  0.19613293E-01 -0.22429878E-02 -0.24624104E-02
  0.12895231E-01  0.11967508E-01 -0.31443867E-02  0.58125860E-03  0.21388104E-03
  0.00000000E+00  0.00000000E+00  0.00000000E+00  0.00000000E+00  0.00000000E+00
  0.00000000E+00  0.00000000E+00  0.00000000E+00  0.00000000E+00  0.11045502E-05
  0.25373191E-06  0.75815946E-04  0.12506654E-02  0.19298303E-01 -0.14010789E-01
 -0.22468039E-02 -0.15250047E-01 -0.12264399E-02  0.11170802E-02 -0.14871301E-02
 -0.45929855E-02  0.22431942E-04  0.12366908E-04 -0.22109524E-08  0.00000000E+00
 -0.11747709E-06  0.55189392E-09  0.00000000E+00
  0.34872221E-08  0.72948035E-05  0.15878139E-06  0.15486222E-06 -0.27730232E-04
 -0.34816760E-02 -0.98481243E-02 -0.11026303E-01  0.45279194E-02 -0.20040898E-02
  0.48321753E-02  0.17544352E-02 -0.13876304E-01  0.16458096E-02  0.13477176E-02
 -0.25691244E-01  0.64267738E-02  0.66814735E-02  0.48231243E-02  0.21465844E-03
  0.00000000E+00  0.00000000E+00  0.00000000E+00  0.00000000E+00  0.00000000E+00
  0.00000000E+00  0.00000000E+00  0.00000000E+00  0.00000000E+00  0.11389015E-05
  0.10483838E-05  0.84249628E-04  0.24597976E-03  0.75427007E-02  0.55383445E-02
 -0.49039510E-02  0.16609071E-01  0.81766680E-03  0.15568993E-02  0.49017091E-02
 -0.33303311E-03  0.15638376E-03 -0.82373657E-04  0.63007626E-05 -0.16695944E-08
 -0.17660079E-06 -0.11826727E-04  0.21939598E-09
  0.47774379E-07 -0.99610539E-04 -0.91031371E-05 -0.10723537E-01  0.20984259E-03
 -0.62593011E-02 -0.40446631E-02  0.37626689E-02 -0.10163471E-01 -0.22145841E-02
  0.57982276E-03 -0.83986927E-02  0.13857248E-01  0.21039622E-02  0.10458085E-01
 -0.94781568E-02  0.56606745E-02  0.20152735E-02  0.37131433E-03  0.22210503E-03
  0.00000000E+00  0.00000000E+00  0.00000000E+00  0.00000000E+00  0.00000000E+00
  0.00000000E+00  0.00000000E+00  0.00000000E+00  0.00000000E+00  0.11804534E-05
  0.18752904E-05  0.98355122E-04  0.70084953E-03  0.91040490E-03  0.20645029E-01
  0.33389772E-03 -0.15884741E-01  0.12787842E-02 -0.40767056E-03  0.44211393E-02
 -0.14426224E-03 -0.85908456E-03 -0.20880462E-03 -0.19899108E-04 -0.47864571E-04
 -0.14324187E-06 -0.60223943E-07  0.54036829E-09
 -0.48713782E-06 -0.78785691E-03  0.20614596E-02  0.63961515E-02  0.20207351E-02
 -0.23998441E-02  0.75746083E-02  0.62850155E-03 -0.50923100E-02 -0.48941324E-02
  0.58483594E-02 -0.40621154E-02  0.62706498E-02 -0.27561908E-01 -0.15663804E-01
  0.36717581E-01  0.27251252E-01  0.18355288E-02  0.36511654E-03  0.21760349E-03
  0.00000000E+00  0.00000000E+00  0.00000000E+00  0.00000000E+00  0.00000000E+00
  0.00000000E+00  0.00000000E+00  0.00000000E+00  0.00000000E+00  0.11853813E-05
  0.26113202E-05  0.10415674E-03  0.59789865E-04  0.16792954E-02  0.83044154E-02
  0.11199661E-01 -0.10135553E-01 -0.48181709E-02  0.85487690E-03 -0.10372713E-03
 -0.11071293E-02  0.10127329E-02 -0.24776497E-04  0.90701953E-03 -0.11345893E-04
 -0.19918916E-04 -0.21784872E-06 -0.91178473E-05
  0.75946953E-02 -0.85573558E-02 -0.51317513E-02  0.75655904E-02 -0.17850442E-02
 -0.37558948E-04  0.23503546E-02  0.71664159E-03 -0.35351874E-03 -0.79068090E-02
 -0.33681762E-02  0.81002388E-02 -0.10672872E-01  0.10281094E-01 -0.11391724E-01
  0.10293247E-01  0.45507029E-02  0.11637167E-02  0.80994088E-03 -0.63179211E-02
  0.00000000E+00  0.00000000E+00  0.00000000E+00  0.00000000E+00  0.00000000E+00
  0.00000000E+00  0.00000000E+00  0.00000000E+00  0.00000000E+00  0.12007681E-05
  0.33290618E-05  0.11070859E-03  0.43050307E-04  0.28993414E-03  0.22848261E-02
  0.91794734E-02  0.74289876E-02 -0.10440959E-01 -0.76207528E-02 -0.70462283E-04
  0.21169551E-03 -0.24285834E-02 -0.35154346E-03 -0.26487111E-04  0.32986588E-04
 -0.43648021E-04 -0.73872883E-03 -0.47116665E-07
  0.14666475E-02  0.10052003E-02  0.37141227E-03  0.43498942E-02 -0.31771738E-02
 -0.79424035E-02  0.35685060E-02  0.10059823E-01 -0.50748865E-02 -0.40673582E-02
 -0.50327224E-02 -0.30130710E-01  0.56913829E-02 -0.13272840E-02  0.11039517E-01
  0.68911734E-03  0.27464120E-02  0.38209341E-02  0.58456325E-04 -0.63199258E-04
  0.00000000E+00  0.00000000E+00  0.00000000E+00  0.00000000E+00  0.00000000E+00
  0.00000000E+00  0.00000000E+00  0.00000000E+00  0.00000000E+00  0.12594946E-05
  0.41973436E-05  0.11816890E-03  0.11920333E-03  0.15698555E-03  0.43561050E-02
  0.60924711E-02  0.32605981E-02 -0.24323507E-02 -0.54483118E-03 -0.13191644E-02
 -0.42518847E-03  0.17510009E-02 -0.69203300E-03 -0.47781485E-02  0.18959259E-02
  0.66410280E-04 -0.23800786E-03  0.18666988E-02
 -0.64770542E-02  0.63192208E-02 -0.18113395E-02 -0.47681168E-03 -0.75475613E-02
  0.25751087E-02  0.83043425E-02 -0.23294044E-02 -0.29384124E-02 -0.56550355E-02
  0.14426362E-01  0.10988008E-01  0.31198175E-02 -0.22862648E-01  0.49043193E-02
  0.14190595E-01  0.95894993E-02  0.24666962E-03  0.39141362E-04 -0.61588979E-04
  0.00000000E+00  0.00000000E+00  0.00000000E+00  0.00000000E+00  0.00000000E+00
  0.00000000E+00  0.00000000E+00  0.00000000E+00  0.00000000E+00  0.12394034E-05
  0.49781337E-05  0.12154976E-03  0.54332583E-05  0.23124391E-03  0.83394968E-03
 -0.29490721E-02  0.15817988E-02 -0.15282700E-03  0.66370775E-03 -0.18645085E-02
 -0.11207494E-02  0.89670071E-03 -0.92540045E-03  0.35112290E-02 -0.75222032E-02
 -0.50117494E-02  0.32053635E-03 -0.44051504E-04
  0.13158032E-02  0.17076510E-02 -0.12361242E-02 -0.10352709E-01 -0.40626377E-02
 -0.76771457E-02 -0.17600762E-01  0.91811880E-02  0.28144238E-01 -0.23191139E-02
 -0.69083912E-02  0.37042594E-02 -0.78068290E-02  0.11838250E-01  0.14335174E-01
 -0.86761750E-02  0.53054846E-02 -0.16515586E-02 -0.77714062E-04 -0.64489944E-04
  0.00000000E+00  0.00000000E+00  0.00000000E+00  0.00000000E+00  0.00000000E+00
  0.00000000E+00  0.00000000E+00  0.00000000E+00  0.00000000E+00  0.12838949E-05
  0.61941555E-05  0.12425128E-03  0.46908473E-05  0.10119863E-02  0.81763170E-03
  0.58545422E-03  0.41183909E-02  0.23764850E-02 -0.39383614E-02 -0.13115803E-02
 -0.85199161E-05 -0.70158530E-04  0.11183375E-02 -0.35353866E-02 -0.14693721E-02
  0.98933553E-02  0.15564127E-03  0.18801793E-06
  0.22045919E-02 -0.10426688E-02 -0.45699780E-02  0.14143107E-01  0.50038781E-02
 -0.10774150E-01 -0.99602379E-02  0.11470294E-01 -0.14139964E-01  0.27160103E-02
 -0.18359324E-01 -0.10785468E-02  0.19382189E-01  0.15079308E-02  0.16767517E-03
  0.45384833E-02  0.10099121E-02  0.12501028E-02  0.47403488E-03 -0.62041998E-04
  0.00000000E+00  0.00000000E+00  0.00000000E+00  0.00000000E+00  0.00000000E+00
  0.00000000E+00  0.00000000E+00  0.00000000E+00  0.00000000E+00  0.13357533E-05
  0.10206956E-04  0.46235872E-04  0.10993841E-03  0.14042785E-04  0.46192242E-03
  0.23765107E-02  0.63975213E-03  0.55002539E-02  0.99713186E-02 -0.10113815E-01
 -0.32246567E-02 -0.55776423E-03 -0.45446180E-02  0.60990259E-02 -0.48085846E-03
 -0.61455634E-03  0.42640369E-02  0.27906012E-03
  0.31937585E-03  0.85204974E-02 -0.12396211E-02 -0.11603890E-01  0.21738936E-02
  0.99440526E-02  0.25809155E-02 -0.11407537E-01  0.89763598E-02  0.53284951E-02
  0.10622745E-01 -0.18092373E-02  0.81187003E-03  0.29871676E-02 -0.31882996E-03
  0.51999747E-03  0.10447004E-01  0.86942319E-03 -0.85987688E-02 -0.61738266E-04
  0.00000000E+00  0.00000000E+00  0.00000000E+00  0.00000000E+00  0.00000000E+00
  0.00000000E+00  0.00000000E+00  0.00000000E+00  0.00000000E+00  0.13767694E-05
  0.16121076E-05 -0.58083783E-05  0.18237687E-03  0.17487179E-05  0.12720555E-03
 -0.78893878E-03  0.19133429E-02  0.63591405E-02 -0.82899145E-02  0.12949227E-01
 -0.42414702E-02  0.13136046E-02  0.18658705E-03 -0.60769347E-03  0.34092621E-02
 -0.38376361E-03 -0.15947113E-03  0.16713529E-04
 -0.74586632E-02 -0.46015061E-02  0.61181961E-02  0.75921608E-02  0.16577273E-02
 -0.16691615E-02 -0.28867436E-02  0.83221728E-02  0.28554067E-02 -0.19408257E-01
  0.14151841E-01  0.42886028E-02  0.18553953E-02 -0.44988762E-02  0.23244471E-02
  0.41979862E-02  0.69482555E-02  0.27245541E-02  0.78851194E-03 -0.61045562E-04
  0.00000000E+00  0.00000000E+00  0.00000000E+00  0.00000000E+00  0.00000000E+00
  0.00000000E+00  0.00000000E+00  0.00000000E+00  0.00000000E+00  0.71759406E-06
  0.00000000E+00  0.73117143E-05  0.16821607E-03  0.11920461E-05  0.27146356E-05
  0.55129317E-04  0.13710065E-03  0.18080117E-02 -0.86737889E-04  0.36739429E-02
 -0.21988709E-02 -0.78429188E-03  0.33163423E-02 -0.81955367E-02 -0.13510202E-02
  0.79047197E-03 -0.24478212E-02  0.27409162E-04
  0.12083283E-01 -0.26610096E-02 -0.16871759E-02 -0.41662618E-02  0.26513514E-02
 -0.14471190E-02 -0.22583645E-02  0.48589563E-03 -0.56982903E-02  0.56834588E-02
  0.51946013E-02 -0.11087080E-02 -0.67109617E-02  0.30351985E-01 -0.56383043E-03
 -0.22463682E-02 -0.96894948E-03 -0.23624758E-02  0.67882830E-03 -0.59565144E-04
  0.00000000E+00  0.00000000E+00  0.00000000E+00  0.00000000E+00  0.00000000E+00
  0.00000000E+00  0.00000000E+00  0.00000000E+00  0.00000000E+00  0.71656080E-06
  0.00000000E+00  0.92989998E-05  0.93169057E-04  0.87624372E-04  0.17660521E-05
  0.93977972E-05  0.22931199E-03  0.33873598E-04  0.18664005E-02 -0.52905762E-04
  0.66691073E-02 -0.53013634E-02 -0.69695036E-03  0.13323392E-02  0.42391112E-02
 -0.63909754E-04  0.71588223E-04  0.19572533E-02
  0.10832441E-02 -0.12426423E-02  0.39039919E-03  0.26486221E-02  0.11991786E-02
 -0.92056725E-02  0.15897686E-02  0.29349756E-02  0.49104188E-02  0.11486606E-01
  0.27805715E-02  0.26851078E-02  0.60170090E-02  0.11870957E-03  0.25732733E-02
 -0.15827661E-01  0.62905785E-02  0.29804415E-02  0.61546022E-03 -0.59214008E-04
  0.00000000E+00  0.00000000E+00  0.00000000E+00  0.00000000E+00  0.00000000E+00
  0.00000000E+00  0.00000000E+00  0.00000000E+00  0.00000000E+00  0.71531444E-06
  0.00000000E+00  0.10407288E-04 -0.11134338E-04  0.20945162E-03  0.00000000E+00
  0.18627636E-05  0.13721819E-04  0.23497933E-03  0.94147196E-04  0.30640146E-03
 -0.25912595E-03 -0.95754643E-04 -0.12627597E-02 -0.42629438E-03  0.21203388E-02
 -0.37847544E-02 -0.92661605E-04 -0.41848124E-03
  0.23361225E-02  0.21145461E-01 -0.13682309E-02  0.27253025E-02  0.28084259E-02
  0.11742379E-02 -0.12824145E-01  0.71010234E-02 -0.21466036E-02  0.10571378E-02
  0.49506911E-03  0.60013664E-04  0.61309735E-02  0.11756056E-02 -0.70096012E-02
 -0.60215399E-03 -0.54898379E-03  0.29859175E-02  0.53339555E-03 -0.56112828E-04
  0.00000000E+00  0.00000000E+00  0.00000000E+00  0.00000000E+00  0.00000000E+00
  0.00000000E+00  0.00000000E+00  0.00000000E+00  0.00000000E+00  0.70822970E-06
  0.00000000E+00  0.12835811E-04 -0.12480899E-04  0.15056762E-03  0.60558153E-04
  0.22778398E-07  0.10773396E-05  0.12620234E-04  0.23675925E-02  0.55910425E-03
 -0.46335368E-03 -0.29920165E-02  0.12586559E-02 -0.10733303E-04  0.12304836E-02
 -0.14552722E-02  0.31797760E-02  0.67367644E-04
 -0.21920505E-04  0.23314362E-04  0.28743131E-02  0.23108200E-03  0.82772742E-04
  0.31917265E-02  0.44738426E-02  0.11448755E-03  0.96978143E-04  0.23013663E-02
 -0.26594206E-03  0.10453334E-03  0.82488304E-04 -0.28211356E-04  0.49788457E-03
  0.10866028E-02 -0.19872877E-02  0.50459763E-05  0.51690295E-03 -0.55883093E-04
  0.00000000E+00  0.00000000E+00  0.00000000E+00  0.00000000E+00  0.00000000E+00
  0.00000000E+00  0.00000000E+00  0.00000000E+00  0.00000000E+00  0.69990299E-06
  0.00000000E+00  0.13098762E-04 -0.10082442E-04  0.21487930E-03  0.21678764E-03
  0.38889057E-08 -0.99044342E-05  0.45325267E-06 -0.23363704E-03  0.43682652E-04
  0.11943427E-02  0.42986628E-02 -0.27350073E-03  0.19351450E-02 -0.10256883E-02
  0.19555008E-02 -0.19408299E-04  0.10475718E-02
 -0.74729707E-04 -0.24744791E-05  0.93453234E-02  0.21992775E-04  0.42307287E-05
  0.31440315E-03  0.63436806E-02  0.85890458E-04  0.25290804E-03  0.25133454E-03
  0.68948835E-03  0.42932813E-03  0.10045162E-03  0.18037423E-04  0.34288768E-03
  0.12317392E-02  0.85225793E-03 -0.20402538E-04  0.39989090E-03 -0.52163780E-04
  0.00000000E+00  0.00000000E+00  0.00000000E+00  0.00000000E+00  0.00000000E+00
  0.00000000E+00  0.00000000E+00  0.00000000E+00  0.00000000E+00  0.52368018E-07
  0.54055412E-06  0.26833795E-05  0.10908659E-04 -0.24418369E-04 -0.31617630E-02
  0.29226003E-04  0.31011553E-05  0.14956176E-04 -0.26679986E-07  0.33516757E-05
 -0.49135198E-03  0.20264695E-05  0.18891485E-06 -0.91296293E-04  0.71892938E-07
  0.17361286E-04  0.12267679E-05  0.18664874E-05
  0.17085678E-04  0.20098277E-04  0.36086958E-04 -0.12417645E-02  0.11858301E-02
  0.13111163E-03 -0.24396821E-03  0.14869112E-03 -0.12673358E-01  0.57633657E-03
  0.20092036E-01  0.86906220E-04  0.51430112E-03  0.43191408E-03  0.33051672E-03
 -0.41172927E-02  0.53400011E-02 -0.93541161E-04  0.33761737E-03 -0.47581499E-04
  0.00000000E+00  0.00000000E+00  0.00000000E+00  0.00000000E+00  0.00000000E+00
  0.00000000E+00  0.00000000E+00  0.00000000E+00  0.00000000E+00  0.40312035E-07
  0.53916536E-06  0.00000000E+00  0.13536734E-04 -0.28228499E-03 -0.69276705E-05
  0.52946502E-04  0.14256766E-06  0.21997000E-04  0.31306137E-05  0.20857137E-05
 -0.11923895E-05  0.24832247E-05  0.62343753E-04 -0.11809041E-04  0.61738415E-04
  0.80208785E-07  0.23676085E-04  0.13706756E-04
  0.48126497E-03  0.23707842E-03 -0.39545289E-03  0.47445429E-04  0.41273935E-04
  0.36314689E-04  0.45253834E-04  0.54006306E-04  0.98573123E-04  0.11217755E-03
  0.17538736E-03  0.15646045E-04  0.84287303E-04  0.90200208E-04  0.59717488E-04
  0.14907132E-03  0.38162819E-04  0.56838697E-04  0.29536994E-03 -0.41927483E-04
  0.00000000E+00  0.00000000E+00  0.00000000E+00  0.00000000E+00  0.00000000E+00
  0.00000000E+00  0.00000000E+00  0.00000000E+00  0.00000000E+00  0.36653292E-07
  0.49815624E-06  0.00000000E+00  0.76541172E-05  0.47806509E-05 -0.96328253E-05
  0.55440646E-04  0.26941945E-04  0.26336362E-06  0.36971089E-06  0.86342628E-06
 -0.10215490E-04  0.34206892E-05 -0.10374786E-04  0.74102633E-07  0.66368833E-07
  0.66117799E-04  0.25613438E-04 -0.16452754E-07
  0.21053811E-04  0.19881751E-04  0.14467461E-04  0.36958740E-05  0.13635033E-04
 -0.23633491E-05 -0.15397885E-05  0.88746569E-05  0.14383333E-03  0.47019186E-03
  0.38034068E-04  0.58700382E-04 -0.77570974E-02  0.32984263E-04  0.31233046E-04
  0.34863915E-05 -0.56776827E-05  0.49540655E-05  0.20612513E-03 -0.17176552E-05
  0.00000000E+00  0.00000000E+00  0.00000000E+00  0.00000000E+00  0.00000000E+00
  0.00000000E+00  0.00000000E+00  0.00000000E+00  0.00000000E+00  0.32444332E-07
  0.44969016E-06  0.00000000E+00  0.00000000E+00  0.90805659E-05  0.14478439E-05
 -0.63620572E-05  0.44164322E-03 -0.94356131E-05 -0.30548377E-06 -0.53125175E-07
 -0.22544773E-08  0.21519967E-06  0.11122892E-06  0.21004741E-04  0.11848000E-03
  0.38953462E-04  0.20054182E-07  0.00000000E+00
  0.54847065E-04  0.34337644E-04  0.63754887E-05  0.10132684E-04  0.36634090E-03
  0.10996463E-04  0.11736310E-04  0.15317377E-04  0.12818558E-04  0.31157566E-04
  0.37706905E-04  0.25774226E-04  0.23629955E-04  0.17540756E-04  0.19283704E-04
  0.30704560E-04  0.37813334E-02  0.21721166E-04  0.11349389E-03 -0.24565678E-04
  0.00000000E+00  0.00000000E+00  0.00000000E+00  0.00000000E+00  0.00000000E+00
  0.00000000E+00  0.00000000E+00  0.00000000E+00  0.00000000E+00  0.26369996E-07
  0.37131832E-06  0.00000000E+00  0.00000000E+00  0.00000000E+00  0.66531808E-05
  0.76346300E-06 -0.27631926E-05 -0.31196822E-02  0.41381614E-06  0.13600827E-06
  0.16344224E-07  0.39350983E-04  0.97778285E-04  0.73950270E-04  0.24132049E-07
  0.25045567E-07  0.73320860E-07  0.40831984E-07
  0.15511210E-05 -0.19602160E-03  0.38895145E-04  0.44415714E-04  0.50981060E-04
  0.59129653E-04  0.20029646E-04  0.10590573E-04  0.72204952E-05 -0.13203124E-05
 -0.25717385E-06 -0.19779479E-05 -0.42452700E-05 -0.51983249E-05 -0.56500795E-05
 -0.65533170E-05  0.22431480E-05  0.52134414E-04  0.65590540E-04 -0.13745630E-04
  0.00000000E+00  0.00000000E+00  0.00000000E+00  0.00000000E+00  0.00000000E+00
  0.00000000E+00  0.00000000E+00  0.00000000E+00  0.00000000E+00  0.18817392E-07
  0.27170941E-06  0.00000000E+00  0.00000000E+00  0.00000000E+00  0.00000000E+00
  0.30965381E-05  0.26913279E-05  0.53774161E-02  0.60267081E-04  0.50409904E-04
 -0.10721976E-02  0.39073357E-04  0.10806130E-06  0.29421266E-07 -0.13391233E-07
 -0.17297976E-08  0.00000000E+00  0.18056049E-07
  0.58794189E-06 -0.14970954E-06 -0.56164514E-06 -0.66809795E-06 -0.82504587E-06
 -0.99104493E-06  0.23366042E-04  0.32973412E-04  0.38216057E-04  0.22340264E-04
 -0.14017907E-05 -0.44595780E-06  0.41622407E-06  0.30725957E-06  0.14700599E-06
  0.20922466E-06 -0.51809082E-04  0.76192711E-05  0.21228657E-04 -0.10259106E-06
  0.00000000E+00  0.00000000E+00  0.00000000E+00  0.00000000E+00  0.00000000E+00
  0.00000000E+00  0.00000000E+00  0.00000000E+00  0.00000000E+00  0.10259520E-07
  0.15869797E-06  0.00000000E+00  0.00000000E+00  0.00000000E+00  0.00000000E+00
  0.31626125E-06  0.10386789E-04  0.16301784E-05  0.50103312E-06  0.31540907E-07
 -0.43727449E-06  0.81218726E-05  0.31499042E-09  0.98592608E-07  0.27894684E-07
  0.18786339E-07  0.22898289E-07  0.17296294E-07
 -0.41423016E-03 -0.44827464E-02 -0.89072352E-02 -0.20925060E-01 -0.49029362E+02
 -0.24955442E-01 -0.45717650E-01 -0.47786360E-01 -0.19446128E+00 -0.36756899E+00
 -0.70270957E+00 -0.42360798E+00 -0.27868016E+00 -0.16406999E+00 -0.13218913E+00
 -0.43415264E+01 -0.35637684E+02 -0.27971015E+02 -0.51542046E+01 -0.15306075E+01
  0.00000000E+00  0.00000000E+00  0.00000000E+00  0.00000000E+00  0.00000000E+00
  0.00000000E+00  0.00000000E+00  0.00000000E+00  0.00000000E+00 -0.22958340E-01
  0.00000000E+00 -0.70007454E-01 -0.50641542E+01 -0.31964855E+01 -0.29646271E+00
 -0.20816004E+00 -0.41130400E-01 -0.49640374E-01 -0.55644618E-01 -0.47784983E-01
 -0.70515269E-01 -0.12411158E-01 -0.16440994E-01 -0.62452532E-02 -0.63631101E-02
 -0.64099367E-03 -0.12650629E-03 -0.21354378E-04
 -0.34954779E-03 -0.11419091E-03 -0.32615482E-02 -0.30949983E-01 -0.18440803E-01
 -0.56483691E-01 -0.98699829E-01 -0.60464221E-01 -0.18586416E+00 -0.35305800E+00
 -0.80961570E+00 -0.79837519E+00 -0.52964679E+00 -0.27040185E+00 -0.11751784E+00
 -0.13194047E+02 -0.59313594E+02 -0.38684423E+02 -0.63402259E+01 -0.17574795E+01
  0.00000000E+00  0.00000000E+00  0.00000000E+00  0.00000000E+00  0.00000000E+00
  0.00000000E+00  0.00000000E+00  0.00000000E+00  0.00000000E+00 -0.26086652E-01
  0.00000000E+00 -0.80262941E-01 -0.72384551E+01 -0.28780476E+00 -0.10342585E+00
 -0.15119644E+00 -0.21512774E-01 -0.79591587E-01 -0.19418176E-01 -0.61623714E-01
 -0.68089464E-01 -0.77716229E-01 -0.29630405E-02 -0.45036281E-01 -0.16030529E-01
 -0.15478369E-02 -0.39627891E-03 -0.49211069E-04
 -0.64204130E-04 -0.77506737E-03 -0.50361693E-02 -0.64687132E-02 -0.60397505E-01
 -0.19160987E-01 -0.25428798E-01 -0.88274301E-01 -0.35442683E+00 -0.55443714E+00
 -0.48274366E+00 -0.89565875E+00 -0.68030254E+00 -0.33877054E+00 -0.34108943E+00
 -0.33527960E+02 -0.13613510E+03 -0.45228260E+02 -0.74960511E+01 -0.20091049E+01
  0.00000000E+00  0.00000000E+00  0.00000000E+00  0.00000000E+00  0.00000000E+00
  0.00000000E+00  0.00000000E+00  0.00000000E+00  0.00000000E+00 -0.21197910E-01
  0.00000000E+00 -0.89602839E+00 -0.11948030E+02 -0.39741700E+00 -0.27185327E+00
 -0.17487751E+00 -0.17772394E+00 -0.71192575E-01 -0.72206261E-01 -0.38505329E-01
 -0.19229728E-01 -0.14336634E+00 -0.12493719E+00 -0.13926389E-01 -0.20460043E-01
 -0.68417456E-02 -0.15918658E-02 -0.31174113E-04
 -0.31847333E-03 -0.10994367E-02 -0.16119202E-02 -0.56380086E-02 -0.52457866E-01
 -0.10534069E-01 -0.65634241E-01 -0.25404273E+00 -0.46913898E+00 -0.31686589E+00
 -0.23096240E+02 -0.33742360E+00 -0.33483060E+00 -0.32133494E+00 -0.35821758E+00
 -0.98453703E+02 -0.19760838E+03 -0.53039449E+02 -0.88913470E+01 -0.23119105E+01
  0.00000000E+00  0.00000000E+00  0.00000000E+00  0.00000000E+00  0.00000000E+00
  0.00000000E+00  0.00000000E+00  0.00000000E+00  0.00000000E+00 -0.24234140E-01
  0.00000000E+00 -0.32693092E+01 -0.24951401E+02 -0.75035928E+00 -0.32465001E+00
 -0.19706159E+00 -0.37957365E+00 -0.36568888E-01 -0.14217584E-01 -0.11168289E-01
 -0.45084885E-01 -0.15217806E-01 -0.13247480E+00 -0.91544224E-01 -0.38354708E-02
 -0.23797158E-02 -0.19678312E-02 -0.58964627E-03
 -0.38529694E-03 -0.55271063E-03 -0.18762845E-02 -0.40384285E-02 -0.88767965E-01
 -0.96639056E-01 -0.13277933E+00 -0.26495352E+00 -0.28910839E+00 -0.37661150E+00
 -0.43338411E+00 -0.23377684E+00 -0.19368593E+00 -0.44014619E+00 -0.80306158E+00
 -0.16856987E+03 -0.38171655E+03 -0.80248148E+02 -0.25823873E+02 -0.27905621E+01
  0.00000000E+00  0.00000000E+00  0.00000000E+00  0.00000000E+00  0.00000000E+00
  0.00000000E+00  0.00000000E+00  0.00000000E+00  0.00000000E+00 -0.28182255E-01
  0.00000000E+00 -0.52453521E+01 -0.78955319E+02 -0.11417237E+01 -0.10087336E+01
 -0.34483183E+00 -0.40975952E+00 -0.83523557E-01 -0.19633355E-01 -0.54510130E-02
 -0.25844533E-01 -0.25880780E-01 -0.14577804E-01 -0.64491187E-01 -0.80677634E-01
 -0.63014983E-02 -0.88945271E-03 -0.11731647E-03
 -0.47781726E-03 -0.10089783E-02 -0.17794609E-01 -0.36729204E-01 -0.92680317E-01
 -0.97998958E+02 -0.95174437E-01 -0.29001842E+00 -0.36080140E+00 -0.37584554E+00
 -0.48069290E+00 -0.23749761E+00 -0.23258481E+00 -0.82328298E+00 -0.93166258E+00
 -0.25848160E+03 -0.46870747E+03 -0.10610735E+03 -0.33105431E+02 -0.32130141E+01
  0.00000000E+00  0.00000000E+00  0.00000000E+00  0.00000000E+00  0.00000000E+00
  0.00000000E+00  0.00000000E+00  0.00000000E+00  0.00000000E+00 -0.33085423E-01
 -0.31037515E+01 -0.60017197E+01 -0.71172653E+03 -0.19621055E+01 -0.15710413E+01
 -0.60464810E+00 -0.15789280E+00 -0.76909010E-01 -0.15817312E-01 -0.95273485E-02
 -0.30752387E-01 -0.26172899E-01 -0.18966595E-01 -0.13266114E-01 -0.43087525E-01
 -0.41462189E-01 -0.60850295E-02 -0.19159833E-03
 -0.30970840E-02 -0.86448787E-02 -0.81209784E-03 -0.64307476E-02 -0.11671519E+00
 -0.42099043E-01 -0.26706850E+00 -0.38977831E+00 -0.93310261E+00 -0.72478480E+00
 -0.31470115E+00 -0.36660016E+00 -0.79214947E+00 -0.11660555E+01 -0.11681697E+01
 -0.10010113E+03 -0.86805248E+03 -0.15654233E+03 -0.40306187E+02 -0.39585488E+01
  0.00000000E+00  0.00000000E+00  0.00000000E+00  0.00000000E+00  0.00000000E+00
  0.00000000E+00  0.00000000E+00  0.00000000E+00  0.00000000E+00 -0.38262981E-01
 -0.73516552E+01 -0.80500463E+01 -0.47749101E+03 -0.39583506E+01 -0.15751805E+02
 -0.11457503E+01 -0.15538776E+00 -0.78460314E-01 -0.26592906E-01 -0.92324650E-02
 -0.15015460E-01 -0.23410041E-01 -0.57196421E-01 -0.18975317E-01 -0.21673202E-01
 -0.18949669E-01 -0.22464522E-01 -0.17190193E-02
 -0.12069872E-02 -0.91682973E-03 -0.67702087E-02 -0.33106714E-01 -0.33002205E+00
 -0.13124589E+00 -0.33409859E+00 -0.53628215E+00 -0.34685456E+00 -0.24546458E+00
 -0.60182784E+00 -0.35819387E+00 -0.41555779E+00 -0.99241717E+00 -0.53601985E+02
 -0.79543693E+02 -0.84267022E+03 -0.20689823E+03 -0.62364603E+02 -0.48008913E+01
  0.00000000E+00  0.00000000E+00  0.00000000E+00  0.00000000E+00  0.00000000E+00
  0.00000000E+00  0.00000000E+00  0.00000000E+00  0.00000000E+00 -0.44034656E-01
 -0.54405782E+01 -0.51631027E+01 -0.24878777E+04 -0.11948400E+03 -0.56446993E+02
 -0.22682335E+01 -0.15530386E+00 -0.16302473E+00 -0.39749148E-01 -0.13943549E-01
 -0.22664709E-01 -0.18984133E-01 -0.29494394E-01 -0.36887774E-01 -0.51755336E-01
 -0.13440781E-01 -0.51643443E-02 -0.62007403E-02
 -0.19557268E-02 -0.81876599E-02 -0.97994327E+02 -0.51395270E-01 -0.21403972E-01
 -0.24655076E+00 -0.49067502E+00 -0.53404669E+00 -0.66652797E+00 -0.49811080E+02
 -0.49617634E+00 -0.36820096E+00 -0.35765641E+00 -0.17757551E+01 -0.13225714E+02
 -0.28310329E+02 -0.12006276E+04 -0.21134767E+03 -0.57669344E+02 -0.54799362E+01
  0.00000000E+00  0.00000000E+00  0.00000000E+00  0.00000000E+00  0.00000000E+00
  0.00000000E+00  0.00000000E+00  0.00000000E+00  0.00000000E+00 -0.46051994E-01
 -0.58655796E+01 -0.12630953E+01 -0.16194323E+04 -0.34101597E+03 -0.16605811E+02
 -0.50118534E+01 -0.44986334E+00 -0.21128113E+00 -0.10015893E+00 -0.75745133E-01
 -0.25969147E-01 -0.12082103E-01 -0.42407072E-01 -0.51105401E-01 -0.63224412E-01
 -0.20473614E-01 -0.51280056E-02 -0.15232373E-03
 -0.12422585E-01 -0.23177704E-01 -0.11527900E-01 -0.14093681E-01 -0.35361850E-01
 -0.41041268E+00 -0.80955990E+00 -0.68166947E+00 -0.99376424E+02 -0.60443493E+00
 -0.47068963E+00 -0.54025838E+00 -0.96444322E+02 -0.19589838E+01 -0.83169451E+01
 -0.12765861E+03 -0.11276041E+04 -0.15792659E+03 -0.59463132E+02 -0.56916653E+01
  0.00000000E+00  0.00000000E+00  0.00000000E+00  0.00000000E+00  0.00000000E+00
  0.00000000E+00  0.00000000E+00  0.00000000E+00  0.00000000E+00 -0.46643456E-01
 -0.25216658E+01 -0.25964057E+01 -0.22934801E+03 -0.97955612E+03 -0.28287706E+02
 -0.96064957E+01 -0.12851430E+01 -0.30764781E+00 -0.20156624E+00 -0.22596441E+00
 -0.71661343E-01 -0.22175184E-01 -0.70754355E-02 -0.19302310E-01 -0.15034701E-01
 -0.24531032E-01 -0.42846102E-02 -0.18413900E-02
 -0.11559538E-01 -0.33725410E-01 -0.40809591E-01 -0.10391379E+00 -0.25291804E+00
 -0.10265964E+01 -0.65515021E+00 -0.10916084E+01 -0.10897848E+01 -0.82980512E+00
 -0.39547480E+00 -0.35726921E+00 -0.61847696E+00 -0.80523545E+00 -0.45367681E+01
 -0.91758320E+02 -0.14018061E+04 -0.13551505E+03 -0.64061936E+02 -0.55457506E+01
  0.00000000E+00  0.00000000E+00  0.00000000E+00  0.00000000E+00  0.00000000E+00
  0.00000000E+00  0.00000000E+00  0.00000000E+00  0.00000000E+00 -0.46264509E-01
 -0.29854301E+00 -0.37169752E+01 -0.22800278E+02 -0.91567965E+03 -0.14621995E+03
 -0.13696756E+02 -0.37446132E+01 -0.32163857E+00 -0.30470962E+00 -0.12132751E+01
 -0.17523540E+00 -0.68041007E-01 -0.10968491E-01 -0.14487589E-01 -0.15309762E-01
 -0.27615922E-01 -0.61371113E-02 -0.52889124E-03
 -0.50672526E-02 -0.49550060E-01 -0.99874669E-01 -0.27818619E+00 -0.84845662E+00
 -0.18197860E+01 -0.27391132E+01 -0.24062790E+01 -0.42409156E+01 -0.85793151E+00
 -0.23829887E+00 -0.49465773E+00 -0.13264035E+02 -0.24612573E+01 -0.68824486E+01
 -0.94433709E+02 -0.99168944E+03 -0.15064206E+03 -0.53896698E+02 -0.56085071E+01
  0.00000000E+00  0.00000000E+00  0.00000000E+00  0.00000000E+00  0.00000000E+00
  0.00000000E+00  0.00000000E+00  0.00000000E+00  0.00000000E+00 -0.48003456E-01
 -0.29136869E+00 -0.38515180E+01 -0.88409117E+01 -0.22488675E+03 -0.55960765E+03
 -0.39985549E+02 -0.71697349E+01 -0.70927693E+00 -0.10862916E+00 -0.94195693E+02
 -0.13588140E+00 -0.11514490E+00 -0.47083404E-01 -0.18919346E-01 -0.14129660E-01
 -0.33080583E-01 -0.89895783E-02 -0.21573249E-02
 -0.75696542E-01 -0.31613528E+00 -0.10339802E+01 -0.17003504E+01 -0.24600932E+01
 -0.44871186E+01 -0.38059716E+01 -0.33407030E+01 -0.16466302E+01 -0.43202731E+00
 -0.77666189E+00 -0.11408862E+01 -0.22421282E+01 -0.23434712E+01 -0.77640202E+01
 -0.15740047E+03 -0.82107973E+03 -0.12979987E+03 -0.41427574E+02 -0.58472361E+01
  0.00000000E+00  0.00000000E+00  0.00000000E+00  0.00000000E+00  0.00000000E+00
  0.00000000E+00  0.00000000E+00  0.00000000E+00  0.00000000E+00 -0.49988791E-01
 -0.30004498E+00 -0.42543864E+01 -0.56174755E+01 -0.78895417E+02 -0.56528823E+03
 -0.32436196E+03 -0.59923958E+02 -0.35852614E+00 -0.10085673E+00 -0.10059989E+00
 -0.40146138E+00 -0.17710270E+00 -0.16609158E+00 -0.56466902E-01 -0.87601702E-02
 -0.30514244E-01 -0.16046586E-01 -0.35069074E-02
 -0.98884053E+02 -0.21737721E+01 -0.29771516E+01 -0.48929549E+01 -0.10556515E+03
 -0.70005729E+01 -0.51768812E+01 -0.18507384E+01 -0.71551463E+00 -0.61403145E+00
 -0.12756300E+01 -0.16127885E+01 -0.26714668E+01 -0.63667419E+01 -0.15231559E+03
 -0.57139210E+03 -0.10450815E+04 -0.13339929E+03 -0.25900579E+02 -0.57730417E+01
  0.00000000E+00  0.00000000E+00  0.00000000E+00  0.00000000E+00  0.00000000E+00
  0.00000000E+00  0.00000000E+00  0.00000000E+00  0.00000000E+00 -0.50270335E-01
 -0.29375050E+00 -0.43168144E+01 -0.57863700E+01 -0.54818954E+02 -0.47845990E+03
 -0.29123107E+03 -0.12166227E+03 -0.17618162E+01 -0.11055625E+00 -0.46528426E-01
 -0.20024603E+00 -0.32185511E+00 -0.47286930E-01 -0.17011280E+00 -0.65732853E-01
 -0.56126164E-02 -0.37620658E-01 -0.52679424E-02
 -0.41759196E+01 -0.11459835E+02 -0.56374989E+01 -0.60302506E+01 -0.47303562E+01
 -0.33900990E+01 -0.24749883E+01 -0.23747887E+01 -0.19085864E+01 -0.21218901E+01
 -0.32692516E+01 -0.41570256E+01 -0.69163188E+01 -0.91928833E+01 -0.29524332E+02
 -0.45129717E+03 -0.69147978E+03 -0.11985339E+03 -0.99717259E+01 -0.48305695E+01
  0.00000000E+00  0.00000000E+00  0.00000000E+00  0.00000000E+00  0.00000000E+00
  0.00000000E+00  0.00000000E+00  0.00000000E+00  0.00000000E+00 -0.51067586E-01
 -0.29228417E+00 -0.44256383E+01 -0.23040434E+01 -0.86844282E+01 -0.16383145E+03
 -0.21832046E+03 -0.27565203E+02 -0.26787537E+02 -0.61783918E+00 -0.52524863E-01
 -0.19908739E+00 -0.47518958E+00 -0.21364670E+00 -0.26545857E+00 -0.71183415E+00
 -0.21108468E+00 -0.10599161E+00 -0.14846230E-01
 -0.25100834E+01 -0.80626441E+01 -0.49945162E+01 -0.59438933E+02 -0.47476577E+01
 -0.63238490E+01 -0.87204898E+01 -0.30583363E+02 -0.45030702E+01 -0.11023984E+02
 -0.10430411E+02 -0.10721232E+03 -0.20154168E+03 -0.11553219E+02 -0.10036056E+03
 -0.11798216E+04 -0.28199070E+03 -0.12467313E+03 -0.29198542E+01 -0.44588143E+01
  0.00000000E+00  0.00000000E+00  0.00000000E+00  0.00000000E+00  0.00000000E+00
  0.00000000E+00  0.00000000E+00  0.00000000E+00  0.00000000E+00 -0.53319486E-01
 -0.30311916E+00 -0.45786082E+01 -0.15967967E+01 -0.65212760E+01 -0.47629248E+02
 -0.29801498E+03 -0.95598061E+02 -0.61575528E+01 -0.21828371E+01 -0.33135530E+00
 -0.29102936E+00 -0.41893814E+00 -0.11875862E+01 -0.88550907E+00 -0.56796120E+00
 -0.90940429E-01 -0.64449839E-01 -0.47768377E+02
 -0.87233690E+01 -0.15074246E+02 -0.12851553E+02 -0.17377195E+02 -0.23104170E+02
 -0.20680513E+02 -0.63058377E+02 -0.89240145E+01 -0.12443718E+02 -0.11787329E+02
 -0.10126550E+02 -0.65798482E+01 -0.12713028E+02 -0.11182459E+03 -0.51231544E+03
 -0.71874704E+03 -0.24264327E+03 -0.13357969E+03 -0.22719155E+01 -0.43891442E+01
  0.00000000E+00  0.00000000E+00  0.00000000E+00  0.00000000E+00  0.00000000E+00
  0.00000000E+00  0.00000000E+00  0.00000000E+00  0.00000000E+00 -0.39923641E-01
 -0.30740047E+00 -0.45830202E+01 -0.52858723E+00 -0.52598113E+01 -0.45552797E+02
 -0.26035352E+03 -0.17899673E+03 -0.12295735E+02 -0.41290143E+01 -0.59876859E+00
 -0.57171499E+00 -0.71903098E+00 -0.86851767E+00 -0.89105814E+00 -0.23473382E+01
 -0.59728405E+00 -0.35758559E+00 -0.48391550E-01
 -0.10525101E+03 -0.36397644E+02 -0.53112677E+02 -0.36948727E+02 -0.12842702E+03
 -0.30063623E+02 -0.16196100E+03 -0.13721425E+02 -0.52788506E+01 -0.10240612E+03
 -0.79977145E+01 -0.20666712E+02 -0.66265255E+02 -0.37986640E+03 -0.27183616E+03
 -0.22325237E+03 -0.14345729E+03 -0.15207792E+03 -0.10128712E+02 -0.44801733E+01
  0.00000000E+00  0.00000000E+00  0.00000000E+00  0.00000000E+00  0.00000000E+00
  0.00000000E+00  0.00000000E+00  0.00000000E+00  0.00000000E+00 -0.41448659E-01
 -0.30667921E+00 -0.45604671E+01 -0.40254973E+00 -0.95590838E+01 -0.58575220E+02
 -0.74093284E+02 -0.62251547E+02 -0.14603692E+02 -0.54469557E+01 -0.22476965E+01
 -0.15249890E+01 -0.11605742E+01 -0.97869536E+00 -0.12014570E+01 -0.17201894E+01
 -0.48437769E+02 -0.26148552E+02 -0.20268597E+00
 -0.11766108E+03 -0.66596553E+02 -0.15816937E+02 -0.16173938E+02 -0.15141001E+02
 -0.95956482E+01 -0.78644188E+01 -0.10132196E+03 -0.62623755E+01 -0.81083164E+01
 -0.24740935E+02 -0.16964345E+03 -0.14002635E+03 -0.30192393E+03 -0.10023666E+03
 -0.12411404E+03 -0.85289521E+02 -0.16256477E+03 -0.17902369E+02 -0.43412985E+01
  0.00000000E+00  0.00000000E+00  0.00000000E+00  0.00000000E+00  0.00000000E+00
  0.00000000E+00  0.00000000E+00  0.00000000E+00  0.00000000E+00 -0.42997856E-01
 -0.23961408E+00 -0.25123856E+01 -0.30657864E+01 -0.26238914E+01 -0.26616638E+02
 -0.50104581E+02 -0.59058271E+02 -0.25474393E+02 -0.80557623E+01 -0.30246470E+01
 -0.14426189E+01 -0.17278133E+01 -0.12683789E+01 -0.12846956E+01 -0.36838609E+01
 -0.15145648E+01 -0.69383563E+00 -0.32761313E+00
 -0.41543120E+01 -0.63487405E+01 -0.66308716E+01 -0.58080105E+02 -0.88589597E+01
 -0.70848200E+01 -0.93722293E+01 -0.99562661E+01 -0.13975110E+02 -0.18530995E+02
 -0.43028710E+02 -0.81443120E+02 -0.23674195E+03 -0.14310588E+03 -0.92618899E+02
 -0.15742469E+03 -0.16058591E+03 -0.13472798E+03 -0.45324829E+02 -0.43618776E+01
  0.00000000E+00  0.00000000E+00  0.00000000E+00  0.00000000E+00  0.00000000E+00
  0.00000000E+00  0.00000000E+00  0.00000000E+00  0.00000000E+00 -0.44503214E-01
 -0.38062455E-01 -0.93779293E+00 -0.50543553E+01 -0.16666786E+00 -0.64456686E+01
 -0.41992012E+02 -0.65689704E+02 -0.35749871E+02 -0.18319664E+02 -0.47118258E+01
 -0.26386562E+01 -0.30149398E+01 -0.30776328E+01 -0.19773058E+01 -0.94633432E+01
 -0.17215318E+01 -0.27852902E+01 -0.14611236E+01
 -0.32307105E+01 -0.34044837E+01 -0.28209853E+01 -0.10322485E+03 -0.82121203E+01
 -0.89322216E+01 -0.14188700E+02 -0.18712705E+02 -0.75481261E+02 -0.75360466E+02
 -0.32262574E+03 -0.27997269E+03 -0.99005005E+02 -0.13217645E+03 -0.98089932E+02
 -0.11116356E+03 -0.21169942E+03 -0.10990464E+03 -0.31426929E+02 -0.43567047E+01
  0.00000000E+00  0.00000000E+00  0.00000000E+00  0.00000000E+00  0.00000000E+00
  0.00000000E+00  0.00000000E+00  0.00000000E+00  0.00000000E+00 -0.30282755E-01
  0.00000000E+00 -0.41321603E+00 -0.56547355E+01 -0.53169768E-01 -0.53623926E+00
 -0.75114563E+01 -0.40955538E+02 -0.43299841E+02 -0.78923733E+02 -0.99155162E+01
 -0.28937627E+01 -0.21315584E+01 -0.23460686E+01 -0.31753118E+01 -0.38579783E+02
 -0.34510927E+01 -0.52334111E+02 -0.20497205E+01
 -0.28977803E+01 -0.48836985E+01 -0.85064697E+01 -0.10287285E+02 -0.23664798E+02
 -0.21092353E+03 -0.22719818E+02 -0.18211651E+03 -0.10745660E+03 -0.77783452E+02
 -0.49427873E+02 -0.63044755E+02 -0.22429267E+03 -0.15726018E+03 -0.76255096E+02
 -0.12025591E+03 -0.25726222E+03 -0.15100834E+03 -0.28239685E+02 -0.42963532E+01
  0.00000000E+00  0.00000000E+00  0.00000000E+00  0.00000000E+00  0.00000000E+00
  0.00000000E+00  0.00000000E+00  0.00000000E+00  0.00000000E+00 -0.30572168E-01
  0.00000000E+00 -0.35548691E+00 -0.35660056E+01 -0.24579470E+01 -0.13470220E+00
 -0.11611165E+01 -0.78122220E+01 -0.34959867E+02 -0.28374322E+02 -0.15820936E+02
 -0.51132217E+01 -0.17329741E+01 -0.54949760E+00 -0.64005026E+00 -0.98317149E+02
 -0.22899450E+01 -0.98667931E+00 -0.15190043E+01
 -0.41745863E+01 -0.74717897E+01 -0.12195481E+02 -0.29361478E+02 -0.40770437E+02
 -0.17524739E+03 -0.66538989E+02 -0.65114819E+02 -0.17114153E+03 -0.86991754E+02
 -0.11065185E+03 -0.15036063E+03 -0.53337098E+02 -0.19439409E+02 -0.13149000E+03
 -0.10383577E+03 -0.35017249E+03 -0.13159875E+03 -0.26764524E+02 -0.43223563E+01
  0.00000000E+00  0.00000000E+00  0.00000000E+00  0.00000000E+00  0.00000000E+00
  0.00000000E+00  0.00000000E+00  0.00000000E+00  0.00000000E+00 -0.30664414E-01
  0.00000000E+00 -0.35889399E+00 -0.58784101E+00 -0.58625807E+01  0.00000000E+00
 -0.18367826E+00 -0.14362047E+01 -0.69747324E+01 -0.20682152E+02 -0.13012021E+02
 -0.36415098E+01 -0.53335337E+01 -0.23714047E+01 -0.95533334E+00 -0.57583228E+00
 -0.39849298E+00 -0.30764199E+00 -0.61718388E+01
 -0.20464740E+02 -0.66227501E+02 -0.14496383E+03 -0.51251080E+02 -0.71532603E+02
 -0.66138919E+02 -0.70389484E+02 -0.98188872E+02 -0.35556723E+02 -0.44674085E+02
 -0.53963119E+02 -0.40981332E+02 -0.49797904E+02 -0.46407517E+02 -0.43426133E+02
 -0.10215780E+03 -0.27978967E+03 -0.82933874E+02 -0.24476335E+02 -0.41502898E+01
  0.00000000E+00  0.00000000E+00  0.00000000E+00  0.00000000E+00  0.00000000E+00
  0.00000000E+00  0.00000000E+00  0.00000000E+00  0.00000000E+00 -0.30626278E-01
  0.00000000E+00 -0.31007488E+00 -0.58856493E+00 -0.42121683E+01 -0.17215763E+01
 -0.62501425E-01 -0.17352662E+00 -0.10787435E+01 -0.49493917E+01 -0.13202290E+02
 -0.13330535E+03 -0.31996765E+02 -0.39479091E+01 -0.35555181E+01 -0.19709538E+01
 -0.14943641E+01 -0.51101373E+00 -0.28260273E+00
 -0.39147479E+02 -0.14245572E+02 -0.22330737E+02 -0.34120617E+02 -0.24723065E+02
 -0.25907061E+02 -0.26765700E+02 -0.13354910E+03 -0.48104366E+02 -0.36283015E+02
 -0.27940891E+02 -0.36030105E+02 -0.33225156E+02 -0.50173197E+02 -0.81992643E+02
 -0.13595803E+03 -0.23201075E+03 -0.72985754E+01 -0.22849367E+02 -0.40621681E+01
  0.00000000E+00  0.00000000E+00  0.00000000E+00  0.00000000E+00  0.00000000E+00
  0.00000000E+00  0.00000000E+00  0.00000000E+00  0.00000000E+00 -0.30361748E-01
  0.00000000E+00 -0.32005087E+00 -0.47522353E+00 -0.11629913E+01 -0.61310350E+01
 -0.10816547E-01 -0.84369365E-01 -0.15863493E+00 -0.17805630E+01 -0.32960224E+01
 -0.50902485E+01 -0.94831111E+01 -0.24322162E+01 -0.51098978E+02 -0.13573622E+01
 -0.57412508E+00 -0.38234195E+00 -0.56030941E+00
 -0.72116968E+01 -0.11735506E+02 -0.18522923E+02 -0.68373405E+02 -0.24383606E+02
 -0.14105468E+03 -0.37871642E+02 -0.31126346E+02 -0.37336300E+02 -0.46618974E+02
 -0.42079286E+02 -0.35826537E+02 -0.53595271E+02 -0.62042044E+02 -0.17281757E+03
 -0.14714054E+03 -0.98595949E+02 -0.59414806E+01 -0.20640074E+02 -0.38269476E+01
  0.00000000E+00  0.00000000E+00  0.00000000E+00  0.00000000E+00  0.00000000E+00
  0.00000000E+00  0.00000000E+00  0.00000000E+00  0.00000000E+00 -0.15107939E-01
 -0.12528144E-01 -0.66385729E-01 -0.29763686E+00 -0.22905224E+01 -0.36476104E+01
 -0.30794611E+01 -0.14856480E+00 -0.19767997E+00 -0.12170841E+00 -0.22806376E+00
 -0.87672396E+00 -0.18816160E+00 -0.18473866E+00 -0.92970384E-01 -0.14153622E-01
 -0.30185913E-01 -0.14733089E+00 -0.28191738E+00
 -0.18891445E+02 -0.17251047E+02 -0.16869060E+02 -0.17112149E+02 -0.12025963E+03
 -0.22707641E+02 -0.35046445E+02 -0.29402680E+02 -0.19682426E+02 -0.18590433E+02
 -0.38219179E+02 -0.58826157E+02 -0.83456716E+02 -0.72986849E+02 -0.46761752E+02
 -0.90632174E+02 -0.10735229E+02 -0.31048909E+01 -0.18482852E+02 -0.35578209E+01
  0.00000000E+00  0.00000000E+00  0.00000000E+00  0.00000000E+00  0.00000000E+00
  0.00000000E+00  0.00000000E+00  0.00000000E+00  0.00000000E+00 -0.14335629E-01
 -0.12664254E-01  0.00000000E+00 -0.33871582E+00 -0.12642784E+01 -0.36789850E+00
 -0.63394271E+01 -0.67721549E-02 -0.15616045E+00 -0.29438751E+00 -0.17798881E+00
 -0.15138638E+00 -0.21696470E+00 -0.38484665E+00 -0.46379530E+00 -0.12494077E+00
 -0.60136327E+00 -0.24471830E+01 -0.62464029E-02
 -0.12692118E+03 -0.58157657E+01 -0.76467993E+01 -0.10860675E+02 -0.10254490E+02
 -0.10899551E+02 -0.14112268E+02 -0.18109125E+02 -0.24486159E+02 -0.34176591E+02
 -0.26975868E+02 -0.24897921E+02 -0.22071276E+02 -0.33526813E+02 -0.19840130E+02
 -0.22470398E+02 -0.58205147E+01 -0.37229192E+01 -0.17060131E+02 -0.32006329E+01
  0.00000000E+00  0.00000000E+00  0.00000000E+00  0.00000000E+00  0.00000000E+00
  0.00000000E+00  0.00000000E+00  0.00000000E+00  0.00000000E+00 -0.13240559E-01
 -0.11909680E-01  0.00000000E+00 -0.19589127E+00 -0.12212876E+00 -0.55594199E+00
 -0.20625685E+01 -0.33219792E+01 -0.39415645E-01 -0.73791382E-01 -0.99670154E-01
 -0.10692549E+00 -0.26638603E+00 -0.90480188E-02 -0.10923117E-01 -0.23164554E-01
 -0.56221145E+01 -0.23746655E+01 -0.14349179E-01
 -0.11243333E+02 -0.52323908E+01 -0.68381141E+01 -0.90183964E+01 -0.49083909E+02
 -0.82225205E+01 -0.79860104E+01 -0.90565730E+01 -0.11409092E+02 -0.36183691E+02
 -0.15360683E+02 -0.18810278E+02 -0.12912616E+02 -0.70322940E+01 -0.68454454E+01
 -0.64147523E+00 -0.23792485E+01 -0.10596210E+01 -0.12982314E+02 -0.60397927E+01
  0.00000000E+00  0.00000000E+00  0.00000000E+00  0.00000000E+00  0.00000000E+00
  0.00000000E+00  0.00000000E+00  0.00000000E+00  0.00000000E+00 -0.11950481E-01
 -0.10969214E-01  0.00000000E+00  0.00000000E+00 -0.23955120E+00 -0.62114899E-01
 -0.42237697E+00 -0.33604245E+01 -0.13844843E+01 -0.31836414E+00 -0.52955964E-01
 -0.44147804E-01 -0.35277646E-01 -0.17962559E-01 -0.16455319E+01 -0.94640448E+01
 -0.32288631E+01 -0.33162026E-02  0.00000000E+00
 -0.46063847E+01 -0.43061040E+01 -0.29184592E+01 -0.27166165E+01 -0.28304977E+01
 -0.42601174E+01 -0.53180730E+01 -0.60328229E+01 -0.58194316E+01 -0.65464187E+01
 -0.54402054E+01 -0.42421209E+01 -0.33131569E+01 -0.13987624E+01 -0.20191253E+01
 -0.48578616E+01 -0.56605454E+01 -0.52291399E+01 -0.35189257E+01 -0.26475940E+01
  0.00000000E+00  0.00000000E+00  0.00000000E+00  0.00000000E+00  0.00000000E+00
  0.00000000E+00  0.00000000E+00  0.00000000E+00  0.00000000E+00 -0.99764034E-02
 -0.93246352E-02  0.00000000E+00  0.00000000E+00  0.00000000E+00 -0.18362578E+00
 -0.11431613E+00 -0.41095024E+00 -0.12389184E+02 -0.20625116E-01 -0.41272803E-01
 -0.50782412E-01 -0.31104900E+01 -0.78106894E+01 -0.60056245E+01 -0.53194120E-02
 -0.56400094E-02 -0.13410649E-01 -0.73282271E-02
 -0.14134828E+01 -0.10017374E+03 -0.29617008E+01 -0.29930552E+01 -0.34179204E+01
 -0.33185865E+01 -0.17951346E+01 -0.15896716E+01 -0.11779281E+01 -0.14398714E+00
 -0.13381888E+00 -0.34576336E+00 -0.42895812E+00 -0.52019821E+00 -0.30127244E+00
 -0.28186854E+00 -0.89534275E-01 -0.35611915E+01 -0.22486906E+01 -0.15268313E+01
  0.00000000E+00  0.00000000E+00  0.00000000E+00  0.00000000E+00  0.00000000E+00
  0.00000000E+00  0.00000000E+00  0.00000000E+00  0.00000000E+00 -0.74377045E-02
 -0.71364565E-02  0.00000000E+00  0.00000000E+00  0.00000000E+00  0.00000000E+00
 -0.94518290E-01 -0.16377405E+00 -0.37516067E+01 -0.35399897E+01 -0.28957020E+01
 -0.52242032E+01 -0.33002759E+01 -0.29779494E-01 -0.19561740E-01 -0.66553419E-02
 -0.21578829E-02  0.00000000E+00 -0.37837745E-02
 -0.12501266E+00 -0.67751246E-01 -0.39437889E-01 -0.70228512E-01 -0.10186843E+00
 -0.12063623E+00 -0.10709732E+01 -0.14388577E+01 -0.16611537E+01 -0.10574873E+01
 -0.14946037E+00 -0.42155718E-01 -0.29109958E-01 -0.13496395E-01 -0.70541202E-02
 -0.10831493E-01 -0.10178633E-01 -0.20325394E+01 -0.15529872E+01 -0.11626792E+00
  0.00000000E+00  0.00000000E+00  0.00000000E+00  0.00000000E+00  0.00000000E+00
  0.00000000E+00  0.00000000E+00  0.00000000E+00  0.00000000E+00 -0.44056339E-02
 -0.45129389E-02  0.00000000E+00  0.00000000E+00  0.00000000E+00  0.00000000E+00
 -0.30346923E-01 -0.17171543E-01 -0.52566163E-01 -0.13220483E+00 -0.12124505E+00
 -0.46138018E-01 -0.22537210E+00 -0.13222310E-01 -0.19554002E-01 -0.10974022E-01
 -0.95584699E-02 -0.61891477E-02 -0.33138647E-02
  0.16119052E-05  0.29922396E-04  0.11219383E-03  0.39750210E-03 -0.26363484E-01
  0.18199788E-03  0.11655334E-03 -0.81217960E+00 -0.16451270E+01  0.10432378E+02
 -0.47605520E+02  0.91538624E+02 -0.14759866E+03  0.13614821E+02 -0.52577670E+02
 -0.72992570E+00  0.10826335E+02 -0.54922729E+02  0.87095470E+01  0.20716358E+01
  0.00000000E+00  0.00000000E+00  0.00000000E+00  0.00000000E+00  0.00000000E+00
  0.00000000E+00  0.00000000E+00  0.00000000E+00  0.00000000E+00  0.21869984E-01
  0.00000000E+00  0.12938987E+00  0.31417394E+01 -0.12785023E+02  0.49180595E+02
 -0.46020837E+02  0.11093029E+02 -0.27842849E+01 -0.29739816E+01  0.14381789E+02
  0.10996506E+02  0.20710843E-03  0.17364245E-03  0.26500119E-04 -0.97760113E+00
  0.40044396E-07  0.13123917E-06  0.11815852E-07
  0.11486452E-05  0.00000000E+00  0.30281906E-04  0.44307858E-03  0.37081771E-03
  0.25489025E-01  0.30533542E-02  0.20772752E-02  0.14341171E+00  0.92778352E+00
  0.80340288E+00 -0.18476413E+02  0.31184991E+02  0.96019649E+01  0.10099934E+02
 -0.13973598E+01  0.47484805E+02  0.58664267E+02  0.11065516E+02  0.23732371E+01
  0.00000000E+00  0.00000000E+00  0.00000000E+00  0.00000000E+00  0.00000000E+00
  0.00000000E+00  0.00000000E+00  0.00000000E+00  0.00000000E+00  0.24811905E-01
  0.00000000E+00  0.14718024E+00  0.29396658E+01 -0.93248875E+01 -0.10242119E+00
  0.58023359E+02 -0.89336026E+01 -0.19795533E+02 -0.59203570E+01  0.24709498E+01
 -0.52807513E+01  0.28063571E+02  0.75761471E-02 -0.93348937E+00 -0.38491107E-01
  0.38849958E-06  0.90973997E-07  0.14776506E-07
  0.10888506E-05  0.12014784E-04  0.93877769E-04  0.18255581E-03  0.84967409E-03
  0.46383566E+00  0.89741041E-04 -0.68555798E-01  0.56849113E+01 -0.69753479E+01
 -0.59017047E+02  0.27117130E+02  0.23456318E+02  0.62119285E+02  0.11027442E+03
  0.61382845E+02 -0.21452509E+03  0.78507491E+02  0.13120704E+02  0.27056939E+01
  0.00000000E+00  0.00000000E+00  0.00000000E+00  0.00000000E+00  0.00000000E+00
  0.00000000E+00  0.00000000E+00  0.00000000E+00  0.00000000E+00  0.17726660E-01
  0.00000000E+00 -0.25773549E+01 -0.89984355E+01 -0.44175465E+02  0.19970576E+02
 -0.46286754E+02  0.68057273E+02  0.15361727E+02  0.61053832E+01  0.89445715E+00
 -0.14968279E+01 -0.25285726E+02  0.31748315E+01  0.41069615E+00 -0.16684705E+01
  0.92521976E-04  0.12673191E-04  0.38582733E-07
  0.50347984E-05  0.88944946E-05  0.55045141E-05  0.45246374E-05  0.69178286E-03
  0.92893904E-05 -0.22949949E+00 -0.33509338E+01 -0.12622175E+02  0.29388948E+01
  0.11252365E+03 -0.10475843E+03  0.48991785E+02 -0.73496793E+02 -0.13478747E+01
  0.19719316E+02  0.32167020E+02  0.58154199E+02  0.15437038E+02  0.31037461E+01
  0.00000000E+00  0.00000000E+00  0.00000000E+00  0.00000000E+00  0.00000000E+00
  0.00000000E+00  0.00000000E+00  0.00000000E+00  0.00000000E+00  0.20203569E-01
  0.00000000E+00  0.46051124E+01  0.18422546E+02  0.10866930E+03  0.42062225E+01
  0.37341151E+02  0.21965578E+02 -0.69783320E+01  0.22898071E+02  0.29295910E+01
 -0.85086635E+01 -0.33601602E+00  0.20433596E+02 -0.45020458E+02  0.17129187E-05
  0.29496050E-05  0.14216136E-04  0.35729934E-05
  0.97036825E-05  0.00000000E+00  0.76182208E-07  0.55510143E-05  0.16707492E-02
  0.25776392E-02  0.40545767E-02  0.57766545E-02 -0.33720547E+01 -0.58335139E+02
  0.92387155E+01 -0.12744003E+02  0.31077173E+02  0.28666252E+02 -0.18461948E+02
  0.28531173E+02  0.18199648E+03 -0.31096302E+01 -0.54331374E+02  0.37318590E+01
  0.00000000E+00  0.00000000E+00  0.00000000E+00  0.00000000E+00  0.00000000E+00
  0.00000000E+00  0.00000000E+00  0.00000000E+00  0.00000000E+00  0.23424923E-01
  0.00000000E+00  0.93891143E+01  0.31155311E+02 -0.14235203E+02  0.12588945E+03
 -0.30496380E+02 -0.39172462E+02 -0.16017295E+02 -0.22217708E+01 -0.35610290E+01
  0.32539940E+01  0.72927146E+01 -0.27787448E+01  0.32902004E+02 -0.54999520E+01
  0.47868419E-04  0.12594198E-05  0.50878752E-07
  0.18364976E-04  0.56031699E-05  0.30329550E-03  0.82027937E-03  0.18068096E-02
  0.13389715E-02 -0.63170969E-02  0.52465182E-02  0.24244345E+01 -0.34029669E+02
  0.74761665E+02 -0.22185470E+02 -0.54266130E+02 -0.15761704E+03  0.17199445E+02
 -0.27499708E+02  0.10911266E+03 -0.14506188E+03  0.52547636E+02  0.39123381E+01
  0.00000000E+00  0.00000000E+00  0.00000000E+00  0.00000000E+00  0.00000000E+00
  0.00000000E+00  0.00000000E+00  0.00000000E+00  0.00000000E+00  0.27435767E-01
  0.71627002E+02  0.55777810E+01 -0.31181858E+02  0.19888970E+02 -0.10030848E+03
 -0.15300396E+02 -0.32517204E+02 -0.93090335E+00 -0.58048355E+00  0.37154359E+01
 -0.30863867E+01  0.38407214E-01  0.34325168E+01  0.24792800E-03 -0.13047816E+00
  0.12542276E-02  0.58042471E-04  0.35138303E-06
  0.61548778E-04  0.13030977E-03  0.41991972E-05  0.49078307E-04  0.27057045E-02
  0.33226734E-01 -0.90006335E-01 -0.15054862E+01  0.42070752E+01 -0.57042585E+02
  0.44389467E+02  0.28978062E+02 -0.62232450E+02  0.83118919E+02 -0.37760914E+01
  0.13161621E+03  0.66764488E+02 -0.21658781E+03  0.71425935E+01  0.53815754E+01
  0.00000000E+00  0.00000000E+00  0.00000000E+00  0.00000000E+00  0.00000000E+00
  0.00000000E+00  0.00000000E+00  0.00000000E+00  0.00000000E+00  0.31689481E-01
 -0.49041928E+02 -0.10123430E+02 -0.10983430E+01 -0.82312878E+02 -0.13098352E+03
 -0.10340940E+03  0.53999353E+01 -0.10474405E+02  0.37702256E+00 -0.71915082E+00
 -0.10452231E+00  0.30902070E+01 -0.67885357E+01 -0.22922067E+01  0.15858352E-02
  0.65258766E-03  0.34876487E+02  0.12774594E-04
  0.21602584E-01  0.38630005E-05  0.12763897E-03  0.10368482E-02  0.16147427E+02
  0.39961382E-02 -0.45960729E+01  0.18709716E+01  0.34755042E+02 -0.92295393E+01
  0.40439099E+02  0.85625250E+01  0.96614503E+01  0.23869124E+03  0.12166309E+03
  0.13162255E+04  0.10361648E+03  0.16019993E+03 -0.14872950E+04  0.44898414E+01
  0.00000000E+00  0.00000000E+00  0.00000000E+00  0.00000000E+00  0.00000000E+00
  0.00000000E+00  0.00000000E+00  0.00000000E+00  0.00000000E+00  0.36526500E-01
  0.57498060E+01  0.18868108E+01 -0.95386990E+03  0.42840306E+03  0.61413396E+02
 -0.54447453E+02  0.54497291E+01 -0.13625298E+01 -0.24473105E+00  0.40736414E+00
  0.25144561E+01  0.14521634E+00 -0.98630134E-01  0.45024915E-01  0.25236158E+00
  0.36111278E-03  0.71575867E-04  0.47738481E-04
  0.12532228E-03  0.20536108E+02  0.11604984E-02 -0.20385180E+00  0.10794762E-02
  0.25616999E+02  0.74131165E+00 -0.37213249E+02 -0.13853111E+02 -0.48903692E+02
 -0.33327116E+02  0.86175882E+02  0.15317552E+02 -0.58945506E+02  0.59440671E+03
 -0.36231597E+03 -0.12079641E+03  0.25150783E+03  0.10549096E+03  0.69624934E+01
  0.00000000E+00  0.00000000E+00  0.00000000E+00  0.00000000E+00  0.00000000E+00
  0.00000000E+00  0.00000000E+00  0.00000000E+00  0.00000000E+00  0.38488536E-01
  0.12595890E+02 -0.53462100E+01 -0.56528491E+02  0.17249669E+03  0.22271836E+03
  0.66395596E+02  0.45183848E+02 -0.58688635E+01 -0.13038953E+01 -0.83762570E+01
 -0.42986713E+01 -0.53903621E+00  0.24510840E+01 -0.15462131E+00 -0.15614084E+01
  0.26511386E+01  0.11931094E-03  0.19548886E-05
  0.37705475E-03  0.25357487E-03  0.45107435E-03  0.33189450E-01 -0.17576173E+00
 -0.91928177E+01 -0.12011006E+02 -0.31772277E+01  0.43394952E+02 -0.21242572E+02
 -0.71486239E+00 -0.16588836E+02  0.35568996E+00  0.10820679E+03 -0.14947088E+03
  0.10371818E+03  0.20879727E+03  0.11380148E+03  0.14794754E+02  0.71739947E+01
  0.00000000E+00  0.00000000E+00  0.00000000E+00  0.00000000E+00  0.00000000E+00
  0.00000000E+00  0.00000000E+00  0.00000000E+00  0.00000000E+00  0.38908729E-01
  0.53947824E+01  0.50623421E+01  0.28856443E+02 -0.20011910E+03 -0.73352883E+02
  0.35239029E+02 -0.84806783E+02  0.35934785E+02  0.49207859E+02 -0.55879032E+01
 -0.31454675E-01  0.12409793E+00 -0.57519624E+00  0.36841393E-05  0.66914375E-04
  0.15082008E-02  0.15208046E-05  0.30181611E-04
  0.38163509E-03  0.28173795E-02  0.21838854E-02  0.46281989E-02  0.60384903E+00
  0.28357416E+00  0.33926272E+02 -0.58090139E+02  0.10361424E+02  0.35299184E+02
 -0.19086449E+02  0.37336891E+02 -0.64794663E+01 -0.10249143E+02 -0.39023524E+02
  0.31642568E+03  0.19100809E+03  0.10410709E+03  0.14786711E+03  0.69327087E+01
  0.00000000E+00  0.00000000E+00  0.00000000E+00  0.00000000E+00  0.00000000E+00
  0.00000000E+00  0.00000000E+00  0.00000000E+00  0.00000000E+00  0.38407985E-01
  0.70641640E+00  0.73611124E+01 -0.30000755E+02 -0.10490444E+03  0.11916095E+02
  0.54652568E+01  0.19008287E+02 -0.26047009E+02 -0.12688648E+02  0.11617672E+00
  0.13422061E+02  0.19533615E+02  0.11236050E+00  0.10555012E-03  0.00000000E+00
  0.21338862E-02  0.17534308E-04  0.00000000E+00
  0.23808508E-03 -0.31098798E+00  0.17770215E-02  0.71824259E-02 -0.91855816E-01
 -0.77318630E+02 -0.79182933E+02  0.18617718E+03 -0.14900811E+03 -0.13717530E+02
 -0.74853537E+01  0.36498458E+02  0.11832772E+02 -0.87324180E+02  0.29172739E+02
  0.20701836E+03 -0.30992476E+03  0.16413070E+03  0.21999101E+03  0.69552910E+01
  0.00000000E+00  0.00000000E+00  0.00000000E+00  0.00000000E+00  0.00000000E+00
  0.00000000E+00  0.00000000E+00  0.00000000E+00  0.00000000E+00  0.39619140E-01
  0.66373775E+00  0.77353001E+01  0.10774976E+01 -0.94255582E+02 -0.28783267E+03
  0.15759735E+03  0.33059483E+02  0.14933785E+02 -0.16456440E+01 -0.10803546E+02
  0.27231329E+02 -0.61337301E+01  0.36224997E+01  0.23799664E-01  0.15378058E-03
  0.31222970E-02  0.16997432E+00  0.73228317E-05
  0.92762569E-03 -0.37986870E+00  0.29679958E+00 -0.22384336E+02 -0.11258288E+02
 -0.13679919E+03 -0.73201833E+02  0.87985401E+02  0.95292050E+00  0.27257730E+02
 -0.47021853E+02  0.91156623E+02  0.10919865E+02  0.13365076E+02 -0.76726976E+02
  0.54698389E+03 -0.20679954E+03 -0.15839030E+02  0.10342744E+03  0.71939742E+01
  0.00000000E+00  0.00000000E+00  0.00000000E+00  0.00000000E+00  0.00000000E+00
  0.00000000E+00  0.00000000E+00  0.00000000E+00  0.00000000E+00  0.41038957E-01
  0.65800783E+00  0.86144663E+01 -0.21997842E+02  0.47141081E+02  0.30437400E+03
 -0.25920900E+03  0.39195352E+02  0.12149865E+02  0.24254276E+01 -0.29448158E+00
 -0.78710826E+01  0.54419563E+01 -0.18985754E+01  0.16401985E+00 -0.25363341E+00
  0.25352932E-02  0.10828148E-02  0.17243296E-04
  0.65690155E-01  0.44928394E+01 -0.54499074E+02  0.35057345E+02  0.66973214E+02
 -0.27540104E+02 -0.49424339E+02  0.12050975E+03 -0.11282131E+02  0.34923618E+02
  0.43099067E+02 -0.45630465E+02  0.62084184E+02  0.83933697E+02  0.26824180E+03
 -0.34256005E+03 -0.65960183E+03  0.17988083E+03  0.28549642E+02  0.70458135E+01
  0.00000000E+00  0.00000000E+00  0.00000000E+00  0.00000000E+00  0.00000000E+00
  0.00000000E+00  0.00000000E+00  0.00000000E+00  0.00000000E+00  0.41101755E-01
  0.61969585E+00  0.87311676E+01  0.66873241E+01  0.45290063E+02 -0.14234096E+02
 -0.63394041E+02  0.67920521E+02 -0.24186683E+02 -0.44513647E+01  0.26582869E+01
  0.27654114E+02 -0.25546712E+02  0.59538640E-01 -0.56863766E+01  0.41087708E-01
 -0.72229204E-02  0.38268221E-02  0.90501941E-01
 -0.12784602E+03  0.17341301E+03 -0.59871161E+00 -0.42468481E+01 -0.11679274E+02
  0.13798275E+02  0.52434338E+02 -0.26948703E+02  0.13416478E+02 -0.60512327E+02
  0.16650293E+03  0.55203702E+02  0.11467308E+02  0.28131036E+02 -0.17294626E+03
  0.32577853E+03  0.11608305E+03  0.16705961E+02  0.10323716E+02 -0.35402230E+02
  0.00000000E+00  0.00000000E+00  0.00000000E+00  0.00000000E+00  0.00000000E+00
  0.00000000E+00  0.00000000E+00  0.00000000E+00  0.00000000E+00  0.41560798E-01
  0.59364426E+00  0.89954394E+01  0.28577746E+01 -0.10231134E+02  0.69741841E+02
 -0.91185497E+02 -0.10080283E+03  0.63648203E+02  0.52702573E+02  0.75666573E+00
 -0.10481098E+02 -0.55507581E+00  0.46009143E+01 -0.21750286E+00  0.58891189E+01
 -0.22503314E+00 -0.40426541E+01  0.86560735E-03
  0.68112984E+01 -0.43421035E+02 -0.85131348E+01 -0.10661068E+02  0.25009260E+02
 -0.27333419E+02 -0.15378507E+03  0.55836510E+02  0.96091705E+02 -0.77469126E-01
  0.71098418E+02 -0.53718851E+02  0.12229550E+03 -0.15412138E+01 -0.11513688E+03
 -0.21070356E+03  0.91968740E+02 -0.10073544E+03  0.32411725E+01  0.38770935E+01
  0.00000000E+00  0.00000000E+00  0.00000000E+00  0.00000000E+00  0.00000000E+00
  0.00000000E+00  0.00000000E+00  0.00000000E+00  0.00000000E+00  0.43319066E-01
  0.59238038E+00  0.92853620E+01  0.28345432E+01  0.56733635E+01  0.12957887E+03
  0.11582207E+03  0.95936399E+02 -0.64293695E+02  0.27037403E+01 -0.24260019E+02
  0.11610501E+02 -0.10487702E+02  0.40630869E+02 -0.54353396E+02  0.21773344E+01
  0.79615536E+00 -0.14375875E+01 -0.24786671E+02
  0.36772072E+02  0.90509710E+01  0.11428852E+02  0.34448301E+01 -0.20161641E+03
  0.21201121E+02 -0.92266031E+01  0.15811075E+03  0.75800436E+02 -0.67632572E+02
 -0.11188792E+03  0.17960019E+03  0.81423904E+01  0.70944310E+03 -0.20550098E+03
  0.18071212E+03  0.11352102E+01  0.16600723E+03  0.23988387E+01  0.37826146E+01
  0.00000000E+00  0.00000000E+00  0.00000000E+00  0.00000000E+00  0.00000000E+00
  0.00000000E+00  0.00000000E+00  0.00000000E+00  0.00000000E+00  0.36457218E-01
  0.57806678E+00  0.93391543E+01  0.29118743E+00  0.93938227E+00 -0.22098921E+02
 -0.84935888E+01  0.16983535E+02  0.11020169E+03  0.73788844E+02 -0.48169550E+00
  0.22504855E+02 -0.64576497E+01 -0.19626347E+01 -0.29541430E+02  0.35874114E+02
 -0.93662289E+01 -0.11925781E+00 -0.31991825E+01
 -0.83387250E+02 -0.66563891E+02 -0.38133426E+01 -0.19643829E+03 -0.11906788E+03
  0.69200102E+01 -0.55169383E+02  0.11991929E+03  0.27628142E+02  0.14131370E+03
 -0.37295380E+02 -0.28404848E+03  0.22473581E+03 -0.35018219E+03 -0.17840312E+03
 -0.17932114E+02  0.69586736E+02  0.29884342E+02 -0.15780184E+02  0.38567608E+01
  0.00000000E+00  0.00000000E+00  0.00000000E+00  0.00000000E+00  0.00000000E+00
  0.00000000E+00  0.00000000E+00  0.00000000E+00  0.00000000E+00  0.37684952E-01
  0.54021395E+00  0.93728111E+01  0.23578133E+00  0.38361361E+02  0.78002590E+01
  0.44978078E+02 -0.72162086E+02  0.11779763E+02  0.36514486E+02  0.34667235E+02
  0.29799873E+02  0.14286299E+02 -0.17857554E+02 -0.16168752E+02  0.51279653E+02
  0.22375673E+02 -0.10541178E+01  0.53750133E-02
 -0.12655384E+03  0.37347852E+00  0.38256532E+02 -0.10352563E+03 -0.17572596E+02
 -0.80858739E+02  0.87489795E+02  0.12103188E+02  0.30754651E+03 -0.10426205E+03
  0.23600571E+03  0.59766085E+02  0.98112125E+02 -0.42281880E+03  0.23431014E+02
 -0.28587671E+02  0.58355424E+02  0.15921696E+03  0.85751177E+01  0.37051583E+01
  0.00000000E+00  0.00000000E+00  0.00000000E+00  0.00000000E+00  0.00000000E+00
  0.00000000E+00  0.00000000E+00  0.00000000E+00  0.00000000E+00  0.39010657E-01
  0.27343988E+00  0.52329015E+01  0.61679719E+01  0.30569824E+01  0.37778677E+02
 -0.23587900E+02  0.45276663E+02 -0.19343698E+02  0.18722860E+01 -0.11493220E+02
  0.57124147E+02 -0.81956815E+01 -0.25611953E+01  0.30280738E+02 -0.99067277E+01
 -0.11601241E+02 -0.31060855E+02 -0.34729514E+02
 -0.17107062E+01  0.10240174E+02 -0.13267035E+03 -0.96067411E+02  0.64526960E+02
 -0.42218614E+02 -0.78444554E+02  0.84524128E+01 -0.76393466E+02  0.13894984E+02
  0.95567641E+02  0.68024497E+02 -0.74867911E+01 -0.14274699E+02  0.28339982E+02
  0.11501123E+03  0.82937180E+02  0.14729001E+03 -0.11298280E+03  0.36891649E+01
  0.00000000E+00  0.00000000E+00  0.00000000E+00  0.00000000E+00  0.00000000E+00
  0.00000000E+00  0.00000000E+00  0.00000000E+00  0.00000000E+00  0.40145142E-01
  0.43187656E-01  0.17817873E+01  0.10367819E+02  0.19173937E+00 -0.33075296E+01
 -0.18860197E+02  0.23640408E+02  0.20923882E+02  0.53903527E+02 -0.60031457E+02
  0.96783936E+02 -0.90385168E+02  0.15037659E+02 -0.14088201E+02  0.42828166E+02
 -0.18617160E+02 -0.50497129E+01  0.12456444E+01
 -0.79324967E+02  0.10724678E+03 -0.85233614E+02  0.40676727E+02  0.10683178E+03
 -0.79058290E+02  0.29986938E+02  0.13219286E+03  0.93314659E+02  0.49462010E+03
 -0.28074530E+02 -0.24270613E+02 -0.21347137E+02  0.17538056E+03  0.20740203E+02
  0.23505769E+02 -0.38470615E+03  0.13516766E+03  0.32928782E+02  0.36500852E+01
  0.00000000E+00  0.00000000E+00  0.00000000E+00  0.00000000E+00  0.00000000E+00
  0.00000000E+00  0.00000000E+00  0.00000000E+00  0.00000000E+00  0.24139207E-01
  0.00000000E+00  0.69209532E+00  0.11527766E+02  0.31058819E-01  0.55793929E+00
  0.65819039E+01  0.25280689E+02  0.44399061E+02 -0.10352844E+02 -0.40545874E+02
  0.65409822E+02 -0.59753597E+00 -0.70315284E+02  0.65904562E+01 -0.38295121E+02
 -0.60087170E+01  0.16842695E+02 -0.43326510E+02
  0.58022257E+02  0.24569563E+02  0.21901419E+02 -0.40218358E+02 -0.54473945E+01
  0.14371045E+02  0.26450919E+02 -0.10458495E+03  0.17193466E+03  0.24957517E+02
  0.70341141E+02  0.12397408E+03  0.38495081E+01 -0.25991685E+03  0.43161356E+02
  0.43559450E+03  0.13505409E+03 -0.14237040E+03  0.29896552E+02  0.35638649E+01
  0.00000000E+00  0.00000000E+00  0.00000000E+00  0.00000000E+00  0.00000000E+00
  0.00000000E+00  0.00000000E+00  0.00000000E+00  0.00000000E+00  0.24139816E-01
  0.00000000E+00  0.55539090E+00  0.72384873E+01  0.49730713E+01  0.14296106E+00
  0.44909745E+01 -0.22359044E+01 -0.38092346E+02 -0.22759633E+02  0.25312584E+01
 -0.44791640E+02  0.29538479E+02 -0.17866743E+01  0.22138886E+02 -0.43079728E+02
  0.16549672E+01  0.47550545E+01  0.18184473E+01
 -0.51915942E+02  0.12497382E+00 -0.15107574E+02 -0.95182353E+01 -0.36574122E+02
 -0.83588588E+02  0.60640352E+02 -0.65289886E+02 -0.16619775E+03 -0.10444955E+03
  0.50092173E+02 -0.37749218E+01 -0.46705549E+02  0.55892283E+01 -0.29184781E+03
  0.10202210E+03  0.17576077E+03  0.99984204E+02  0.27541097E+02  0.35454333E+01
  0.00000000E+00  0.00000000E+00  0.00000000E+00  0.00000000E+00  0.00000000E+00
  0.00000000E+00  0.00000000E+00  0.00000000E+00  0.00000000E+00  0.24039251E-01
  0.00000000E+00  0.52673238E+00  0.11602842E+01  0.11903829E+02  0.00000000E+00
  0.20284853E+00  0.11353277E+01  0.58623283E+01  0.57764946E+01  0.52294024E+01
 -0.30848824E+01  0.65184997E+01  0.91913640E+01  0.64648271E+01 -0.22806071E+02
 -0.12051350E+02  0.40907624E+00  0.57818931E+01
 -0.16996724E+03 -0.43629719E+03 -0.18942830E+02  0.10468406E+03 -0.37793378E+01
 -0.16909950E+03 -0.16955350E+03  0.50577883E+01 -0.19745769E+03  0.23735977E+02
  0.20272741E+02  0.11778854E+02 -0.11295475E+03 -0.36899448E+02  0.21760584E+03
 -0.18751405E+02 -0.10334353E+03  0.93849089E+02  0.24528682E+02  0.33621393E+01
  0.00000000E+00  0.00000000E+00  0.00000000E+00  0.00000000E+00  0.00000000E+00
  0.00000000E+00  0.00000000E+00  0.00000000E+00  0.00000000E+00  0.23793537E-01
  0.00000000E+00  0.34386576E+00  0.12363242E+01  0.84904735E+01  0.34284883E+01
  0.93758124E-01  0.19788004E+00  0.12147884E+01 -0.17153635E+02 -0.25819302E+02
 -0.31698851E+02 -0.78380879E+02 -0.26147071E+01  0.14646970E+02  0.68840734E+01
  0.18912066E+02 -0.99898991E+01  0.16438467E+00
  0.12923088E+02  0.26596866E+01 -0.14753911E+02  0.93617690E+01  0.89532284E+01
 -0.11880342E+03 -0.58408498E+02  0.14607303E+02  0.15693231E+02 -0.37606911E+02
 -0.15709057E+01  0.10632157E+02  0.62129803E+01 -0.12219858E+01  0.36022620E+02
  0.64314937E+02  0.29968604E+02  0.19640027E+01  0.20917801E+02  0.31926981E+01
  0.00000000E+00  0.00000000E+00  0.00000000E+00  0.00000000E+00  0.00000000E+00
  0.00000000E+00  0.00000000E+00  0.00000000E+00  0.00000000E+00  0.23415046E-01
  0.00000000E+00  0.35091009E+00  0.99424114E+00 -0.37879798E+01  0.12182250E+02
  0.16007118E-01  0.75565962E+00  0.18924623E+00  0.23128210E+02  0.23804178E+01
  0.37340783E+02  0.64070424E+02 -0.31629934E+00 -0.10972984E+02 -0.84961952E+01
  0.81591358E+01  0.40495352E+00 -0.88092192E+01
  0.39444569E+01  0.29676994E+01  0.61497488E+01  0.38626870E+01  0.29685786E+01
 -0.77552224E+02  0.69849975E+01  0.75676665E+01  0.10817611E+02  0.11877393E+02
 -0.14451180E+02  0.12064598E+02  0.28756305E+02  0.39258553E+02  0.19946994E+02
  0.51839065E+02  0.32927109E+02  0.17336876E+01  0.19597668E+02  0.29548092E+01
  0.00000000E+00  0.00000000E+00  0.00000000E+00  0.00000000E+00  0.00000000E+00
  0.00000000E+00  0.00000000E+00  0.00000000E+00  0.00000000E+00  0.74368916E-02
  0.13116965E-01  0.71886561E-01  0.35742606E+00  0.24721132E+01 -0.15457485E+03
  0.20348168E+01  0.67638606E-01 -0.40099869E-02  0.13729210E+00  0.21988172E+00
  0.90849670E+01  0.60531294E-01  0.52100725E-01  0.11764298E+01  0.19033180E-02
 -0.13344131E+00  0.18978640E-01 -0.54420009E-01
  0.19638562E+01  0.23945396E+01  0.26669716E+01 -0.17235743E+03 -0.67129864E+00
  0.56667136E+01  0.10881040E+02  0.71861583E+01  0.70745689E+02  0.39191748E+01
  0.23762644E+02  0.24227294E+02  0.41279643E+01  0.12981077E+02  0.16337638E+02
  0.37994787E+03 -0.32645467E+03  0.55298323E+01  0.16999005E+02  0.26969656E+01
  0.00000000E+00  0.00000000E+00  0.00000000E+00  0.00000000E+00  0.00000000E+00
  0.00000000E+00  0.00000000E+00  0.00000000E+00  0.00000000E+00  0.68426583E-02
  0.13083266E-01  0.00000000E+00  0.36264318E+00  0.19930899E+02  0.43419624E+00
  0.42480695E+01  0.33435049E-02 -0.46184135E-01  0.20065032E+00  0.98508054E-01
 -0.77907454E-01  0.67839078E-01 -0.23322980E+01 -0.39740791E+00  0.10144389E+01
  0.53841471E-02  0.35562915E+00 -0.10205576E+00
  0.32475198E+02  0.38016388E+01  0.27219996E+01  0.32827146E+01  0.39940921E+01
  0.46624403E+01  0.52928568E+01  0.61659026E+01  0.61963631E+01  0.74075211E+01
  0.86680118E+00  0.38723965E+01  0.72684353E+01  0.91587531E+01  0.46412761E+01
  0.11190962E+02  0.11042641E+01  0.11378823E+01  0.14386773E+02  0.23779002E+01
  0.00000000E+00  0.00000000E+00  0.00000000E+00  0.00000000E+00  0.00000000E+00
  0.00000000E+00  0.00000000E+00  0.00000000E+00  0.00000000E+00  0.62216148E-02
  0.12088148E-01  0.00000000E+00  0.20505045E+00  0.12807155E+00  0.57352987E+00
  0.20633577E+01  0.21636873E+01  0.12985123E-01  0.51303738E-01  0.83778099E-01
 -0.21215425E+00  0.20962263E+00  0.21395962E+00  0.26580971E-02  0.74390935E-02
  0.99625650E+00  0.38972951E+00  0.31831767E-02
  0.15095262E+01  0.16315821E+01  0.17224740E+01  0.15963214E+01  0.14324301E+01
  0.10660826E+01  0.86367723E+00  0.13899490E+01  0.73974126E+01 -0.26087133E+02
  0.44783566E+01  0.65083187E+01 -0.56372254E+03  0.33372382E+01  0.20698537E+01
  0.32217712E+00  0.41772879E+00  0.51536189E+01  0.47413549E+01  0.29793420E+01
  0.00000000E+00  0.00000000E+00  0.00000000E+00  0.00000000E+00  0.00000000E+00
  0.00000000E+00  0.00000000E+00  0.00000000E+00  0.00000000E+00  0.55071762E-02
  0.10912081E-01  0.00000000E+00  0.00000000E+00  0.24326438E+00  0.62015476E-01
  0.38861581E+00 -0.52114931E+01  0.39948538E+00  0.52690574E-02  0.30071287E-01
  0.40456678E-01  0.25709470E-01  0.39951228E-02  0.31500378E+00  0.17715632E+01
  0.58465194E+00  0.71935317E-03  0.00000000E+00
  0.18217188E+01  0.12436705E+01  0.43631286E+00  0.66475967E+00 -0.52932279E+01
  0.10893400E+01  0.13250828E+01  0.16024189E+01  0.21825748E+01  0.28634413E+01
  0.29498854E+01  0.16218003E+01  0.12797333E+01  0.25138492E+00  0.32632723E+00
  0.10052468E+01 -0.48981514E+02  0.33437558E+01  0.37155218E+01  0.13669044E+01
  0.00000000E+00  0.00000000E+00  0.00000000E+00  0.00000000E+00  0.00000000E+00
  0.00000000E+00  0.00000000E+00  0.00000000E+00  0.00000000E+00  0.44761042E-02
  0.90103274E-02  0.00000000E+00  0.00000000E+00  0.00000000E+00  0.17823580E+00
  0.10651842E+00  0.33749613E+00  0.96145771E+02  0.16863806E-01  0.39175699E-02
  0.13398666E-01  0.60955281E+00  0.14806214E+01  0.11100497E+01  0.82335380E-03
  0.85452183E-03  0.25985827E-02  0.14586162E-02
  0.21667190E+00  0.40732426E+02  0.15503033E+01  0.17196980E+01  0.19645838E+01
  0.21626385E+01  0.99665202E+00  0.68542244E+00  0.44622906E+00  0.80854699E-01
  0.37184378E-01  0.90571349E-01  0.14131830E+00  0.17278404E+00  0.17838186E+00
  0.23880868E+00  0.82177790E-01  0.30127900E+01  0.22057436E+01  0.76541178E+00
  0.00000000E+00  0.00000000E+00  0.00000000E+00  0.00000000E+00  0.00000000E+00
  0.00000000E+00  0.00000000E+00  0.00000000E+00  0.00000000E+00  0.31941078E-02
  0.65932399E-02  0.00000000E+00  0.00000000E+00  0.00000000E+00  0.00000000E+00
  0.84603125E-01  0.13250255E+00 -0.14267702E+03  0.10109420E+01  0.77754750E+00
 -0.13899903E+02  0.58959109E+00  0.10947693E-01  0.10703440E-01  0.56109880E-02
  0.20924154E-02  0.00000000E+00  0.63586129E-03
  0.10326443E+00  0.45897228E-01  0.21112950E-01  0.27476524E-01  0.34766700E-01
  0.41724526E-01  0.75177144E+00  0.10308603E+01  0.11951714E+01  0.74120284E+00
  0.53904816E-01  0.26526311E-01  0.10271959E-01  0.10663126E-01  0.43779649E-02
  0.52177081E-02  0.10802933E+01  0.10786927E+01  0.11881108E+01  0.64915197E-02
  0.00000000E+00  0.00000000E+00  0.00000000E+00  0.00000000E+00  0.00000000E+00
  0.00000000E+00  0.00000000E+00  0.00000000E+00  0.00000000E+00  0.17414747E-02
  0.38509294E-02  0.00000000E+00  0.00000000E+00  0.00000000E+00  0.00000000E+00
  0.17428424E-01 -0.54194373E+00  0.43809940E-01  0.10069656E+00  0.79026298E-01
  0.38691425E-01  0.11183277E+00  0.32700443E-02  0.50272393E-02  0.38025674E-02
  0.39924046E-02  0.32700878E-02  0.21152090E-02
-.160355E+23
  0.57655774E+13  0.55367595E+14  0.96801477E+15  0.15841814E+16  0.32372457E+16
  0.88288975E+16  0.60784719E+16  0.14376686E+17  0.10951917E+17  0.12553474E+17
  0.35951953E+16  0.32633979E+16  0.24085049E+16  0.56212337E+16  0.14741573E+17
  0.39896756E+19  0.27923582E+19  0.53072123E+18  0.00000000E+00  0.00000000E+00
  0.00000000E+00  0.00000000E+00  0.00000000E+00  0.00000000E+00  0.00000000E+00
  0.00000000E+00  0.20876195E+16  0.34739900E+18  0.45721592E+18  0.22862905E+16
  0.59746271E+18  0.11653933E+19  0.77805918E+18  0.13108303E+17  0.17003633E+17
  0.76069472E+16  0.13535970E+17  0.40446344E+17  0.95333947E+16  0.13788890E+17
  0.15996935E+17  0.45852518E+16  0.11104596E+17  0.26224481E+16  0.21421204E+15
  0.81972052E+14  0.13335813E+14  0.22077418E+13
  0.22140000E+13  0.16818334E+14  0.50881764E+15  0.61675944E+15  0.14427298E+16
  0.23109060E+16  0.81313315E+16  0.13900345E+17  0.13052949E+17  0.22560728E+17
  0.73547966E+16  0.40068558E+16  0.43355805E+16  0.51144064E+16  0.14522577E+17
  0.54181676E+19  0.57411938E+19  0.52588394E+18  0.00000000E+00  0.00000000E+00
  0.00000000E+00  0.00000000E+00  0.00000000E+00  0.00000000E+00  0.00000000E+00
  0.00000000E+00  0.23848634E+16  0.39747042E+18  0.52258027E+18  0.25803337E+16
  0.77430923E+18  0.15034674E+19  0.13648111E+19  0.27581478E+17  0.33802877E+17
  0.17129255E+17  0.14098518E+17  0.18053006E+17  0.29133310E+17  0.11164539E+17
  0.16191410E+17  0.23518341E+17  0.10787953E+17  0.91545254E+16  0.36081572E+16
  0.14186003E+15  0.37278938E+14  0.71813214E+13
  0.23865255E+13  0.50185031E+14  0.18282339E+15  0.20717343E+15  0.81060709E+15
  0.21565027E+16  0.37583066E+16  0.73812339E+16  0.60063945E+16  0.35399555E+16
  0.13009070E+17  0.73836114E+16  0.83580380E+16  0.10251466E+17  0.15161788E+17
  0.10974700E+20  0.18775032E+20  0.80166873E+18  0.00000000E+00  0.00000000E+00
  0.00000000E+00  0.00000000E+00  0.00000000E+00  0.00000000E+00  0.00000000E+00
  0.00000000E+00  0.54448208E+16  0.45849970E+18  0.60709810E+18  0.29187089E+16
  0.84196700E+18  0.19728373E+19  0.29958426E+19  0.39059390E+17  0.47858871E+17
  0.26697664E+17  0.15026791E+17  0.27784326E+17  0.26463619E+17  0.16943748E+17
  0.13582528E+17  0.38953647E+17  0.11352360E+17  0.65883577E+16  0.11113085E+17
  0.39972641E+16  0.46736122E+15  0.99648095E+13
  0.69863427E+13  0.48381334E+14  0.37348696E+14  0.76915526E+14  0.13772967E+16
  0.20929955E+16  0.44063549E+16  0.68172282E+16  0.50644303E+16  0.24806802E+16
  0.93450193E+16  0.80590536E+16  0.86669757E+16  0.10734706E+17  0.22436896E+17
  0.62934970E+20  0.44702367E+20  0.10048489E+19  0.00000000E+00  0.00000000E+00
  0.00000000E+00  0.00000000E+00  0.00000000E+00  0.00000000E+00  0.00000000E+00
  0.00000000E+00  0.81881694E+16  0.53124369E+18  0.70035835E+18  0.32760447E+16
  0.10141295E+19  0.35380382E+19  0.20380689E+20  0.44142099E+17  0.64009403E+17
  0.51904804E+17  0.27856381E+17  0.19198510E+17  0.17434183E+17  0.49975581E+17
  0.17515309E+17  0.23284146E+17  0.29383480E+17  0.15988106E+16  0.38438453E+16
  0.41892905E+16  0.13363725E+16  0.93676211E+14
  0.55523783E+13  0.17311689E+13  0.64870802E+14  0.18251031E+15  0.11610844E+16
  0.58998236E+16  0.39051788E+16  0.65287590E+16  0.37273264E+16  0.18529807E+16
  0.30105932E+16  0.59197694E+16  0.14464480E+17  0.10218724E+17  0.40873708E+17
  0.21630165E+21  0.92061327E+20  0.14122283E+19  0.00000000E+00  0.00000000E+00
  0.00000000E+00  0.00000000E+00  0.00000000E+00  0.00000000E+00  0.00000000E+00
  0.00000000E+00  0.96755159E+16  0.62633612E+18  0.82264669E+18  0.37491507E+16
  0.12059242E+19  0.52279005E+19  0.93823348E+20  0.92573304E+17  0.98524004E+17
  0.10187232E+18  0.42074045E+17  0.22686131E+17  0.20349934E+17  0.22763133E+17
  0.84278912E+16  0.10252271E+16  0.11513738E+17  0.82786170E+16  0.13679833E+16
  0.55885432E+15  0.58419466E+15  0.21554621E+15
  0.74736425E+12  0.38135074E+14  0.18485022E+15  0.43042688E+15  0.20135384E+16
  0.74487790E+16  0.59875963E+15  0.68664619E+16  0.63968731E+16  0.91256569E+16
  0.12095385E+17  0.17936801E+17  0.18898116E+17  0.16965609E+17  0.53369792E+17
  0.16226371E+21  0.17588134E+21  0.18495889E+19  0.00000000E+00  0.00000000E+00
  0.00000000E+00  0.00000000E+00  0.00000000E+00  0.00000000E+00  0.00000000E+00
  0.00000000E+00  0.11710222E+17  0.74300468E+18  0.96950195E+18  0.15064659E+17
  0.24493775E+19  0.16208765E+20  0.79219018E+20  0.17565076E+18  0.20455768E+18
  0.19499561E+18  0.57401737E+17  0.44944446E+17  0.53139593E+17  0.13523252E+17
  0.32073316E+17  0.86202352E+16  0.87103686E+15  0.26071157E+17  0.32303642E+17
  0.13154931E+16  0.23576127E+15  0.76496661E+14
  0.19869373E+14  0.10106881E+15  0.18973171E+15  0.53243828E+15  0.52967499E+16
  0.16443699E+16  0.10726653E+17  0.66208538E+16  0.65706980E+16  0.53768238E+16
  0.34964017E+17  0.29935508E+17  0.16026039E+17  0.22818900E+17  0.14577888E+18
  0.73085636E+20  0.29548329E+21  0.27750214E+19  0.00000000E+00  0.00000000E+00
  0.00000000E+00  0.00000000E+00  0.00000000E+00  0.00000000E+00  0.00000000E+00
  0.00000000E+00  0.14180024E+17  0.92793286E+18  0.11809333E+19  0.54067323E+17
  0.42485301E+19  0.15799518E+20  0.30517057E+21  0.38844897E+18  0.66775672E+18
  0.35979484E+18  0.17294353E+18  0.79976942E+17  0.69940043E+17  0.11909640E+17
  0.12634129E+17  0.32097611E+17  0.22533914E+17  0.12074371E+16  0.32319255E+17
  0.14140676E+17  0.50400485E+16  0.15294371E+15
  0.26456459E+14  0.99082383E+14  0.30089338E+15  0.21744856E+16  0.15251559E+16
  0.23337214E+16  0.94590861E+16  0.19715563E+17  0.50480015E+16  0.28543369E+17
  0.28883591E+17  0.42966925E+17  0.33145430E+17  0.55566743E+17  0.47416974E+18
  0.41296228E+20  0.30845323E+21  0.54313170E+19  0.00000000E+00  0.00000000E+00
  0.00000000E+00  0.00000000E+00  0.00000000E+00  0.00000000E+00  0.00000000E+00
  0.00000000E+00  0.17317187E+17  0.11820353E+19  0.15734501E+19  0.97017159E+17
  0.49460263E+19  0.13732182E+20  0.65412141E+21  0.20617702E+19  0.12501555E+19
  0.87926656E+18  0.27189496E+18  0.80510001E+17  0.43421246E+17  0.14257984E+17
  0.93190246E+16  0.18433581E+17  0.27807754E+17  0.17441286E+17  0.37523885E+17
  0.37870836E+15  0.11842031E+15  0.86038100E+15
  0.35417937E+13  0.39256069E+15  0.16626927E+15  0.19626989E+16  0.27943624E+15
  0.62487938E+16  0.11267594E+17  0.17149463E+17  0.84642662E+16  0.40527670E+17
  0.63767518E+17  0.24578431E+17  0.46534110E+17  0.90853806E+17  0.91686292E+18
  0.11312514E+20  0.27212969E+21  0.75153723E+19  0.00000000E+00  0.00000000E+00
  0.00000000E+00  0.00000000E+00  0.00000000E+00  0.00000000E+00  0.00000000E+00
  0.00000000E+00  0.20018909E+17  0.14960142E+19  0.17213116E+19  0.11362296E+18
  0.47947787E+19  0.12583373E+20  0.51338972E+21  0.25807439E+20  0.34383635E+19
  0.24617764E+19  0.63405365E+18  0.17853880E+18  0.31489959E+17  0.54360372E+17
  0.13930935E+17  0.21678760E+17  0.10050497E+18  0.42473771E+17  0.48609251E+17
  0.59716992E+15  0.14030883E+15  0.43341259E+14
  0.22512165E+14  0.15032806E+16  0.15122619E+16  0.54063728E+15  0.69925202E+16
  0.13713300E+17  0.16938493E+17  0.32832625E+17  0.88592972E+16  0.72517802E+17
  0.30723965E+17  0.36254896E+17  0.52227143E+17  0.16122217E+18  0.10668967E+19
  0.80295889E+19  0.33653758E+21  0.10602835E+19  0.00000000E+00  0.00000000E+00
  0.00000000E+00  0.00000000E+00  0.00000000E+00  0.00000000E+00  0.00000000E+00
  0.00000000E+00  0.20324686E+17  0.14959447E+19  0.17639063E+19  0.17381014E+18
  0.34249171E+19  0.11061871E+20  0.24604870E+21  0.27292799E+21  0.16544301E+20
  0.39333197E+19  0.10063477E+19  0.37495094E+18  0.84517297E+17  0.81922012E+17
  0.16548657E+18  0.13691573E+18  0.68883463E+17  0.23333304E+17  0.60610136E+17
  0.20444385E+16  0.39362577E+15  0.55934995E+14
  0.91629891E+14  0.47496253E+15  0.93108509E+16  0.11817296E+17  0.15204485E+17
  0.14794283E+17  0.15322267E+17  0.58481023E+17  0.26400669E+17  0.80050426E+17
  0.50268262E+17  0.77710803E+17  0.11221843E+18  0.15261727E+18  0.95828630E+18
  0.72797718E+19  0.12653670E+21  0.12755745E+18  0.00000000E+00  0.00000000E+00
  0.00000000E+00  0.00000000E+00  0.00000000E+00  0.00000000E+00  0.00000000E+00
  0.00000000E+00  0.21419914E+17  0.15526905E+19  0.17561288E+19  0.18643208E+18
  0.24461842E+19  0.11026916E+20  0.35026956E+20  0.30506429E+21  0.68740777E+20
  0.95294105E+19  0.22199275E+19  0.40781874E+18  0.15140212E+18  0.11468219E+18
  0.18703643E+18  0.14275895E+18  0.14252012E+18  0.64434317E+17  0.70288752E+17
  0.13232253E+17  0.33035369E+16  0.56186422E+14
  0.78055177E+15  0.47749216E+16  0.73467801E+16  0.13216091E+17  0.45282825E+16
  0.62990569E+17  0.57122355E+17  0.10345532E+18  0.10384455E+18  0.15064043E+18
  0.12853894E+18  0.19350640E+18  0.18260960E+18  0.30219618E+18  0.12807517E+19
  0.98876139E+19  0.11069430E+21  0.40782336E+17  0.00000000E+00  0.00000000E+00
  0.00000000E+00  0.00000000E+00  0.00000000E+00  0.00000000E+00  0.00000000E+00
  0.00000000E+00  0.10788336E+17  0.15233322E+19  0.18051626E+19  0.19014795E+18
  0.27820043E+19  0.94459350E+19  0.26684609E+20  0.22428506E+21  0.24762066E+21
  0.26484493E+20  0.52140523E+19  0.11577475E+19  0.16350461E+18  0.13887830E+18
  0.10610094E+18  0.15922586E+18  0.23242460E+18  0.40680237E+17  0.13443143E+18
  0.78795670E+16  0.50775569E+16  0.11501144E+16
  0.47158338E+16  0.51843524E+16  0.54322694E+16  0.80139122E+16  0.10488006E+17
  0.75207064E+17  0.27446537E+18  0.27618729E+18  0.12199755E+18  0.16797220E+18
  0.25516965E+18  0.16403233E+18  0.15442398E+18  0.44938927E+18  0.88639682E+18
  0.78172532E+19  0.20333038E+20  0.45030466E+17  0.00000000E+00  0.00000000E+00
  0.00000000E+00  0.00000000E+00  0.00000000E+00  0.00000000E+00  0.00000000E+00
  0.00000000E+00  0.11159851E+17  0.15555081E+19  0.18902590E+19  0.25228084E+18
  0.34116977E+19  0.81800971E+19  0.26848024E+20  0.14841767E+21  0.36677681E+21
  0.79767735E+20  0.10970691E+20  0.23816437E+19  0.37173860E+18  0.30068457E+18
  0.13722400E+18  0.10728361E+18  0.27696602E+18  0.10810141E+18  0.78653908E+17
  0.20265520E+17  0.25467556E+16  0.81592306E+15
  0.36382317E+16  0.20965710E+16  0.29010613E+17  0.10320387E+18  0.20714248E+18
  0.23790191E+18  0.42828282E+18  0.24745124E+18  0.22302897E+18  0.29444290E+18
  0.21982686E+18  0.12802536E+18  0.32920583E+18  0.45472044E+18  0.99926059E+18
  0.78579668E+19  0.18699009E+20  0.59303692E+17  0.00000000E+00  0.00000000E+00
  0.00000000E+00  0.00000000E+00  0.00000000E+00  0.00000000E+00  0.00000000E+00
  0.00000000E+00  0.11547567E+17  0.15587890E+19  0.18907887E+19  0.27924732E+18
  0.36668488E+19  0.76345888E+19  0.23536901E+20  0.10285226E+21  0.27184765E+21
  0.21545866E+21  0.25867311E+20  0.57566711E+19  0.85259161E+18  0.25016348E+18
  0.29928534E+18  0.19116080E+18  0.39371589E+18  0.16282803E+18  0.17368383E+18
  0.53685779E+17  0.10874705E+17  0.25463352E+16
  0.73441841E+17  0.16099027E+18  0.26283411E+18  0.26231883E+18  0.21555038E+18
  0.25918326E+18  0.44657553E+18  0.42993470E+18  0.52331991E+18  0.28941539E+18
  0.32366261E+18  0.53418066E+18  0.49984219E+18  0.54905229E+18  0.69415410E+18
  0.20818743E+20  0.23085658E+20  0.00000000E+00  0.00000000E+00  0.00000000E+00
  0.00000000E+00  0.00000000E+00  0.00000000E+00  0.00000000E+00  0.00000000E+00
  0.00000000E+00  0.11860096E+17  0.15656690E+19  0.21067741E+19  0.36372937E+18
  0.35835723E+19  0.52750269E+19  0.33623870E+20  0.53997811E+20  0.20229131E+21
  0.34056237E+21  0.45344407E+20  0.90200899E+19  0.24609434E+19  0.58028371E+18
  0.36756027E+18  0.35560861E+18  0.30563647E+18  0.13234573E+18  0.18217586E+18
  0.29386548E+18  0.94168308E+16  0.24364577E+16
  0.17201683E+18  0.54390545E+18  0.59721008E+18  0.70127060E+18  0.16950260E+19
  0.13187934E+19  0.14918065E+19  0.14664202E+19  0.12737667E+19  0.83804721E+18
  0.37505194E+18  0.49781496E+18  0.51779444E+18  0.38976465E+18  0.11298273E+19
  0.11644785E+20  0.31120292E+19  0.00000000E+00  0.00000000E+00  0.00000000E+00
  0.00000000E+00  0.00000000E+00  0.00000000E+00  0.00000000E+00  0.00000000E+00
  0.00000000E+00  0.12332527E+17  0.16421147E+19  0.30956102E+19  0.45122915E+18
  0.33976425E+19  0.53825707E+19  0.25946939E+20  0.41913925E+20  0.20457142E+21
  0.36327205E+21  0.92234466E+20  0.11542891E+20  0.31814096E+19  0.24412734E+19
  0.10624438E+19  0.11846038E+19  0.51416479E+18  0.40510189E+18  0.27969798E+18
  0.60714235E+18  0.19778563E+18  0.56503864E+17
  0.78237354E+18  0.16923648E+19  0.21264008E+19  0.19919559E+19  0.18504221E+19
  0.15074197E+19  0.27292467E+19  0.21157525E+19  0.96996930E+18  0.76721011E+18
  0.53984393E+18  0.29725759E+18  0.31139001E+18  0.81273918E+18  0.56199518E+18
  0.72094070E+19  0.24670402E+18  0.00000000E+00  0.00000000E+00  0.00000000E+00
  0.00000000E+00  0.00000000E+00  0.00000000E+00  0.00000000E+00  0.00000000E+00
  0.00000000E+00  0.12552828E+17  0.16558648E+19  0.31889329E+19  0.37792540E+18
  0.11399331E+19  0.79309212E+19  0.21063956E+20  0.46599036E+20  0.10571311E+21
  0.33515629E+21  0.12328309E+21  0.19101506E+20  0.41558140E+19  0.33804488E+19
  0.19215940E+19  0.16349021E+19  0.12041569E+19  0.13486062E+19  0.82352282E+18
  0.78126408E+18  0.12197079E+19  0.24350063E+18
  0.35270226E+19  0.45002321E+19  0.33803605E+19  0.29594665E+19  0.22236733E+19
  0.23170413E+19  0.17867308E+19  0.10990653E+19  0.46794632E+18  0.20018798E+18
  0.49840191E+17  0.18222351E+18  0.44540990E+18  0.35312313E+18  0.24487133E+19
  0.11648426E+19  0.89462337E+17  0.00000000E+00  0.00000000E+00  0.00000000E+00
  0.00000000E+00  0.00000000E+00  0.00000000E+00  0.00000000E+00  0.00000000E+00
  0.00000000E+00  0.13401262E+17  0.17722021E+19  0.33953101E+19  0.38495904E+18
  0.18791467E+18  0.82503473E+19  0.15048867E+20  0.28850071E+20  0.81830269E+20
  0.32486296E+21  0.18910613E+21  0.26467010E+20  0.77003174E+19  0.35737796E+19
  0.31617163E+19  0.33156288E+19  0.18636410E+19  0.99482421E+18  0.82340093E+18
  0.16302924E+19  0.13506180E+19  0.28784195E+18
  0.13764721E+19  0.14392492E+19  0.79373845E+18  0.50703811E+18  0.46530749E+18
  0.48017974E+18  0.22156174E+18  0.12004489E+18  0.53641690E+17  0.63234782E+17
  0.18579157E+18  0.40324588E+18  0.11735052E+19  0.17202524E+19  0.73195687E+18
  0.43527628E+18  0.81544830E+16  0.00000000E+00  0.00000000E+00  0.00000000E+00
  0.00000000E+00  0.00000000E+00  0.00000000E+00  0.00000000E+00  0.00000000E+00
  0.00000000E+00  0.13473788E+17  0.17683810E+19  0.34869269E+19  0.38584781E+18
  0.14983513E+18  0.85044602E+19  0.99086405E+19  0.19149097E+20  0.62486526E+20
  0.14604625E+21  0.36851646E+21  0.76517190E+20  0.78523049E+19  0.45584081E+19
  0.41529954E+19  0.48718015E+19  0.46865091E+19  0.35069762E+19  0.25622350E+19
  0.12188336E+19  0.14275625E+19  0.56707873E+18
  0.10316390E+18  0.92790071E+17  0.34999410E+17  0.16866534E+17  0.24479852E+17
  0.29982906E+17  0.24525274E+17  0.21321347E+17  0.10479554E+18  0.93824196E+18
  0.12566678E+19  0.17631359E+19  0.17611165E+19  0.17305194E+20  0.40721580E+17
  0.37495702E+17  0.00000000E+00  0.00000000E+00  0.00000000E+00  0.00000000E+00
  0.00000000E+00  0.00000000E+00  0.00000000E+00  0.00000000E+00  0.00000000E+00
  0.00000000E+00  0.13506508E+17  0.17649558E+19  0.36882446E+19  0.35639966E+18
  0.53754898E+17  0.90211097E+19  0.33420510E+19  0.17851795E+20  0.34500408E+20
  0.10481787E+21  0.27738993E+21  0.23613171E+21  0.27390655E+20  0.42032592E+19
  0.31708263E+19  0.32033147E+19  0.38538833E+19  0.68886808E+19  0.85155062E+19
  0.62280163E+19  0.27732712E+19  0.10275202E+19
  0.11989158E+17  0.10783701E+17  0.56545375E+17  0.68332615E+17  0.21597759E+18
  0.13023623E+18  0.24309163E+18  0.34122150E+18  0.15417009E+19  0.97476592E+18
  0.26181951E+18  0.19640849E+18  0.74551598E+17  0.29901786E+17  0.28728232E+17
  0.53162627E+16  0.00000000E+00  0.00000000E+00  0.00000000E+00  0.00000000E+00
  0.00000000E+00  0.00000000E+00  0.00000000E+00  0.00000000E+00  0.00000000E+00
  0.00000000E+00  0.14063791E+17  0.18351301E+19  0.37288282E+19  0.35580823E+18
  0.45740003E+17  0.86115011E+19  0.35163178E+19  0.92682629E+19  0.28691890E+20
  0.52898616E+20  0.10962200E+21  0.25680705E+21  0.10166102E+21  0.22573959E+20
  0.31799096E+19  0.18151177E+19  0.24001428E+19  0.31720832E+19  0.54259128E+19
  0.69280473E+19  0.69376101E+19  0.28740992E+19
  0.43666269E+16  0.89896512E+16  0.19418331E+17  0.46204308E+17  0.51974497E+18
  0.17922710E+18  0.37843345E+18  0.85350364E+18  0.26340397E+18  0.50584098E+17
  0.52984327E+16  0.59238785E+17  0.46255470E+16  0.24815968E+17  0.31107324E+16
  0.00000000E+00  0.00000000E+00  0.00000000E+00  0.00000000E+00  0.00000000E+00
  0.00000000E+00  0.00000000E+00  0.00000000E+00  0.00000000E+00  0.00000000E+00
  0.00000000E+00  0.14128718E+17  0.17593651E+19  0.37382133E+19  0.25678129E+18
  0.14299620E+18  0.88985610E+19  0.48440190E+19  0.37425788E+19  0.16189179E+20
  0.34905468E+20  0.64446705E+20  0.16678070E+21  0.11584376E+21  0.51509489E+20
  0.16383895E+20  0.53866571E+19  0.20197898E+19  0.15051283E+19  0.25717285E+19
  0.17354054E+19  0.18701765E+19  0.19015396E+19
  0.16319549E+17  0.34021271E+17  0.59811931E+17  0.10079839E+18  0.12965820E+18
  0.75322554E+17  0.61242711E+16  0.53594844E+16  0.00000000E+00  0.00000000E+00
  0.00000000E+00  0.11051642E+17  0.16381514E+17  0.73344250E+15  0.00000000E+00
  0.00000000E+00  0.00000000E+00  0.00000000E+00  0.00000000E+00  0.00000000E+00
  0.00000000E+00  0.00000000E+00  0.00000000E+00  0.00000000E+00  0.00000000E+00
  0.00000000E+00  0.14081706E+17  0.16838933E+19  0.36627077E+19  0.24357031E+18
  0.16811303E+18  0.67353118E+19  0.27678329E+20  0.31483284E+19  0.89757395E+19
  0.35441988E+20  0.34226650E+20  0.51785864E+20  0.13276696E+21  0.92293703E+20
  0.37761276E+20  0.91532215E+19  0.42861312E+19  0.16505282E+19  0.18946565E+19
  0.13710551E+19  0.98973699E+18  0.56669674E+18
  0.35005648E+16  0.16008581E+16  0.16448367E+16  0.18572757E+16  0.38813611E+14
  0.00000000E+00  0.00000000E+00  0.00000000E+00  0.00000000E+00  0.67248101E+16
  0.11823980E+17  0.46184897E+16  0.00000000E+00  0.00000000E+00  0.00000000E+00
  0.00000000E+00  0.00000000E+00  0.00000000E+00  0.00000000E+00  0.00000000E+00
  0.00000000E+00  0.00000000E+00  0.00000000E+00  0.00000000E+00  0.00000000E+00
  0.00000000E+00  0.69282099E+16  0.16724782E+19  0.37128018E+19  0.24742739E+18
  0.15649451E+18  0.68716907E+19  0.19868228E+20  0.26437525E+19  0.35145671E+19
  0.20562540E+20  0.27319731E+20  0.53603523E+20  0.81987590E+20  0.71180108E+20
  0.96659543E+20  0.26315828E+20  0.86364549E+19  0.46002966E+19  0.26656807E+19
  0.17840915E+19  0.15082429E+19  0.28533923E+18
  0.00000000E+00  0.00000000E+00  0.00000000E+00  0.00000000E+00  0.00000000E+00
  0.00000000E+00  0.00000000E+00  0.00000000E+00  0.10040871E+17  0.21040277E+16
  0.00000000E+00  0.00000000E+00  0.00000000E+00  0.00000000E+00  0.00000000E+00
  0.00000000E+00  0.00000000E+00  0.00000000E+00  0.00000000E+00  0.00000000E+00
  0.00000000E+00  0.00000000E+00  0.00000000E+00  0.00000000E+00  0.00000000E+00
  0.00000000E+00  0.68808668E+16  0.16399417E+19  0.36610120E+19  0.24753643E+18
  0.15626579E+18  0.55125625E+19  0.19220751E+20  0.96947970E+19  0.49823990E+19
  0.73829561E+19  0.23210157E+20  0.75102338E+20  0.60665837E+20  0.82011420E+20
  0.63136286E+20  0.12256704E+21  0.21273879E+20  0.94458974E+19  0.28101886E+19
  0.22501212E+19  0.97106752E+18  0.27780902E+18
  0.00000000E+00  0.00000000E+00  0.00000000E+00  0.00000000E+00  0.00000000E+00
  0.00000000E+00  0.00000000E+00  0.00000000E+00  0.00000000E+00  0.00000000E+00
  0.00000000E+00  0.00000000E+00  0.00000000E+00  0.00000000E+00  0.00000000E+00
  0.00000000E+00  0.00000000E+00  0.00000000E+00  0.00000000E+00  0.00000000E+00
  0.00000000E+00  0.00000000E+00  0.00000000E+00  0.00000000E+00  0.00000000E+00
  0.00000000E+00  0.66624532E+16  0.15790221E+19  0.35981809E+19  0.24391547E+18
  0.15357934E+18  0.17428803E+19  0.15084114E+20  0.32321512E+20  0.76492981E+19
  0.15309587E+19  0.36863070E+20  0.45622122E+20  0.35678800E+20  0.60320436E+20
  0.61035861E+20  0.41692779E+20  0.29735732E+20  0.10178274E+21  0.72110459E+19
  0.30787513E+19  0.20584009E+19  0.61980608E+18
  0.00000000E+00  0.00000000E+00  0.00000000E+00  0.00000000E+00  0.00000000E+00
  0.00000000E+00  0.00000000E+00  0.00000000E+00  0.00000000E+00  0.00000000E+00
  0.00000000E+00  0.00000000E+00  0.00000000E+00  0.00000000E+00  0.00000000E+00
  0.00000000E+00  0.00000000E+00  0.00000000E+00  0.00000000E+00  0.00000000E+00
  0.00000000E+00  0.00000000E+00  0.00000000E+00  0.00000000E+00  0.00000000E+00
  0.00000000E+00  0.62909535E+16  0.15329198E+19  0.35034449E+19  0.22302945E+18
  0.16135859E+18  0.15376846E+19  0.46469999E+19  0.30942481E+20  0.20012082E+20
  0.11726954E+20  0.37411955E+20  0.98214043E+19  0.25009545E+20  0.47702093E+20
  0.30897838E+20  0.38913097E+20  0.10323801E+21  0.21979562E+20  0.17155380E+20
  0.12419714E+20  0.48347900E+19  0.11447745E+19
  0.00000000E+00  0.00000000E+00  0.00000000E+00  0.00000000E+00  0.00000000E+00
  0.00000000E+00  0.00000000E+00  0.00000000E+00  0.00000000E+00  0.00000000E+00
  0.00000000E+00  0.00000000E+00  0.00000000E+00  0.00000000E+00  0.00000000E+00
  0.00000000E+00  0.00000000E+00  0.00000000E+00  0.00000000E+00  0.00000000E+00
  0.00000000E+00  0.00000000E+00  0.00000000E+00  0.00000000E+00  0.00000000E+00
  0.00000000E+00  0.58025581E+16  0.14180993E+19  0.32664337E+19  0.18911759E+18
  0.19971042E+18  0.10326052E+19  0.91828289E+18  0.21458259E+19  0.29774674E+20
  0.32145958E+20  0.28101820E+20  0.27006156E+20  0.10761926E+20  0.21326427E+20
  0.24855287E+20  0.14789215E+20  0.18007559E+20  0.27916035E+20  0.19059733E+20
  0.16880664E+20  0.16776496E+20  0.65226855E+19
  0.00000000E+00  0.00000000E+00  0.00000000E+00  0.00000000E+00  0.00000000E+00
  0.00000000E+00  0.00000000E+00  0.00000000E+00  0.00000000E+00  0.00000000E+00
  0.00000000E+00  0.00000000E+00  0.00000000E+00  0.00000000E+00  0.00000000E+00
  0.00000000E+00  0.00000000E+00  0.00000000E+00  0.00000000E+00  0.00000000E+00
  0.00000000E+00  0.00000000E+00  0.00000000E+00  0.00000000E+00  0.00000000E+00
  0.00000000E+00  0.51974160E+16  0.12653765E+19  0.29430207E+19  0.15134783E+18
  0.22825489E+18  0.79905727E+18  0.15456857E+18  0.58036486E+17  0.20959914E+19
  0.13194014E+20  0.35902471E+20  0.19903806E+20  0.27391274E+20  0.25767591E+20
  0.31000644E+20  0.18318481E+20  0.21734263E+20  0.15368717E+20  0.15517020E+20
  0.15559608E+20  0.14631991E+20  0.11504463E+20
  0.00000000E+00  0.00000000E+00  0.00000000E+00  0.00000000E+00  0.00000000E+00
  0.00000000E+00  0.00000000E+00  0.00000000E+00  0.00000000E+00  0.00000000E+00
  0.00000000E+00  0.00000000E+00  0.00000000E+00  0.00000000E+00  0.00000000E+00
  0.00000000E+00  0.00000000E+00  0.00000000E+00  0.00000000E+00  0.00000000E+00
  0.00000000E+00  0.00000000E+00  0.00000000E+00  0.00000000E+00  0.00000000E+00
  0.00000000E+00  0.42807418E+16  0.10402057E+19  0.24356826E+19  0.12547178E+18
  0.16551965E+18  0.64671558E+18  0.10709167E+18  0.17071621E+17  0.27138866E+18
  0.38323884E+19  0.86866611E+19  0.14690550E+20  0.14441237E+20  0.18352465E+20
  0.12277147E+20  0.10276083E+20  0.87452537E+19  0.10531692E+20  0.82053467E+19
  0.79941994E+19  0.46864404E+19  0.33822766E+19
  0.00000000E+00  0.00000000E+00  0.00000000E+00  0.00000000E+00  0.00000000E+00
  0.00000000E+00  0.00000000E+00  0.00000000E+00  0.00000000E+00  0.00000000E+00
  0.00000000E+00  0.00000000E+00  0.00000000E+00  0.00000000E+00  0.00000000E+00
  0.00000000E+00  0.00000000E+00  0.00000000E+00  0.00000000E+00  0.00000000E+00
  0.00000000E+00  0.00000000E+00  0.00000000E+00  0.00000000E+00  0.00000000E+00
  0.00000000E+00  0.30755413E+16  0.75131222E+18  0.17621019E+19  0.49251964E+18
  0.14190097E+18  0.40937283E+18  0.70481051E+17  0.32684342E+17  0.44831721E+16
  0.56711708E+17  0.30719948E+19  0.33685551E+19  0.30724872E+19  0.22840103E+19
  0.35945089E+19  0.44385514E+19  0.43325547E+19  0.39280467E+19  0.34066150E+19
  0.42747352E+20  0.26924520E+19  0.17573065E+19
  0.00000000E+00  0.00000000E+00  0.00000000E+00  0.00000000E+00  0.00000000E+00
  0.00000000E+00  0.00000000E+00  0.00000000E+00  0.00000000E+00  0.00000000E+00
  0.00000000E+00  0.00000000E+00  0.00000000E+00  0.00000000E+00  0.00000000E+00
  0.00000000E+00  0.00000000E+00  0.00000000E+00  0.00000000E+00  0.00000000E+00
  0.00000000E+00  0.00000000E+00  0.00000000E+00  0.00000000E+00  0.00000000E+00
  0.00000000E+00  0.15669536E+16  0.39532188E+18  0.94337162E+18  0.53454060E+17
  0.93001724E+17  0.34122086E+17  0.23247234E+17  0.40459869E+17  0.13548115E+19
  0.22068417E+18  0.13688578E+19  0.32121563E+18  0.11225774E+19  0.15344303E+19
  0.89001773E+18  0.60766833E+18  0.11307036E+19  0.67888013E+18  0.90423799E+18
  0.61527442E+18  0.57908530E+18  0.91060863E+18
 -0.27556670E-10 -0.27548335E-09 -0.27982412E-08 -0.14232533E-02 -0.68625311E-07
 -0.40661257E-03  0.23780158E-07  0.61012907E-07 -0.47745064E-04 -0.66570856E-03
 -0.19173317E-03  0.54992965E-03 -0.15037815E-02 -0.23524399E-02 -0.14951247E-01
  0.17792348E-03  0.78951711E-04  0.42628964E-04  0.00000000E+00  0.00000000E+00
  0.00000000E+00  0.00000000E+00  0.00000000E+00  0.00000000E+00  0.00000000E+00
  0.00000000E+00 -0.25381585E-06 -0.19691263E-04 -0.28922030E-04 -0.33462874E-06
 -0.47516339E-05 -0.14621622E-04  0.19880246E-04  0.20084572E-02 -0.19647216E-02
 -0.10736884E-02 -0.23585233E-02 -0.18274334E-01 -0.56702539E-02 -0.10635136E-01
  0.22658729E-04 -0.43291974E-05  0.49699949E-05  0.70621627E-09 -0.15709267E-05
  0.27759834E-10  0.67973622E-10  0.62578567E-12
 -0.36027342E-12 -0.49920453E-10 -0.46864627E-08 -0.14849122E-07 -0.16988118E-07
 -0.10256607E-04 -0.54201785E-07 -0.12508519E-04 -0.51359924E-04 -0.20293558E-02
  0.76771198E-06 -0.47978352E-02 -0.66475175E-03 -0.20716428E-02 -0.79521232E-02
  0.32617265E-03  0.63044773E-03  0.17598536E-04  0.00000000E+00  0.00000000E+00
  0.00000000E+00  0.00000000E+00  0.00000000E+00  0.00000000E+00  0.00000000E+00
  0.00000000E+00 -0.28995527E-06 -0.22529412E-04 -0.32715047E-04 -0.37782273E-06
  0.24301566E-04  0.30278546E-04  0.35102250E-04 -0.21904859E-01 -0.28831267E-02
 -0.59248335E-02 -0.86154190E-02 -0.50072513E-03  0.11606333E-01  0.26898313E-02
 -0.38460372E-04 -0.48799355E-02  0.20068130E-02 -0.17779319E-03  0.24116658E-07
  0.00000000E+00  0.18487150E-03  0.00000000E+00
 -0.33805492E-10 -0.38799936E-09 -0.15004382E-08 -0.50914496E-05 -0.11290278E-07
 -0.29628102E-07  0.71021031E-05 -0.70649217E-03  0.91371860E-04  0.14240578E-02
 -0.32650496E-02  0.22945134E-02  0.27508576E-02 -0.36266311E-02  0.48746663E-02
  0.96697698E-04  0.18979805E-02  0.41420231E-04  0.00000000E+00  0.00000000E+00
  0.00000000E+00  0.00000000E+00  0.00000000E+00  0.00000000E+00  0.00000000E+00
  0.00000000E+00  0.11799953E-04 -0.25988675E-04 -0.37642117E-04 -0.42757112E-06
 -0.41306098E-05 -0.22328832E-04  0.92089513E-03 -0.50484280E-02  0.51849500E-02
  0.44677662E-02  0.39499746E-02 -0.33407204E-02 -0.42073509E-02 -0.14511025E-02
  0.12624865E-02  0.51506980E-05  0.87440282E-06  0.57444932E-05 -0.11381986E-02
 -0.22092057E-07  0.35179483E-08  0.00000000E+00
 -0.12990268E-10 -0.15825898E-09 -0.15741383E-10 -0.10931404E-05 -0.20846825E-07
 -0.32257389E-07 -0.32575436E-07 -0.10179655E-06 -0.43360799E-04  0.15153858E-03
  0.17909935E-04 -0.53590251E-03 -0.35096568E-02  0.66951101E-02 -0.39996521E-02
  0.65769435E-02  0.92475390E-03  0.97112761E-05  0.00000000E+00  0.00000000E+00
  0.00000000E+00  0.00000000E+00  0.00000000E+00  0.00000000E+00  0.00000000E+00
  0.00000000E+00 -0.46465351E-06 -0.30111952E-04 -0.42896832E-04 -0.48017803E-06
 -0.36583850E-05 -0.58005483E-03  0.14992442E-02  0.37956476E-02  0.55518108E-02
 -0.20258343E-01 -0.39835622E-03 -0.43988627E-03  0.42824201E-02 -0.30777933E-02
  0.11860048E-02  0.74753528E-03  0.49593282E-02  0.35586445E-04 -0.94586824E-03
  0.21138603E-02 -0.36338500E-03 -0.23388131E-09
 -0.10647737E-10 -0.14531274E-11  0.00000000E+00 -0.26351940E-09 -0.11088810E-07
 -0.94427426E-07  0.52173320E-05 -0.27388133E-04 -0.42955739E-04 -0.88318950E-04
 -0.57978925E-03 -0.14612354E-03 -0.66958491E-03 -0.42759165E-02 -0.15403940E-01
  0.20267218E-01  0.42429384E-02  0.60106355E-04  0.00000000E+00  0.00000000E+00
  0.00000000E+00  0.00000000E+00  0.00000000E+00  0.00000000E+00  0.00000000E+00
  0.00000000E+00 -0.54922879E-06 -0.35501985E-04 -0.49669315E-04 -0.54986045E-06
 -0.49666252E-05  0.11625962E-03  0.16501319E-01 -0.15911262E-01  0.27226066E-02
 -0.19395521E-01 -0.70880796E-02 -0.17983080E-02 -0.47659800E-02  0.10140853E-01
  0.11355928E-02  0.25096337E-05  0.87616785E-02  0.84269481E-05 -0.21082923E-05
 -0.95599322E-09  0.20786183E-07  0.62718840E-09
 -0.13820950E-10 -0.21853277E-09 -0.88185393E-09 -0.37022962E-08 -0.25421088E-07
 -0.11500751E-06  0.11052129E-08  0.34342309E-04  0.44093637E-04  0.95469473E-03
 -0.14101780E-02  0.10274547E-02 -0.37395993E-02 -0.21766325E-02 -0.19687734E-01
  0.17556792E-01 -0.28563027E-02  0.70458219E-04  0.00000000E+00  0.00000000E+00
  0.00000000E+00  0.00000000E+00  0.00000000E+00  0.00000000E+00  0.00000000E+00
  0.00000000E+00 -0.66497085E-06 -0.42114997E-04 -0.57759998E-04 -0.13266975E-04
 -0.35065857E-02 -0.18448420E-02  0.44105602E-02  0.12556165E-01 -0.13877207E-01
 -0.39604280E-02 -0.19141760E-01  0.78741804E-02 -0.10750952E-01 -0.38800134E-02
 -0.94802294E-03  0.16024267E-04 -0.68438078E-05 -0.80041409E-02  0.17285190E-04
  0.75112827E-08 -0.10518122E-08  0.38658569E-09
 -0.47600545E-10 -0.15962135E-10 -0.57635357E-09 -0.22206996E-08 -0.58267761E-07
 -0.19092110E-07  0.38238542E-04 -0.16279212E-02 -0.49134239E-03 -0.82788732E-04
  0.15920921E-02 -0.42098224E-02  0.52977178E-02 -0.71402243E-02 -0.94190244E-02
 -0.23120044E-01  0.18122733E-01  0.98558099E-04  0.00000000E+00  0.00000000E+00
  0.00000000E+00  0.00000000E+00  0.00000000E+00  0.00000000E+00  0.00000000E+00
  0.00000000E+00 -0.80556730E-06 -0.52597106E-04 -0.69631952E-04 -0.16828718E-05
  0.31333670E-02 -0.21538879E-02  0.23010731E-01  0.31586563E-02 -0.18705428E-01
  0.66458479E-02 -0.20862287E-01  0.41323108E-02  0.40614822E-02  0.63641995E-02
  0.32065890E-02 -0.10941916E-02 -0.10659558E-02  0.10086365E-03  0.11632667E-01
  0.13081818E-06  0.46721620E-07  0.52416552E-09
 -0.74874306E-10 -0.54889862E-09 -0.23274423E-08 -0.23341436E-03  0.15129491E-04
 -0.70343348E-08  0.75976627E-03  0.56574450E-03 -0.39885607E-02 -0.29726604E-02
  0.29854110E-02 -0.80037617E-02 -0.10005428E-02  0.34091123E-02 -0.15271153E-01
  0.11130254E+00  0.11061110E-01 -0.18330448E-03  0.00000000E+00  0.00000000E+00
  0.00000000E+00  0.00000000E+00  0.00000000E+00  0.00000000E+00  0.00000000E+00
  0.00000000E+00 -0.98429169E-06 -0.67000155E-04 -0.92284517E-04 -0.62994478E-05
 -0.41123717E-03 -0.94718157E-03  0.11832408E-01 -0.37932487E-01  0.11979980E-01
 -0.56853797E-01 -0.14016173E-01  0.19950257E-01 -0.40775622E-02  0.25055254E-02
  0.49044795E-03 -0.46634376E-05 -0.22889634E-05  0.16791549E-02  0.22640350E-07
 -0.16029155E-09  0.44219368E-10  0.78891999E-08
  0.00000000E+00 -0.16010026E-03 -0.29614895E-09 -0.15008412E-05 -0.93461944E-09
  0.60066707E-08 -0.21100275E-03  0.16742009E-02  0.16211921E-03 -0.26205900E-02
  0.54436846E-02  0.39687934E-03  0.36481202E-02  0.76870186E-03  0.22873777E-03
 -0.60654759E-01  0.54707102E-02  0.15136003E-02  0.00000000E+00  0.00000000E+00
  0.00000000E+00  0.00000000E+00  0.00000000E+00  0.00000000E+00  0.00000000E+00
  0.00000000E+00 -0.11385468E-05 -0.84797136E-04 -0.10073323E-03  0.48272784E-04
 -0.34204243E-03 -0.78778004E-03  0.33283989E-01  0.11240575E-01  0.43520268E-02
 -0.28023856E-01  0.62682207E-02  0.35669185E-02 -0.50965023E-02 -0.37988349E-02
 -0.96751345E-02 -0.13358385E-01 -0.62591378E-03  0.10133383E-01  0.30416091E-04
 -0.16034318E-05  0.42172893E-10  0.29280769E-11
 -0.17973081E-10 -0.23661156E-07  0.41068593E-05 -0.91520961E-08 -0.13851324E-07
  0.62812738E-03 -0.13154756E-02 -0.42094255E-03  0.50242845E-04 -0.10961818E-02
  0.31407260E-02 -0.57444639E-02 -0.63506099E-02  0.88374484E-02 -0.42545013E-01
 -0.53783739E-02 -0.59930491E-02  0.67170619E-04  0.00000000E+00  0.00000000E+00
  0.00000000E+00  0.00000000E+00  0.00000000E+00  0.00000000E+00  0.00000000E+00
  0.00000000E+00 -0.11567309E-05 -0.84793220E-04 -0.10050966E-03 -0.30586440E-05
 -0.16993323E-03 -0.80121043E-03 -0.27930134E-02  0.27115694E-01 -0.53787314E-02
 -0.49798244E-02  0.99794828E-03  0.23367707E-02 -0.16721313E-01  0.47604035E-02
 -0.11870104E-01 -0.24177410E-01  0.11303470E-01  0.19161985E-04 -0.54668870E-02
 -0.50758816E-07  0.17088600E-11  0.12346946E-10
 -0.89347340E-10  0.64575666E-05 -0.16143457E-06  0.19002627E-02 -0.29991576E-04
 -0.16412181E-06 -0.15910572E-04  0.19000113E-03  0.46253092E-03 -0.17792881E-02
  0.76066378E-03  0.21202219E-01  0.38399789E-02  0.49022498E-02 -0.10021167E-02
 -0.54366239E-02  0.23511697E-02  0.15133962E-04  0.00000000E+00  0.00000000E+00
  0.00000000E+00  0.00000000E+00  0.00000000E+00  0.00000000E+00  0.00000000E+00
  0.00000000E+00 -0.12198953E-05 -0.88009718E-04 -0.14640481E-03 -0.10858731E-05
 -0.11927840E-04 -0.36939167E-03 -0.22572035E-02  0.11612986E-01  0.19646222E-01
  0.18241078E-01 -0.29363045E-01  0.11459205E-01  0.10296790E-01  0.88950828E-02
  0.11075487E-01  0.11142955E-01 -0.67100927E-02 -0.17889537E-05 -0.65587711E-02
  0.39430330E-06  0.21887944E-02  0.10448244E-10
 -0.79688496E-08 -0.68850501E-07 -0.10608486E-06 -0.13015935E-02 -0.86200943E-04
 -0.24091181E-04 -0.10470490E-02  0.80472117E-02 -0.81144497E-02 -0.50530329E-02
  0.12946932E-01 -0.16713388E-01 -0.19084037E-02  0.64853952E-02 -0.10012114E-01
  0.14885296E-02 -0.11041338E-01  0.21035958E-05  0.00000000E+00  0.00000000E+00
  0.00000000E+00  0.00000000E+00  0.00000000E+00  0.00000000E+00  0.00000000E+00
  0.00000000E+00 -0.61484633E-06 -0.86345654E-04 -0.85793420E-04 -0.70604779E-06
  0.29332561E-03 -0.68240318E-03 -0.14442010E-02  0.59163169E-02 -0.34375777E-01
 -0.76469383E-01 -0.37644136E-01 -0.10531138E-01 -0.24852712E-01  0.92953675E-02
  0.68759414E-02 -0.17296450E-01  0.21226396E-01 -0.25644761E-02  0.18876999E-01
  0.90155986E-03  0.16228488E-06  0.32814862E-07
 -0.68890459E-07 -0.85334691E-07 -0.56209136E-07 -0.11960601E-06 -0.19435687E-06
 -0.47822361E-02 -0.44759606E-03 -0.21891376E-02 -0.39197858E-02 -0.10216129E-01
  0.14552760E-01 -0.84903772E-02 -0.13688800E-01  0.16540481E-02  0.48906597E-02
 -0.15476136E-01  0.27647333E-02  0.23227111E-05  0.00000000E+00  0.00000000E+00
  0.00000000E+00  0.00000000E+00  0.00000000E+00  0.00000000E+00  0.00000000E+00
  0.00000000E+00 -0.63646795E-06 -0.88169478E-04 -0.91975604E-04 -0.14972428E-03
  0.57525627E-05 -0.50718165E-03 -0.12449108E-02 -0.14577165E-01  0.35275742E-02
 -0.46772353E-01 -0.49532459E-01  0.32262131E-01 -0.24716347E-01  0.56272790E-02
 -0.16829449E-01  0.34324041E-04  0.18601915E-02 -0.45433315E-02  0.17639586E-04
 -0.79995692E-06 -0.56971005E-07  0.18593617E-07
 -0.67673104E-07 -0.22384087E-07  0.10140507E-03 -0.17468581E-02  0.11359996E-02
  0.33536537E-03 -0.94214152E-02 -0.80362614E-02 -0.62262389E-03 -0.91394471E-02
  0.33842318E-02  0.20402547E-01 -0.65429894E-02  0.10439869E-03 -0.58338803E-02
  0.42134923E-02 -0.32856945E-03  0.23952065E-03  0.00000000E+00  0.00000000E+00
  0.00000000E+00  0.00000000E+00  0.00000000E+00  0.00000000E+00  0.00000000E+00
  0.00000000E+00 -0.65905681E-06 -0.88355474E-04 -0.89976235E-04 -0.50645884E-05
  0.11853286E-04  0.32529655E-04 -0.14398737E-02  0.47837011E-04 -0.10851175E-02
 -0.24606545E-01 -0.19825942E-01  0.11466178E-02  0.67707312E-02  0.12750145E-01
 -0.23001437E-02 -0.19020586E-02 -0.25675734E-02 -0.20388536E-03 -0.21515181E-02
  0.31659226E-04 -0.13203476E-04 -0.91652611E-07
  0.84601632E-03 -0.34246513E-03 -0.18489608E-03 -0.31209714E-02  0.22069560E-04
  0.10625782E-03 -0.87421710E-02  0.10170206E-02 -0.12396852E-01  0.10264966E-01
  0.63936519E-02 -0.56958964E-02 -0.12864739E-02 -0.40619942E-02  0.19107300E-02
 -0.57554597E-02  0.44017174E-02  0.00000000E+00  0.00000000E+00  0.00000000E+00
  0.00000000E+00  0.00000000E+00  0.00000000E+00  0.00000000E+00  0.00000000E+00
  0.00000000E+00 -0.67739948E-06 -0.88745474E-04  0.14623557E-02 -0.18691804E-04
  0.25559465E-04  0.91584197E-03 -0.33491997E-02 -0.13669829E-02 -0.10821497E-01
 -0.23056975E-01 -0.25490015E-01  0.12788691E-01 -0.26654025E-01 -0.34286488E-01
  0.20371850E-02 -0.96572910E-02  0.53726355E-02  0.12611623E-02 -0.60465589E-02
  0.19141846E-02 -0.17850859E-04 -0.59082932E-07
 -0.21130675E-02 -0.11139770E-02  0.12006980E-02 -0.29925843E-02  0.26997901E-03
 -0.54312351E-02 -0.69217464E-02  0.10671975E-01  0.44775944E-02 -0.26896682E-04
  0.27891943E-02  0.61307527E-02  0.13998179E-01  0.15390315E-02 -0.11119575E-02
 -0.13888790E-03 -0.17959887E-04  0.00000000E+00  0.00000000E+00  0.00000000E+00
  0.00000000E+00  0.00000000E+00  0.00000000E+00  0.00000000E+00  0.00000000E+00
  0.00000000E+00 -0.70492517E-06 -0.93078605E-04 -0.13262869E-03 -0.10589118E-04
  0.47515605E-04 -0.12769239E-03 -0.12612220E-02 -0.84108571E-03  0.49777872E-02
  0.88916744E-02 -0.11753058E-01  0.49647165E-01 -0.43325148E-01 -0.23528639E-01
 -0.44961672E-01 -0.10338093E-01 -0.13848408E-01  0.83852745E-02  0.63991247E-03
 -0.58219468E-02  0.47085097E-02 -0.81026564E-02
 -0.17027308E-03  0.41326251E-02  0.55105740E-02  0.80796387E-02 -0.30117015E-02
 -0.10223717E-01 -0.49326947E-02  0.24556875E-01  0.31830323E-02  0.87213569E-02
 -0.62882201E-02 -0.21624636E-02 -0.50472083E-03  0.17649073E-02  0.61222083E-04
 -0.43206749E-02  0.24775548E-06  0.00000000E+00  0.00000000E+00  0.00000000E+00
  0.00000000E+00  0.00000000E+00  0.00000000E+00  0.00000000E+00  0.00000000E+00
  0.00000000E+00 -0.71809801E-06 -0.93858021E-04 -0.11026603E-03 -0.13524541E-04
  0.24581435E-04 -0.58275558E-03 -0.81714912E-03 -0.47070697E-02 -0.62222352E-02
 -0.27009261E-01  0.72731418E-02 -0.15136321E-01  0.73668465E-02 -0.29507095E-01
  0.35294580E-01  0.26525755E-01  0.56968996E-02  0.80969069E-02  0.38757414E-03
 -0.45935671E-03 -0.37162253E-02  0.37057038E-02
 -0.10928052E-01  0.57659229E-02 -0.99736813E-02 -0.19794495E-02 -0.39349906E-02
  0.77982196E-02  0.19636077E-02 -0.73063791E-02  0.13631803E-02  0.34161974E-02
  0.12371759E-02 -0.20608919E-02  0.11344755E-03  0.44870006E-03  0.20140826E-03
 -0.17581870E-04  0.85847726E-04  0.00000000E+00  0.00000000E+00  0.00000000E+00
  0.00000000E+00  0.00000000E+00  0.00000000E+00  0.00000000E+00  0.00000000E+00
  0.00000000E+00 -0.76727505E-06 -0.10045231E-03 -0.14683941E-03 -0.14708824E-04
  0.18337180E-04 -0.15177370E-03 -0.51285740E-03  0.39753111E-02 -0.12544363E-01
  0.45110224E-02 -0.49574227E-01  0.52677615E-01 -0.22865739E-01 -0.13407239E-01
  0.60299330E-02 -0.58309555E-02  0.47428827E-01 -0.36403764E-02 -0.56448235E-02
 -0.26854951E-01  0.98499232E-02 -0.32163185E-02
 -0.42439502E-02 -0.27823847E-02  0.20454242E-02  0.34940535E-03 -0.84544444E-02
 -0.76446378E-02 -0.18347010E-02 -0.90369132E-03 -0.69667663E-03 -0.19890636E-03
 -0.39512024E-02  0.71628886E-03  0.57598095E-02  0.62366476E-04  0.12405238E-04
 -0.24834556E-05 -0.25271609E-05  0.00000000E+00  0.00000000E+00  0.00000000E+00
  0.00000000E+00  0.00000000E+00  0.00000000E+00  0.00000000E+00  0.00000000E+00
  0.00000000E+00 -0.77213244E-06 -0.10023576E-03 -0.15040636E-03 -0.10529163E-04
  0.13577216E-04 -0.24760275E-03 -0.28255926E-03 -0.90674031E-03  0.54807606E-02
 -0.89149522E-02 -0.18963415E-01 -0.13830776E-01 -0.22915733E-01 -0.11717438E-01
  0.11802862E-02 -0.28564904E-01 -0.12987009E-01  0.25732426E-01  0.18000158E-01
 -0.88158118E-02  0.24111062E-01  0.19082572E-02
 -0.17195693E-03  0.46820778E-04 -0.20757123E-03  0.37404350E-04 -0.10699519E-03
 -0.14089760E-03  0.15179524E-03 -0.17229321E-03 -0.15006894E-03 -0.19155296E-02
  0.33346634E-02  0.13174241E-03  0.32957207E-04 -0.30956085E-04  0.84912081E-06
 -0.14167735E-05  0.00000000E+00  0.00000000E+00  0.00000000E+00  0.00000000E+00
  0.00000000E+00  0.00000000E+00  0.00000000E+00  0.00000000E+00  0.00000000E+00
  0.00000000E+00 -0.77474005E-06 -0.10004165E-03 -0.17427467E-03 -0.15523758E-04
 -0.77813145E-06 -0.86912868E-04  0.53282927E-03 -0.82946973E-03  0.80244936E-02
 -0.27799206E-02 -0.70880617E-02 -0.17443791E-01  0.50784548E-01  0.15346472E-01
  0.33859008E-02  0.52850753E-01 -0.14403485E-01  0.13619813E-01 -0.16112876E-01
 -0.30533690E-01  0.36961896E-02 -0.12402988E-01
  0.32616678E-03  0.34298896E-03 -0.32372139E-04 -0.40935165E-04  0.46445486E-03
 -0.15212603E-03  0.13519391E-04  0.16507345E-02  0.83662188E-03  0.49532789E-02
  0.33199235E-04 -0.14456596E-02  0.15675918E-04  0.39120589E-06  0.41620422E-06
 -0.16459884E-05  0.00000000E+00  0.00000000E+00  0.00000000E+00  0.00000000E+00
  0.00000000E+00  0.00000000E+00  0.00000000E+00  0.00000000E+00  0.00000000E+00
  0.00000000E+00 -0.80749899E-06 -0.10401933E-03 -0.16164758E-03 -0.15331436E-04
 -0.42463300E-05  0.11029076E-03 -0.23198520E-03 -0.19322688E-03 -0.15428596E-03
 -0.16934852E-02 -0.49712410E-02 -0.33873216E-02  0.47009384E-02  0.25676074E-01
  0.16767192E-01  0.18809742E-01  0.44995504E-02 -0.53736700E-02 -0.52523865E-02
  0.14054477E-01  0.28380888E-01  0.50512241E-03
 -0.65069063E-07 -0.11762684E-06 -0.29021682E-06  0.34988031E-03 -0.28229185E-02
 -0.62470379E-04 -0.13875656E-02  0.67295805E-04  0.18281891E-04 -0.12016126E-04
  0.27820131E-06 -0.44989813E-04  0.59017663E-06 -0.79944727E-07 -0.96263492E-06
  0.00000000E+00  0.00000000E+00  0.00000000E+00  0.00000000E+00  0.00000000E+00
  0.00000000E+00  0.00000000E+00  0.00000000E+00  0.00000000E+00  0.00000000E+00
  0.00000000E+00 -0.81209433E-06 -0.99724847E-04 -0.16146654E-03 -0.11775880E-04
 -0.78500579E-05 -0.92041765E-03  0.26383544E-03 -0.67924522E-04 -0.71231851E-03
 -0.78610636E-02 -0.34644216E-03 -0.10989987E-01  0.10197584E-01  0.13149463E-01
  0.13102982E-01 -0.62191584E-02  0.85731434E-03 -0.37532729E-02  0.37493166E-02
  0.78266881E-02  0.68495494E-02 -0.62079936E-02
  0.31295079E-04  0.82499463E-04 -0.23096566E-05 -0.39700356E-05 -0.40967447E-05
 -0.31993576E-06  0.95830162E-07  0.12302600E-06  0.00000000E+00  0.00000000E+00
  0.00000000E+00  0.46420418E-06 -0.39678271E-06 -0.22685674E-06  0.00000000E+00
  0.00000000E+00  0.00000000E+00  0.00000000E+00  0.00000000E+00  0.00000000E+00
  0.00000000E+00  0.00000000E+00  0.00000000E+00  0.00000000E+00  0.00000000E+00
  0.00000000E+00 -0.81031051E-06 -0.95446972E-04 -0.15766301E-03  0.19066237E-04
 -0.83872769E-05  0.25406802E-03 -0.30266265E-02 -0.88493582E-04 -0.55719958E-03
 -0.29514496E-02 -0.10372144E-02 -0.78154413E-02 -0.13182328E-02 -0.76616950E-02
 -0.33448766E-01  0.56018199E-02  0.85494666E-02 -0.27483285E-01 -0.16234427E-01
 -0.10176842E-01 -0.20938830E-01  0.90335826E-03
 -0.29195430E-06 -0.91266924E-08  0.15417812E-07  0.11876563E-08  0.27074396E-08
  0.00000000E+00  0.00000000E+00  0.00000000E+00  0.00000000E+00  0.11067044E-06
  0.15776310E-06 -0.26438715E-06  0.00000000E+00  0.00000000E+00  0.00000000E+00
  0.00000000E+00  0.00000000E+00  0.00000000E+00  0.00000000E+00  0.00000000E+00
  0.00000000E+00  0.00000000E+00  0.00000000E+00  0.00000000E+00  0.00000000E+00
  0.00000000E+00 -0.39915525E-06 -0.94799985E-04 -0.15935167E-03 -0.88382412E-05
 -0.60492190E-05  0.14715929E-04  0.26971076E-02 -0.61642121E-05 -0.69978975E-04
 -0.49694754E-03 -0.23679950E-02 -0.70685583E-02 -0.52341233E-02  0.28132670E-02
 -0.61051654E-02  0.59729686E-02  0.77543606E-02 -0.53033041E-02 -0.62801905E-02
  0.19695717E-02  0.64216140E-02 -0.50908867E-02
  0.00000000E+00  0.00000000E+00  0.00000000E+00  0.00000000E+00  0.00000000E+00
  0.00000000E+00  0.00000000E+00  0.00000000E+00 -0.21489427E-03  0.19299376E-07
  0.00000000E+00  0.00000000E+00  0.00000000E+00  0.00000000E+00  0.00000000E+00
  0.00000000E+00  0.00000000E+00  0.00000000E+00  0.00000000E+00  0.00000000E+00
  0.00000000E+00  0.00000000E+00  0.00000000E+00  0.00000000E+00  0.00000000E+00
  0.00000000E+00 -0.39693621E-06 -0.92955786E-04 -0.15653045E-03 -0.88123778E-05
 -0.60295586E-05  0.14891329E-03  0.25145001E-03 -0.14846362E-03  0.10905623E-03
 -0.45006272E-03 -0.11411460E-02 -0.37088062E-02 -0.98587990E-03 -0.79834149E-02
  0.94291498E-02  0.14914945E-01 -0.24574643E-02 -0.11094293E-01  0.21962642E-02
 -0.62977426E-02 -0.29196683E-02 -0.95622623E-02
  0.00000000E+00  0.00000000E+00  0.00000000E+00  0.00000000E+00  0.00000000E+00
  0.00000000E+00  0.00000000E+00  0.00000000E+00  0.00000000E+00  0.00000000E+00
  0.00000000E+00  0.00000000E+00  0.00000000E+00  0.00000000E+00  0.00000000E+00
  0.00000000E+00  0.00000000E+00  0.00000000E+00  0.00000000E+00  0.00000000E+00
  0.00000000E+00  0.00000000E+00  0.00000000E+00  0.00000000E+00  0.00000000E+00
  0.00000000E+00 -0.38487101E-06 -0.89502766E-04 -0.15307384E-03 -0.86550551E-05
 -0.59207966E-05  0.26988965E-04 -0.51283929E-02  0.36151736E-03  0.11642947E-03
 -0.22814263E-03 -0.70128242E-02 -0.24522902E-03  0.67369682E-03 -0.11644105E-01
 -0.72005423E-03 -0.14382964E-02 -0.22808358E-01  0.34219816E-02  0.18908368E-02
 -0.43596193E-02  0.18448069E-01  0.11812762E-02
  0.00000000E+00  0.00000000E+00  0.00000000E+00  0.00000000E+00  0.00000000E+00
  0.00000000E+00  0.00000000E+00  0.00000000E+00  0.00000000E+00  0.00000000E+00
  0.00000000E+00  0.00000000E+00  0.00000000E+00  0.00000000E+00  0.00000000E+00
  0.00000000E+00  0.00000000E+00  0.00000000E+00  0.00000000E+00  0.00000000E+00
  0.00000000E+00  0.00000000E+00  0.00000000E+00  0.00000000E+00  0.00000000E+00
  0.00000000E+00 -0.36395194E-06 -0.13026955E-03 -0.14910674E-03 -0.76036072E-05
 -0.59099365E-05 -0.14987812E-04  0.18832952E-03  0.64018028E-03  0.44942714E-04
 -0.60993645E-02  0.38650886E-02 -0.91079167E-04 -0.18970382E-01 -0.57291154E-02
 -0.88541236E-03  0.10305744E-02  0.87375037E-02 -0.74831740E-03 -0.21199402E-01
 -0.58558783E-02  0.36010938E-02  0.10046344E-01
  0.00000000E+00  0.00000000E+00  0.00000000E+00  0.00000000E+00  0.00000000E+00
  0.00000000E+00  0.00000000E+00  0.00000000E+00  0.00000000E+00  0.00000000E+00
  0.00000000E+00  0.00000000E+00  0.00000000E+00  0.00000000E+00  0.00000000E+00
  0.00000000E+00  0.00000000E+00  0.00000000E+00  0.00000000E+00  0.00000000E+00
  0.00000000E+00  0.00000000E+00  0.00000000E+00  0.00000000E+00  0.00000000E+00
  0.00000000E+00 -0.33623339E-06 -0.79809920E-04 -0.13845694E-03 -0.64701703E-05
 -0.27352102E-06 -0.13236603E-05  0.39749513E-03  0.63525585E-04  0.40979553E-03
  0.12196117E-02 -0.25915674E-02 -0.18708522E-03  0.20428855E-04  0.45831628E-03
 -0.68745402E-03  0.68394900E-02 -0.50804345E-02  0.12389077E-01 -0.23436157E-02
 -0.33175606E-02 -0.17167631E-03  0.26943921E-02
  0.00000000E+00  0.00000000E+00  0.00000000E+00  0.00000000E+00  0.00000000E+00
  0.00000000E+00  0.00000000E+00  0.00000000E+00  0.00000000E+00  0.00000000E+00
  0.00000000E+00  0.00000000E+00  0.00000000E+00  0.00000000E+00  0.00000000E+00
  0.00000000E+00  0.00000000E+00  0.00000000E+00  0.00000000E+00  0.00000000E+00
  0.00000000E+00  0.00000000E+00  0.00000000E+00  0.00000000E+00  0.00000000E+00
  0.00000000E+00 -0.30168292E-06 -0.71225769E-04 -0.12412447E-03 -0.53282994E-05
 -0.19793084E-04 -0.70984491E-05  0.17728408E-04  0.35639478E-05  0.54848586E-02
  0.70927596E-02  0.30296661E-03  0.28852088E-03  0.33625798E-04  0.36086044E-03
 -0.11786858E-02 -0.17963269E-03 -0.12943114E-01  0.16556285E-03 -0.80938432E-02
  0.28276435E-04  0.16645676E-01 -0.48822875E-02
  0.00000000E+00  0.00000000E+00  0.00000000E+00  0.00000000E+00  0.00000000E+00
  0.00000000E+00  0.00000000E+00  0.00000000E+00  0.00000000E+00  0.00000000E+00
  0.00000000E+00  0.00000000E+00  0.00000000E+00  0.00000000E+00  0.00000000E+00
  0.00000000E+00  0.00000000E+00  0.00000000E+00  0.00000000E+00  0.00000000E+00
  0.00000000E+00  0.00000000E+00  0.00000000E+00  0.00000000E+00  0.00000000E+00
  0.00000000E+00 -0.24893598E-06 -0.58567284E-04 -0.10234459E-03 -0.44013825E-05
 -0.13085133E-05 -0.10885718E-04  0.12271091E-04  0.31562832E-05  0.73791780E-03
 -0.12852152E-05 -0.36747690E-02  0.57925680E-02  0.71584844E-02  0.54236270E-03
  0.89638802E-02  0.42737051E-02  0.11639241E-05 -0.11237884E-03 -0.12685270E-03
  0.16014505E-04  0.20333871E-06 -0.18637904E-02
  0.00000000E+00  0.00000000E+00  0.00000000E+00  0.00000000E+00  0.00000000E+00
  0.00000000E+00  0.00000000E+00  0.00000000E+00  0.00000000E+00  0.00000000E+00
  0.00000000E+00  0.00000000E+00  0.00000000E+00  0.00000000E+00  0.00000000E+00
  0.00000000E+00  0.00000000E+00  0.00000000E+00  0.00000000E+00  0.00000000E+00
  0.00000000E+00  0.00000000E+00  0.00000000E+00  0.00000000E+00  0.00000000E+00
  0.00000000E+00 -0.17920504E-06 -0.61325369E-04 -0.73760388E-04  0.17262519E-04
 -0.24135902E-05 -0.71078802E-05  0.53160348E-05  0.16013291E-04 -0.82537757E-07
 -0.56185750E-06  0.13229590E-03  0.27962003E-04  0.36015335E-04  0.46906869E-04
  0.54325970E-03 -0.29265579E-03  0.22542906E-02  0.61419848E-04  0.56207353E-04
  0.24553674E-02 -0.41169206E-05  0.30739566E-04
  0.00000000E+00  0.00000000E+00  0.00000000E+00  0.00000000E+00  0.00000000E+00
  0.00000000E+00  0.00000000E+00  0.00000000E+00  0.00000000E+00  0.00000000E+00
  0.00000000E+00  0.00000000E+00  0.00000000E+00  0.00000000E+00  0.00000000E+00
  0.00000000E+00  0.00000000E+00  0.00000000E+00  0.00000000E+00  0.00000000E+00
  0.00000000E+00  0.00000000E+00  0.00000000E+00  0.00000000E+00  0.00000000E+00
  0.00000000E+00 -0.91499173E-07 -0.21766431E-04 -0.39369168E-04  0.21841405E-04
 -0.21563966E-05  0.10976819E-02  0.24234714E-05  0.27971163E-03 -0.37237688E-04
  0.78908610E-05  0.77801263E-04  0.17077170E-04  0.97832535E-05  0.99051049E-05
  0.49212437E-05  0.11171702E-04  0.50962548E-04  0.20585370E-04 -0.20300570E-04
 -0.17966708E-04 -0.11683444E-04 -0.81716052E-04
  0.99730729E-10  0.12734744E-08 -0.30835345E-08  0.39765567E-03  0.39031579E-07
 -0.43115216E-03  0.68259141E-07  0.17881566E-06 -0.56832754E-03 -0.11444628E-02
 -0.18125566E-03 -0.67765007E-04 -0.51957619E-03  0.24407043E-02 -0.76433130E-02
 -0.25479569E-04  0.53805267E-04  0.11442416E-04  0.00000000E+00  0.00000000E+00
  0.00000000E+00  0.00000000E+00  0.00000000E+00  0.00000000E+00  0.00000000E+00
  0.00000000E+00  0.12027557E-07  0.51989072E-06 -0.13846508E-05 -0.53205461E-06
 -0.37349475E-04 -0.36725957E-04 -0.75091934E-04  0.89398048E-03  0.43576879E-02
 -0.27437510E-02 -0.27948757E-02 -0.24300087E-01  0.16381892E-01  0.23534258E-02
  0.10474035E-04  0.31744697E-04 -0.10505569E-04 -0.37900705E-07 -0.14925443E-05
 -0.26103440E-10  0.75772453E-10  0.43613921E-11
  0.89040746E-12  0.13591651E-09  0.34166749E-08  0.18592455E-07  0.59550533E-08
 -0.45161692E-05  0.42539940E-07  0.82998321E-05 -0.73390513E-05  0.56457626E-03
  0.18444315E-03 -0.13133256E-02 -0.23328439E-02  0.62137240E-05  0.56840419E-02
  0.52703433E-04  0.20078214E-03 -0.89976539E-06  0.00000000E+00  0.00000000E+00
  0.00000000E+00  0.00000000E+00  0.00000000E+00  0.00000000E+00  0.00000000E+00
  0.00000000E+00  0.13738588E-07  0.59476045E-06 -0.17312478E-05 -0.60038424E-06
 -0.74024700E-04 -0.65364774E-04 -0.12561557E-03 -0.78356398E-02 -0.15330788E-02
  0.44361426E-02  0.32083946E-02  0.30872088E-03  0.16834183E-01 -0.14717663E-02
  0.42660741E-04 -0.17125223E-01 -0.32674052E-03  0.23968324E-02 -0.11186436E-06
  0.00000000E+00  0.75731561E-03  0.00000000E+00
  0.19500708E-10 -0.14080334E-10 -0.22223197E-09 -0.65839756E-05  0.37032157E-07
  0.12900430E-07  0.84219155E-05 -0.48554316E-03  0.33539846E-03  0.62700802E-04
 -0.70772032E-03  0.14208814E-02  0.63898664E-04  0.31895096E-02 -0.14416877E-02
  0.25392698E-02  0.22516868E-02 -0.12899605E-04  0.00000000E+00  0.00000000E+00
  0.00000000E+00  0.00000000E+00  0.00000000E+00  0.00000000E+00  0.00000000E+00
  0.00000000E+00  0.12703909E-04  0.68599972E-06 -0.22312978E-05 -0.67898908E-06
 -0.50009262E-04 -0.87862539E-04 -0.18642610E-02 -0.31993433E-02 -0.66093762E-02
  0.33574640E-03 -0.28460619E-02 -0.72903204E-02  0.34393413E-02 -0.60070349E-03
  0.14578761E-02 -0.46484306E-05 -0.74267091E-04 -0.77142008E-04  0.89992489E-04
 -0.10492234E-06 -0.87851022E-08  0.00000000E+00
 -0.27474556E-10 -0.22326728E-09  0.24054157E-11  0.99348977E-05  0.66367905E-07
  0.13481237E-07  0.29488781E-07  0.12698992E-06 -0.76422346E-05 -0.27943276E-03
 -0.44074341E-03  0.11708100E-03 -0.23785815E-03 -0.45312816E-02  0.43118142E-02
  0.10681478E-02  0.35934676E-03 -0.50423921E-04  0.00000000E+00  0.00000000E+00
  0.00000000E+00  0.00000000E+00  0.00000000E+00  0.00000000E+00  0.00000000E+00
  0.00000000E+00  0.58702830E-06  0.79472852E-06 -0.28403631E-05 -0.76195376E-06
 -0.56975474E-04  0.12031833E-02 -0.31247910E-02 -0.25601327E-02  0.14643504E-02
 -0.36188412E-02 -0.84264557E-02  0.20305923E-02  0.48558832E-02 -0.35685469E-02
 -0.21846731E-03 -0.54711049E-03  0.10742983E-01 -0.36284944E-04 -0.10877801E-01
 -0.19345391E-02 -0.38846572E-03 -0.20085646E-08
 -0.17989187E-10  0.22266968E-12  0.00000000E+00  0.15756235E-10  0.11429545E-07
  0.14136480E-06  0.16890557E-04  0.19647702E-04 -0.45364105E-04  0.19893261E-03
  0.81426304E-03 -0.20611220E-03 -0.20671709E-02  0.21145582E-02 -0.10288223E-01
 -0.13453881E-01  0.10750163E-02 -0.27758616E-04  0.00000000E+00  0.00000000E+00
  0.00000000E+00  0.00000000E+00  0.00000000E+00  0.00000000E+00  0.00000000E+00
  0.00000000E+00  0.69352261E-06  0.93683644E-06 -0.36813338E-05 -0.87177724E-06
 -0.62417156E-04 -0.19312750E-03  0.13290593E-01  0.45122418E-02 -0.57980999E-02
  0.12291027E-01  0.13523358E-01  0.52715668E-02  0.44340173E-02 -0.58501065E-02
 -0.43992417E-03  0.12436273E-04  0.21900743E-02 -0.11470975E-05  0.89335290E-06
  0.13533820E-08  0.14789353E-07 -0.36347003E-08
  0.68126906E-11  0.10802702E-09  0.31335475E-09  0.77108136E-08 -0.56664900E-08
  0.27902000E-06 -0.44837560E-08 -0.16002589E-04  0.17319841E-03  0.18721928E-04
  0.15261075E-02  0.52325723E-02 -0.25116085E-04  0.23143096E-02 -0.84463829E-03
 -0.27999225E-02  0.64596762E-02 -0.73107106E-04  0.00000000E+00  0.00000000E+00
  0.00000000E+00  0.00000000E+00  0.00000000E+00  0.00000000E+00  0.00000000E+00
  0.00000000E+00  0.83917449E-06  0.11111372E-05 -0.48531305E-05  0.25331918E-04
 -0.13919483E-02 -0.30117813E-03 -0.15346295E-02  0.88758951E-02 -0.17192685E-02
 -0.14016125E-01  0.29997913E-02 -0.88795658E-02 -0.11462150E-02 -0.18826687E-02
  0.11074012E-01 -0.14887299E-04 -0.12617341E-04 -0.61617188E-02 -0.49183058E-05
  0.22114954E-07 -0.24329972E-09 -0.72156261E-09
  0.11944563E-10 -0.47865135E-10  0.25434377E-08  0.43576499E-08  0.42981302E-07
  0.14007199E-07 -0.14314622E-02  0.63387420E-03 -0.23493044E-03  0.80520269E-04
  0.19605463E-04 -0.23221542E-03 -0.25868685E-03 -0.62333951E-02  0.47673693E-02
  0.16917866E-01 -0.17234093E-04 -0.64743693E-04  0.00000000E+00  0.00000000E+00
  0.00000000E+00  0.00000000E+00  0.00000000E+00  0.00000000E+00  0.00000000E+00
  0.00000000E+00  0.10158892E-05  0.13873899E-05 -0.67335814E-05 -0.47780287E-06
 -0.37334331E-02  0.90116700E-03  0.63412547E-03 -0.45745556E-02  0.20174665E-01
 -0.36019103E-02 -0.14862455E-01  0.29278645E-02  0.46710835E-02  0.50721641E-02
  0.11368041E-02  0.37540413E-03  0.34043629E-02  0.18432330E-03 -0.89727899E-03
  0.37662959E-06  0.13159573E-06  0.86794223E-09
  0.10465738E-09  0.11818190E-08  0.62896125E-08  0.19307987E-02 -0.13684241E-04
 -0.33588697E-07  0.91384417E-03  0.20489314E-02  0.10721321E-02  0.23999250E-03
 -0.26541960E-02 -0.29139894E-02 -0.70329034E-02 -0.13474158E-02 -0.17619361E-01
  0.72321863E-01 -0.13058944E-01  0.59943848E-03  0.00000000E+00  0.00000000E+00
  0.00000000E+00  0.00000000E+00  0.00000000E+00  0.00000000E+00  0.00000000E+00
  0.00000000E+00  0.12402444E-05  0.17668355E-05  0.68911232E-04 -0.47272738E-05
 -0.42230504E-03 -0.29117534E-03  0.36986609E-01 -0.86760386E-02 -0.20021670E-01
  0.97033300E-02  0.29922558E-02  0.12951922E-02  0.10440978E-01 -0.20857617E-02
  0.22851717E-02  0.49041614E-05  0.23813486E-04 -0.10631740E-02 -0.82927595E-07
 -0.45955184E-09  0.10233330E-09  0.21795767E-07
  0.00000000E+00 -0.57621273E-03  0.22948018E-09  0.12665042E-04  0.25632397E-09
 -0.13901762E-06  0.14017380E-02 -0.39854834E-03 -0.49554451E-03 -0.51337440E-02
  0.11344091E-01  0.74162928E-03  0.12611654E-01  0.41761448E-02  0.12786129E-01
 -0.10803285E+00 -0.19232476E-01  0.86041380E-03  0.00000000E+00  0.00000000E+00
  0.00000000E+00  0.00000000E+00  0.00000000E+00  0.00000000E+00  0.00000000E+00
  0.00000000E+00  0.14331904E-05  0.22353989E-05 -0.12107388E-04  0.12025557E-04
 -0.59841843E-03 -0.38369325E-02  0.17580629E-01  0.49582149E-01 -0.86649387E-02
  0.16575823E-02 -0.15906808E-01 -0.11682058E-01  0.67972707E-02 -0.85957046E-02
 -0.58770469E-02  0.82625541E-03 -0.43258330E-02  0.26799947E-02  0.28426093E-04
 -0.10053878E-04  0.97152469E-10  0.60656360E-11
  0.29859561E-11 -0.15722325E-07  0.13266037E-04 -0.12436083E-08 -0.15084108E-06
 -0.19843255E-03  0.18998788E-02  0.66169174E-03 -0.62790574E-04  0.97185451E-04
 -0.15743329E-02 -0.52476045E-02 -0.10800848E-01  0.10113390E-01 -0.15034234E-01
 -0.59195659E-02 -0.12348829E-02  0.69903592E-04  0.00000000E+00  0.00000000E+00
  0.00000000E+00  0.00000000E+00  0.00000000E+00  0.00000000E+00  0.00000000E+00
  0.00000000E+00  0.14544509E-05  0.22343532E-05 -0.14343674E-04 -0.63930420E-05
 -0.26075383E-03 -0.46421190E-04 -0.66846334E-02  0.19025258E-01 -0.43348024E-02
  0.15953999E-02  0.23996148E-01 -0.45105323E-02  0.29468380E-02 -0.21281094E-03
 -0.24334720E-01 -0.82428509E-02 -0.96601304E-02  0.62843157E-05  0.26941216E-02
 -0.67962069E-07 -0.35420511E-09  0.83093085E-11
  0.11052550E-09 -0.20949385E-04 -0.88985277E-07  0.21502063E-02 -0.46518514E-04
  0.10194354E-06  0.39945175E-04 -0.84080563E-03 -0.21695801E-02  0.25335949E-02
  0.16035414E-02  0.66676103E-02 -0.10506374E-01 -0.69216673E-02  0.10276408E-01
 -0.16073874E-01 -0.14570246E-02  0.10142352E-03  0.00000000E+00  0.00000000E+00
  0.00000000E+00  0.00000000E+00  0.00000000E+00  0.00000000E+00  0.00000000E+00
  0.00000000E+00  0.15321641E-05  0.23181399E-05  0.32191487E-04 -0.59142525E-05
 -0.15118685E-03 -0.37554132E-03 -0.13593492E-02 -0.10169114E-01  0.11420245E-01
 -0.93649002E-02 -0.35375807E-01  0.17008649E-01 -0.46317702E-02 -0.16621379E-01
  0.44998813E-01  0.57603490E-02  0.38521896E-02 -0.19923679E-06  0.42321347E-02
 -0.31248516E-06  0.13426501E-02 -0.36765021E-10
 -0.18032137E-08 -0.29155551E-07 -0.12254130E-06 -0.31297656E-02  0.54863892E-04
 -0.12554140E-02 -0.14621980E-03 -0.12354485E-02 -0.78939112E-04 -0.20165190E-02
 -0.12775862E-02 -0.15536495E-02 -0.27451568E-02  0.29538996E-02 -0.13647328E-02
  0.32775159E-03 -0.47719778E-02 -0.97857030E-07  0.00000000E+00  0.00000000E+00
  0.00000000E+00  0.00000000E+00  0.00000000E+00  0.00000000E+00  0.00000000E+00
  0.00000000E+00  0.77134201E-06  0.22733249E-05 -0.97001205E-05 -0.54984077E-05
  0.20780089E-02 -0.44586684E-03  0.11585671E-02 -0.71057788E-02  0.81416261E-02
  0.13736188E-01 -0.26278589E-01 -0.86316627E-02  0.16039176E-01 -0.92389182E-03
 -0.65909614E-02 -0.59773477E-02 -0.13581040E-01 -0.43822825E-02 -0.57922457E-02
  0.23323186E-02 -0.10724791E-06 -0.21316391E-07
 -0.56172584E-07 -0.10650208E-06 -0.48785686E-07 -0.88428187E-07 -0.11256801E-06
 -0.10511245E-02 -0.46805240E-03  0.72626763E-02  0.50663234E-02  0.32461878E-02
 -0.52845401E-02 -0.40992434E-02 -0.54623363E-02  0.31345367E-02  0.38266979E-02
  0.42246136E-02  0.71234266E-02 -0.10821725E-06  0.00000000E+00  0.00000000E+00
  0.00000000E+00  0.00000000E+00  0.00000000E+00  0.00000000E+00  0.00000000E+00
  0.00000000E+00  0.79754701E-06  0.23203553E-05 -0.21698266E-04 -0.71208514E-04
 -0.20758623E-04 -0.37760045E-03 -0.95936269E-03 -0.48874648E-02  0.81631410E-02
  0.33486292E-01  0.22527004E-01  0.36180778E-01  0.18160741E-01 -0.13042693E-01
 -0.16377528E-01  0.44535471E-02  0.34643995E-02 -0.28996146E-02  0.20746129E-04
  0.10183149E-05  0.74300237E-07 -0.12666015E-07
 -0.46202328E-07 -0.25494864E-07 -0.18920952E-03  0.26945448E-03 -0.84138955E-03
 -0.90307279E-03  0.90058706E-02  0.83521911E-03  0.57932753E-02 -0.21546924E-02
 -0.43268958E-03 -0.15869337E-02  0.82025292E-03 -0.79120544E-02 -0.26398281E-02
  0.37053906E-02 -0.18337040E-02 -0.10252172E-03  0.00000000E+00  0.00000000E+00
  0.00000000E+00  0.00000000E+00  0.00000000E+00  0.00000000E+00  0.00000000E+00
  0.00000000E+00  0.82487470E-06  0.23242342E-05 -0.22520001E-04 -0.21934420E-04
 -0.23967811E-04  0.42337376E-02 -0.66278111E-03 -0.20070092E-02 -0.23782980E-01
 -0.27733387E-02  0.78015873E-03 -0.39233594E-01  0.67034429E-03 -0.34076843E-02
  0.17092169E-01  0.10112887E-01 -0.53799266E-02 -0.38800667E-02  0.57294375E-03
 -0.40882148E-04  0.31217182E-04  0.11511629E-06
 -0.16725139E-02 -0.41595165E-02 -0.31131623E-04 -0.46568136E-02  0.59444222E-04
 -0.33969046E-04 -0.84819952E-02 -0.12478312E-01 -0.92166063E-02  0.36927730E-02
 -0.24677111E-02  0.43239374E-02 -0.18480686E-02 -0.29952285E-03  0.11177622E-03
 -0.22319756E-02 -0.53748668E-02  0.00000000E+00  0.00000000E+00  0.00000000E+00
  0.00000000E+00  0.00000000E+00  0.00000000E+00  0.00000000E+00  0.00000000E+00
  0.00000000E+00  0.84679535E-06  0.23334607E-05 -0.96210836E-03  0.60682782E-05
 -0.45993764E-04  0.11444720E-03 -0.11891893E-02 -0.19040042E-02 -0.19606048E-02
  0.12974242E-01  0.47813963E-02  0.17478637E-01 -0.37359883E-01  0.19859951E-02
  0.16242445E-02 -0.16569941E-01  0.89841089E-02 -0.65277630E-04  0.91640426E-02
 -0.37659655E-02  0.91904309E-05  0.74916416E-07
 -0.68658094E-03 -0.13374122E-02  0.96781285E-03 -0.23730614E-03  0.86073552E-03
  0.11580527E-01  0.42152229E-02  0.75926015E-02 -0.78290544E-04  0.21979200E-02
 -0.97149757E-03  0.15600254E-04  0.19572635E-02  0.43757241E-03 -0.45032488E-03
  0.35295065E-03  0.24498824E-03  0.00000000E+00  0.00000000E+00  0.00000000E+00
  0.00000000E+00  0.00000000E+00  0.00000000E+00  0.00000000E+00  0.00000000E+00
  0.00000000E+00  0.88009217E-06  0.24462887E-05 -0.59842364E-04 -0.27800100E-04
 -0.83907680E-04 -0.59841529E-04 -0.76209688E-04 -0.12493634E-03  0.69624752E-02
  0.42970189E-02 -0.27550668E-01  0.28946372E-01  0.23466599E-01 -0.13571779E-01
  0.26402369E-02  0.11946053E-01 -0.35119044E-02  0.27833189E-02 -0.19341227E-03
 -0.14057794E-01  0.58667522E-02  0.77702081E-02
 -0.83929554E-02 -0.18334001E-02  0.30893726E-02  0.43201586E-02  0.93824209E-02
 -0.29471762E-02 -0.48806746E-02  0.51675676E-02  0.11764193E-02 -0.63552602E-03
 -0.33893167E-02  0.17172678E-02 -0.27250959E-03 -0.13367093E-02 -0.17331892E-03
  0.12741558E-02 -0.50373340E-06  0.00000000E+00  0.00000000E+00  0.00000000E+00
  0.00000000E+00  0.00000000E+00  0.00000000E+00  0.00000000E+00  0.00000000E+00
  0.00000000E+00  0.89534826E-06  0.24655772E-05 -0.15096683E-03 -0.15719537E-04
 -0.29325668E-04 -0.37413640E-03 -0.31142962E-03 -0.38620741E-03  0.54969415E-02
 -0.17683759E-01  0.42500082E-01  0.61767634E-02 -0.45896612E-02  0.11452124E-01
  0.85012577E-02 -0.92703581E-02 -0.28485236E-02 -0.14796800E-02 -0.30495036E-02
  0.11473255E-01  0.10393546E-01  0.20959841E-01
 -0.93223349E-02 -0.79575735E-02 -0.75550798E-02 -0.10879085E-01 -0.21621933E-02
 -0.18284962E-02 -0.26137129E-02  0.41660615E-02 -0.24200784E-02  0.37879355E-02
 -0.54801413E-03  0.11999096E-02  0.89799107E-03 -0.64626732E-04  0.40782566E-04
  0.42454421E-06 -0.24559685E-04  0.00000000E+00  0.00000000E+00  0.00000000E+00
  0.00000000E+00  0.00000000E+00  0.00000000E+00  0.00000000E+00  0.00000000E+00
  0.00000000E+00  0.95534932E-06  0.26374785E-05 -0.63707552E-04 -0.14876290E-04
 -0.65983101E-05 -0.23144639E-04 -0.50780144E-03 -0.18194686E-02 -0.81433189E-02
 -0.22187149E-01  0.22408616E-01  0.64874045E-02  0.11134696E-01 -0.17854290E-01
 -0.18492102E-01 -0.20283921E-02  0.91225576E-04 -0.10334345E-02 -0.23259488E-01
  0.30912704E-02 -0.52878259E-03  0.92529753E-02
  0.87360203E-03  0.30082596E-02 -0.39975635E-02  0.47736987E-03  0.18745722E-02
 -0.14859226E-02 -0.57021983E-03  0.58782729E-03 -0.46746673E-03  0.43570961E-03
  0.76054557E-03 -0.43945361E-03 -0.82068037E-03 -0.25083595E-04  0.94040050E-05
  0.18848609E-05  0.90763309E-06  0.00000000E+00  0.00000000E+00  0.00000000E+00
  0.00000000E+00  0.00000000E+00  0.00000000E+00  0.00000000E+00  0.00000000E+00
  0.00000000E+00  0.95995288E-06  0.26303312E-05 -0.65641497E-04  0.10092624E-04
 -0.47505386E-05 -0.60531817E-04 -0.47767865E-03  0.22775214E-03  0.77561911E-02
 -0.69329561E-02  0.71920105E-02 -0.12843446E-01  0.59299189E-03 -0.20285843E-01
  0.41630567E-01 -0.22589509E-01  0.29891413E-01  0.19897647E-01 -0.93022179E-02
  0.77842874E-02 -0.10030366E-01  0.74967339E-02
  0.89258381E-04 -0.10041278E-02  0.19394870E-03 -0.43365693E-04  0.89066879E-04
 -0.26904703E-03 -0.23502043E-03 -0.12426564E-03 -0.21433602E-03  0.14392532E-02
 -0.72141077E-03  0.22771604E-03  0.56409694E-05 -0.28675419E-03  0.32866513E-05
  0.13347184E-05  0.00000000E+00  0.00000000E+00  0.00000000E+00  0.00000000E+00
  0.00000000E+00  0.00000000E+00  0.00000000E+00  0.00000000E+00  0.00000000E+00
  0.00000000E+00  0.96169437E-06  0.26237228E-05 -0.16532561E-03 -0.77289731E-05
 -0.22576786E-05 -0.95214924E-04 -0.18240030E-03 -0.69020787E-03  0.84661500E-04
  0.17866033E-03 -0.13265830E-01  0.17317808E-01  0.29870500E-01 -0.20373433E-01
  0.97094694E-03 -0.36393863E-01  0.10830110E-01  0.67264788E-02 -0.13426811E-01
 -0.82831487E-02  0.14935993E-01  0.26702791E-01
 -0.79254724E-03 -0.71904134E-03 -0.12815174E-04  0.91691009E-05  0.16399064E-03
  0.22324017E-03 -0.61459309E-04 -0.21293873E-03  0.14772345E-02 -0.17457840E-03
  0.27982678E-05 -0.43972096E-03 -0.41065340E-04  0.14284284E-05  0.56829792E-06
  0.59610073E-06  0.00000000E+00  0.00000000E+00  0.00000000E+00  0.00000000E+00
  0.00000000E+00  0.00000000E+00  0.00000000E+00  0.00000000E+00  0.00000000E+00
  0.00000000E+00  0.10007348E-05  0.27263990E-05 -0.66987845E-04 -0.59203144E-05
 -0.16558613E-05 -0.40243033E-04  0.36106484E-06 -0.19011743E-03 -0.59535792E-03
 -0.29676841E-03 -0.16355093E-02  0.52458740E-02 -0.28833674E-03 -0.38806997E-01
  0.98742617E-02 -0.12044351E-01  0.11138773E-01 -0.71773589E-02  0.47104385E-02
 -0.12597873E-01  0.39397218E-01  0.47394585E-02
 -0.44546565E-07 -0.60367810E-07 -0.40300797E-03  0.67957411E-03 -0.12321067E-02
  0.15356999E-03  0.42216999E-02 -0.57113357E-03  0.42629577E-05  0.10145321E-04
 -0.27265651E-06 -0.31550216E-04 -0.58611606E-07  0.61970671E-06  0.35015178E-06
  0.00000000E+00  0.00000000E+00  0.00000000E+00  0.00000000E+00  0.00000000E+00
  0.00000000E+00  0.00000000E+00  0.00000000E+00  0.00000000E+00  0.00000000E+00
  0.00000000E+00  0.10046543E-05  0.26121149E-05 -0.67394375E-04 -0.73954475E-05
 -0.44545767E-07  0.41205747E-03 -0.42223535E-03 -0.40044115E-03 -0.63161175E-03
  0.77651946E-02  0.34435236E-03  0.11880711E-01 -0.25140719E-02  0.57941828E-02
  0.30460717E-01 -0.65785683E-02  0.13595211E-01 -0.18224689E-01  0.13948611E-01
 -0.45891398E-02  0.63511585E-02  0.19753890E-01
 -0.99613966E-04 -0.68129882E-04  0.21069830E-06  0.20896941E-06  0.86042615E-06
  0.21080380E-05  0.74899847E-07  0.37750713E-07  0.00000000E+00  0.00000000E+00
  0.00000000E+00  0.13277383E-06  0.50971640E-06  0.82863937E-07  0.00000000E+00
  0.00000000E+00  0.00000000E+00  0.00000000E+00  0.00000000E+00  0.00000000E+00
  0.00000000E+00  0.00000000E+00  0.00000000E+00  0.00000000E+00  0.00000000E+00
  0.00000000E+00  0.10005684E-05  0.24983778E-05 -0.66126533E-04  0.13453044E-03
  0.26577070E-06 -0.11923752E-03  0.15342882E-02  0.35687760E-03 -0.36009537E-03
 -0.30400005E-02 -0.17917058E-02  0.45271090E-02 -0.46259254E-02 -0.18743377E-02
  0.13925501E-02  0.93138465E-02  0.21301776E-01 -0.19937499E-01  0.29622099E-03
 -0.54204024E-02  0.44849127E-02  0.16091403E-01
  0.28611441E-07  0.35991552E-07  0.51286817E-07  0.91744607E-07 -0.14734849E-08
  0.00000000E+00  0.00000000E+00  0.00000000E+00  0.00000000E+00  0.13115761E-06
  0.24104119E-06  0.18819827E-06  0.00000000E+00  0.00000000E+00  0.00000000E+00
  0.00000000E+00  0.00000000E+00  0.00000000E+00  0.00000000E+00  0.00000000E+00
  0.00000000E+00  0.00000000E+00  0.00000000E+00  0.00000000E+00  0.00000000E+00
  0.00000000E+00  0.49188977E-06  0.24797228E-05 -0.66990172E-04  0.10921388E-05
  0.10782284E-06 -0.81293898E-03 -0.20976033E-02 -0.12387367E-04 -0.23075504E-04
 -0.30892970E-03  0.22370063E-03  0.52807119E-02 -0.24838188E-02  0.25195734E-02
 -0.10707464E-01 -0.20537263E-01  0.16549880E-01 -0.22568106E-01  0.22968506E-01
 -0.14289780E-01 -0.14888325E-01 -0.67930249E-02
  0.00000000E+00  0.00000000E+00  0.00000000E+00  0.00000000E+00  0.00000000E+00
  0.00000000E+00  0.00000000E+00  0.00000000E+00  0.62878388E-04  0.45491074E-07
  0.00000000E+00  0.00000000E+00  0.00000000E+00  0.00000000E+00  0.00000000E+00
  0.00000000E+00  0.00000000E+00  0.00000000E+00  0.00000000E+00  0.00000000E+00
  0.00000000E+00  0.00000000E+00  0.00000000E+00  0.00000000E+00  0.00000000E+00
  0.00000000E+00  0.48811540E-06  0.24296717E-05 -0.66341878E-04  0.10450352E-05
  0.29384442E-06 -0.42937951E-04 -0.17697681E-03 -0.59198350E-04 -0.26421729E-03
 -0.31476326E-03 -0.78471224E-03 -0.13164291E-01 -0.12118287E-03  0.38488556E-02
  0.31277831E-02  0.57860400E-03 -0.28070144E-02 -0.84364946E-02  0.22151824E-02
  0.88030034E-03  0.13408497E-01  0.50124319E-02
  0.00000000E+00  0.00000000E+00  0.00000000E+00  0.00000000E+00  0.00000000E+00
  0.00000000E+00  0.00000000E+00  0.00000000E+00  0.00000000E+00  0.00000000E+00
  0.00000000E+00  0.00000000E+00  0.00000000E+00  0.00000000E+00  0.00000000E+00
  0.00000000E+00  0.00000000E+00  0.00000000E+00  0.00000000E+00  0.00000000E+00
  0.00000000E+00  0.00000000E+00  0.00000000E+00  0.00000000E+00  0.00000000E+00
  0.00000000E+00  0.47218647E-06  0.23375517E-05 -0.65690570E-04  0.99150818E-06
  0.43114464E-06 -0.26099438E-04 -0.10562422E-01 -0.48555208E-03  0.30375232E-04
 -0.22424410E-03 -0.30797752E-02  0.49889943E-03 -0.19911740E-02 -0.44904414E-02
 -0.11296801E-02  0.69355394E-02 -0.15146076E-02  0.22421283E-01 -0.30734476E-02
  0.73925972E-02 -0.32034533E-02  0.10194331E-02
  0.00000000E+00  0.00000000E+00  0.00000000E+00  0.00000000E+00  0.00000000E+00
  0.00000000E+00  0.00000000E+00  0.00000000E+00  0.00000000E+00  0.00000000E+00
  0.00000000E+00  0.00000000E+00  0.00000000E+00  0.00000000E+00  0.00000000E+00
  0.00000000E+00  0.00000000E+00  0.00000000E+00  0.00000000E+00  0.00000000E+00
  0.00000000E+00  0.00000000E+00  0.00000000E+00  0.00000000E+00  0.00000000E+00
  0.00000000E+00  0.44541542E-06 -0.41584195E-04 -0.64199529E-04  0.17249873E-05
  0.20506624E-06 -0.14215573E-05  0.15049425E-05 -0.10023934E-03 -0.49904446E-03
  0.13334580E-01  0.22864051E-02 -0.29692313E-03  0.91993596E-02  0.49472858E-02
 -0.82005931E-03  0.29485380E-02  0.23079095E-03  0.70898011E-02 -0.43304029E-02
 -0.44919755E-01 -0.73422308E-03  0.12717209E-03
  0.00000000E+00  0.00000000E+00  0.00000000E+00  0.00000000E+00  0.00000000E+00
  0.00000000E+00  0.00000000E+00  0.00000000E+00  0.00000000E+00  0.00000000E+00
  0.00000000E+00  0.00000000E+00  0.00000000E+00  0.00000000E+00  0.00000000E+00
  0.00000000E+00  0.00000000E+00  0.00000000E+00  0.00000000E+00  0.00000000E+00
  0.00000000E+00  0.00000000E+00  0.00000000E+00  0.00000000E+00  0.00000000E+00
  0.00000000E+00  0.41039667E-06  0.25226634E-05 -0.60133076E-04  0.18167229E-05
 -0.75700015E-05 -0.36942022E-05  0.24135754E-03  0.54486621E-04 -0.24332679E-03
 -0.99304116E-03  0.27852569E-02 -0.11615470E-04 -0.52076364E-03 -0.18190641E-02
 -0.10278504E-02  0.14355172E-03  0.56917214E-02  0.13435391E-01  0.15697095E-02
 -0.10132061E-04  0.15300296E-01  0.10136356E-01
  0.00000000E+00  0.00000000E+00  0.00000000E+00  0.00000000E+00  0.00000000E+00
  0.00000000E+00  0.00000000E+00  0.00000000E+00  0.00000000E+00  0.00000000E+00
  0.00000000E+00  0.00000000E+00  0.00000000E+00  0.00000000E+00  0.00000000E+00
  0.00000000E+00  0.00000000E+00  0.00000000E+00  0.00000000E+00  0.00000000E+00
  0.00000000E+00  0.00000000E+00  0.00000000E+00  0.00000000E+00  0.00000000E+00
  0.00000000E+00  0.36717439E-06  0.22362831E-05 -0.54434223E-04  0.18520828E-05
 -0.75852093E-04 -0.19217296E-05  0.92606763E-05 -0.11053660E-05  0.19330551E-02
  0.31354825E-02  0.30350259E-02 -0.26826932E-04  0.16886866E-03 -0.57456285E-04
 -0.18912789E-01 -0.30721795E-03 -0.75926738E-02 -0.26437045E-03  0.87684056E-02
 -0.19918593E-03  0.23756282E-01  0.11192128E-01
  0.00000000E+00  0.00000000E+00  0.00000000E+00  0.00000000E+00  0.00000000E+00
  0.00000000E+00  0.00000000E+00  0.00000000E+00  0.00000000E+00  0.00000000E+00
  0.00000000E+00  0.00000000E+00  0.00000000E+00  0.00000000E+00  0.00000000E+00
  0.00000000E+00  0.00000000E+00  0.00000000E+00  0.00000000E+00  0.00000000E+00
  0.00000000E+00  0.00000000E+00  0.00000000E+00  0.00000000E+00  0.00000000E+00
  0.00000000E+00  0.30203588E-06  0.18214466E-05 -0.45121469E-04  0.15320606E-05
 -0.44385613E-05  0.68087872E-05  0.67835991E-05 -0.23321144E-06  0.98591291E-04
  0.24688239E-03  0.14027095E-02 -0.17012996E-01  0.51892797E-02  0.71311629E-04
 -0.36912365E-03  0.13549863E-03 -0.13009060E-03 -0.34290856E-04  0.52721051E-03
  0.57193649E-04 -0.90674860E-04  0.89872111E-02
  0.00000000E+00  0.00000000E+00  0.00000000E+00  0.00000000E+00  0.00000000E+00
  0.00000000E+00  0.00000000E+00  0.00000000E+00  0.00000000E+00  0.00000000E+00
  0.00000000E+00  0.00000000E+00  0.00000000E+00  0.00000000E+00  0.00000000E+00
  0.00000000E+00  0.00000000E+00  0.00000000E+00  0.00000000E+00  0.00000000E+00
  0.00000000E+00  0.00000000E+00  0.00000000E+00  0.00000000E+00  0.00000000E+00
  0.00000000E+00  0.21670798E-06  0.35062936E-05 -0.32725077E-04  0.11991227E-04
 -0.57305102E-05  0.14664615E-05  0.41533186E-05  0.34915730E-04 -0.18755574E-06
  0.39662413E-06  0.74602628E-04  0.95264174E-04 -0.28595179E-04  0.57679218E-04
  0.44873115E-03 -0.34267868E-03 -0.60670204E-03 -0.56497128E-04 -0.90898913E-04
  0.33333801E-03 -0.12054765E-04 -0.18142251E-04
  0.00000000E+00  0.00000000E+00  0.00000000E+00  0.00000000E+00  0.00000000E+00
  0.00000000E+00  0.00000000E+00  0.00000000E+00  0.00000000E+00  0.00000000E+00
  0.00000000E+00  0.00000000E+00  0.00000000E+00  0.00000000E+00  0.00000000E+00
  0.00000000E+00  0.00000000E+00  0.00000000E+00  0.00000000E+00  0.00000000E+00
  0.00000000E+00  0.00000000E+00  0.00000000E+00  0.00000000E+00  0.00000000E+00
  0.00000000E+00  0.11024772E-06  0.64957997E-06 -0.17549137E-04  0.42021173E-05
 -0.36290943E-05 -0.41372567E-03 -0.59370769E-06  0.67788168E-03  0.79302926E-05
 -0.48145268E-05 -0.57727687E-04 -0.12731426E-04  0.52501865E-04  0.17563079E-04
 -0.19079777E-04  0.24144741E-04 -0.58893808E-06  0.12208398E-03  0.18442438E-04
  0.14856648E-04  0.50249208E-05  0.31904833E-03
  0.13820632E-10 -0.50168019E-09 -0.16176503E-08 -0.15656107E-02 -0.73580355E-07
  0.86047880E-04  0.33669712E-07  0.18449959E-06 -0.13207363E-03  0.10324185E-02
 -0.13168902E-04 -0.98674012E-04  0.74562641E-03  0.98298365E-05 -0.88888238E-02
  0.14968098E-03  0.18919888E-03  0.75357888E-04  0.00000000E+00  0.00000000E+00
  0.00000000E+00  0.00000000E+00  0.00000000E+00  0.00000000E+00  0.00000000E+00
  0.00000000E+00 -0.36185488E-06  0.13560231E-04  0.33685009E-04  0.24067071E-06
  0.56494490E-04  0.11683812E-03  0.53293856E-04 -0.50968747E-02 -0.10950139E-01
 -0.52251325E-02 -0.89531837E-02  0.56005779E-02 -0.15936241E-01  0.69590498E-03
 -0.46498903E-04 -0.92579582E-05  0.36034679E-05  0.30928451E-08  0.13488752E-04
 -0.29259417E-10 -0.52699061E-10 -0.25571556E-11
 -0.27625899E-12  0.34632289E-09 -0.22533067E-08 -0.55271417E-08 -0.33959916E-07
  0.74236533E-07 -0.16152138E-06 -0.26268746E-04 -0.47100011E-04 -0.13167604E-02
  0.26927280E-03 -0.32025287E-02  0.96211543E-04 -0.14845048E-03 -0.27403255E-02
  0.23566633E-03  0.68224559E-03  0.43943197E-04  0.00000000E+00  0.00000000E+00
  0.00000000E+00  0.00000000E+00  0.00000000E+00  0.00000000E+00  0.00000000E+00
  0.00000000E+00 -0.41337728E-06  0.15514698E-04  0.38427016E-04  0.27162372E-06
  0.13877697E-03  0.17634769E-03  0.86667283E-04 -0.81999351E-02 -0.58233438E-02
 -0.11486598E-02 -0.51357828E-02 -0.14860408E-03  0.11493097E-01  0.12710157E-02
  0.47613846E-04 -0.10372810E-01  0.48826955E-02  0.10272092E-01 -0.29636145E-07
  0.00000000E+00 -0.86163923E-03  0.00000000E+00
 -0.27528733E-11  0.12050498E-09  0.52381644E-09  0.19184790E-04 -0.14359062E-07
 -0.92162534E-07 -0.64978725E-05  0.62827750E-03  0.30350686E-03  0.20613750E-02
 -0.24068371E-02  0.49043717E-03  0.12016011E-02 -0.20970689E-02  0.23486479E-02
  0.12221656E-02  0.51667967E-02  0.37356178E-04  0.00000000E+00  0.00000000E+00
  0.00000000E+00  0.00000000E+00  0.00000000E+00  0.00000000E+00  0.00000000E+00
  0.00000000E+00  0.34092177E-04  0.17896890E-04  0.44542473E-04  0.30724342E-06
  0.80820161E-04  0.17274624E-03  0.21934379E-03 -0.19863025E-02 -0.16941064E-01
 -0.32490607E-02 -0.33567757E-02 -0.98565350E-02  0.12708319E-01  0.23732177E-03
 -0.19100557E-02 -0.13353842E-05 -0.52702207E-05  0.88119690E-05 -0.49497175E-03
  0.64899694E-08  0.31672904E-09  0.00000000E+00
  0.32060318E-10  0.74116597E-10  0.12762113E-10  0.20908404E-05 -0.32781729E-07
 -0.85613251E-07 -0.72988609E-07 -0.11969772E-07  0.36261769E-04 -0.43861864E-04
  0.30238524E-03  0.19863175E-02 -0.16617083E-02  0.24384740E-03 -0.80125334E-03
  0.20364269E-01  0.31736968E-02  0.12886715E-04  0.00000000E+00  0.00000000E+00
  0.00000000E+00  0.00000000E+00  0.00000000E+00  0.00000000E+00  0.00000000E+00
  0.00000000E+00  0.73466418E-07  0.20736350E-04  0.51259086E-04  0.34485906E-06
  0.96199877E-04  0.23182353E-02  0.41870334E-02 -0.11947182E-01 -0.10421685E-01
 -0.60098704E-03 -0.13880134E-01 -0.85318830E-03 -0.14119082E-03 -0.88063583E-03
 -0.62362926E-03  0.22491139E-03  0.73842139E-02 -0.12643862E-04 -0.37935747E-02
  0.42114096E-03 -0.73147450E-03  0.68774192E-09
  0.12894426E-10  0.11781785E-11  0.00000000E+00  0.19392026E-09 -0.33074036E-07
 -0.20845674E-06 -0.96732560E-05  0.32439898E-04  0.63469034E-04  0.74337515E-04
  0.37576140E-03 -0.13523318E-03  0.15280591E-02 -0.12502128E-02  0.40637263E-04
  0.42562034E-01  0.98744515E-02  0.59833836E-04  0.00000000E+00  0.00000000E+00
  0.00000000E+00  0.00000000E+00  0.00000000E+00  0.00000000E+00  0.00000000E+00
  0.00000000E+00  0.86811284E-07  0.24448149E-04  0.60045229E-04  0.39466146E-06
  0.11110208E-03  0.53227921E-03  0.49175687E-02 -0.47990248E-02  0.12981725E-01
 -0.22063881E-01 -0.78854307E-02 -0.65409500E-03 -0.27731924E-02  0.10094096E-03
 -0.15214348E-03 -0.16182616E-04  0.16822489E-02 -0.73698360E-05 -0.18510880E-04
 -0.75784330E-08 -0.67752584E-08 -0.14100131E-08
 -0.31603906E-11 -0.51692945E-10  0.38528248E-10 -0.11911943E-07 -0.86262421E-07
 -0.74843989E-07 -0.58183848E-08  0.41245701E-06 -0.11862800E-03 -0.95281727E-03
 -0.24955781E-02 -0.46676546E-02 -0.17065800E-02  0.29102546E-02 -0.97458993E-02
 -0.32171195E-01  0.20788974E-01  0.92126777E-04  0.00000000E+00  0.00000000E+00
  0.00000000E+00  0.00000000E+00  0.00000000E+00  0.00000000E+00  0.00000000E+00
  0.00000000E+00  0.10506720E-06  0.29002142E-04  0.70534575E-04  0.50445082E-04
  0.27734675E-02  0.28748477E-02  0.75166518E-02 -0.19989512E-02 -0.11296601E-01
  0.12172594E-01 -0.19606015E-01  0.40379392E-02 -0.10594818E-01  0.30424370E-03
  0.26455552E-02  0.12122196E-04  0.70137839E-05 -0.32697944E-02  0.39892301E-05
 -0.59438599E-08 -0.74191158E-09  0.14460901E-08
 -0.16234038E-10  0.13296257E-09 -0.43266811E-08 -0.11354505E-07 -0.10028181E-06
 -0.59641655E-08 -0.42830147E-05 -0.12333249E-02 -0.25286890E-03  0.35836179E-04
 -0.74631033E-02  0.43920526E-02 -0.84379463E-02 -0.69694519E-02  0.81880263E-02
  0.77520134E-02  0.22999164E-01  0.13684060E-03  0.00000000E+00  0.00000000E+00
  0.00000000E+00  0.00000000E+00  0.00000000E+00  0.00000000E+00  0.00000000E+00
  0.00000000E+00  0.12722692E-06  0.36220553E-04  0.85563732E-04 -0.99757765E-07
  0.72778212E-03 -0.75773729E-03  0.54639807E-03  0.86750626E-02  0.39848804E-02
 -0.11908516E-01  0.21267788E-02 -0.36978258E-02  0.75798887E-02  0.93191433E-02
  0.81574079E-03 -0.10555313E-02 -0.13434348E-03  0.93800818E-03 -0.45577193E-02
 -0.10384841E-06 -0.36463600E-07 -0.16964468E-09
  0.96095862E-11 -0.14120400E-08 -0.90926889E-08  0.39217423E-02  0.12570038E-03
 -0.56947756E-07  0.88070922E-03 -0.12179109E-02  0.78856227E-04 -0.40238467E-02
  0.10369797E-02  0.15558455E-02 -0.60761055E-02 -0.40162971E-02 -0.13711844E-01
  0.52420739E-01  0.42747258E-01  0.31404849E-03  0.00000000E+00  0.00000000E+00
  0.00000000E+00  0.00000000E+00  0.00000000E+00  0.00000000E+00  0.00000000E+00
  0.00000000E+00  0.15537437E-06  0.46139083E-04  0.23610412E-03 -0.51582921E-05
  0.89439495E-06  0.10373362E-02  0.39493482E-01  0.96971111E-02 -0.28040360E-01
  0.65573010E-02 -0.26003402E-01 -0.42126878E-02  0.15413173E-03  0.18471467E-03
 -0.97110250E-03 -0.64228754E-05  0.44222957E-04  0.52812545E-04 -0.40119375E-07
 -0.68578054E-09  0.99609606E-10 -0.60531792E-08
  0.00000000E+00  0.43865586E-03 -0.17032635E-09  0.73935266E-05  0.13533419E-08
 -0.12722430E-06 -0.72466375E-03  0.13926496E-02 -0.39147141E-03 -0.25670232E-02
 -0.85052735E-03 -0.70119266E-02  0.18069206E-02 -0.21067468E-01 -0.47053898E-01
 -0.19925106E-01  0.24952073E-02 -0.20681050E-03  0.00000000E+00  0.00000000E+00
  0.00000000E+00  0.00000000E+00  0.00000000E+00  0.00000000E+00  0.00000000E+00
  0.00000000E+00  0.17961494E-06  0.58394808E-04  0.12381201E-03  0.97090621E-04
  0.23041670E-03  0.87997743E-03  0.19825035E-01  0.25592335E-01 -0.17947053E-01
  0.15753626E-01 -0.77027980E-02 -0.18029706E-01 -0.11678857E-01 -0.60039657E-02
  0.86663901E-03  0.70519761E-02  0.22900206E-02 -0.11088657E-01  0.19357123E-05
 -0.23879047E-05  0.94634925E-10  0.59440705E-11
  0.16651799E-10 -0.25169535E-07 -0.29804835E-05 -0.23716276E-07 -0.11329608E-06
 -0.51896234E-03 -0.24011038E-02  0.92086697E-04  0.19077033E-03  0.14289443E-02
  0.94751404E-03  0.38308223E-02 -0.45282408E-02  0.96085186E-02 -0.28280133E-01
  0.11171638E-01  0.13855095E-01  0.62791305E-05  0.00000000E+00  0.00000000E+00
  0.00000000E+00  0.00000000E+00  0.00000000E+00  0.00000000E+00  0.00000000E+00
  0.00000000E+00  0.18235845E-06  0.58392094E-04  0.12568385E-03 -0.49407756E-06
  0.21706008E-03  0.54062482E-03  0.74010905E-02 -0.36536076E-02  0.19498394E-01
  0.93173100E-02 -0.34682227E-01 -0.10838211E-02 -0.76078143E-02 -0.30053926E-04
 -0.23617029E-01  0.53398845E-02 -0.93316116E-02 -0.40455719E-07  0.54641647E-02
  0.36645768E-07 -0.15624000E-10  0.34284374E-10
  0.13833752E-10  0.75275618E-05 -0.22285198E-06 -0.20430566E-02  0.46503717E-05
 -0.22500297E-06 -0.47315381E-04 -0.43256863E-02  0.82010337E-03 -0.10244042E-02
 -0.53863247E-03 -0.19353624E-02 -0.81792631E-02 -0.88504387E-02  0.75652483E-02
  0.11452622E-01  0.49127133E-02  0.16097365E-04  0.00000000E+00  0.00000000E+00
  0.00000000E+00  0.00000000E+00  0.00000000E+00  0.00000000E+00  0.00000000E+00
  0.00000000E+00  0.19218513E-06  0.60607089E-04  0.10980539E-03  0.30409232E-05
  0.19275752E-03  0.54527647E-03  0.12213022E-02  0.66423774E-02 -0.21587205E-02
 -0.16668728E-01  0.14271965E-01 -0.24295256E-02  0.11443634E-01  0.19433993E-01
  0.14976562E-01  0.22372859E-03 -0.62298264E-02 -0.19491787E-04 -0.22755883E-02
 -0.11332200E-06 -0.30415923E-02  0.74478963E-11
 -0.14608468E-07 -0.93916000E-07  0.13330075E-07  0.11083845E-02  0.76955356E-05
  0.10173995E-02 -0.52826194E-03 -0.35661443E-02 -0.41380529E-02  0.83385106E-03
 -0.22620606E-02 -0.11949341E-01  0.36805016E-02  0.96627396E-02  0.13304340E-01
 -0.12643397E-02  0.10311960E-01  0.52431685E-05  0.00000000E+00  0.00000000E+00
  0.00000000E+00  0.00000000E+00  0.00000000E+00  0.00000000E+00  0.00000000E+00
  0.00000000E+00  0.96795798E-07  0.59461129E-04  0.18626051E-03  0.41389268E-05
 -0.20498792E-03  0.30940058E-03  0.76184372E-03  0.10815534E-01  0.46428563E-02
  0.42679487E-02 -0.59703025E-02 -0.44840795E-01 -0.61695511E-02 -0.70040157E-02
 -0.23740115E-02 -0.25392897E-01 -0.72631769E-02 -0.37237715E-02 -0.94343228E-03
  0.59734319E-03 -0.48060280E-07 -0.92862740E-08
 -0.72120824E-07 -0.43652241E-07 -0.80882449E-07 -0.12616553E-07 -0.60173397E-07
  0.34412961E-02  0.25978440E-02 -0.19121721E-02  0.81347440E-03  0.42441317E-02
 -0.32074924E-02  0.10971696E-02  0.14385667E-01 -0.13755605E-01 -0.19888709E-02
 -0.26173957E-02  0.31744656E-02  0.57893281E-05  0.00000000E+00  0.00000000E+00
  0.00000000E+00  0.00000000E+00  0.00000000E+00  0.00000000E+00  0.00000000E+00
  0.00000000E+00  0.10012913E-06  0.60717070E-04  0.13209411E-03  0.10437771E-04
  0.24219614E-03  0.59663414E-03  0.90330034E-03  0.76701456E-02  0.31366446E-01
  0.13724038E-01  0.92942793E-02 -0.10615945E-01  0.19368538E-01 -0.47415304E-02
  0.11286483E-01  0.19820599E-02 -0.27569951E-02 -0.39393162E-02 -0.89154100E-06
 -0.74012776E-08 -0.11963017E-08 -0.60983961E-08
 -0.60294217E-07 -0.30993263E-07  0.27825542E-03 -0.42398973E-02  0.19613975E-02
  0.20217669E-02 -0.61359473E-02  0.48219834E-02 -0.45943073E-02 -0.18272271E-03
  0.39732053E-02 -0.69025851E-03  0.47869464E-02  0.21937066E-02  0.18150915E-02
  0.60640755E-02 -0.97235086E-03  0.87561641E-04  0.00000000E+00  0.00000000E+00
  0.00000000E+00  0.00000000E+00  0.00000000E+00  0.00000000E+00  0.00000000E+00
  0.00000000E+00  0.10360782E-06  0.60845137E-04  0.13158447E-03  0.13214269E-06
  0.26240095E-03  0.26286752E-02  0.81099232E-03  0.10790768E-01  0.10061130E-01
  0.41573952E-02  0.18944743E-01 -0.25943842E-01 -0.32985013E-01  0.26674606E-02
  0.23676247E-02 -0.37334333E-02  0.13925903E-01  0.24296524E-02 -0.72999949E-02
 -0.33110404E-04  0.30356768E-04 -0.19347198E-08
  0.11619641E-03  0.24991177E-03  0.81419760E-04  0.20535160E-03 -0.25578434E-03
  0.15112517E-04 -0.32027432E-02  0.11888833E-02 -0.23936319E-03 -0.86338827E-02
  0.25977194E-02  0.11468691E-01 -0.82546048E-02  0.39553695E-02  0.90403957E-03
 -0.37886281E-02  0.18810038E-02  0.00000000E+00  0.00000000E+00  0.00000000E+00
  0.00000000E+00  0.00000000E+00  0.00000000E+00  0.00000000E+00  0.00000000E+00
  0.00000000E+00  0.10641192E-06  0.61113688E-04 -0.21935629E-02  0.70503991E-05
  0.25804350E-03  0.16291330E-02  0.14339094E-01  0.28545693E-02  0.20622276E-01
  0.36981957E-01  0.21887088E-01  0.11755447E-02 -0.32303692E-01  0.89491922E-03
 -0.20243854E-01 -0.17597097E-01 -0.10045894E-02  0.58619369E-03 -0.39226181E-02
  0.44078036E-02  0.17431914E-04  0.13752504E-09
 -0.14011262E-03 -0.51830732E-03 -0.52272006E-02  0.50633255E-02  0.52383436E-03
  0.51697725E-03 -0.72036807E-02 -0.12567005E-01  0.49143196E-02  0.53700764E-02
 -0.34033127E-03 -0.18565841E-03  0.78653189E-02  0.97534554E-03  0.17073905E-02
 -0.53802852E-03  0.96869251E-04  0.00000000E+00  0.00000000E+00  0.00000000E+00
  0.00000000E+00  0.00000000E+00  0.00000000E+00  0.00000000E+00  0.00000000E+00
  0.00000000E+00  0.11065069E-06  0.64097635E-04  0.75246302E-04  0.67876057E-05
  0.24678496E-03  0.31752611E-03  0.21771257E-02  0.33929260E-02  0.96045264E-02
  0.50277934E-01  0.37218438E-01 -0.20666906E-01  0.21701962E-01 -0.35127137E-02
 -0.48699827E-01 -0.43462854E-01 -0.11513911E-01  0.42867966E-02  0.45583310E-03
 -0.15756802E-01 -0.87733178E-03  0.88364180E-03
 -0.54242139E-03  0.15695610E-02  0.76528852E-02 -0.85532244E-02 -0.22666342E-02
  0.35106731E-02 -0.15656559E-01  0.24122182E-01  0.36652872E-02  0.16590348E-01
 -0.43565282E-02 -0.76211419E-03 -0.30248244E-03  0.99655333E-03  0.32733784E-03
 -0.75160353E-03  0.56679455E-05  0.00000000E+00  0.00000000E+00  0.00000000E+00
  0.00000000E+00  0.00000000E+00  0.00000000E+00  0.00000000E+00  0.00000000E+00
  0.00000000E+00  0.11262728E-06  0.64634351E-04  0.17458234E-03  0.67635168E-05
  0.88185705E-04  0.80672549E-03  0.10020400E-02  0.41045300E-02  0.24334013E-01
 -0.89824430E-02  0.16510474E-01 -0.86493364E-02  0.41224490E-03 -0.26892828E-01
 -0.42016201E-01  0.13502634E-02 -0.16954550E-01  0.66106325E-02  0.66805797E-02
 -0.10095745E-01  0.28912974E-03 -0.41070669E-02
  0.46038425E-03 -0.21163793E-02  0.29521609E-02 -0.39525249E-02  0.34967113E-02
 -0.46784229E-02  0.75457005E-02  0.10509406E-02  0.35682460E-02  0.17042212E-02
  0.79680694E-03  0.10575356E-02  0.43775224E-03 -0.15376599E-03  0.26578662E-04
  0.52481985E-04 -0.64819028E-04  0.00000000E+00  0.00000000E+00  0.00000000E+00
  0.00000000E+00  0.00000000E+00  0.00000000E+00  0.00000000E+00  0.00000000E+00
  0.00000000E+00  0.12023967E-06  0.69175414E-04  0.81734876E-04  0.71862971E-05
  0.23924238E-04  0.55667934E-03  0.65256995E-03 -0.92854998E-03  0.35432422E-03
  0.20416570E-01  0.97633013E-02  0.65978837E-02  0.28184506E-01  0.40824039E-01
 -0.18041012E-01  0.75884064E-01 -0.33593174E-01 -0.40252739E-02  0.14301629E-01
 -0.13427552E-01 -0.10182107E-01  0.15614981E-02
 -0.46999072E-03  0.22834127E-02  0.77910955E-03  0.17776958E-03 -0.17619636E-02
  0.24250481E-02  0.14692460E-03  0.69638839E-05 -0.59514612E-03  0.72003990E-03
 -0.35597005E-02  0.32233385E-03  0.18160988E-02  0.10450082E-04  0.22932576E-04
  0.19266546E-04 -0.64387784E-07  0.00000000E+00  0.00000000E+00  0.00000000E+00
  0.00000000E+00  0.00000000E+00  0.00000000E+00  0.00000000E+00  0.00000000E+00
  0.00000000E+00  0.12089039E-06  0.69026265E-04  0.84542027E-04 -0.70317949E-04
  0.18390075E-04  0.78520181E-03  0.53769032E-03  0.10768286E-02  0.13054476E-01
  0.12371677E-01  0.28046130E-01  0.28127553E-01  0.47630279E-02  0.55043264E-02
  0.40108075E-02 -0.38190138E-01  0.19416050E-01 -0.48988654E-01  0.14017653E-01
 -0.56304005E-02  0.22153631E-01  0.33774936E-02
 -0.29544491E-03  0.38522767E-03 -0.11555298E-03 -0.69283231E-05 -0.14661322E-03
  0.34829527E-03 -0.12412077E-03  0.79328127E-04 -0.13626230E-03  0.78583649E-03
 -0.11537256E-02 -0.87190763E-04 -0.42179249E-04  0.11114551E-02  0.44134534E-06
 -0.98340886E-06  0.00000000E+00  0.00000000E+00  0.00000000E+00  0.00000000E+00
  0.00000000E+00  0.00000000E+00  0.00000000E+00  0.00000000E+00  0.00000000E+00
  0.00000000E+00  0.12118396E-06  0.68892565E-04  0.41328756E-03  0.98357532E-05
  0.18151834E-05  0.65727483E-03  0.42132210E-03  0.92774607E-03  0.61875401E-02
  0.31540987E-02  0.23080058E-01  0.96964192E-02 -0.54935612E-02 -0.27059799E-02
 -0.14924934E-02  0.16417640E-01 -0.17576298E-01  0.11804046E-03 -0.29489829E-01
 -0.88924819E-02 -0.21665283E-01  0.30878616E-02
  0.70550803E-03 -0.31834368E-02  0.76994149E-05 -0.16205155E-03  0.14395040E-02
  0.40129799E-03  0.87169868E-04 -0.69999845E-03 -0.20782437E-02  0.68995978E-02
 -0.15205046E-04  0.60696381E-03  0.25069019E-04  0.32454389E-06 -0.87945622E-06
 -0.41977201E-07  0.00000000E+00  0.00000000E+00  0.00000000E+00  0.00000000E+00
  0.00000000E+00  0.00000000E+00  0.00000000E+00  0.00000000E+00  0.00000000E+00
  0.00000000E+00  0.12618404E-06  0.71631722E-04  0.84058047E-04  0.10027039E-04
 -0.17984023E-05  0.64213959E-03  0.21989643E-03  0.63484278E-03  0.22248737E-02
  0.36205200E-02  0.73156196E-02  0.45552334E-02  0.22629326E-01 -0.27668341E-01
  0.43982217E-02 -0.11496451E-01  0.31425998E-01  0.17890998E-02  0.36683653E-01
  0.15911953E-01  0.31485376E-01  0.80833012E-03
 -0.17224283E-07 -0.38664601E-07 -0.87343410E-03  0.18842865E-03  0.27789174E-02
 -0.14657389E-04 -0.76940090E-03  0.16526025E-02  0.56223690E-05 -0.74158200E-05
  0.36959442E-06  0.11091947E-04 -0.17828707E-06 -0.72878637E-06 -0.24562338E-07
  0.00000000E+00  0.00000000E+00  0.00000000E+00  0.00000000E+00  0.00000000E+00
  0.00000000E+00  0.00000000E+00  0.00000000E+00  0.00000000E+00  0.00000000E+00
  0.00000000E+00  0.12676659E-06  0.68674342E-04  0.85194716E-04  0.66186755E-05
  0.16557623E-05  0.47845366E-03  0.93039444E-03  0.39338988E-03  0.88072246E-03
  0.15174208E-01  0.29167305E-02  0.15441594E-01  0.91556085E-02  0.34109453E-01
  0.75840754E-02 -0.23757404E-02  0.14126452E-01  0.66381768E-03  0.20047819E-01
 -0.20891064E-01 -0.13236032E-03 -0.16492528E-01
  0.28088088E-04  0.33586085E-04  0.31821094E-06  0.68296726E-06  0.11251686E-05
  0.91079360E-06  0.16047468E-06  0.15496408E-06  0.00000000E+00  0.00000000E+00
  0.00000000E+00 -0.35959562E-06 -0.45690263E-06 -0.57912608E-08  0.00000000E+00
  0.00000000E+00  0.00000000E+00  0.00000000E+00  0.00000000E+00  0.00000000E+00
  0.00000000E+00  0.00000000E+00  0.00000000E+00  0.00000000E+00  0.00000000E+00
  0.00000000E+00  0.12634479E-06  0.65728403E-04  0.84170775E-04  0.72732275E-04
  0.14179271E-05  0.36183228E-03 -0.10414396E-02 -0.76243121E-04  0.33760227E-03
  0.11177365E-02  0.21445359E-02  0.74035523E-02  0.14745325E-01  0.84014591E-02
  0.17444008E-01  0.86185681E-02 -0.10922444E-01  0.16122173E-02  0.59705502E-02
  0.93628028E-02 -0.12514262E-01  0.13221752E-01
 -0.85208369E-07  0.36483703E-07  0.27007460E-07  0.61273129E-08  0.73344290E-09
  0.00000000E+00  0.00000000E+00  0.00000000E+00  0.00000000E+00 -0.20673012E-06
 -0.36091200E-06 -0.11809907E-06  0.00000000E+00  0.00000000E+00  0.00000000E+00
  0.00000000E+00  0.00000000E+00  0.00000000E+00  0.00000000E+00  0.00000000E+00
  0.00000000E+00  0.00000000E+00  0.00000000E+00  0.00000000E+00  0.00000000E+00
  0.00000000E+00  0.62161729E-07  0.65282833E-04  0.85796375E-04  0.97653079E-05
  0.16850114E-05  0.66584650E-03  0.41425941E-02  0.17897029E-03  0.13978379E-03
  0.11879616E-02 -0.16676721E-02  0.31030939E-02  0.22825322E-02  0.64461259E-02
  0.52478087E-02 -0.11906899E-01  0.15438312E-01  0.27087979E-01 -0.13487599E-02
 -0.97491011E-03 -0.26100179E-03  0.38120581E-03
  0.00000000E+00  0.00000000E+00  0.00000000E+00  0.00000000E+00  0.00000000E+00
  0.00000000E+00  0.00000000E+00  0.00000000E+00  0.14795560E-04 -0.63603938E-07
  0.00000000E+00  0.00000000E+00  0.00000000E+00  0.00000000E+00  0.00000000E+00
  0.00000000E+00  0.00000000E+00  0.00000000E+00  0.00000000E+00  0.00000000E+00
  0.00000000E+00  0.00000000E+00  0.00000000E+00  0.00000000E+00  0.00000000E+00
  0.00000000E+00  0.61736954E-07  0.64012815E-04  0.85460733E-04  0.97587568E-05
  0.19342356E-05  0.19784316E-03  0.12394807E-02  0.52932297E-03  0.48187172E-03
  0.70198249E-03  0.13547368E-02  0.72355631E-02  0.69902274E-02  0.11386204E-01
  0.23054516E-01  0.12826264E-01 -0.71008788E-02 -0.14530720E-01 -0.18559742E-02
  0.19384039E-01 -0.54515070E-02 -0.79262528E-02
  0.00000000E+00  0.00000000E+00  0.00000000E+00  0.00000000E+00  0.00000000E+00
  0.00000000E+00  0.00000000E+00  0.00000000E+00  0.00000000E+00  0.00000000E+00
  0.00000000E+00  0.00000000E+00  0.00000000E+00  0.00000000E+00  0.00000000E+00
  0.00000000E+00  0.00000000E+00  0.00000000E+00  0.00000000E+00  0.00000000E+00
  0.00000000E+00  0.00000000E+00  0.00000000E+00  0.00000000E+00  0.00000000E+00
  0.00000000E+00  0.59777290E-07  0.61634904E-04  0.85145803E-04  0.96099409E-05
  0.20568210E-05  0.10263959E-04  0.14111896E-01  0.18758126E-02  0.36311251E-03
  0.16268195E-03 -0.13712536E-02  0.20710014E-02  0.21835705E-02  0.83147252E-02
  0.72392282E-02  0.13067790E-03  0.11082485E-01  0.11086776E-01  0.76052823E-02
 -0.54406622E-02  0.10356619E-01  0.77822489E-02
  0.00000000E+00  0.00000000E+00  0.00000000E+00  0.00000000E+00  0.00000000E+00
  0.00000000E+00  0.00000000E+00  0.00000000E+00  0.00000000E+00  0.00000000E+00
  0.00000000E+00  0.00000000E+00  0.00000000E+00  0.00000000E+00  0.00000000E+00
  0.00000000E+00  0.00000000E+00  0.00000000E+00  0.00000000E+00  0.00000000E+00
  0.00000000E+00  0.00000000E+00  0.00000000E+00  0.00000000E+00  0.00000000E+00
  0.00000000E+00  0.56444096E-07  0.58952084E-04  0.82539109E-04  0.98695826E-05
  0.34524280E-05  0.53644756E-04  0.24796470E-03  0.14526061E-02  0.13252651E-02
  0.26077575E-01  0.52612944E-02  0.26407616E-03  0.18156260E-01  0.92926393E-02
  0.72893054E-03 -0.31039793E-02 -0.83826497E-02  0.11689694E-02  0.37231302E-02
 -0.42425406E-04  0.14364355E-01 -0.14739276E-01
  0.00000000E+00  0.00000000E+00  0.00000000E+00  0.00000000E+00  0.00000000E+00
  0.00000000E+00  0.00000000E+00  0.00000000E+00  0.00000000E+00  0.00000000E+00
  0.00000000E+00  0.00000000E+00  0.00000000E+00  0.00000000E+00  0.00000000E+00
  0.00000000E+00  0.00000000E+00  0.00000000E+00  0.00000000E+00  0.00000000E+00
  0.00000000E+00  0.00000000E+00  0.00000000E+00  0.00000000E+00  0.00000000E+00
  0.00000000E+00  0.52062084E-07  0.55471806E-04  0.77602467E-04  0.86505060E-05
 -0.18556475E-05 -0.93900859E-05  0.19791831E-03  0.41128032E-04  0.15442146E-02
  0.24098114E-02  0.17923431E-02  0.62722386E-03 -0.99330961E-05  0.99004155E-03
  0.14862817E-03  0.93947424E-02 -0.22104148E-02 -0.92637097E-03  0.11912340E-02
  0.10133257E-01  0.42008635E-02 -0.96983512E-02
  0.00000000E+00  0.00000000E+00  0.00000000E+00  0.00000000E+00  0.00000000E+00
  0.00000000E+00  0.00000000E+00  0.00000000E+00  0.00000000E+00  0.00000000E+00
  0.00000000E+00  0.00000000E+00  0.00000000E+00  0.00000000E+00  0.00000000E+00
  0.00000000E+00  0.00000000E+00  0.00000000E+00  0.00000000E+00  0.00000000E+00
  0.00000000E+00  0.00000000E+00  0.00000000E+00  0.00000000E+00  0.00000000E+00
  0.00000000E+00  0.46632589E-07  0.49497702E-04  0.70663020E-04  0.71278036E-05
  0.43059996E-04 -0.10227179E-04  0.40700342E-05  0.24412452E-05 -0.50377806E-02
 -0.13074310E-02  0.61651375E-02  0.98372123E-03  0.97153470E-03  0.96332184E-03
 -0.19147711E-01  0.73237881E-03  0.30829489E-02  0.49643681E-03  0.83936800E-02
  0.32521984E-03  0.16539344E-01  0.17396194E-01
  0.00000000E+00  0.00000000E+00  0.00000000E+00  0.00000000E+00  0.00000000E+00
  0.00000000E+00  0.00000000E+00  0.00000000E+00  0.00000000E+00  0.00000000E+00
  0.00000000E+00  0.00000000E+00  0.00000000E+00  0.00000000E+00  0.00000000E+00
  0.00000000E+00  0.00000000E+00  0.00000000E+00  0.00000000E+00  0.00000000E+00
  0.00000000E+00  0.00000000E+00  0.00000000E+00  0.00000000E+00  0.00000000E+00
  0.00000000E+00  0.38407946E-07  0.40687911E-04  0.58864285E-04  0.59233190E-05
 -0.72121591E-06 -0.12820839E-04  0.25377146E-05  0.13270412E-05  0.13746345E-02
 -0.65489095E-04  0.65137478E-02  0.27432118E-01 -0.39131588E-03  0.10533734E-02
  0.86842106E-02  0.12589497E-02  0.25090918E-03  0.25328514E-03  0.17296370E-03
  0.15623233E-03  0.91647900E-04  0.88307240E-02
  0.00000000E+00  0.00000000E+00  0.00000000E+00  0.00000000E+00  0.00000000E+00
  0.00000000E+00  0.00000000E+00  0.00000000E+00  0.00000000E+00  0.00000000E+00
  0.00000000E+00  0.00000000E+00  0.00000000E+00  0.00000000E+00  0.00000000E+00
  0.00000000E+00  0.00000000E+00  0.00000000E+00  0.00000000E+00  0.00000000E+00
  0.00000000E+00  0.00000000E+00  0.00000000E+00  0.00000000E+00  0.00000000E+00
  0.00000000E+00  0.27594569E-07  0.45174407E-04  0.42895286E-04  0.32132463E-04
 -0.20926857E-05 -0.72522481E-05  0.84100832E-06  0.56814185E-04  0.48222524E-07
  0.30027422E-05  0.56009460E-04 -0.97352994E-05 -0.48545340E-04  0.97788593E-06
  0.65833827E-03  0.56206778E-03  0.14732283E-02  0.20650126E-03  0.18178095E-03
  0.14429529E-02  0.65081897E-04  0.49957963E-04
  0.00000000E+00  0.00000000E+00  0.00000000E+00  0.00000000E+00  0.00000000E+00
  0.00000000E+00  0.00000000E+00  0.00000000E+00  0.00000000E+00  0.00000000E+00
  0.00000000E+00  0.00000000E+00  0.00000000E+00  0.00000000E+00  0.00000000E+00
  0.00000000E+00  0.00000000E+00  0.00000000E+00  0.00000000E+00  0.00000000E+00
  0.00000000E+00  0.00000000E+00  0.00000000E+00  0.00000000E+00  0.00000000E+00
  0.00000000E+00  0.14059122E-07  0.15624603E-04  0.23097494E-04 -0.37082175E-04
 -0.18334105E-05  0.65231161E-03  0.12039816E-05 -0.16122684E-03  0.36792357E-04
  0.82598016E-05  0.51460308E-04  0.17539072E-04 -0.13004838E-05 -0.43972682E-05
 -0.97991653E-05 -0.26659710E-04  0.21532690E-04  0.36808356E-04  0.98904416E-05
  0.11791911E-04  0.24010780E-04  0.58797633E-04
 -0.23450992E-03 -0.21758459E-02 -0.25876416E-01 -0.40526108E-01 -0.63291097E-01
 -0.13505955E+00 -0.84651482E-01 -0.67635342E+02 -0.14823023E+00 -0.16448613E+00
 -0.58499073E-01 -0.58832943E-01 -0.47953189E-01 -0.10739955E+00 -0.30546362E+00
 -0.11126958E+02 -0.85085012E+01 -0.16457808E+01  0.00000000E+00  0.00000000E+00
  0.00000000E+00  0.00000000E+00  0.00000000E+00  0.00000000E+00  0.00000000E+00
  0.00000000E+00 -0.64696529E-02 -0.10766008E+01 -0.14169760E+01 -0.70869603E-02
 -0.18529365E+01 -0.36148322E+01 -0.23981531E+01 -0.28816540E+00 -0.31044967E+00
 -0.12632853E+00 -0.20179953E+00 -0.54657700E+00 -0.13485365E+00 -0.18413240E+00
 -0.21720082E+00 -0.83358587E-01 -0.16730217E+00 -0.56063345E-01 -0.81367288E-02
 -0.28580458E-02 -0.45192300E-03 -0.79275138E-04
 -0.68988462E-04 -0.66401577E-03 -0.13427853E-01 -0.17266129E-01 -0.52443403E-01
 -0.73978510E-01 -0.14896955E+00 -0.22199563E+00 -0.20376881E+00 -0.27744484E+00
 -0.11114234E+00 -0.69414322E-01 -0.75099041E-01 -0.94631524E-01 -0.29643668E+00
 -0.14425028E+02 -0.17026043E+02 -0.16358660E+01  0.00000000E+00  0.00000000E+00
  0.00000000E+00  0.00000000E+00  0.00000000E+00  0.00000000E+00  0.00000000E+00
  0.00000000E+00 -0.74013345E-02 -0.12335045E+01 -0.16219813E+01 -0.80142884E-02
 -0.24090904E+01 -0.46811317E+01 -0.41715927E+01 -0.59127531E+00 -0.60345522E+00
 -0.26908886E+00 -0.20438912E+00 -0.24396807E+00 -0.36884872E+00 -0.15244648E+00
 -0.20298933E+00 -0.29362805E+00 -0.14879487E+00 -0.14402686E+00 -0.69097226E-01
 -0.53612399E-02 -0.12161874E-02 -0.17591147E-03
 -0.10539094E-03 -0.18919431E-02 -0.49113462E-02 -0.68623700E-02 -0.25596310E-01
 -0.48711655E-01 -0.67804262E-01 -0.11355851E+00 -0.75270238E+00 -0.81641900E-01
 -0.19096158E+00 -0.11282442E+00 -0.13637146E+00 -0.18000829E+00 -0.29868103E+00
 -0.29362324E+02 -0.54572423E+02 -0.25030440E+01  0.00000000E+00  0.00000000E+00
  0.00000000E+00  0.00000000E+00  0.00000000E+00  0.00000000E+00  0.00000000E+00
  0.00000000E+00 -0.16926310E-01 -0.14252657E+01 -0.18876649E+01 -0.90863544E-02
 -0.26294858E+01 -0.61709823E+01 -0.90685079E+01 -0.81234470E+00 -0.81263248E+00
 -0.39457502E+00 -0.24435250E+02 -0.35789129E+00 -0.32577803E+00 -0.20734059E+00
 -0.16884478E+00 -0.43998507E+00 -0.15821840E+00 -0.10098520E+00 -0.17792198E+00
 -0.79235737E-01 -0.13342998E-01 -0.25781774E-03
 -0.35183646E-03 -0.16688709E-02 -0.19201782E-02 -0.41060940E-02 -0.34606225E-01
 -0.51566448E-01 -0.71839962E-01 -0.10475668E+00 -0.75874843E-01 -0.47865310E-01
 -0.13205815E+00 -0.11237425E+00 -0.13095749E+00 -0.17846723E+00 -0.42291562E+00
 -0.17169251E+03 -0.12893465E+03 -0.31511965E+01  0.00000000E+00  0.00000000E+00
  0.00000000E+00  0.00000000E+00  0.00000000E+00  0.00000000E+00  0.00000000E+00
  0.00000000E+00 -0.25504254E-01 -0.16545733E+01 -0.21821590E+01 -0.10226241E-01
 -0.31811615E+01 -0.11130428E+02 -0.60932673E+02 -0.87550938E+00 -0.10019972E+01
 -0.70364297E+00 -0.14530392E+01 -0.23597120E+00 -0.21059969E+00 -0.54709256E+00
 -0.20147567E+00 -0.25208979E+00 -0.33464807E+00 -0.53905372E-01 -0.67373787E-01
 -0.79279685E-01 -0.32110816E-01 -0.35864405E-02
 -0.22640383E-03 -0.80224764E-04 -0.34837812E-02 -0.98929921E-02 -0.33391044E-01
 -0.10137136E+00 -0.71406555E-01 -0.83869018E-01 -0.56993253E-01 -0.35457305E-01
 -0.46746836E-01 -0.83071508E-01 -0.20572057E+00 -0.16479974E+00 -0.70906805E+00
 -0.74559183E+03 -0.27031870E+03 -0.44510353E+01  0.00000000E+00  0.00000000E+00
  0.00000000E+00  0.00000000E+00  0.00000000E+00  0.00000000E+00  0.00000000E+00
  0.00000000E+00 -0.30205853E-01 -0.19551486E+01 -0.25694119E+01 -0.11739882E-01
 -0.38024019E+01 -0.16562330E+02 -0.27585102E+03 -0.16977165E+01 -0.13838693E+01
 -0.12534048E+01 -0.49269341E+00 -0.26431669E+00 -0.22955104E+00 -0.25253332E+00
 -0.99797126E-01 -0.30358368E-01 -0.13681720E+00 -0.11434076E+00 -0.49366355E-01
 -0.18779979E-01 -0.13987778E-01 -0.72050276E-02
 -0.28190930E-04 -0.16753513E-02 -0.89505744E-02 -0.10937325E-01 -0.51623595E-01
 -0.10508379E+00 -0.28299455E-01 -0.96029973E-01 -0.98122639E-01 -0.11510003E+00
 -0.14618817E+00 -0.22947303E+00 -0.25756437E+00 -0.25274927E+00 -0.84019450E+00
 -0.64024619E+03 -0.53227373E+03 -0.58617761E+01  0.00000000E+00  0.00000000E+00
  0.00000000E+00  0.00000000E+00  0.00000000E+00  0.00000000E+00  0.00000000E+00
  0.00000000E+00 -0.36657476E-01 -0.23256173E+01 -0.30367699E+01 -0.47349376E-01
 -0.77704010E+01 -0.51706456E+02 -0.23085615E+03 -0.41833443E+01 -0.30506334E+01
 -0.21247769E+01 -0.61231931E+00 -0.47790652E+00 -0.54677349E+00 -0.15242062E+00
 -0.31831998E+00 -0.10333739E+00 -0.46399249E+00 -0.28869048E+00 -0.39857004E+00
 -0.33690141E-01 -0.88767202E-02 -0.23570365E-02
 -0.77891946E-03 -0.50144072E-02 -0.68530148E-02 -0.22206218E-01 -0.90306919E-01
 -0.37153646E+00 -0.12343590E+00 -0.87529757E-01 -0.87275169E-01 -0.61742855E-01
 -0.39131526E+00 -0.68393935E+00 -0.21107072E+00 -0.30148784E+00 -0.19929873E+01
 -0.25856144E+03 -0.12001066E+04 -0.88463075E+01  0.00000000E+00  0.00000000E+00
  0.00000000E+00  0.00000000E+00  0.00000000E+00  0.00000000E+00  0.00000000E+00
  0.00000000E+00 -0.44534881E-01 -0.29138044E+01 -0.37117175E+01 -0.17068900E+00
 -0.13559788E+02 -0.50862995E+02 -0.10966642E+04 -0.52668273E+01 -0.36684609E+02
 -0.34130542E+01 -0.16621628E+01 -0.77594939E+00 -0.67870430E+00 -0.13092423E+00
 -0.13755609E+00 -0.29996725E+00 -0.22145299E+00 -0.40423154E-01 -0.37824676E+00
 -0.19745035E+00 -0.91364721E-01 -0.45400172E-02
 -0.10336338E-02 -0.36863623E-02 -0.77521273E-02 -0.49077562E-01 -0.32592462E-01
 -0.34574049E-01 -0.11456727E+00 -0.21231800E+00 -0.62565489E-01 -0.28798416E+00
 -0.31615727E+00 -0.48866420E+00 -0.38616041E+00 -0.65247287E+00 -0.52857685E+01
 -0.47536846E+03 -0.14175527E+04 -0.17446107E+02  0.00000000E+00  0.00000000E+00
  0.00000000E+00  0.00000000E+00  0.00000000E+00  0.00000000E+00  0.00000000E+00
  0.00000000E+00 -0.54604591E-01 -0.37266234E+01 -0.49666005E+01 -0.30785772E+00
 -0.15892612E+02 -0.44991556E+02 -0.25330310E+04 -0.20245258E+02 -0.10383471E+02
 -0.21473192E+02 -0.23289005E+01 -0.71633842E+00 -0.40157575E+00 -0.14455683E+00
 -0.10058718E+00 -0.18061497E+00 -0.26623750E+00 -0.18124331E+00 -0.42167576E+00
 -0.17107149E-01 -0.51610381E-02 -0.21844998E-01
 -0.15845973E-03 -0.10183160E-01 -0.97247964E-02 -0.48167095E-01 -0.15817316E-01
 -0.85628803E-01 -0.15508332E+00 -0.16987768E+00 -0.98566705E-01 -0.39578471E+00
 -0.64730021E+00 -0.27334540E+00 -0.49781257E+00 -0.96084417E+00 -0.84489434E+01
 -0.20514709E+03 -0.99729678E+03 -0.24364944E+02  0.00000000E+00  0.00000000E+00
  0.00000000E+00  0.00000000E+00  0.00000000E+00  0.00000000E+00  0.00000000E+00
  0.00000000E+00 -0.63424436E-01 -0.47407480E+01 -0.54624049E+01 -0.36238650E+00
 -0.15507309E+02 -0.42233686E+02 -0.23120815E+04 -0.28914250E+03 -0.22625677E+02
 -0.29046020E+02 -0.47814223E+01 -0.14548159E+01 -0.28505913E+00 -0.47896016E+00
 -0.14658047E+00 -0.21557348E+00 -0.84460546E+00 -0.40950579E+00 -0.51813495E+00
 -0.26110445E-01 -0.63468165E-02 -0.15917189E-02
 -0.10642359E-02 -0.30769386E-01 -0.38379380E-01 -0.13755331E-01 -0.10533753E+00
 -0.18922508E+00 -0.16786824E+00 -0.31305709E+00 -0.10246033E+00 -0.66529526E+00
 -0.30032888E+00 -0.37681122E+00 -0.52076847E+00 -0.15198796E+01 -0.76969950E+01
 -0.15461937E+03 -0.14453043E+04 -0.34693264E+01  0.00000000E+00  0.00000000E+00
  0.00000000E+00  0.00000000E+00  0.00000000E+00  0.00000000E+00  0.00000000E+00
  0.00000000E+00 -0.64691991E-01 -0.47654879E+01 -0.56274360E+01 -0.55746478E+00
 -0.11145710E+02 -0.37396278E+02 -0.75974496E+03 -0.14909225E+04 -0.30927691E+03
 -0.23633093E+02 -0.67655922E+01 -0.27952287E+01 -0.66610202E+00 -0.66460105E+00
 -0.16660150E+01 -0.10738068E+01 -0.54824600E+00 -0.59417146E+00 -0.60879974E+00
 -0.59479724E-01 -0.18339580E-01 -0.21335314E-02
 -0.45647062E-02 -0.14309470E-01 -0.13166182E+00 -0.17374776E+00 -0.19591777E+00
 -0.17579801E+00 -0.22518190E+01 -0.49809975E+00 -0.23218177E+00 -0.69727435E+00
 -0.46997394E+00 -0.75478890E+00 -0.39353307E+01 -0.12724318E+01 -0.67152717E+01
 -0.41710193E+02 -0.49298626E+03 -0.42006724E+00  0.00000000E+00  0.00000000E+00
  0.00000000E+00  0.00000000E+00  0.00000000E+00  0.00000000E+00  0.00000000E+00
  0.00000000E+00 -0.68493236E-01 -0.49724261E+01 -0.56339525E+01 -0.60136447E+00
 -0.80083371E+01 -0.37115544E+02 -0.11455394E+03 -0.96435610E+03 -0.37296137E+03
 -0.49284728E+02 -0.13273503E+02 -0.27696960E+01 -0.11022307E+01 -0.86880206E+00
 -0.14074254E+01 -0.10785275E+01 -0.10604582E+01 -0.54259591E+00 -0.67879723E+00
 -0.16383326E+00 -0.63785640E-01 -0.22713683E-02
 -0.24683502E-01 -0.10625346E+00 -0.44238431E+01 -0.19522732E+00 -0.12594135E+00
 -0.58177947E+00 -0.50346932E+00 -0.81325931E+00 -0.11220379E+01 -0.13545161E+03
 -0.11176218E+01 -0.16856945E+01 -0.15277125E+01 -0.34351848E+02 -0.78222352E+01
 -0.18955171E+03 -0.57586129E+03 -0.13499821E+00  0.00000000E+00  0.00000000E+00
  0.00000000E+00  0.00000000E+00  0.00000000E+00  0.00000000E+00  0.00000000E+00
  0.00000000E+00 -0.34663808E-01 -0.49050089E+01 -0.58234215E+01 -0.61677540E+00
 -0.91593437E+01 -0.31649541E+02 -0.89239194E+02 -0.69151141E+03 -0.13131357E+04
 -0.26147233E+03 -0.27856527E+02 -0.74790314E+01 -0.59953478E+01 -0.98004763E+00
 -0.77505719E+00 -0.11527629E+01 -0.16495643E+01 -0.35925049E+00 -0.15972141E+01
 -0.13345566E+00 -0.78671616E-01 -0.25042564E-01
 -0.10162427E+00 -0.89095061E-01 -0.10059916E+00 -0.12433639E+00 -0.14860795E+00
 -0.56716303E+00 -0.19434393E+01 -0.20096379E+01 -0.91145754E+00 -0.13234034E+01
 -0.20597214E+01 -0.55797787E+01 -0.11839334E+01 -0.29389462E+01 -0.52507106E+01
 -0.70569546E+02 -0.66929192E+02 -0.14976677E+00  0.00000000E+00  0.00000000E+00
  0.00000000E+00  0.00000000E+00  0.00000000E+00  0.00000000E+00  0.00000000E+00
  0.00000000E+00 -0.36035636E-01 -0.50360867E+01 -0.61321256E+01 -0.82302071E+00
 -0.11293530E+02 -0.27349253E+02 -0.89616501E+02 -0.46706707E+03 -0.14185764E+04
 -0.56008294E+03 -0.16020743E+03 -0.13406502E+02 -0.23309693E+01 -0.19817102E+01
 -0.94570811E+00 -0.74767201E+00 -0.19007722E+01 -0.81997214E+00 -0.74959339E+00
 -0.22185295E+00 -0.77316358E-01 -0.20743348E-01
 -0.70184544E-01 -0.68782169E-01 -0.25717159E+00 -0.25054679E+01 -0.20745693E+01
 -0.16045032E+01 -0.28927419E+01 -0.17066639E+01 -0.15811211E+01 -0.21637043E+01
 -0.16748781E+01 -0.97154729E+00 -0.21685504E+01 -0.28303090E+01 -0.57425502E+01
 -0.31924916E+02 -0.59815054E+02 -0.19794543E+00  0.00000000E+00  0.00000000E+00
  0.00000000E+00  0.00000000E+00  0.00000000E+00  0.00000000E+00  0.00000000E+00
  0.00000000E+00 -0.37482264E-01 -0.50753014E+01 -0.61700047E+01 -0.91635070E+00
 -0.12198193E+02 -0.25523326E+02 -0.78185876E+02 -0.33451919E+03 -0.84090783E+03
 -0.10196154E+04 -0.12051322E+03 -0.16607096E+03 -0.49656369E+01 -0.15703170E+01
 -0.30139083E+02 -0.12583369E+01 -0.25438134E+01 -0.11760015E+01 -0.13760327E+03
 -0.59108465E+00 -0.15456137E+00 -0.45632357E-01
 -0.18113935E+01 -0.11825186E+01 -0.18484985E+01 -0.18292891E+01 -0.15062575E+01
 -0.17105846E+01 -0.28610463E+01 -0.28258137E+01 -0.71382025E+02 -0.19894019E+01
 -0.21314398E+01 -0.33983286E+01 -0.31218667E+01 -0.32801006E+01 -0.20327471E+02
 -0.78599484E+02 -0.73232007E+02  0.00000000E+00  0.00000000E+00  0.00000000E+00
  0.00000000E+00  0.00000000E+00  0.00000000E+00  0.00000000E+00  0.00000000E+00
  0.00000000E+00 -0.38713811E-01 -0.51285809E+01 -0.69163448E+01 -0.12005677E+01
 -0.11974839E+02 -0.17655316E+02 -0.11160464E+03 -0.17665407E+03 -0.63014095E+03
 -0.13262772E+04 -0.33013582E+03 -0.17860891E+03 -0.13497887E+02 -0.13964305E+03
 -0.22468968E+01 -0.21780595E+01 -0.14197067E+02 -0.13801284E+01 -0.14415728E+01
 -0.23648551E+01 -0.22269495E+00 -0.69021888E-01
 -0.26667451E+01 -0.36275792E+01 -0.70994995E+02 -0.43444265E+01 -0.98154722E+01
 -0.77290587E+01 -0.86057089E+01 -0.86634034E+01 -0.75373196E+01 -0.62771643E+01
 -0.22393331E+01 -0.48349481E+02 -0.30631065E+01 -0.20212552E+01 -0.47891107E+01
 -0.55417076E+02 -0.10011756E+02  0.00000000E+00  0.00000000E+00  0.00000000E+00
  0.00000000E+00  0.00000000E+00  0.00000000E+00  0.00000000E+00  0.00000000E+00
  0.00000000E+00 -0.40501783E-01 -0.54131452E+01 -0.10226045E+02 -0.14983616E+01
 -0.11401892E+02 -0.18042320E+02 -0.86181298E+02 -0.13739659E+03 -0.64748202E+03
 -0.13387986E+04 -0.71720120E+03 -0.61938414E+02 -0.16697285E+02 -0.15557730E+03
 -0.61179816E+01 -0.68430396E+01 -0.30599812E+01 -0.28896344E+01 -0.78087090E+01
 -0.42740216E+01 -0.17065597E+01 -0.61930738E+00
 -0.48466032E+01 -0.97642764E+01 -0.11908586E+02 -0.14679504E+03 -0.99266387E+01
 -0.79450836E+01 -0.14178224E+02 -0.11189591E+02 -0.53174420E+01 -0.74146636E+01
 -0.31720295E+01 -0.17419904E+01 -0.37587740E+01 -0.36409303E+01 -0.32221630E+01
 -0.23252857E+02 -0.80470729E+00  0.00000000E+00  0.00000000E+00  0.00000000E+00
  0.00000000E+00  0.00000000E+00  0.00000000E+00  0.00000000E+00  0.00000000E+00
  0.00000000E+00 -0.41491482E-01 -0.54949927E+01 -0.10602966E+02 -0.12627297E+01
 -0.38417950E+01 -0.26649423E+02 -0.70078349E+02 -0.15333746E+03 -0.34151788E+03
 -0.10603407E+04 -0.11953179E+04 -0.29101974E+03 -0.86225588E+02 -0.15444327E+03
 -0.10604496E+02 -0.90508069E+01 -0.68043022E+01 -0.81551135E+01 -0.50451083E+01
 -0.52281613E+01 -0.86135823E+01 -0.21050975E+01
 -0.17004692E+02 -0.22256909E+03 -0.47298320E+02 -0.14101049E+02 -0.10805877E+02
 -0.11608732E+02 -0.92176308E+01 -0.59117332E+01 -0.26528216E+01 -0.11781145E+01
 -0.28625784E+00 -0.96157521E+00 -0.20885451E+01 -0.76117814E+01 -0.84186668E+01
 -0.37352221E+01 -0.29471888E+00  0.00000000E+00  0.00000000E+00  0.00000000E+00
  0.00000000E+00  0.00000000E+00  0.00000000E+00  0.00000000E+00  0.00000000E+00
  0.00000000E+00 -0.44607311E-01 -0.59231108E+01 -0.11366721E+02 -0.12943744E+01
 -0.63608092E+00 -0.27814464E+02 -0.50209538E+02 -0.95141576E+02 -0.26618267E+03
 -0.10304091E+04 -0.82128918E+03 -0.26555874E+03 -0.41703281E+02 -0.19030438E+02
 -0.16953795E+02 -0.17741019E+02 -0.10209541E+02 -0.72932520E+01 -0.54660051E+01
 -0.10056423E+02 -0.89983690E+01 -0.13263599E+03
 -0.73274268E+01 -0.75321099E+01 -0.41440353E+01 -0.27124526E+01 -0.25354537E+01
 -0.13153571E+02 -0.16308615E+01 -0.71551212E+00 -0.31704911E+00 -0.35423354E+00
 -0.95526898E+00 -0.42696090E+01 -0.51011255E+01 -0.60742733E+01 -0.24178161E+01
 -0.14081492E+01 -0.27017041E-01  0.00000000E+00  0.00000000E+00  0.00000000E+00
  0.00000000E+00  0.00000000E+00  0.00000000E+00  0.00000000E+00  0.00000000E+00
  0.00000000E+00 -0.45187779E-01 -0.59561230E+01 -0.11758993E+02 -0.13060911E+01
 -0.50961649E+00 -0.28790708E+02 -0.33167756E+02 -0.63526136E+02 -0.20418605E+03
 -0.46826336E+03 -0.16773273E+04 -0.35222318E+03 -0.39333134E+02 -0.29632964E+03
 -0.15831241E+03 -0.26011999E+02 -0.24642951E+02 -0.42328325E+02 -0.82122007E+02
 -0.82046372E+01 -0.93091731E+01 -0.14044718E+03
 -0.94323916E+00 -0.58099283E+00 -0.21903674E+00 -0.10687230E+00 -0.16654398E+00
 -0.20148360E+00 -0.15501031E+00 -0.12276157E+00 -0.55593370E+00 -0.45342194E+01
 -0.54548691E+01 -0.69323333E+01 -0.81579579E+01 -0.31631568E+02 -0.13409731E+00
 -0.12266301E+00  0.00000000E+00  0.00000000E+00  0.00000000E+00  0.00000000E+00
  0.00000000E+00  0.00000000E+00  0.00000000E+00  0.00000000E+00  0.00000000E+00
  0.00000000E+00 -0.45653308E-01 -0.59920670E+01 -0.12534516E+02 -0.12151194E+01
 -0.18388002E+00 -0.30671317E+02 -0.11242217E+02 -0.59542440E+02 -0.11383430E+03
 -0.34072197E+03 -0.95013697E+03 -0.14488856E+04 -0.26165220E+03 -0.21976409E+02
 -0.17069847E+02 -0.17568164E+02 -0.29999625E+03 -0.55697426E+02 -0.44142127E+02
 -0.17069999E+03 -0.17576923E+02 -0.10269872E+02
 -0.87600872E-01 -0.76290120E-01 -0.38768079E+00 -0.45594649E+00 -0.12707094E+01
 -0.72563347E+00 -0.12978147E+01 -0.17413150E+01 -0.71208110E+01 -0.72274724E+02
 -0.15466113E+01 -0.23787712E+01 -0.25567746E+00 -0.10015270E+00 -0.95088763E-01
 -0.17612991E-01  0.00000000E+00  0.00000000E+00  0.00000000E+00  0.00000000E+00
  0.00000000E+00  0.00000000E+00  0.00000000E+00  0.00000000E+00  0.00000000E+00
  0.00000000E+00 -0.47939665E-01 -0.62827548E+01 -0.12779736E+02 -0.12229822E+01
 -0.15744719E+00 -0.29440351E+02 -0.11898272E+02 -0.31063007E+02 -0.95373308E+02
 -0.17413968E+03 -0.35612733E+03 -0.11638551E+04 -0.71269812E+03 -0.26213743E+03
 -0.16878522E+02 -0.14634647E+03 -0.13867562E+02 -0.17300347E+02 -0.96272227E+02
 -0.38025822E+02 -0.17540914E+03 -0.40703740E+02
 -0.57336891E-01 -0.11049503E+00 -0.14613663E+00 -0.30305575E+00 -0.27349468E+01
 -0.10016090E+01 -0.18556279E+01 -0.37245348E+01 -0.13823475E+01 -0.63239884E+00
 -0.19140922E-01 -0.20657566E+00 -0.15811151E-01 -0.83887692E-01 -0.10457435E-01
  0.00000000E+00  0.00000000E+00  0.00000000E+00  0.00000000E+00  0.00000000E+00
  0.00000000E+00  0.00000000E+00  0.00000000E+00  0.00000000E+00  0.00000000E+00
  0.00000000E+00 -0.48613493E-01 -0.60803970E+01 -0.12930280E+02 -0.89009362E+00
 -0.49565990E+00 -0.30611449E+02 -0.16498676E+02 -0.12641705E+02 -0.54213605E+02
 -0.11586844E+03 -0.21261743E+03 -0.54885366E+03 -0.38644637E+03 -0.27669720E+03
 -0.75696552E+02 -0.29760870E+02 -0.14766895E+03 -0.88254387E+01 -0.16347183E+02
 -0.20776360E+02 -0.11788605E+02 -0.37362277E+02
 -0.10622476E+00 -0.20567839E+00 -0.33880057E+00 -0.53116976E+00 -0.68120481E+00
 -0.51332200E+00 -0.86000767E-01 -0.20867864E-01  0.00000000E+00  0.00000000E+00
  0.00000000E+00 -0.38610344E-01 -0.56592764E-01 -0.25116339E-02  0.00000000E+00
  0.00000000E+00  0.00000000E+00  0.00000000E+00  0.00000000E+00  0.00000000E+00
  0.00000000E+00  0.00000000E+00  0.00000000E+00  0.00000000E+00  0.00000000E+00
  0.00000000E+00 -0.48951309E-01 -0.58761644E+01 -0.12789089E+02 -0.85186074E+00
 -0.58727361E+00 -0.23348866E+02 -0.95008617E+02 -0.10706626E+02 -0.30306366E+02
 -0.11873471E+03 -0.11417212E+03 -0.17228450E+03 -0.44577373E+03 -0.43793877E+03
 -0.15314736E+03 -0.41676855E+02 -0.21993290E+02 -0.14558020E+03 -0.11466408E+02
 -0.88511718E+01 -0.14105005E+03 -0.46613424E+01
 -0.26886495E-01 -0.76937005E-02 -0.73926624E-02 -0.79789058E-02 -0.16009569E-03
  0.00000000E+00  0.00000000E+00  0.00000000E+00  0.00000000E+00 -0.24472959E-01
 -0.42361897E-01 -0.16391072E-01  0.00000000E+00  0.00000000E+00  0.00000000E+00
  0.00000000E+00  0.00000000E+00  0.00000000E+00  0.00000000E+00  0.00000000E+00
  0.00000000E+00  0.00000000E+00  0.00000000E+00  0.00000000E+00  0.00000000E+00
  0.00000000E+00 -0.24346480E-01 -0.58955911E+01 -0.13090544E+02 -0.87339860E+00
 -0.55155798E+00 -0.24050305E+02 -0.68843265E+02 -0.90824853E+01 -0.11987485E+02
 -0.69650716E+02 -0.92209362E+02 -0.18079309E+03 -0.27859019E+03 -0.24792352E+03
 -0.46659072E+03 -0.11007384E+03 -0.40471778E+02 -0.23985442E+02 -0.16884492E+02
 -0.11154879E+02 -0.10709594E+02 -0.25730945E+01
  0.00000000E+00  0.00000000E+00  0.00000000E+00  0.00000000E+00  0.00000000E+00
  0.00000000E+00  0.00000000E+00  0.00000000E+00 -0.37447234E-01 -0.77620781E-02
  0.00000000E+00  0.00000000E+00  0.00000000E+00  0.00000000E+00  0.00000000E+00
  0.00000000E+00  0.00000000E+00  0.00000000E+00  0.00000000E+00  0.00000000E+00
  0.00000000E+00  0.00000000E+00  0.00000000E+00  0.00000000E+00  0.00000000E+00
  0.00000000E+00 -0.24463106E-01 -0.58425733E+01 -0.13041961E+02 -0.88288932E+00
 -0.55668716E+00 -0.19514436E+02 -0.67325494E+02 -0.33711029E+02 -0.17198925E+02
 -0.25349745E+02 -0.79446095E+02 -0.25761829E+03 -0.20941857E+03 -0.26466534E+03
 -0.34545130E+03 -0.35941126E+03 -0.31386006E+03 -0.44972192E+02 -0.15450128E+02
 -0.13537327E+02 -0.66182371E+01 -0.24661629E+01
  0.00000000E+00  0.00000000E+00  0.00000000E+00  0.00000000E+00  0.00000000E+00
  0.00000000E+00  0.00000000E+00  0.00000000E+00  0.00000000E+00  0.00000000E+00
  0.00000000E+00  0.00000000E+00  0.00000000E+00  0.00000000E+00  0.00000000E+00
  0.00000000E+00  0.00000000E+00  0.00000000E+00  0.00000000E+00  0.00000000E+00
  0.00000000E+00  0.00000000E+00  0.00000000E+00  0.00000000E+00  0.00000000E+00
  0.00000000E+00 -0.23986279E-01 -0.56933561E+01 -0.12974887E+02 -0.88039249E+00
 -0.55387998E+00 -0.62470349E+01 -0.53685734E+02 -0.11414460E+03 -0.26833433E+02
 -0.53516196E+01 -0.12841848E+03 -0.15939167E+03 -0.12576404E+03 -0.21578353E+03
 -0.23632766E+03 -0.19212004E+03 -0.41998720E+03 -0.36445218E+03 -0.37796094E+02
 -0.15464579E+03 -0.15985525E+02 -0.24664611E+02
  0.00000000E+00  0.00000000E+00  0.00000000E+00  0.00000000E+00  0.00000000E+00
  0.00000000E+00  0.00000000E+00  0.00000000E+00  0.00000000E+00  0.00000000E+00
  0.00000000E+00  0.00000000E+00  0.00000000E+00  0.00000000E+00  0.00000000E+00
  0.00000000E+00  0.00000000E+00  0.00000000E+00  0.00000000E+00  0.00000000E+00
  0.00000000E+00  0.00000000E+00  0.00000000E+00  0.00000000E+00  0.00000000E+00
  0.00000000E+00 -0.22987257E-01 -0.56048247E+01 -0.12802865E+02 -0.81565017E+00
 -0.58977325E+00 -0.56058381E+01 -0.16846434E+02 -0.11151696E+03 -0.71872308E+02
 -0.41954884E+02 -0.13355505E+03 -0.35156036E+02 -0.94249689E+02 -0.17425746E+03
 -0.11507011E+03 -0.14864744E+03 -0.24027359E+03 -0.13463790E+03 -0.21054538E+03
 -0.20554553E+03 -0.28512186E+02 -0.91028020E+01
  0.00000000E+00  0.00000000E+00  0.00000000E+00  0.00000000E+00  0.00000000E+00
  0.00000000E+00  0.00000000E+00  0.00000000E+00  0.00000000E+00  0.00000000E+00
  0.00000000E+00  0.00000000E+00  0.00000000E+00  0.00000000E+00  0.00000000E+00
  0.00000000E+00  0.00000000E+00  0.00000000E+00  0.00000000E+00  0.00000000E+00
  0.00000000E+00  0.00000000E+00  0.00000000E+00  0.00000000E+00  0.00000000E+00
  0.00000000E+00 -0.21545188E-01 -0.52639017E+01 -0.12115589E+02 -0.70256246E+00
 -0.62825233E+01 -0.38398707E+01 -0.34049456E+01 -0.79421686E+01 -0.10996227E+03
 -0.11837245E+03 -0.10354534E+03 -0.99884906E+02 -0.39964792E+02 -0.81437600E+02
 -0.95647792E+02 -0.57695986E+02 -0.73541874E+02 -0.15789703E+03 -0.87893650E+02
 -0.36059388E+03 -0.89247983E+02 -0.38276127E+02
  0.00000000E+00  0.00000000E+00  0.00000000E+00  0.00000000E+00  0.00000000E+00
  0.00000000E+00  0.00000000E+00  0.00000000E+00  0.00000000E+00  0.00000000E+00
  0.00000000E+00  0.00000000E+00  0.00000000E+00  0.00000000E+00  0.00000000E+00
  0.00000000E+00  0.00000000E+00  0.00000000E+00  0.00000000E+00  0.00000000E+00
  0.00000000E+00  0.00000000E+00  0.00000000E+00  0.00000000E+00  0.00000000E+00
  0.00000000E+00 -0.19664767E-01 -0.47863394E+01 -0.11131283E+02 -0.57330062E+00
 -0.25800515E+01 -0.30442960E+01 -0.59041048E+00 -0.22181978E+00 -0.80073572E+01
 -0.50484664E+02 -0.13783577E+03 -0.76431191E+02 -0.10581030E+03 -0.10063058E+03
 -0.12235439E+03 -0.73724001E+02 -0.89459339E+02 -0.79901207E+02 -0.68075249E+02
 -0.70459031E+02 -0.69844678E+02 -0.10805549E+03
  0.00000000E+00  0.00000000E+00  0.00000000E+00  0.00000000E+00  0.00000000E+00
  0.00000000E+00  0.00000000E+00  0.00000000E+00  0.00000000E+00  0.00000000E+00
  0.00000000E+00  0.00000000E+00  0.00000000E+00  0.00000000E+00  0.00000000E+00
  0.00000000E+00  0.00000000E+00  0.00000000E+00  0.00000000E+00  0.00000000E+00
  0.00000000E+00  0.00000000E+00  0.00000000E+00  0.00000000E+00  0.00000000E+00
  0.00000000E+00 -0.16611188E-01 -0.40347309E+01 -0.94519281E+01 -0.48816844E+00
 -0.18822541E+01 -0.25416205E+01 -0.42409443E+00 -0.67979754E-01 -0.10851999E+01
 -0.15379851E+02 -0.34939013E+02 -0.59453324E+02 -0.58983900E+02 -0.77863652E+02
 -0.51339569E+02 -0.43133587E+02 -0.37372704E+02 -0.18650900E+03 -0.18950841E+03
 -0.59582700E+02 -0.40327850E+02 -0.16114336E+03
  0.00000000E+00  0.00000000E+00  0.00000000E+00  0.00000000E+00  0.00000000E+00
  0.00000000E+00  0.00000000E+00  0.00000000E+00  0.00000000E+00  0.00000000E+00
  0.00000000E+00  0.00000000E+00  0.00000000E+00  0.00000000E+00  0.00000000E+00
  0.00000000E+00  0.00000000E+00  0.00000000E+00  0.00000000E+00  0.00000000E+00
  0.00000000E+00  0.00000000E+00  0.00000000E+00  0.00000000E+00  0.00000000E+00
  0.00000000E+00 -0.12470072E-01 -0.30429896E+01 -0.71413775E+01 -0.12110562E+01
 -0.13266707E+01 -0.16857533E+01 -0.29289588E+00 -0.13702829E+00 -0.18936147E-01
 -0.24154906E+00 -0.13168799E+02 -0.14548533E+02 -0.13338754E+02 -0.10753092E+02
 -0.16121872E+02 -0.20293236E+02 -0.19937314E+02 -0.18276306E+02 -0.16117488E+02
 -0.84018008E+02 -0.13518071E+02 -0.12213324E+02
  0.00000000E+00  0.00000000E+00  0.00000000E+00  0.00000000E+00  0.00000000E+00
  0.00000000E+00  0.00000000E+00  0.00000000E+00  0.00000000E+00  0.00000000E+00
  0.00000000E+00  0.00000000E+00  0.00000000E+00  0.00000000E+00  0.00000000E+00
  0.00000000E+00  0.00000000E+00  0.00000000E+00  0.00000000E+00  0.00000000E+00
  0.00000000E+00  0.00000000E+00  0.00000000E+00  0.00000000E+00  0.00000000E+00
  0.00000000E+00 -0.69696068E-02 -0.17513004E+01 -0.41687608E+01 -0.91123601E+01
 -0.81944020E+00 -0.15164502E+00 -0.10404140E+00 -0.18243564E+00 -0.27924396E+01
 -0.10100964E+01 -0.63236200E+01 -0.14952556E+01 -0.52773854E+01 -0.72920958E+01
 -0.42718386E+01 -0.29697716E+01 -0.65452583E+01 -0.34982275E+01 -0.46898211E+01
 -0.32520514E+01 -0.31271332E+01 -0.50635252E+01
  0.16048351E-05  0.17857659E-04  0.22255975E-03  0.23897669E+02  0.11903195E-02
  0.83477243E+00  0.20955472E-02  0.35853012E-02 -0.35593695E+01 -0.71808580E+01
  0.10988586E+02  0.61143432E+01  0.84932935E+01 -0.13772980E+02  0.64195603E+02
  0.52545989E+01  0.34277371E+01  0.32428280E+01  0.00000000E+00  0.00000000E+00
  0.00000000E+00  0.00000000E+00  0.00000000E+00  0.00000000E+00  0.00000000E+00
  0.00000000E+00  0.14005172E-01  0.24618861E+00  0.10165298E+01  0.29629746E-01
  0.28251247E+01  0.38774162E+01  0.25135973E+01 -0.72701598E+02  0.40611074E+02
 -0.25131419E+01  0.10808016E+02  0.12703383E+03 -0.15996245E+03  0.46199143E+02
  0.39027072E+00 -0.18523104E+00 -0.10034102E+00  0.57631607E-03  0.13154535E-01
  0.19936682E-06  0.12462005E-05  0.11513015E-06
  0.69174493E-08  0.42039221E-05  0.18241062E-03  0.25640343E-03  0.39938324E-03
  0.28901677E-01  0.30280744E-02  0.30452480E+00 -0.30505557E+00  0.25735179E+01
  0.90366829E+00  0.64383938E+02 -0.76430377E+01 -0.16076063E+00  0.36465810E+02
  0.67531743E+01 -0.11703436E+02  0.10788812E+01  0.00000000E+00  0.00000000E+00
  0.00000000E+00  0.00000000E+00  0.00000000E+00  0.00000000E+00  0.00000000E+00
  0.00000000E+00  0.15999286E-01  0.28167233E+00  0.11525780E+01  0.33440471E-01
  0.32637654E+01  0.14683399E+01  0.46358563E+01  0.87533356E+02  0.36924670E+02
 -0.41797223E+02  0.46560221E+02  0.13476481E+01 -0.13378306E+03 -0.84309989E+01
  0.33247457E+00 -0.10619466E+03  0.17305099E+02 -0.61577434E+02  0.10338782E-02
  0.00000000E+00  0.10529010E+01  0.00000000E+00
  0.26833850E-06  0.13907807E-04  0.52204505E-04 -0.86852399E-01  0.49464821E-03
  0.97529761E-03 -0.95278728E-01  0.91109411E+01  0.52859955E+01  0.35955323E+01
  0.98288163E+01 -0.10760255E+02 -0.51445262E+02 -0.70413093E+01  0.34205801E+02
  0.14058458E+03  0.25750632E+02  0.20651820E+01  0.00000000E+00  0.00000000E+00
  0.00000000E+00  0.00000000E+00  0.00000000E+00  0.00000000E+00  0.00000000E+00
  0.00000000E+00 -0.10101777E+01  0.32492149E+00  0.13272685E+01  0.37825727E-01
  0.39853176E+01  0.75318855E+01 -0.11317642E+03  0.24674841E+02 -0.65946995E+02
  0.25232188E+02  0.11524739E+02  0.62082304E+02 -0.18230264E+02 -0.70727633E+00
 -0.19858943E+01  0.51997423E-01 -0.44878374E-01  0.35852912E+00 -0.71268826E+01
  0.12013537E-02  0.17050046E-03  0.00000000E+00
  0.18294230E-05  0.12668708E-04  0.25790768E-06 -0.14286397E-01  0.93028494E-03
  0.98933753E-03  0.19699973E-02  0.38266498E-02  0.57848524E+00 -0.15891569E+00
  0.11099910E+00  0.94923141E+00 -0.36262403E+01  0.24660647E+02  0.65558202E+01
  0.25258715E+03  0.18370168E+02 -0.13797297E+00  0.00000000E+00  0.00000000E+00
  0.00000000E+00  0.00000000E+00  0.00000000E+00  0.00000000E+00  0.00000000E+00
  0.00000000E+00  0.10335564E-01  0.37647242E+00  0.15157557E+01  0.42456709E-01
  0.47090437E+01  0.23797739E+02 -0.82993253E+02 -0.15299202E+03  0.10805095E+03
  0.58530650E+02  0.11599654E+02 -0.16734328E+02  0.64379758E+02  0.23083011E+02
  0.51554881E+01 -0.19924731E+00  0.11388733E+03 -0.54066480E+00  0.13688401E+02
  0.27526602E+02 -0.61120608E+01  0.33289005E-04
  0.10808122E-05  0.23809636E-07  0.00000000E+00  0.48980742E-05  0.37481601E-03
  0.36925480E-02 -0.79080492E-01 -0.12859048E+00 -0.15824530E-02 -0.18473209E+00
 -0.39033203E+01 -0.18499420E+01 -0.38722161E+02 -0.12970101E+01  0.17411642E+02
  0.49988257E+03  0.38481284E+02  0.32227637E+01  0.00000000E+00  0.00000000E+00
  0.00000000E+00  0.00000000E+00  0.00000000E+00  0.00000000E+00  0.00000000E+00
  0.00000000E+00  0.12212976E-01  0.44386085E+00  0.17600379E+01  0.48588043E-01
  0.52352936E+01  0.72478746E+01 -0.50395821E+03  0.75601105E+02 -0.68919757E+01
 -0.21841055E+01  0.53241852E+01 -0.44523098E+02  0.54775559E+02 -0.39794315E+02
  0.19378526E+01 -0.16463141E+00 -0.50792477E+01  0.10107784E-01  0.55494181E-01
  0.98751013E-04  0.31805669E-03  0.75878153E-04
  0.77556249E-07  0.12899835E-05  0.66953602E-05  0.13785390E-03  0.85791617E-03
  0.48973866E-02  0.76554681E-04  0.21467466E-01  0.78607230E+00 -0.81022216E+01
  0.31403043E+01 -0.66423928E+01 -0.36192819E+02 -0.32044780E+02 -0.55148289E+02
  0.58657118E+03 -0.16716073E+03  0.43660200E+01  0.00000000E+00  0.00000000E+00
  0.00000000E+00  0.00000000E+00  0.00000000E+00  0.00000000E+00  0.00000000E+00
  0.00000000E+00  0.14781296E-01  0.52653947E+00  0.20477815E+01 -0.60164731E+00
 -0.16082064E+01  0.34460750E+02 -0.14564088E+03  0.49479840E+02 -0.34746930E+02
 -0.70550924E+02  0.92095308E+02 -0.10549501E+03  0.80221976E+02  0.38967986E+01
  0.72548632E+02  0.17949245E+00  0.97640506E-01  0.41272650E+02 -0.88097608E-02
  0.10815687E-03  0.12798334E-04  0.17869126E-04
  0.36429153E-06  0.14195325E-05  0.48269904E-04  0.11506492E-03  0.25018634E-02
  0.51711212E-03 -0.83855404E+01 -0.56869532E+01 -0.15730440E+01  0.14489952E+00
  0.10708029E+02  0.36296037E+02  0.32119551E+02  0.37010943E+02  0.27430968E+02
  0.34192388E+03  0.15672385E+03  0.57712588E+01  0.00000000E+00  0.00000000E+00
  0.00000000E+00  0.00000000E+00  0.00000000E+00  0.00000000E+00  0.00000000E+00
  0.00000000E+00  0.17898817E-01  0.65759112E+00  0.24584221E+01  0.12097083E+00
 -0.37540862E+02  0.35063293E+02 -0.78740180E+02 -0.10205868E+03  0.81003176E+02
 -0.34708207E+02  0.88433593E+01 -0.42284856E+02 -0.16224756E+03 -0.17518725E+02
  0.10743127E+02  0.14582147E+02 -0.28217623E+01 -0.19664005E+01  0.11652021E+02
  0.18393847E-02  0.64397103E-03  0.22424273E-04
  0.14036964E-05  0.17474766E-04  0.98716990E-04 -0.48270210E+00 -0.10959266E+01
  0.77112106E-03  0.97928521E-01 -0.61977190E+01  0.68487652E+01  0.58418215E+01
 -0.22807150E+02 -0.90417525E+02 -0.85793361E+02 -0.58684414E+02 -0.61948930E+01
  0.92607925E+03 -0.25377524E+03 -0.24584671E+02  0.00000000E+00  0.00000000E+00
  0.00000000E+00  0.00000000E+00  0.00000000E+00  0.00000000E+00  0.00000000E+00
  0.00000000E+00  0.21858720E-01  0.83766394E+00  0.46203958E+00  0.46121644E+00
  0.37719655E+02  0.39093523E+02 -0.61313137E+03  0.40187565E+03  0.22679884E+02
 -0.25193886E+03  0.19118608E+03  0.17681578E+03  0.65614610E+02 -0.13673805E+02
 -0.33640228E+01  0.33689256E-01 -0.85793307E-01  0.15547228E+02  0.59844698E-02
  0.75429223E-05  0.88758520E-06  0.10689296E-03
  0.00000000E+00 -0.53611975E+01  0.48912760E-05  0.28036231E-01  0.12705556E-04
  0.20728032E-02 -0.81943798E+01  0.80061530E+01 -0.53115005E+00 -0.59673166E+02
  0.11282118E+03 -0.46928157E+01  0.38827126E+02  0.12270167E+03  0.33494896E+03
  0.14355609E+03 -0.28584914E+03 -0.39524657E+02  0.00000000E+00  0.00000000E+00
  0.00000000E+00  0.00000000E+00  0.00000000E+00  0.00000000E+00  0.00000000E+00
  0.00000000E+00  0.25268983E-01  0.10601690E+01  0.34884144E+01 -0.46825080E+00
  0.28003355E+02  0.27124384E+02  0.13865167E+02  0.81192606E+03  0.51355758E+02
 -0.18541700E+03  0.45481056E+02  0.14976714E+02  0.66744735E+01  0.69359871E+02
  0.29535193E+01  0.42796228E+02  0.11778700E+02 -0.29595038E+02 -0.12002507E+00
 -0.25150113E-01  0.84325762E-06  0.53738292E-07
  0.20373490E-06  0.16387560E-03 -0.15877971E-01  0.24365892E-03  0.22793856E-02
  0.24412578E+01  0.28311800E+01  0.47647742E+00  0.15344618E+01  0.25081729E+02
 -0.14279851E+02  0.29308932E+02  0.12541407E+02 -0.31354903E+01 -0.61067625E+02
  0.31122603E+03  0.19672318E+03  0.26123122E+01  0.00000000E+00  0.00000000E+00
  0.00000000E+00  0.00000000E+00  0.00000000E+00  0.00000000E+00  0.00000000E+00
  0.00000000E+00  0.25654953E-01  0.10601197E+01  0.34703381E+01  0.95134279E+00
  0.14433178E+02  0.15237026E+02 -0.15990296E+03 -0.34421655E+02  0.69714494E+01
 -0.71743260E+02  0.24244213E+02 -0.11540340E+03  0.45108830E+02 -0.10522080E+03
  0.24110462E+03 -0.15217884E+03  0.74531761E+01 -0.30565155E-01 -0.30251697E+02
  0.12672130E-02  0.42420211E-05  0.61137229E-06
  0.17274659E-05 -0.65737953E-01  0.18968852E-02  0.17672851E+01  0.30190925E+00
  0.49935569E-02 -0.10446732E+00  0.25633676E+02  0.96023677E+01  0.55634690E+02
  0.16738516E+02 -0.24508099E+02  0.12058295E+02 -0.83140242E+02  0.35036633E+02
 -0.69306171E+02 -0.58707352E+02  0.19274301E+01  0.00000000E+00  0.00000000E+00
  0.00000000E+00  0.00000000E+00  0.00000000E+00  0.00000000E+00  0.00000000E+00
  0.00000000E+00  0.27037411E-01  0.11003334E+01  0.24159226E+00  0.10116614E+01
  0.62761839E+01  0.33764179E+02  0.77782461E+02 -0.84563777E+02  0.26822524E+02
  0.22322184E+03  0.43527407E+03 -0.12616803E+03  0.22221685E+03 -0.24853517E+01
 -0.36359756E+03  0.15116977E+03  0.22548017E+02  0.15554117E+00  0.31742701E+02
  0.41322141E-02 -0.23073413E+02  0.70925840E-06
  0.18614982E-03  0.19534589E-02  0.32785770E-02 -0.15343234E+02  0.37359568E+00
 -0.14942647E+02  0.15036466E+00  0.26963492E+02 -0.28141954E+02  0.97361078E+01
  0.38319989E+02 -0.47442769E+02  0.75545167E+02  0.12133099E+03 -0.97747513E+02
 -0.63747988E+02 -0.19559529E+03  0.11706988E+00  0.00000000E+00  0.00000000E+00
  0.00000000E+00  0.00000000E+00  0.00000000E+00  0.00000000E+00  0.00000000E+00
  0.00000000E+00  0.13617639E-01  0.10795282E+01  0.48621246E+01  0.10063601E+01
 -0.65548071E+02  0.25638563E+02  0.56821933E+02  0.50333885E+03  0.12404250E+03
  0.13090071E+02  0.33740265E+03  0.48979054E+02 -0.41250599E+02 -0.99433152E+02
 -0.38086209E+02 -0.36401232E+00  0.72237011E+02 -0.44449256E+02 -0.47875624E+02
  0.68325066E+01  0.13288960E-02  0.26340275E-03
  0.22115759E-02  0.22651969E-02  0.14788111E-02  0.24829301E-02  0.35426098E-02
 -0.54699602E+02 -0.43671846E+02  0.27662482E+02  0.35666074E+02 -0.45676540E+02
  0.98398798E+02 -0.35930931E+02 -0.12136834E+03  0.44226315E+02  0.16535989E+02
  0.73598602E+02  0.14934711E+03  0.12926457E+00  0.00000000E+00  0.00000000E+00
  0.00000000E+00  0.00000000E+00  0.00000000E+00  0.00000000E+00  0.00000000E+00
  0.00000000E+00  0.14086587E-01  0.11023301E+01  0.35940870E+01  0.14896497E+01
  0.34590573E+01  0.28932345E+02  0.77387227E+02 -0.10652966E+03 -0.39611020E+03
 -0.27322390E+03 -0.33599483E+03 -0.16119498E+03  0.70518978E+02  0.11358368E+03
 -0.80831417E+00  0.94053919E+01 -0.46406865E+02  0.75083753E+02  0.12461796E+00
  0.13317777E-01  0.99089794E-03  0.15965575E-03
  0.12425514E-02  0.87078529E-03 -0.16348100E+01  0.11180902E+00  0.15516359E+02
 -0.26871321E+01 -0.49120420E+02 -0.36968491E+02 -0.12639954E+03 -0.27009983E+02
  0.71415659E+02 -0.47380010E+02  0.29947919E+02  0.15143176E+03  0.40757972E+02
  0.49239083E+02 -0.10950953E+02 -0.81797014E+01  0.00000000E+00  0.00000000E+00
  0.00000000E+00  0.00000000E+00  0.00000000E+00  0.00000000E+00  0.00000000E+00
  0.00000000E+00  0.14575983E-01  0.11046552E+01  0.35162161E+01  0.12561744E+01
  0.37679056E+01 -0.14165804E+03  0.65114217E+02  0.25219845E+03  0.16235517E+03
  0.53555565E+02  0.12468369E+03  0.53832832E+03 -0.58307573E+02 -0.14059996E+03
  0.10774716E+03  0.18301714E+03  0.47720972E+02 -0.27542864E+02 -0.58531938E+02
 -0.20816276E+00  0.26551720E+00  0.15242245E-02
 -0.14964286E+00 -0.45461306E+02 -0.20009038E+01  0.22444724E+02 -0.17617530E+01
 -0.54897918E+00  0.25848665E+02 -0.80564146E+02  0.17208495E+03  0.95690878E+01
 -0.30171597E+02 -0.28906903E+01 -0.45304426E+02 -0.10794122E+02  0.15001054E+02
  0.12439807E+02 -0.19548381E+03  0.00000000E+00  0.00000000E+00  0.00000000E+00
  0.00000000E+00  0.00000000E+00  0.00000000E+00  0.00000000E+00  0.00000000E+00
  0.00000000E+00  0.14970475E-01  0.11095308E+01 -0.81685718E+02  0.56402746E+00
  0.36850921E+01 -0.24738180E+02  0.13103316E+02  0.17202178E+03  0.35488827E+03
 -0.49742178E+03  0.36982918E+03 -0.10007215E+04  0.75879107E+03  0.24937158E+02
  0.18789190E+03 -0.10507857E+03 -0.20470718E+03 -0.14068903E+02 -0.29035016E+02
  0.57266780E+02 -0.11309982E+00  0.99853290E-03
 -0.23566482E+02  0.67299325E+00  0.15299638E+02 -0.70401101E+00 -0.26984634E+02
  0.15722512E+03  0.12142164E+03 -0.14881329E+03  0.12156001E+02 -0.97132273E+02
 -0.28159744E+02 -0.10570990E+02  0.18865081E+02 -0.19997611E+01  0.30902222E+01
  0.35625012E+01  0.30083155E+01  0.00000000E+00  0.00000000E+00  0.00000000E+00
  0.00000000E+00  0.00000000E+00  0.00000000E+00  0.00000000E+00  0.00000000E+00
  0.00000000E+00  0.15566804E-01  0.11637049E+01  0.24754109E+01  0.14238396E+01
  0.35468711E+01  0.10453680E+02  0.30129470E+02  0.11191958E+02  0.17903251E+03
  0.10664347E+03 -0.43086147E+03  0.55170785E+03 -0.32962918E+03  0.25881675E+02
  0.20291388E+03 -0.25249713E+02 -0.87197382E+02  0.35896015E+03 -0.16143032E+01
  0.18763640E+03  0.85784566E+01 -0.20373758E+02
 -0.15144660E+03  0.32562349E+02  0.10681700E+03 -0.17700287E+02  0.79132769E+02
 -0.12592869E+02 -0.74395624E+02  0.35008030E+03  0.58680570E+02 -0.50538373E+02
  0.41142653E+02  0.50351463E+02 -0.24606192E+01  0.12244251E+01 -0.97319342E-01
  0.22609404E+02  0.71350620E+00  0.00000000E+00  0.00000000E+00  0.00000000E+00
  0.00000000E+00  0.00000000E+00  0.00000000E+00  0.00000000E+00  0.00000000E+00
  0.00000000E+00  0.15844879E-01  0.11734491E+01  0.78605994E-01  0.10666619E+01
  0.17906591E+01 -0.75000699E+01  0.45739847E+02  0.32021975E+03 -0.44099303E+02
 -0.15960264E+03 -0.27486291E+03 -0.16433990E+02  0.29108773E+03  0.55311736E+02
 -0.53245065E+03  0.90077246E+02  0.24089875E+03 -0.11443275E+03  0.70100073E+02
 -0.63393414E+02  0.22287473E+02 -0.28653423E+03
 -0.23234727E+03 -0.16061240E+03 -0.57823750E+02  0.89158870E+01 -0.25652622E+02
 -0.29275255E+02 -0.30188842E+02  0.31118081E+02 -0.28977369E+02  0.36282660E+02
  0.11318557E+02  0.32095201E+01 -0.86454880E+01 -0.69166734E+01 -0.60717568E+00
 -0.31108565E+01  0.16019268E+01  0.00000000E+00  0.00000000E+00  0.00000000E+00
  0.00000000E+00  0.00000000E+00  0.00000000E+00  0.00000000E+00  0.00000000E+00
  0.00000000E+00  0.16915821E-01  0.12558930E+01  0.26641376E+01  0.10480949E+01
  0.11952961E+01  0.13171230E+02  0.36732645E+02  0.75101639E+02  0.61503352E+03
 -0.20231778E+03 -0.56561779E+03  0.20388970E+03  0.33840070E+03  0.13046962E+03
 -0.84358850E+02  0.16263885E+03 -0.13794604E+03 -0.48587013E+02 -0.45143426E+02
 -0.85403650E+02  0.59102143E+02 -0.43717095E+02
  0.15272879E+01  0.65934129E+02  0.76086272E+01  0.40484082E+01 -0.89254169E+02
 -0.34151647E+02  0.82678708E+01  0.37652745E+00  0.69094955E+01  0.15037794E+01
  0.62966345E+02 -0.56489274E+01 -0.53085115E+02  0.12083065E+01  0.48098260E+00
  0.46247832E+00  0.13230870E+00  0.00000000E+00  0.00000000E+00  0.00000000E+00
  0.00000000E+00  0.00000000E+00  0.00000000E+00  0.00000000E+00  0.00000000E+00
  0.00000000E+00  0.17007367E-01  0.12531851E+01  0.27283482E+01  0.28891672E+00
  0.96733186E+00  0.10873006E+02  0.25608753E+02  0.11286505E+02 -0.45791315E+03
 -0.35760553E+03  0.95715499E+02  0.42757899E+03 -0.63023582E+02  0.24099087E+03
 -0.41401340E+03 -0.72791850E+02  0.74598581E+02  0.36364302E+03 -0.12377327E+02
  0.86039217E+00 -0.98175796E+02 -0.33030584E+02
  0.18685186E+01 -0.59177991E+01 -0.17205482E+00  0.52056912E+00  0.68242082E+01
 -0.50870475E+01 -0.25905116E-01  0.74917232E-01  0.10154097E+00  0.26863971E+02
  0.64440368E+00  0.37828131E+01  0.11324923E+01  0.12907002E+02  0.78891731E-01
  0.29086755E+00  0.00000000E+00  0.00000000E+00  0.00000000E+00  0.00000000E+00
  0.00000000E+00  0.00000000E+00  0.00000000E+00  0.00000000E+00  0.00000000E+00
  0.00000000E+00  0.17048668E-01  0.12507578E+01 -0.63469072E+01  0.70089074E+00
  0.26620232E+00  0.13513632E+02  0.68614879E+00  0.32350948E+02 -0.12593647E+03
  0.15966467E+03 -0.76919001E+02 -0.24071960E+03  0.45059104E+02  0.51197483E+03
 -0.27725198E+03  0.31650692E+03  0.28808416E+03 -0.25527012E+03 -0.78719224E+02
  0.28719686E+03 -0.57651286E+03  0.52324285E+02
 -0.72803011E+01  0.18470664E+02  0.12703404E+00  0.27073697E+00 -0.28925605E+02
  0.31910896E+01  0.17261303E+00 -0.21047532E+02  0.34211578E+02 -0.97672247E+02
  0.29942146E+00 -0.48896481E+01  0.63999383E+00  0.45087754E-01  0.17770600E+00
  0.86257808E-01  0.00000000E+00  0.00000000E+00  0.00000000E+00  0.00000000E+00
  0.00000000E+00  0.00000000E+00  0.00000000E+00  0.00000000E+00  0.00000000E+00
  0.00000000E+00  0.17752101E-01  0.13004877E+01  0.31624716E+01  0.66454419E+00
  0.18886410E+00  0.10430696E+02  0.89849778E+01  0.27197992E+02  0.41604189E+02
  0.38878893E+02  0.19321717E+03 -0.17562956E+03 -0.27280941E+03  0.81812973E+03
  0.43052427E+02 -0.10163924E+03  0.22452138E+03  0.62170916E+02  0.22766100E+03
 -0.98004761E+01 -0.19481399E+03  0.11015142E+02
  0.10523987E-02  0.25252388E-02  0.76795372E+01  0.36607257E+01 -0.29948800E+00
  0.56999990E+01 -0.52969782E+02  0.70643222E+00  0.61294067E+00  0.10115391E+00
  0.81382922E-02 -0.15160699E+00  0.12399831E-01  0.16716328E+00  0.50472479E-01
  0.00000000E+00  0.00000000E+00  0.00000000E+00  0.00000000E+00  0.00000000E+00
  0.00000000E+00  0.00000000E+00  0.00000000E+00  0.00000000E+00  0.00000000E+00
  0.00000000E+00  0.17834056E-01  0.12467959E+01  0.31512551E+01  0.59319838E+00
  0.26633637E+00 -0.16821423E+02 -0.12326425E+02  0.32595638E+01  0.36470183E+02
 -0.18852683E+03  0.52902036E+02  0.97323118E+02  0.22503702E+03 -0.51514116E+02
  0.16565498E+03  0.89448078E+02 -0.27012469E+03  0.56339683E+02 -0.11915667E+03
 -0.15520966E+03 -0.38361818E+03 -0.28256168E+02
  0.37279983E+00 -0.24121619E+01  0.11553175E+00  0.19486805E+00  0.25967771E+00
  0.14820791E+00  0.80802657E-02  0.73707136E-02  0.00000000E+00  0.00000000E+00
  0.00000000E+00  0.58961828E-01  0.12103556E+00  0.11900304E-01  0.00000000E+00
  0.00000000E+00  0.00000000E+00  0.00000000E+00  0.00000000E+00  0.00000000E+00
  0.00000000E+00  0.00000000E+00  0.00000000E+00  0.00000000E+00  0.00000000E+00
  0.00000000E+00  0.17774715E-01  0.11933118E+01  0.30738743E+01 -0.50765123E+01
  0.31399936E+00  0.54475845E+01 -0.13735928E+03  0.22799075E+02  0.19698317E+02
  0.93518310E+02  0.75840921E+02 -0.76347841E+02  0.77284133E+02 -0.74413487E+02
 -0.88841062E+02 -0.19240622E+03  0.53659046E+02  0.10544593E+03  0.13516754E+03
  0.22565515E+03  0.14682264E+03  0.34271051E+02
  0.87360848E-02  0.25328296E-02  0.22372617E-02  0.24229414E-02  0.38681200E-04
  0.00000000E+00  0.00000000E+00  0.00000000E+00  0.00000000E+00  0.41216336E-01
  0.73606587E-01  0.38860120E-01  0.00000000E+00  0.00000000E+00  0.00000000E+00
  0.00000000E+00  0.00000000E+00  0.00000000E+00  0.00000000E+00  0.00000000E+00
  0.00000000E+00  0.00000000E+00  0.00000000E+00  0.00000000E+00  0.00000000E+00
  0.00000000E+00  0.87451731E-02  0.11852224E+01  0.31051560E+01  0.18000439E+00
  0.24669841E+00 -0.27573141E+02  0.18633565E+03  0.73119887E+01  0.35902558E+01
  0.39928895E+02  0.31924611E+02 -0.10899328E+03  0.58278421E+02 -0.31107160E+03
  0.18208948E+03  0.43605761E+02  0.60630222E+01  0.18318883E+03 -0.19089079E+03
 -0.78733295E+02  0.48738182E+02  0.35847099E+03
  0.00000000E+00  0.00000000E+00  0.00000000E+00  0.00000000E+00  0.00000000E+00
  0.00000000E+00  0.00000000E+00  0.00000000E+00  0.67366883E+01  0.13371472E-01
  0.00000000E+00  0.00000000E+00  0.00000000E+00  0.00000000E+00  0.00000000E+00
  0.00000000E+00  0.00000000E+00  0.00000000E+00  0.00000000E+00  0.00000000E+00
  0.00000000E+00  0.00000000E+00  0.00000000E+00  0.00000000E+00  0.00000000E+00
  0.00000000E+00  0.86854140E-02  0.11621650E+01  0.30430029E+01  0.17753721E+00
  0.23813407E+00  0.61476433E+01  0.15543107E+02  0.10787397E+02 -0.23403565E+00
  0.16445634E+02  0.52069539E+02  0.15721088E+03 -0.11880518E+02  0.41429383E+01
  0.71965617E+00  0.27199444E+02  0.17535017E+03 -0.10826240E+03 -0.69242336E+02
 -0.19216834E+02 -0.59661245E+02  0.58977158E+01
  0.00000000E+00  0.00000000E+00  0.00000000E+00  0.00000000E+00  0.00000000E+00
  0.00000000E+00  0.00000000E+00  0.00000000E+00  0.00000000E+00  0.00000000E+00
  0.00000000E+00  0.00000000E+00  0.00000000E+00  0.00000000E+00  0.00000000E+00
  0.00000000E+00  0.00000000E+00  0.00000000E+00  0.00000000E+00  0.00000000E+00
  0.00000000E+00  0.00000000E+00  0.00000000E+00  0.00000000E+00  0.00000000E+00
  0.00000000E+00  0.84097202E-02  0.11189935E+01  0.29702785E+01  0.17266607E+00
  0.22890599E+00  0.41963066E+01 -0.24494377E+03  0.43167725E+02  0.57300358E+01
  0.10024195E+01  0.60473080E+02  0.27180818E+02  0.49517541E+02  0.47077650E+02
  0.35268708E+02 -0.43562586E+02 -0.16497913E+03  0.65415801E+02  0.19230616E+02
  0.20709300E+03  0.72911215E+02  0.33155245E+02
  0.00000000E+00  0.00000000E+00  0.00000000E+00  0.00000000E+00  0.00000000E+00
  0.00000000E+00  0.00000000E+00  0.00000000E+00  0.00000000E+00  0.00000000E+00
  0.00000000E+00  0.00000000E+00  0.00000000E+00  0.00000000E+00  0.00000000E+00
  0.00000000E+00  0.00000000E+00  0.00000000E+00  0.00000000E+00  0.00000000E+00
  0.00000000E+00  0.00000000E+00  0.00000000E+00  0.00000000E+00  0.00000000E+00
  0.00000000E+00  0.79407925E-02 -0.81023362E+00  0.28398044E+01  0.18408488E+00
  0.17485837E+00  0.19933577E+01  0.42848688E+01  0.32388111E+02  0.20216100E+02
 -0.75951540E+03 -0.53191554E+02  0.17204652E+02 -0.35189296E+03  0.20880809E+03
  0.30868475E+02 -0.69209713E+02  0.13163017E+03 -0.71127620E+02  0.16676159E+02
  0.42568339E+03  0.49672248E+02 -0.77191449E+02
  0.00000000E+00  0.00000000E+00  0.00000000E+00  0.00000000E+00  0.00000000E+00
  0.00000000E+00  0.00000000E+00  0.00000000E+00  0.00000000E+00  0.00000000E+00
  0.00000000E+00  0.00000000E+00  0.00000000E+00  0.00000000E+00  0.00000000E+00
  0.00000000E+00  0.00000000E+00  0.00000000E+00  0.00000000E+00  0.00000000E+00
  0.00000000E+00  0.00000000E+00  0.00000000E+00  0.00000000E+00  0.00000000E+00
  0.00000000E+00  0.73243126E-02  0.10325798E+01  0.26299652E+01  0.16656906E+00
  0.14066159E+00  0.24781784E+01  0.57487129E+01  0.33634423E+01  0.29341643E+02
  0.85103098E+01 -0.25735055E+02  0.31033569E+02  0.29848067E+02  0.83080117E+01
  0.32568377E+02  0.12694263E+03 -0.99817917E+02 -0.40701019E+03 -0.35408435E+02
  0.77561303E+02  0.53807109E+02 -0.70085689E+02
  0.00000000E+00  0.00000000E+00  0.00000000E+00  0.00000000E+00  0.00000000E+00
  0.00000000E+00  0.00000000E+00  0.00000000E+00  0.00000000E+00  0.00000000E+00
  0.00000000E+00  0.00000000E+00  0.00000000E+00  0.00000000E+00  0.00000000E+00
  0.00000000E+00  0.00000000E+00  0.00000000E+00  0.00000000E+00  0.00000000E+00
  0.00000000E+00  0.00000000E+00  0.00000000E+00  0.00000000E+00  0.00000000E+00
  0.00000000E+00  0.65604685E-02  0.92086445E+00  0.23602774E+01  0.14328017E+00
  0.30244148E+00  0.18099030E+01  0.95260707E+00  0.22323479E+00  0.23789296E+03
 -0.12845809E+03 -0.23252009E+02  0.10676658E+02  0.18373541E+02  0.27109901E+02
  0.44760635E+03  0.15293129E+02 -0.14618756E+03  0.97272232E+01 -0.20892446E+03
  0.93130027E+01 -0.32528230E+03 -0.11614347E+03
  0.00000000E+00  0.00000000E+00  0.00000000E+00  0.00000000E+00  0.00000000E+00
  0.00000000E+00  0.00000000E+00  0.00000000E+00  0.00000000E+00  0.00000000E+00
  0.00000000E+00  0.00000000E+00  0.00000000E+00  0.00000000E+00  0.00000000E+00
  0.00000000E+00  0.00000000E+00  0.00000000E+00  0.00000000E+00  0.00000000E+00
  0.00000000E+00  0.00000000E+00  0.00000000E+00  0.00000000E+00  0.00000000E+00
  0.00000000E+00  0.54033911E-02  0.75623682E+00  0.19491302E+01  0.11836672E+00
  0.20533694E+00  0.15813622E+01  0.67686891E+00  0.10352165E+00 -0.31004205E+02
  0.47446016E+01 -0.21603967E+02 -0.49399298E+02  0.37570043E+02  0.17893789E+02
 -0.93724699E+02  0.68791513E+02  0.88898740E+01  0.10783333E+02  0.11832118E+02
  0.59674598E+01  0.22773373E+01 -0.20894117E+03
  0.00000000E+00  0.00000000E+00  0.00000000E+00  0.00000000E+00  0.00000000E+00
  0.00000000E+00  0.00000000E+00  0.00000000E+00  0.00000000E+00  0.00000000E+00
  0.00000000E+00  0.00000000E+00  0.00000000E+00  0.00000000E+00  0.00000000E+00
  0.00000000E+00  0.00000000E+00  0.00000000E+00  0.00000000E+00  0.00000000E+00
  0.00000000E+00  0.00000000E+00  0.00000000E+00  0.00000000E+00  0.00000000E+00
  0.00000000E+00  0.38821199E-02  0.43780588E+00  0.14075459E+01  0.13988091E+00
  0.14876328E+00  0.92649682E+00  0.36338818E+00  0.43281111E+00  0.92128080E-02
  0.83329847E-01  0.56183702E+01  0.35766318E+01  0.51092592E+01  0.60503364E+01
  0.46598265E+01  0.91140500E+00  0.13410406E+03  0.49934767E+01  0.45640232E+01
  0.65743388E+02  0.37855494E+01  0.20253834E+01
  0.00000000E+00  0.00000000E+00  0.00000000E+00  0.00000000E+00  0.00000000E+00
  0.00000000E+00  0.00000000E+00  0.00000000E+00  0.00000000E+00  0.00000000E+00
  0.00000000E+00  0.00000000E+00  0.00000000E+00  0.00000000E+00  0.00000000E+00
  0.00000000E+00  0.00000000E+00  0.00000000E+00  0.00000000E+00  0.00000000E+00
  0.00000000E+00  0.00000000E+00  0.00000000E+00  0.00000000E+00  0.00000000E+00
  0.00000000E+00  0.19778963E-02  0.28907290E+00  0.75303921E+00  0.13755075E+01
  0.10004354E+00  0.22995017E+01  0.85777916E-01  0.28495759E+02  0.15925584E+01
  0.13675871E+00  0.13980499E+01  0.44526421E+00  0.12826068E+01  0.17614126E+01
  0.10334855E+01  0.16047362E+01  0.20041661E+01 -0.25212797E+01  0.16646287E+01
  0.88189604E+00  0.51759032E+00 -0.16919265E+01
-.195514E+23
 -0.28390067E+15 -0.14098758E+16 -0.48680879E+16 -0.44909881E+16 -0.57002943E+16
 -0.42010524E+17 -0.11116256E+18 -0.28376464E+18 -0.65725626E+18 -0.11511473E+19
 -0.19489574E+19 -0.28672161E+19 -0.36070901E+19 -0.37496520E+19 -0.30555104E+19
  0.21178884E+20  0.14538974E+20  0.11694071E+19 -0.14877239E+17 -0.11581276E+17
 -0.10434859E+17 -0.13641391E+17 -0.23126432E+17 -0.26792442E+17 -0.23069458E+17
 -0.18190063E+17 -0.16985411E+17 -0.15403785E+17 -0.13669058E+17  0.25581050E+18
  0.11826506E+17  0.58679725E+18  0.40488405E+19 -0.43451733E+19 -0.10101730E+20
 -0.18985972E+20 -0.23788386E+20 -0.22783578E+20 -0.18105749E+20 -0.13053822E+20
 -0.83068148E+19 -0.43946273E+19 -0.17604793E+19 -0.49054443E+18 -0.10279667E+18
 -0.18699156E+17 -0.32811506E+16 -0.32861585E+15
 -0.17994688E+15 -0.68117808E+15 -0.22055033E+16 -0.19168519E+16 -0.19403955E+17
 -0.38760488E+17 -0.86008085E+17 -0.23771612E+18 -0.54379665E+18 -0.11987291E+19
 -0.21379678E+19 -0.32835069E+19 -0.41876457E+19 -0.43366350E+19 -0.33405549E+19
  0.42840918E+20  0.28138111E+20  0.14579029E+19 -0.16850227E+17 -0.13056592E+17
 -0.12423370E+17 -0.16422011E+17 -0.26448189E+17 -0.29998576E+17 -0.25540770E+17
 -0.20323453E+17 -0.19037616E+17 -0.17176346E+17 -0.15292640E+17  0.29288515E+18
 -0.73806083E+16  0.14095799E+19  0.74972900E+20 -0.40505975E+19 -0.89865485E+19
 -0.17232465E+20 -0.22478336E+20 -0.22046456E+20 -0.17955126E+20 -0.13241572E+20
 -0.88329332E+19 -0.51420755E+19 -0.24869752E+19 -0.93515907E+18 -0.26063664E+18
 -0.60846736E+17 -0.11661527E+17 -0.27813136E+16
 -0.13052596E+15 -0.54536812E+15 -0.17890029E+16 -0.37260212E+16 -0.15925158E+17
 -0.41624276E+17 -0.65508855E+17 -0.24107178E+18 -0.61343954E+18 -0.13807474E+19
 -0.24909063E+19 -0.40826255E+19 -0.53331142E+19 -0.55559019E+19 -0.38659000E+19
  0.63256479E+20  0.62623188E+20  0.16459727E+19 -0.18881330E+17 -0.14603492E+17
 -0.13943662E+17 -0.18430634E+17 -0.29661088E+17 -0.33675084E+17 -0.28502785E+17
 -0.22549360E+17 -0.21300316E+17 -0.19315876E+17 -0.17389933E+17  0.33563293E+18
 -0.69673208E+16  0.17384754E+19  0.29443721E+20 -0.39624548E+19 -0.88855323E+19
 -0.17484510E+20 -0.23852136E+20 -0.23966689E+20 -0.19572820E+20 -0.14317339E+20
 -0.94963474E+19 -0.57223343E+19 -0.29095543E+19 -0.12094805E+19 -0.40426819E+18
 -0.10989879E+18 -0.24535760E+17 -0.61372626E+16
 -0.24298871E+15 -0.77116629E+15 -0.15636093E+16 -0.52485472E+16 -0.14780844E+17
 -0.44349774E+17 -0.10713440E+18 -0.30725739E+18 -0.76941251E+18 -0.17018274E+19
 -0.32904252E+19 -0.53762028E+19 -0.72178770E+19 -0.73660208E+19 -0.47878795E+19
  0.62508570E+20  0.11019658E+21  0.23831693E+19 -0.21240492E+17 -0.16396200E+17
 -0.15812986E+17 -0.20492072E+17 -0.33300554E+17 -0.38253701E+17 -0.32393214E+17
 -0.25653960E+17 -0.23987734E+17 -0.21783251E+17 -0.19557012E+17  0.38269125E+18
 -0.60605284E+16  0.18513223E+19  0.68036622E+20 -0.42054266E+19 -0.96612164E+19
 -0.19262454E+20 -0.26806236E+20 -0.27726413E+20 -0.23011821E+20 -0.16538684E+20
 -0.10772616E+20 -0.63357010E+19 -0.32577766E+19 -0.14088223E+19 -0.49668053E+18
 -0.14748832E+18 -0.36461095E+17 -0.10135749E+17
 -0.52929993E+15 -0.89767823E+15 -0.27040506E+16 -0.87512784E+16 -0.23334080E+17
 -0.61211993E+17 -0.14634187E+18 -0.44402891E+18 -0.10381337E+19 -0.23607727E+19
 -0.45103536E+19 -0.73681855E+19 -0.10090601E+20 -0.10268624E+20 -0.65120176E+19
  0.20212657E+21  0.18427993E+21  0.34761144E+19 -0.24503168E+17 -0.19089947E+17
 -0.17793611E+17 -0.23796960E+17 -0.38541082E+17 -0.43482074E+17 -0.36756116E+17
 -0.29087343E+17 -0.27209900E+17 -0.24873519E+17 -0.22305178E+17  0.44605773E+18
  0.44168799E+16  0.28620436E+19  0.15187933E+21 -0.49659139E+19 -0.11061714E+20
 -0.22233860E+20 -0.31298289E+20 -0.33034361E+20 -0.28058107E+20 -0.19917673E+20
 -0.12600163E+20 -0.72255828E+19 -0.36742161E+19 -0.15887233E+19 -0.57933715E+18
 -0.17624929E+18 -0.45956320E+17 -0.13730581E+17
 -0.10210802E+16 -0.19202380E+16 -0.47322819E+16 -0.10990587E+17 -0.28515016E+17
 -0.75066697E+17 -0.23218312E+18 -0.62829917E+18 -0.15369161E+19 -0.33259360E+19
 -0.64196638E+19 -0.10543709E+20 -0.14492977E+20 -0.14939034E+20 -0.10442832E+20
  0.34672138E+20  0.33228013E+21  0.31821024E+19 -0.26856434E+17 -0.21128515E+17
 -0.20048282E+17 -0.26306049E+17 -0.43699732E+17 -0.50019176E+17 -0.42196151E+17
 -0.33461499E+17 -0.31350870E+17 -0.28502737E+17 -0.25484127E+17  0.53015212E+18
  0.83900871E+16  0.21363804E+19  0.25427766E+21 -0.70943531E+19 -0.14015739E+20
 -0.26856600E+20 -0.37932306E+20 -0.39594311E+20 -0.34052356E+20 -0.24402951E+20
 -0.15126653E+20 -0.84615448E+19 -0.42755442E+19 -0.18419717E+19 -0.67628063E+18
 -0.20820885E+18 -0.54349993E+17 -0.16825076E+17
 -0.17043597E+16 -0.24639384E+16 -0.44898484E+16 -0.15982084E+17 -0.48718328E+17
 -0.12720998E+18 -0.35936244E+18 -0.89893778E+18 -0.22766254E+19 -0.48555948E+19
 -0.94247596E+19 -0.15175196E+20 -0.21171385E+20 -0.23266125E+20 -0.22225299E+20
 -0.41643134E+21  0.49473729E+21  0.10606627E+20 -0.30670589E+17 -0.24330738E+17
 -0.23810728E+17 -0.31073400E+17 -0.50784563E+17 -0.57863695E+17 -0.48970833E+17
 -0.38854333E+17 -0.36062292E+17 -0.33859730E+17 -0.30050273E+17  0.62782691E+18
  0.15904975E+17  0.29526933E+19  0.12331415E+22 -0.13254548E+20 -0.18051583E+20
 -0.32482711E+20 -0.45305838E+20 -0.48465530E+20 -0.40656966E+20 -0.30230546E+20
 -0.18720293E+20 -0.10181697E+20 -0.49885464E+19 -0.21783585E+19 -0.80149801E+18
 -0.24690638E+18 -0.65233381E+17 -0.19785506E+17
 -0.22881165E+16 -0.39880273E+16 -0.10975216E+17 -0.26658834E+17 -0.61067702E+17
 -0.18975686E+18 -0.46641457E+18 -0.12583506E+19 -0.30903703E+19 -0.69163867E+19
 -0.13324439E+20 -0.20961420E+20 -0.31597650E+20 -0.41115511E+20 -0.11876925E+21
 -0.16635706E+22  0.98240490E+21  0.14545366E+20 -0.35852931E+17 -0.28196825E+17
 -0.27363285E+17 -0.36630409E+17 -0.60531996E+17 -0.67813936E+17 -0.56665199E+17
 -0.44815321E+17 -0.40943755E+17 -0.40099091E+17 -0.36271168E+17  0.75507140E+18
 -0.20610753E+17  0.68622725E+19  0.15464150E+22 -0.60250570E+20 -0.25576570E+20
 -0.40386318E+20 -0.54406860E+20 -0.58508409E+20 -0.47623867E+20 -0.36326300E+20
 -0.22777310E+20 -0.12324352E+20 -0.59852461E+19 -0.24227958E+19 -0.90385982E+18
 -0.28115578E+18 -0.73988905E+17 -0.23702233E+17
 -0.44310462E+16 -0.69935787E+16 -0.14614255E+17 -0.31102863E+17 -0.87542821E+17
 -0.21294080E+18 -0.50594297E+18 -0.14607131E+19 -0.37764730E+19 -0.91746223E+19
 -0.17973817E+20 -0.28870326E+20 -0.49416490E+20 -0.78828331E+20 -0.43426480E+21
 -0.79818450E+21  0.65873059E+21  0.12972721E+20 -0.36572989E+17 -0.29935412E+17
 -0.28821492E+17 -0.38188421E+17 -0.63895813E+17 -0.72193877E+17 -0.60130842E+17
 -0.47385846E+17 -0.45115200E+17 -0.47051972E+17 -0.39060631E+17  0.84923864E+18
 -0.21700674E+17  0.52979390E+19  0.10801894E+22 -0.18411136E+21 -0.32543596E+20
 -0.50693760E+20 -0.69184767E+20 -0.72168365E+20 -0.58578595E+20 -0.42891909E+20
 -0.26806588E+20 -0.14343598E+20 -0.68841759E+19 -0.27471649E+19 -0.10274142E+19
 -0.31549907E+18 -0.88458608E+17 -0.28538528E+17
 -0.76688911E+16 -0.10851335E+17 -0.20183574E+17 -0.35100499E+17 -0.59315944E+17
 -0.19638654E+18 -0.49767863E+18 -0.19706514E+19 -0.51783038E+19 -0.11841626E+20
 -0.24274842E+20 -0.41398796E+20 -0.72820013E+20 -0.13469653E+21 -0.35764830E+21
 -0.16916043E+21  0.28525178E+21  0.12185242E+20 -0.34227636E+17 -0.28318928E+17
 -0.27156033E+17 -0.36068951E+17 -0.61583102E+17 -0.69250598E+17 -0.57066586E+17
 -0.45410188E+17 -0.42345371E+17 -0.43414378E+17 -0.37295116E+17  0.85880637E+18
 -0.16973490E+17  0.33095759E+19  0.36678896E+21  0.47732996E+21 -0.14910832E+19
 -0.64094790E+20 -0.88901521E+20 -0.91756242E+20 -0.74105220E+20 -0.53546609E+20
 -0.33485829E+20 -0.17737710E+20 -0.82070352E+19 -0.33092510E+19 -0.11266685E+19
 -0.37042812E+18 -0.10003667E+18 -0.34930223E+17
 -0.13484173E+17 -0.12261986E+17  0.23780995E+16 -0.81935756E+16 -0.91528637E+17
 -0.23408778E+18 -0.82557098E+18 -0.27585499E+19 -0.68532615E+19 -0.16013257E+20
 -0.32046619E+20 -0.56169259E+20 -0.99713523E+20 -0.17904499E+21 -0.28993216E+21
 -0.73509314E+20  0.16994374E+21  0.98108764E+19 -0.30962481E+17 -0.25382394E+17
 -0.26264238E+17 -0.35332181E+17 -0.60129283E+17 -0.67229328E+17 -0.54681015E+17
 -0.43672786E+17 -0.42670114E+17 -0.42566988E+17 -0.33819216E+17  0.83704208E+18
 -0.12986942E+17  0.28865184E+19  0.53943812E+20  0.50266420E+21  0.16636705E+21
 -0.51735718E+20 -0.10957900E+21 -0.11509568E+21 -0.92550449E+20 -0.64714482E+20
 -0.39907374E+20 -0.20788818E+20 -0.95403007E+19 -0.39769864E+19 -0.13262605E+19
 -0.42169420E+18 -0.12789667E+18 -0.44954569E+17
 -0.11356471E+17  0.52524260E+16  0.23755714E+17  0.41429437E+17 -0.12008425E+18
 -0.22226685E+18 -0.12558726E+19 -0.38205977E+19 -0.96990825E+19 -0.22585983E+20
 -0.42124883E+20 -0.73216718E+20 -0.12440111E+21 -0.21195852E+21 -0.18637326E+21
 -0.27980905E+20  0.18976058E+21  0.28795280E+19 -0.27957517E+17 -0.23595242E+17
 -0.24950129E+17 -0.34434731E+17 -0.59070300E+17 -0.65348252E+17 -0.52689596E+17
 -0.41919881E+17 -0.39745854E+17 -0.38765288E+17 -0.31697454E+17  0.87210539E+18
 -0.17586340E+17  0.20133500E+19  0.14852445E+20  0.26830166E+21  0.37145461E+21
 -0.31735585E+19 -0.11728167E+21 -0.14479324E+21 -0.11497106E+21 -0.81331625E+20
 -0.50536117E+20 -0.26556499E+20 -0.11639815E+20 -0.45163296E+19 -0.16506448E+19
 -0.48923933E+18 -0.14808017E+18 -0.59759972E+17
  0.31516536E+17  0.15123099E+18  0.12519424E+18  0.11607888E+18  0.16089047E+18
  0.10140317E+18 -0.17938914E+19 -0.57681204E+19 -0.13768612E+20 -0.29475693E+20
 -0.50309011E+20 -0.78014344E+20 -0.13116740E+21 -0.17878611E+21 -0.91957031E+20
  0.55274447E+19  0.89395529E+20  0.10675644E+19 -0.26349609E+17 -0.22495500E+17
 -0.24004951E+17 -0.32922271E+17 -0.57043175E+17 -0.63654623E+17 -0.51571492E+17
 -0.41093774E+17 -0.38583282E+17 -0.37091171E+17 -0.30413720E+17  0.88817786E+18
  0.11997311E+17  0.88724355E+18  0.93099977E+19  0.13448711E+21  0.45848384E+21
  0.14111162E+21 -0.10444417E+21 -0.16475339E+21 -0.14182809E+21 -0.98863892E+20
 -0.61226533E+20 -0.32888113E+20 -0.14997484E+20 -0.54661582E+19 -0.19187692E+19
 -0.63023273E+18 -0.20374721E+18 -0.82015710E+17
  0.44192951E+17  0.16912807E+17  0.57072094E+15  0.10240560E+18  0.58946010E+17
  0.16661664E+18 -0.24933873E+19 -0.80317336E+19 -0.17773750E+20 -0.31425143E+20
 -0.49591157E+20 -0.84859620E+20 -0.13412995E+21 -0.10986285E+21 -0.42881494E+20
  0.26663459E+20  0.93170993E+20  0.46328782E+18 -0.24358988E+17 -0.20604300E+17
 -0.23056004E+17 -0.31770718E+17 -0.55879826E+17 -0.62684640E+17 -0.50620832E+17
 -0.40066905E+17 -0.37555199E+17 -0.35111180E+17 -0.28329230E+17  0.87996895E+18
  0.41420826E+17  0.38688035E+18  0.10800634E+20  0.58557144E+20  0.31807287E+21
  0.25730329E+21 -0.54904160E+20 -0.17863969E+21 -0.16614792E+21 -0.11772118E+21
 -0.73496594E+20 -0.39677139E+20 -0.18442253E+20 -0.68194325E+19 -0.25423196E+19
 -0.71643573E+18 -0.19412566E+18 -0.11102697E+18
  0.10962341E+18  0.48254352E+18  0.10137819E+19  0.12185504E+19  0.11989284E+19
 -0.58850319E+18 -0.40621244E+19 -0.99316985E+19 -0.18332333E+20 -0.30593843E+20
 -0.53042819E+20 -0.85596966E+20 -0.87980227E+20 -0.48859668E+20 -0.15690625E+20
  0.32972354E+20  0.93433359E+20  0.52292090E+17 -0.23270822E+17 -0.19640249E+17
 -0.21866925E+17 -0.30739965E+17 -0.55350883E+17 -0.61865783E+17 -0.49286433E+17
 -0.39007193E+17 -0.36187845E+17 -0.33284216E+17 -0.27051002E+17  0.87801757E+18
  0.39306730E+17  0.30754264E+18  0.10265442E+20  0.41694700E+20  0.27070625E+21
  0.34043918E+21 -0.15020453E+20 -0.16556610E+21 -0.18168868E+21 -0.13726371E+21
 -0.86232190E+20 -0.46287378E+20 -0.22012189E+20 -0.85961484E+19 -0.26570889E+19
 -0.71195384E+18 -0.27049359E+18 -0.14119548E+18
  0.38077998E+18  0.13467273E+19  0.16190863E+19  0.31116200E+19  0.21574505E+19
  0.16940523E+19 -0.28432646E+19 -0.94072157E+19 -0.17400182E+20 -0.30122105E+20
 -0.47359739E+20 -0.52763844E+20 -0.41152870E+20 -0.20710475E+20 -0.30930321E+19
  0.75708287E+20  0.23488248E+20  0.17597870E+17 -0.21938756E+17 -0.18238713E+17
 -0.21375455E+17 -0.30225838E+17 -0.54606841E+17 -0.61303467E+17 -0.48090385E+17
 -0.37895931E+17 -0.35838913E+17 -0.33082359E+17 -0.26296367E+17  0.89783533E+18
  0.33375947E+17  0.49290752E+18  0.57424757E+19  0.26836652E+20  0.21103301E+21
  0.46157188E+21  0.79695594E+20 -0.13551670E+21 -0.19219029E+21 -0.15045831E+21
 -0.98540169E+20 -0.52913028E+20 -0.23709499E+20 -0.87154911E+19 -0.29801897E+19
 -0.85295819E+18 -0.66949090E+17 -0.11417684E+18
  0.41072199E+19  0.67766905E+19  0.14483362E+20  0.88354427E+19  0.52231486E+19
 -0.27552939E+18 -0.31068932E+19 -0.70524337E+19 -0.15691469E+20 -0.25750209E+20
 -0.31784778E+20 -0.28712169E+20 -0.20259204E+20 -0.84485070E+19  0.18694211E+20
  0.48553486E+20  0.24739554E+19 -0.28882065E+17 -0.20606302E+17 -0.17265225E+17
 -0.20727894E+17 -0.29381450E+17 -0.53354062E+17 -0.59725592E+17 -0.47009830E+17
 -0.37311932E+17 -0.34259018E+17 -0.31400263E+17 -0.25128989E+17  0.90226343E+18
  0.15950963E+17  0.38108021E+17  0.16736697E+19  0.18523862E+20  0.14201590E+21
  0.35443357E+21  0.15289722E+21 -0.84856124E+20 -0.16148554E+21 -0.15757221E+21
 -0.10575392E+21 -0.58792051E+20 -0.28522520E+20 -0.10978255E+20 -0.24748287E+19
 -0.30742700E+18  0.72281794E+17 -0.26321991E+17
  0.75200799E+19  0.17881972E+20  0.60267286E+19  0.66554363E+19  0.33978101E+19
  0.42827861E+18 -0.39744508E+19 -0.97383966E+19 -0.14750891E+20 -0.17932285E+20
 -0.18888297E+20 -0.14533576E+20 -0.63749274E+19  0.12414266E+20  0.16029202E+20
  0.26677843E+19  0.25647058E+20 -0.30638756E+17 -0.20135221E+17 -0.17007656E+17
 -0.20130516E+17 -0.28533408E+17 -0.52839911E+17 -0.58956913E+17 -0.45607115E+17
 -0.36530328E+17 -0.35550033E+17 -0.32409232E+17 -0.24787738E+17  0.91817139E+18
 -0.19769936E+17  0.65945021E+17  0.11088968E+19  0.71063750E+19  0.25687252E+20
  0.27620444E+21  0.16870922E+21 -0.31437641E+20 -0.13878052E+21 -0.14804890E+21
 -0.10555119E+21 -0.61981986E+20 -0.31181457E+20 -0.13823298E+20 -0.42703323E+19
 -0.64567660E+18  0.43655804E+18  0.11643677E+18
  0.28479133E+19  0.24323757E+19  0.89493874E+18  0.11416837E+19 -0.75543814E+18
 -0.29608667E+19 -0.57308207E+19 -0.83193126E+19 -0.10346223E+20 -0.11055245E+20
 -0.82605866E+19 -0.30513434E+19 -0.33822804E+17  0.17015078E+19  0.23121085E+18
  0.17729295E+19  0.63961651E+19  0.10551641E+18 -0.19279770E+17 -0.15933775E+17
 -0.19179310E+17 -0.27509326E+17 -0.52602640E+17 -0.58834017E+17 -0.44740794E+17
 -0.35679718E+17 -0.33538359E+17 -0.30396011E+17 -0.23603083E+17  0.94033681E+18
 -0.19665010E+17  0.56615705E+17  0.65984807E+18  0.38568388E+19  0.19733546E+20
  0.58618329E+20  0.19481889E+21  0.16457889E+20 -0.78897610E+20 -0.13000693E+21
 -0.10308668E+21 -0.62856194E+20 -0.33040118E+20 -0.13449584E+20 -0.34086657E+19
 -0.13343822E+19  0.64294292E+18 -0.18691618E+18
 -0.45438313E+18 -0.59016919E+18 -0.77283555E+18 -0.12505100E+19 -0.20136276E+19
 -0.29293508E+19 -0.42893569E+19 -0.52913672E+19 -0.50707294E+19 -0.33539930E+19
 -0.11757034E+19  0.50054899E+18  0.45734333E+18  0.70186066E+18  0.18796663E+19
  0.14032320E+20  0.27480365E+19  0.43159136E+18 -0.18521719E+17 -0.15425560E+17
 -0.18895625E+17 -0.27353107E+17 -0.51790933E+17 -0.57669781E+17 -0.43638995E+17
 -0.34616256E+17 -0.31846817E+17 -0.28735497E+17 -0.22883078E+17  0.94848554E+18
 -0.19282191E+17  0.42530288E+17  0.22575365E+18  0.84875450E+18  0.49877543E+19
  0.28139113E+20  0.96081139E+20  0.83890695E+20 -0.93001591E+19 -0.73897841E+20
 -0.93244139E+20 -0.65167812E+20 -0.34880411E+20 -0.13883371E+20 -0.37298181E+19
  0.85770713E+18  0.24191830E+18  0.14003778E+18
 -0.48098157E+18 -0.50249756E+18 -0.69222438E+18 -0.10571276E+19 -0.14873739E+19
 -0.17066508E+19 -0.18176683E+19 -0.12172804E+19 -0.14368759E+18 -0.70543903E+18
  0.31045702E+18  0.10882098E+19  0.22452561E+19  0.59125480E+18  0.68469896E+19
  0.10997496E+20  0.33718498E+18  0.35334244E+18 -0.17553592E+17 -0.15030365E+17
 -0.18467153E+17 -0.26326805E+17 -0.51035722E+17 -0.57254144E+17 -0.42499245E+17
 -0.33475645E+17 -0.32310980E+17 -0.29013023E+17 -0.21888967E+17  0.93640231E+18
 -0.18643232E+17  0.32932428E+17  0.85013621E+17  0.45555780E+18  0.72309325E+18
  0.96021886E+19  0.32570033E+20  0.72305638E+20  0.61331681E+20 -0.39708031E+19
 -0.49610402E+20 -0.59867122E+20 -0.41958552E+20 -0.19560416E+20 -0.59305968E+19
 -0.26140303E+18  0.88756020E+18  0.65671177E+18
 -0.22660832E+18 -0.11792505E+18 -0.83264267E+17 -0.19031125E+18 -0.20886647E+18
  0.71400965E+16  0.11499435E+18 -0.45710481E+18  0.24595282E+18  0.11800877E+19
  0.54250507E+19  0.32106005E+19  0.40301851E+19  0.82648321E+19  0.41271315E+19
  0.26743245E+19  0.12824126E+19  0.73168846E+17 -0.17008126E+17 -0.14526158E+17
 -0.17955970E+17 -0.25702128E+17 -0.50826254E+17 -0.56681106E+17 -0.41279406E+17
 -0.32637255E+17 -0.31166584E+17 -0.27183491E+17 -0.20919205E+17  0.91457889E+18
 -0.18111002E+17  0.30973935E+17  0.17118006E+17  0.98258828E+17  0.67411274E+18
  0.15539340E+18  0.80653746E+19  0.15048318E+20  0.70922067E+20  0.51610879E+20
  0.45372854E+19 -0.24816503E+20 -0.36786048E+20 -0.28263001E+20 -0.14342241E+20
 -0.48817371E+19 -0.91535501E+18 -0.14662819E+18
  0.38052129E+17 -0.49288003E+17 -0.11690531E+16  0.13173987E+18  0.65841914E+18
  0.48764063E+18  0.10195791E+19  0.63128953E+19  0.41278940E+19  0.62284250E+19
  0.40180581E+19  0.58801879E+19  0.34699174E+19  0.64770897E+18  0.20029818E+18
  0.48356983E+18  0.47433356E+17  0.65528546E+17 -0.16408403E+17 -0.14278343E+17
 -0.17446010E+17 -0.24993855E+17 -0.50469283E+17 -0.56127443E+17 -0.40032748E+17
 -0.31657612E+17 -0.30136040E+17 -0.25715964E+17 -0.19817584E+17  0.89514666E+18
 -0.17972367E+17  0.29005416E+17  0.14617209E+17 -0.15472369E+17  0.77534355E+18
  0.38852107E+18  0.36127820E+18  0.33302618E+19  0.21499576E+20  0.34455829E+20
  0.25958544E+20  0.32133144E+19 -0.13495725E+20 -0.20304562E+20 -0.16055094E+20
 -0.74488718E+19 -0.15677775E+19 -0.44981068E+18
  0.10567630E+19  0.15365294E+19  0.16383310E+19  0.14661764E+19  0.16030818E+19
  0.14163669E+19  0.10305813E+19  0.27386702E+19  0.22582291E+19  0.18018058E+19
  0.13308923E+19  0.74078614E+17  0.13322319E+18  0.63734506E+17  0.61375040E+17
 -0.29068286E+16  0.42335544E+17  0.28464638E+17 -0.15302793E+17 -0.13758325E+17
 -0.17419432E+17 -0.24754814E+17 -0.50389452E+17 -0.55539214E+17 -0.38673785E+17
 -0.30741688E+17 -0.28907568E+17 -0.25054739E+17 -0.19702768E+17  0.86934062E+18
 -0.17484399E+17  0.41053332E+18 -0.15168276E+16  0.37180663E+17  0.67141041E+17
  0.74873541E+18  0.28977254E+18  0.52612267E+18  0.22379380E+19  0.58142229E+19
  0.13701986E+20  0.90981008E+19 -0.10443997E+19 -0.67007592E+19 -0.87595185E+19
 -0.59628648E+19 -0.22607150E+19 -0.69172453E+18
  0.31660794E+18  0.10846672E+19  0.21145616E+19  0.21717299E+19  0.51483578E+18
  0.63443544E+18  0.78074074E+18  0.17212035E+18  0.63037671E+16  0.29281588E+17
  0.37130581E+17  0.26109960E+17  0.87126475E+16  0.66460960E+16 -0.73391304E+16
  0.23357364E+17  0.43253908E+17 -0.17234283E+17 -0.14439401E+17 -0.13599476E+17
 -0.17231751E+17 -0.24394533E+17 -0.51132738E+17 -0.56178638E+17 -0.37695259E+17
 -0.29554913E+17 -0.28845788E+17 -0.25014631E+17 -0.19176624E+17  0.84253276E+18
 -0.17076534E+17  0.39516268E+18  0.16920147E+18  0.39523126E+17  0.12628270E+17
  0.49999402E+18  0.10276429E+19  0.26156320E+18  0.50551211E+18  0.24043433E+19
  0.39963557E+19  0.68512258E+19  0.45807546E+19 -0.33667243E+18 -0.25753288E+19
 -0.25216470E+19 -0.15714997E+19 -0.60526979E+18
  0.20796542E+17  0.46658148E+18  0.19430270E+18  0.86947154E+17  0.11464664E+18
  0.14090917E+18  0.15284598E+17  0.78458298E+16  0.97031274E+16  0.18747641E+15
  0.50615497E+16  0.28496251E+16 -0.42109646E+16 -0.71433698E+16 -0.66804803E+16
  0.23181887E+17  0.38196769E+17 -0.14891167E+17 -0.13490444E+17 -0.13289529E+17
 -0.17326677E+17 -0.24520440E+17 -0.52343955E+17 -0.56832426E+17 -0.36915780E+17
 -0.28877630E+17 -0.28336725E+17 -0.24788860E+17  0.28757153E+16  0.80171792E+18
 -0.16821227E+17  0.34153497E+17  0.75353544E+18 -0.12096848E+16  0.19515181E+19
  0.25653795E+19  0.65724411E+18  0.14100789E+19  0.10223696E+19  0.32418358E+18
  0.12249765E+19  0.11876313E+19  0.60479970E+19  0.53691192E+19  0.28894255E+18
 -0.35952638E+18 -0.88750060E+16 -0.31857343E+18
  0.41247644E+17  0.50629985E+16  0.60660823E+16  0.51885135E+16  0.59036513E+15
 -0.25121723E+15  0.10273302E+16  0.22917476E+16  0.34137554E+15 -0.11061935E+16
 -0.33874437E+16 -0.42878481E+16 -0.44754006E+16 -0.46828933E+16  0.74045292E+16
  0.42513549E+17 -0.68932641E+16 -0.12959974E+17 -0.12905813E+17 -0.13421253E+17
 -0.17957798E+17 -0.25147661E+17 -0.55436192E+17 -0.59175394E+17 -0.36271880E+17
 -0.28432016E+17 -0.28079040E+17 -0.25182339E+17  0.29936723E+17  0.75779934E+18
 -0.98414113E+16  0.41229523E+15  0.33537306E+18  0.71176934E+18  0.27350270E+17
  0.41008558E+19  0.20476972E+19  0.86732268E+17  0.34764985E+18  0.10169291E+19
  0.73433688E+18  0.50089074E+19  0.10788734E+20  0.40548585E+19  0.24494590E+19
  0.90962883E+18  0.27945242E+18  0.27560652E+18
  0.36245230E+15  0.48430087E+15  0.11031306E+15 -0.42107995E+15 -0.39978782E+15
 -0.40831755E+15 -0.14125018E+16 -0.20186070E+16 -0.21854944E+16 -0.24141043E+16
 -0.26273377E+16 -0.28397535E+16 -0.30479622E+16  0.10581310E+17  0.24752061E+17
  0.21571246E+16 -0.94897196E+16 -0.11705384E+17 -0.12806948E+17 -0.14015880E+17
 -0.19205576E+17 -0.27085534E+17 -0.62262055E+17 -0.64617779E+17 -0.36835842E+17
 -0.28717724E+17 -0.28446002E+17 -0.25621993E+17  0.29326388E+17  0.55208526E+18
  0.11131647E+18 -0.29360042E+16  0.39594008E+17  0.13100470E+18  0.75103346E+18
  0.10667178E+19  0.33377908E+19  0.25923414E+19  0.15406448E+18  0.20816542E+18
  0.25135889E+18  0.65146108E+18  0.41615116E+19  0.17434520E+19  0.78208971E+18
  0.12579691E+19  0.81922903E+18  0.54937387E+18
 -0.71779223E+15 -0.77701628E+15 -0.84198523E+15 -0.93964903E+15 -0.10414532E+16
 -0.11557227E+16 -0.12775875E+16 -0.14150449E+16 -0.15705154E+16 -0.17403512E+16
 -0.18920032E+16 -0.20104018E+16 -0.21667041E+16 -0.93725815E+15 -0.24171919E+16
 -0.45379693E+16 -0.81567970E+16 -0.11273194E+17 -0.13347700E+17 -0.15483142E+17
 -0.22030436E+17 -0.31192072E+17 -0.75995778E+17 -0.75551621E+17 -0.38682629E+17
 -0.30092632E+17 -0.30680814E+17 -0.27807367E+17  0.25730082E+17 -0.16402943E+17
  0.54772912E+18 -0.95266605E+16  0.11470243E+17  0.22248651E+17 -0.95723967E+16
  0.45553226E+18  0.26173095E+19  0.48632476E+19  0.44564355E+19  0.18657529E+18
 -0.10340238E+17  0.31115238E+19  0.57343688E+17  0.19908482E+19  0.15953162E+19
  0.83665602E+18  0.12614965E+19  0.56230664E+18
 -0.64201378E+15 -0.68705165E+15 -0.74037742E+15 -0.80717669E+15 -0.87447983E+15
 -0.95434403E+15 -0.10434337E+16 -0.11343866E+16 -0.12418715E+16 -0.13788087E+16
 -0.15115063E+16 -0.16503418E+16 -0.17951833E+16 -0.19576522E+16 -0.20112413E+16
 -0.40702663E+16 -0.78584511E+16 -0.11917761E+17 -0.15347780E+17 -0.18605314E+17
 -0.27380216E+17 -0.39767411E+17 -0.10957941E+18 -0.10214838E+18 -0.43924627E+17
 -0.33932497E+17 -0.34453424E+17 -0.31322134E+17  0.35103127E+16 -0.18979690E+17
  0.43679902E+18 -0.15485151E+17  0.29664602E+17  0.16371956E+17  0.27627988E+16
  0.21029248E+18  0.49647673E+18  0.34499167E+18  0.81576221E+18  0.29586045E+19
  0.22598457E+19  0.10275628E+19  0.95528598E+18  0.21653313E+19  0.38440477E+18
  0.13089721E+18  0.20761069E+18  0.25423940E+17
 -0.62063812E+15 -0.66077561E+15 -0.70951261E+15 -0.77028130E+15 -0.83236923E+15
 -0.90398399E+15 -0.98475648E+15 -0.10747541E+16 -0.11748804E+16 -0.12777665E+16
 -0.13873289E+16 -0.15067285E+16 -0.16614496E+16 -0.18782357E+16 -0.20125895E+16
 -0.42246558E+16 -0.84169371E+16 -0.13823061E+17 -0.19122775E+17 -0.24467306E+17
 -0.37958745E+17 -0.57343672E+17 -0.17706512E+18 -0.17051056E+18 -0.56390388E+17
 -0.42867984E+17 -0.44095732E+17 -0.40009529E+17 -0.91426032E+16 -0.24279724E+17
  0.10140069E+19 -0.17810007E+17  0.32554959E+16  0.64845413E+16  0.19442998E+17
 -0.43513141E+16  0.11803101E+18  0.22769218E+18  0.26325399E+18  0.15100573E+18
  0.22753298E+18  0.83629899E+18  0.71269734E+18  0.68132105E+18  0.67409034E+18
  0.31013191E+18  0.27264912E+18  0.33325777E+18
 -0.69976000E+15 -0.73704270E+15 -0.77991390E+15 -0.83238347E+15 -0.89202542E+15
 -0.96092537E+15 -0.10363092E+16 -0.11278710E+16 -0.12415937E+16 -0.13652277E+16
 -0.15055498E+16 -0.16739129E+16 -0.18697953E+16 -0.21300040E+16 -0.23132256E+16
 -0.48986525E+16 -0.10494787E+17 -0.17622637E+17 -0.26904879E+17 -0.38294946E+17
 -0.65979471E+17 -0.10552709E+18 -0.36813271E+18 -0.37086305E+18 -0.88815502E+17
 -0.65533894E+17 -0.66419701E+17 -0.59379799E+17 -0.23369269E+17 -0.32186800E+17
  0.60561756E+18 -0.22984336E+17 -0.90992200E+16 -0.55971209E+16 -0.88820210E+15
  0.10868799E+17 -0.22023285E+16  0.46216987E+17  0.35799499E+17  0.73191857E+17
  0.61370653E+17  0.48135187E+17  0.64543593E+17  0.14973993E+18  0.75205247E+18
  0.20180755E+18  0.15658474E+18  0.96856517E+17
  0.38160378E-09  0.10871729E-07 -0.43251403E-09  0.70752143E-07 -0.12104795E-01
 -0.21337199E-04  0.66035737E-06  0.49803487E-06 -0.78499015E-05  0.10221654E-01
 -0.29071839E-02 -0.96373944E-02  0.17789187E-01 -0.24086607E-01  0.29805684E-02
  0.76302994E-03  0.41118750E-02  0.80780282E-04  0.60044624E-09  0.74788511E-09
  0.73678351E-09  0.78564212E-09  0.82739436E-09  0.22260138E-09 -0.91073701E-09
 -0.12408504E-08 -0.12797764E-08 -0.10908602E-08 -0.90025511E-09 -0.28535479E-04
  0.24852155E-05 -0.60048313E-04  0.17580103E-02 -0.10180458E-01 -0.68294415E-02
 -0.64821103E-02 -0.29965941E-01 -0.37432395E-01 -0.20807843E-02  0.76748338E-02
 -0.51776285E-02 -0.74622436E-03 -0.10215929E-06 -0.12419149E-07 -0.57971682E-08
 -0.61698684E-08 -0.14504303E-08 -0.26386031E-09
  0.25348655E-09  0.49139839E-08 -0.23520026E-07 -0.32449399E-07 -0.52195842E-04
  0.34552105E-05 -0.26437586E-04  0.11980718E-05 -0.21782240E-03 -0.13772047E-03
 -0.88636340E-04  0.29737154E-02  0.10675613E-02  0.29383587E-01  0.20052468E-02
  0.13617537E-02  0.16027232E-02  0.95601358E-04  0.32810613E-10  0.65099295E-09
  0.92021034E-09  0.11898673E-08  0.14542200E-08  0.85806192E-09 -0.36861173E-09
 -0.13463895E-08 -0.15146522E-08 -0.76212798E-09  0.28263459E-09 -0.32645795E-04
  0.61515812E-06  0.63195905E-04  0.50776093E-02 -0.28283000E-01 -0.28620281E-01
 -0.46596718E-01 -0.80198455E-02 -0.23989492E-01  0.24305331E-03 -0.31309781E-03
 -0.72149663E-02  0.18794238E-01 -0.21068228E-02 -0.18897985E-04  0.62965739E-02
 -0.24683702E-07 -0.81696372E-08 -0.25038647E-08
  0.21034424E-09 -0.27380250E-08 -0.46126424E-08  0.43043354E-07  0.43756351E-08
 -0.16261727E-06  0.14230887E-02 -0.13000847E-05 -0.44056795E-02  0.85171960E-02
  0.13182782E-01  0.97415618E-02  0.13360102E-01 -0.16300491E-01 -0.14211436E-01
  0.25758197E-02  0.13865183E-02  0.45325590E-03 -0.81299841E-09  0.47086097E-09
  0.10904704E-08  0.16362677E-08  0.22277733E-08  0.16048999E-08 -0.70197631E-10
 -0.15353738E-08 -0.17861367E-08 -0.43086540E-09  0.15291415E-08 -0.37370762E-04
  0.73504077E-06 -0.35003754E-03  0.57015252E-02 -0.51053967E-01 -0.45337314E-01
 -0.45547229E-01 -0.53038934E-01 -0.28719808E-01 -0.14195958E-01 -0.19431611E-03
  0.11961498E-01  0.15502267E-02 -0.51093890E-06 -0.35451086E-06 -0.14562673E-06
 -0.54838083E-07 -0.17153666E-07 -0.56377988E-08
  0.21738935E-09  0.17607459E-08 -0.27333301E-04 -0.19943884E-05 -0.19195825E-06
 -0.26011956E-06 -0.72711193E-02 -0.59349573E-06  0.80966157E-03 -0.21559518E-02
 -0.12160727E-01 -0.18451453E-01  0.88571477E-02 -0.17276919E-01 -0.27316217E-01
  0.11752974E-01  0.47060033E-02  0.15881099E-03 -0.20088095E-08  0.19560756E-09
  0.13119150E-08  0.22026719E-08  0.32670080E-08  0.26652242E-08  0.37166803E-09
 -0.18014622E-08 -0.21304908E-08  0.73221810E-10  0.32964075E-08 -0.42564926E-04
  0.86822860E-06  0.15077111E-02  0.63366287E-02 -0.11094017E-01 -0.18880402E-01
 -0.47977526E-01  0.10991170E-01 -0.17214518E-01 -0.22821796E-01 -0.82243939E-02
 -0.34960876E-02  0.18664812E-02 -0.31115814E-02  0.60339261E-05 -0.39584903E-02
 -0.72357444E-07  0.81077853E-04 -0.95623490E-08
  0.31671368E-09 -0.68215959E-05 -0.33391645E-07  0.96606111E-05 -0.11027605E-06
 -0.29892537E-06  0.12107194E-03 -0.70942725E-05 -0.12857824E-02 -0.32580820E-05
  0.35877093E-02  0.73998856E-02  0.10558738E-01 -0.33883882E-02 -0.24018331E-01
  0.21656601E-01  0.15502561E-03  0.19862356E-03 -0.37830778E-08 -0.22966731E-09
  0.15744692E-08  0.30751678E-08  0.48110682E-08  0.41490593E-08  0.10245180E-08
 -0.21137763E-08 -0.25741123E-08  0.83966338E-09  0.58912475E-08 -0.49557068E-04
  0.57826343E-06 -0.32022159E-04  0.18817293E-02 -0.22459016E-01 -0.36718489E-01
  0.67801535E-01  0.34030230E-01  0.29588928E-02  0.46838675E-02  0.16208848E-01
 -0.17645047E-01  0.79547359E-02 -0.23274208E-02 -0.25368219E-02  0.48873017E-03
  0.17212211E-04 -0.33202632E-07 -0.12855645E-07
  0.12510927E-08  0.17855386E-08 -0.41125146E-08 -0.85797001E-07  0.18028272E-06
  0.38805837E-06 -0.22014342E-02 -0.13839896E-03  0.12785476E-02 -0.18599990E-01
 -0.22543587E-01  0.18186257E-01  0.12800009E-01 -0.14095839E-01  0.30759250E-01
  0.76194028E-01  0.38856766E-01  0.14640377E-03 -0.60035906E-08 -0.85014474E-09
  0.19017329E-08  0.40624375E-08  0.68125701E-08  0.62925371E-08  0.19997368E-08
 -0.25286085E-08 -0.31809164E-08  0.20296827E-08  0.97708010E-08 -0.58831659E-04
  0.73323620E-06  0.16109797E-03  0.16844072E-01 -0.16572156E-01 -0.68557739E-01
 -0.99634493E-01  0.19787545E-01 -0.78442159E-02  0.84358827E-02  0.32666051E-01
 -0.10576186E-01  0.13435482E-01 -0.31511484E-03 -0.37339967E-02  0.70163604E-02
 -0.10399607E-06 -0.45048316E-07 -0.15104531E-07
  0.21459649E-08 -0.26726397E-08  0.26253825E-07  0.28218250E-02 -0.88424474E-03
  0.34117453E-04 -0.61241401E-04 -0.22374630E-02  0.19639454E-02 -0.19324239E-02
 -0.44617858E-02  0.20125441E-01 -0.26112493E-01 -0.17482862E-01 -0.23398476E-01
  0.14274625E+00  0.52957680E-01  0.28840664E-02 -0.93808449E-08 -0.18033543E-08
  0.24392165E-08  0.57231529E-08  0.97716074E-08  0.93777863E-08  0.34753852E-08
 -0.30700721E-08 -0.39579815E-08  0.40868954E-08  0.16514353E-07 -0.69581810E-04
  0.98073307E-06  0.49227285E-03  0.12595717E+00 -0.25068575E-01  0.25816496E-01
  0.37990371E-01  0.12627878E-01  0.15556239E-01  0.12051711E-01 -0.19917967E-01
  0.22745344E-01  0.17478383E-01  0.38965215E-01  0.30610547E-02  0.67338708E-02
  0.49008752E-03 -0.47697206E-07 -0.14825012E-07
 -0.11876699E-02  0.17161674E-07  0.22793230E-08 -0.72629661E-04  0.24991886E-04
 -0.60797701E-03  0.10914304E-02 -0.14330608E-03 -0.57312647E-03 -0.16033376E-01
  0.71771301E-03  0.90401369E-02  0.19314757E-01  0.79660374E-01  0.41965055E-01
  0.12979037E+00  0.68205952E-01  0.60423285E-03 -0.14762049E-07 -0.32985813E-08
  0.30547788E-08  0.80633772E-08  0.14309803E-07  0.13973707E-07  0.56552988E-08
 -0.37217033E-08 -0.49115223E-08  0.75879664E-08  0.28957829E-07 -0.83552323E-04
 -0.58385551E-06  0.40719784E-04  0.13124273E+00 -0.88805927E-01 -0.47419163E-01
 -0.26927372E-01 -0.63623863E-01 -0.19244611E-01 -0.54795497E-01  0.22379541E-01
 -0.43817242E-01 -0.10515684E-02 -0.18213242E-02 -0.39130101E-02 -0.92148718E-02
 -0.24853156E-07 -0.10991658E-07 -0.21149064E-07
  0.48864219E-08  0.51002349E-08 -0.38799033E-08  0.61968238E-04 -0.35285161E-03
  0.75822628E-04  0.21176685E-02  0.31213777E-02 -0.24530727E-01  0.23809423E-01
 -0.10255392E-01 -0.64846214E-02 -0.48264489E-02  0.41513792E-02  0.18548977E+00
  0.11951119E+00 -0.26816173E-01  0.41646706E-03 -0.19351809E-07 -0.50276677E-08
  0.35211957E-08  0.99637511E-08  0.18292077E-07  0.18551194E-07  0.80375486E-08
 -0.41557107E-08 -0.59692637E-08  0.12970784E-07  0.43019283E-07 -0.93768514E-04
 -0.80343859E-06  0.11456297E-03  0.18977220E-01  0.10513093E+00 -0.83219887E-02
  0.23792372E-01 -0.11933536E+00 -0.36087755E-01 -0.92213164E-02 -0.52955816E-01
 -0.20501436E-02 -0.65824963E-02  0.76858032E-02  0.45967866E-02 -0.60321250E-02
 -0.26456995E-06  0.14643299E-02 -0.24992066E-07
  0.80458469E-08  0.56500387E-08 -0.36479141E-08  0.77165023E-07 -0.45739958E-06
 -0.24196591E-03  0.81876610E-02 -0.38194397E-02 -0.33146862E-02  0.13537037E-01
  0.14814487E-01 -0.10551863E-01 -0.65596675E-01  0.11374520E-01  0.98674035E-02
 -0.84631375E-01  0.14264684E-01  0.37211076E-03 -0.21428491E-07 -0.61936532E-08
  0.36114536E-08  0.10914871E-07  0.20767883E-07  0.21489342E-07  0.96931197E-08
 -0.42040514E-08 -0.61714843E-08  0.15724606E-07  0.50608312E-07 -0.94543378E-04
 -0.80789000E-06  0.16086317E-03  0.22856916E-01  0.18439570E-01  0.35973171E-01
 -0.64135194E-01 -0.72441523E-01  0.30179297E-01 -0.20072688E-01  0.20417398E-01
  0.95909576E-02  0.18576196E-01 -0.13582064E-02 -0.12750395E-01 -0.13293041E-02
  0.98110782E-03  0.15722720E-06 -0.32756733E-07
 -0.16193224E-03 -0.24497404E-08 -0.50233114E-06 -0.21786080E-02 -0.21118127E-06
 -0.48011540E-05  0.16968422E-02  0.24935425E-02 -0.15076749E-02  0.18778384E-01
 -0.14594401E-01  0.53807292E-01 -0.27503750E-01  0.29498889E-01 -0.10148956E+00
 -0.18454400E-01  0.99784808E-02  0.34365814E-03 -0.21499533E-07 -0.66649042E-08
  0.37721956E-08  0.12141936E-07  0.23299988E-07  0.24460729E-07  0.11306045E-07
 -0.42551382E-08 -0.67951576E-08  0.18712815E-07  0.52307348E-07 -0.20080482E-03
 -0.79392542E-06  0.10552099E-04  0.29532567E-02  0.39558040E-01  0.44058425E-01
 -0.53130240E-01 -0.20597979E+00 -0.12424156E-01  0.28098258E-01  0.44357281E-01
 -0.34960942E-01 -0.14350033E-01  0.14357231E-01 -0.54543875E-02  0.23566456E-01
  0.49226948E-02 -0.20364316E-06 -0.40306030E-07
 -0.38967659E-02 -0.96771965E-06 -0.37647397E-06  0.14335019E-04  0.13214336E-01
 -0.11534771E-02 -0.38705486E-03 -0.54865355E-02 -0.14634994E-01 -0.17155220E-01
 -0.35078403E-01  0.78626852E-01  0.10538326E+00  0.77934009E-01 -0.75339392E-01
  0.33314550E-01  0.77543706E-02 -0.57749444E-03 -0.20752160E-07 -0.70643683E-08
  0.38436153E-08  0.13230899E-07  0.25836233E-07  0.27295560E-07  0.12885010E-07
 -0.42715093E-08 -0.68556664E-08  0.19801361E-07  0.53998102E-07 -0.91348685E-04
 -0.39137116E-06  0.49461260E-05  0.29808665E-03  0.11749433E-01  0.21546241E-01
  0.49181901E-01  0.15870155E-01  0.10946721E-01 -0.21759435E-01  0.33105591E-01
 -0.56182749E-01  0.18978657E-01  0.24959952E-01  0.44052103E-02  0.66005030E-03
 -0.17530343E-02  0.14931144E-06  0.93926070E-03
 -0.10222656E-05 -0.11969642E-01 -0.95605502E-02 -0.23136668E-02 -0.49846367E-04
  0.12816638E-02 -0.28506457E-02  0.21391734E-01 -0.73898516E-02  0.21195658E-01
 -0.10012811E+00  0.79675851E-02 -0.72411179E-01 -0.99234647E-03  0.48110695E-02
  0.59865736E-02  0.22825247E-02  0.95262480E-04 -0.20398596E-07 -0.74613622E-08
  0.39385570E-08  0.13955971E-07  0.27737904E-07  0.30022742E-07  0.14616446E-07
 -0.43403041E-08 -0.71512781E-08  0.21479768E-07  0.56230624E-07 -0.93032162E-04
 -0.63759789E-04  0.22788398E-04 -0.36234560E-03  0.35261386E-02 -0.13934030E-01
  0.22629478E-01  0.80138629E-02  0.23335273E-01  0.32097736E-02 -0.29852279E-01
 -0.27068028E-02  0.26010359E-01 -0.46080521E-02  0.27783906E-01  0.14136391E-01
 -0.45130798E-03  0.63742684E-03 -0.41442543E-08
 -0.26907058E-04  0.10819193E-01 -0.93592865E-04 -0.14248084E-01 -0.13967349E-01
 -0.76930199E-03 -0.34011813E-01 -0.46314226E-01  0.33077683E-01 -0.10079862E-01
 -0.28482226E-01 -0.13192544E+00  0.76484856E-01  0.15902091E-01  0.86193880E-02
 -0.14063683E-01 -0.60460743E-02  0.45952223E-04 -0.19238765E-07 -0.73923485E-08
  0.40009421E-08  0.14687848E-07  0.29836840E-07  0.32956103E-07  0.16384438E-07
 -0.43483453E-08 -0.74299973E-08  0.22656365E-07  0.56243026E-07 -0.92187168E-04
 -0.26233272E-05  0.10129868E-04  0.10727013E-02  0.15269257E-02 -0.22996572E-01
  0.53614247E-02  0.11234962E+00  0.13960558E+00  0.72891171E-01  0.22551128E-01
  0.94740551E-02 -0.50511001E-02  0.59032982E-02  0.95145511E-02  0.20113626E-02
  0.24563888E-02  0.38016686E-02 -0.21377093E-07
  0.23331515E-02 -0.45175599E-03 -0.14088657E-01 -0.33172276E-02  0.82574742E-02
 -0.15612651E-01 -0.48644958E-01  0.21776012E-01  0.29504440E-03 -0.91462272E-02
 -0.17557867E-01 -0.77543439E-01 -0.60566869E-01  0.38967259E-01  0.27667880E-01
 -0.91949559E-02  0.17296038E-02  0.86663279E-05 -0.18391068E-07 -0.74698619E-08
  0.39839970E-08  0.15353466E-07  0.32132118E-07  0.35884089E-07  0.18002343E-07
 -0.43064827E-08 -0.75951020E-08  0.23570509E-07  0.57095837E-07 -0.92005042E-04
 -0.28852758E-05  0.35961025E-06  0.72845770E-03 -0.96549331E-03  0.16581732E-02
 -0.42949637E-02 -0.38153148E-01  0.14701013E-01  0.10959897E+00  0.89196214E-02
  0.76062452E-01 -0.41293687E-01 -0.76218690E-01 -0.47667170E-02  0.12707561E-02
  0.36995092E-03 -0.50651809E-02  0.39471893E-06
 -0.11855705E-03  0.74273127E-03 -0.71386386E-02 -0.51629900E-02  0.46382696E-02
 -0.57889447E-01  0.10762532E-01 -0.17103051E-01 -0.88602397E-01  0.89471478E-02
 -0.62624513E-02 -0.14785554E-01  0.26207930E-01 -0.40949758E-01 -0.12433508E-02
  0.50218983E-02 -0.28427932E-03  0.66309603E-05 -0.17111125E-07 -0.72345290E-08
  0.40743681E-08  0.16174454E-07  0.34186866E-07  0.38887161E-07  0.19627172E-07
 -0.42131485E-08 -0.79369607E-08  0.25424576E-07  0.58547091E-07 -0.95003476E-04
 -0.34853208E-05  0.13244368E-04  0.19969703E-03  0.89963651E-03 -0.10401673E-01
 -0.21400996E-01 -0.82453550E-01 -0.10135674E+00 -0.44840208E-01 -0.56739136E-02
  0.16536663E-01  0.31172158E-01  0.55771919E-01  0.26502277E-01 -0.33169607E-02
  0.12721485E-01 -0.80506935E-02 -0.25822740E-03
  0.64862884E-02 -0.21667057E-02 -0.48319982E-01  0.22961533E-01  0.84824616E-02
  0.14800652E-01 -0.10932768E-01  0.28415842E-01 -0.30202222E-01  0.45974513E-02
 -0.21608864E-01 -0.33824459E-01  0.83015711E-03  0.32036051E-04  0.43040903E-02
  0.13988941E-02  0.16181035E-03  0.25242057E-06 -0.15748785E-07 -0.70317789E-08
  0.41202655E-08  0.16712856E-07  0.35747199E-07  0.41095926E-07  0.21256752E-07
 -0.41255380E-08 -0.79648258E-08  0.25935045E-07  0.58578934E-07 -0.95528833E-04
 -0.45314845E-05  0.32889820E-07  0.25466151E-03  0.27680360E-03  0.22188796E-02
  0.10780436E-01  0.94508337E-01  0.10728578E+00 -0.80862622E-02 -0.55135627E-03
  0.24569400E-01  0.17294169E-01  0.59719972E-01  0.47479312E-01  0.65747395E-01
  0.19406360E-01 -0.15822174E-02  0.22259117E-03
  0.28707665E-01 -0.60823640E-02  0.75762039E-03  0.50613707E-02  0.23085986E-01
 -0.20870083E-01  0.35776873E-02 -0.13356274E-01 -0.12452051E-01  0.15240801E-02
 -0.17185086E-02  0.16256974E-01  0.79336910E-03 -0.51489320E-02 -0.10452779E-01
  0.30841889E-04  0.15461169E-02 -0.22077821E-07 -0.14990119E-07 -0.70460590E-08
  0.41480061E-08  0.17130508E-07  0.37608715E-07  0.43683607E-07  0.22680026E-07
 -0.39651715E-08 -0.86313232E-08  0.28543049E-07  0.60111167E-07 -0.97277370E-04
 -0.38365336E-08 -0.44293378E-05 -0.91102250E-07  0.59799647E-03  0.90157270E-04
 -0.10326853E-01 -0.59072794E-02 -0.92385519E-02  0.73218692E-01  0.41164539E-01
  0.37998698E-02  0.28538283E-01 -0.20692441E-02  0.45817653E-02 -0.21055405E-01
 -0.63755844E-02  0.14509636E-01  0.10300609E-03
  0.10895416E-01 -0.12400802E-01  0.32670816E-02 -0.25573746E-02 -0.11334210E-01
 -0.23323657E-02 -0.86606390E-03  0.28927764E-02 -0.45628028E-03 -0.28411269E-02
 -0.10967461E-01  0.92448295E-02  0.78449274E-03  0.56317898E-04  0.20252798E-04
  0.19770492E-02  0.24800550E-03  0.22523613E-04 -0.13931822E-07 -0.66604536E-08
  0.40711441E-08  0.17311666E-07  0.39504771E-07  0.46659286E-07  0.24332067E-07
 -0.37184466E-08 -0.84472557E-08  0.28267719E-07  0.59060816E-07 -0.99681836E-04
  0.60800491E-07  0.37500242E-04  0.15163012E-04 -0.12962789E-03  0.14566889E-02
  0.34388418E-02 -0.50759723E-02  0.31487048E-01  0.37301784E-01 -0.30617613E-01
  0.82727192E-01  0.43530169E-01  0.22483279E-02 -0.17472437E-01  0.11686234E-02
  0.17281202E-01  0.14151549E-01  0.26068642E-02
 -0.26839310E-02  0.11539511E-01 -0.74141193E-03  0.93868768E-04  0.11859068E-03
 -0.35024023E-03 -0.16269396E-02  0.91126778E-03  0.29351377E-03  0.94399198E-02
  0.19884655E-02  0.83873582E-03 -0.17706926E-03  0.93783724E-03  0.72707486E-04
 -0.63858981E-03  0.24082247E-03 -0.15683004E-04 -0.12985441E-07 -0.64467275E-08
  0.41221047E-08  0.17921623E-07  0.40771647E-07  0.48660651E-07  0.25829262E-07
 -0.33480928E-08 -0.82684056E-08  0.27900614E-07  0.58447291E-07 -0.10063057E-03
  0.59356711E-07 -0.14406728E-05  0.18284705E-05  0.18308553E-04  0.24664895E-03
 -0.14868297E-04 -0.47158827E-02  0.13340274E-01  0.58450610E-02  0.63952918E-01
 -0.16450504E-01  0.52383755E-02  0.36468137E-02  0.91699106E-02  0.16608718E-01
 -0.30828564E-02  0.43600596E-02 -0.18291765E-02
  0.75766314E-04  0.12490029E-03  0.17430744E-04 -0.27126549E-04 -0.88863508E-03
 -0.57299680E-03 -0.73986595E-03  0.29343464E-02 -0.57343655E-02 -0.92701608E-03
 -0.18855366E-04  0.33682622E-05 -0.20590705E-03  0.50562201E-04  0.28411986E-03
  0.22579681E-03 -0.48470563E-05 -0.13257425E-04 -0.11924777E-07 -0.62272993E-08
  0.41291833E-08  0.17825658E-07  0.41828537E-07  0.51085648E-07  0.27256474E-07
 -0.28727261E-08 -0.85781099E-08  0.29117164E-07  0.56505867E-07 -0.99457142E-04
  0.56836246E-07  0.50585631E-07  0.35759624E-05 -0.54980116E-05  0.19088331E-04
  0.40542267E-03 -0.12031050E-03  0.19157931E-02 -0.17525124E-01 -0.10308664E-01
  0.18409459E-01 -0.38612671E-01  0.11243622E-01 -0.33310322E-02  0.10662893E-01
  0.31657019E-01  0.10708724E-01 -0.14213225E-02
  0.77031241E-03  0.24120038E-02  0.25928867E-02  0.17846498E-02  0.42204475E-05
 -0.24053391E-03  0.14316889E-02 -0.13814303E-03  0.54765014E-04  0.20578891E-04
 -0.18616392E-03  0.51031787E-02  0.82563281E-04 -0.50210850E-03  0.12029675E-03
 -0.61058075E-04 -0.18835313E-04 -0.47122486E-05 -0.11221364E-07 -0.59164682E-08
  0.40911317E-08  0.17853567E-07  0.43063825E-07  0.53168560E-07  0.28578299E-07
 -0.22976876E-08 -0.83739365E-08  0.27926230E-07  0.54218672E-07 -0.97284039E-04
  0.54499091E-07 -0.11513755E-06 -0.11303306E-05 -0.42391593E-05 -0.22343215E-04
  0.23434088E-04 -0.13056675E-04  0.23210585E-03 -0.43421801E-02 -0.15628615E-02
  0.14762660E-01  0.24608001E-02 -0.18024713E-02 -0.64957561E-02  0.19722853E-01
  0.15649413E-02 -0.98445167E-02  0.19854565E-01
 -0.17186468E-02 -0.15066619E-04 -0.91017625E-04  0.61699757E-05 -0.58992885E-03
  0.47163370E-03  0.87789850E-05  0.19661717E-02 -0.10092127E-05 -0.93686080E-04
  0.29033425E-04  0.79016296E-06  0.11887231E-03  0.17041373E-04  0.11800010E-05
 -0.97113023E-06  0.44857580E-05 -0.42385286E-05 -0.10549461E-07 -0.57010786E-08
  0.40293000E-08  0.17682745E-07  0.43869774E-07  0.55031022E-07  0.29820672E-07
 -0.15609064E-08 -0.81093831E-08  0.26803775E-07  0.51385546E-07 -0.95363680E-04
  0.53449072E-07 -0.26254543E-06 -0.12729037E-05  0.13003214E-06  0.10570347E-03
 -0.38561937E-05  0.34052994E-04  0.71977187E-05 -0.35552362E-02  0.38476211E-02
  0.19242413E-02  0.88246672E-02  0.20560423E-01 -0.61698958E-02  0.43778982E-03
 -0.10002534E-01 -0.44489948E-02 -0.31710805E-02
 -0.74966900E-03  0.17507525E-05  0.26953127E-04  0.58678519E-03  0.26770695E-04
 -0.31281776E-03 -0.82005584E-04 -0.18120233E-02  0.13826691E-03 -0.13312050E-04
  0.54241493E-04  0.18764989E-05  0.14694112E-04  0.24331479E-05 -0.18039162E-05
 -0.92929392E-06  0.28366081E-05 -0.23368283E-05 -0.96179059E-08 -0.53614435E-08
  0.40636605E-08  0.17691597E-07  0.44579754E-07  0.56588883E-07  0.30914236E-07
 -0.66119016E-09 -0.77079038E-08  0.26317425E-07  0.51008018E-07 -0.92786004E-04
  0.51695030E-07  0.23029545E-04 -0.25963616E-06 -0.18249729E-05  0.31645374E-05
 -0.15370733E-04 -0.10800292E-04  0.12334444E-03  0.90916711E-04 -0.75630543E-03
 -0.57098532E-02 -0.13245158E-02  0.37775074E-03  0.18635637E-01  0.60599801E-02
  0.25573608E-01  0.22924974E-04 -0.39350570E-02
  0.69455417E-05 -0.15819662E-04 -0.27709703E-04  0.62170949E-02  0.11700475E-04
  0.12059733E-04  0.15062222E-04 -0.56361913E-06  0.35704598E-06  0.21006899E-05
  0.25141760E-05  0.13180388E-05 -0.24527239E-06 -0.10564996E-05 -0.43092237E-06
  0.41122020E-05 -0.30446532E-05 -0.11077516E-07 -0.88603433E-08 -0.51432044E-08
  0.40423239E-08  0.17451170E-07  0.45644009E-07  0.59162082E-07  0.32292644E-07
  0.40989144E-09 -0.75243214E-08  0.26314060E-07  0.49489373E-07 -0.90105587E-04
  0.50620608E-07  0.10554444E-04  0.51178207E-05 -0.23850873E-05  0.33359746E-05
  0.31801245E-03  0.78510014E-04 -0.71963480E-05  0.25376073E-03 -0.13715711E-03
  0.50378853E-03 -0.72898257E-02 -0.65296100E-04 -0.72019487E-03  0.49399456E-02
  0.23681817E-01 -0.25645823E-04 -0.97556891E-04
 -0.11699948E-05  0.12626201E-04  0.35135269E-03 -0.46199484E-05 -0.45336708E-05
 -0.23272465E-05  0.16940511E-03  0.87718746E-06  0.80219433E-06 -0.18062295E-06
 -0.25724278E-06 -0.26276474E-06 -0.44638643E-06 -0.36622833E-08 -0.35607307E-08
  0.35567857E-05 -0.25797240E-05 -0.96300203E-08 -0.80344462E-08 -0.48518866E-08
  0.40576755E-08  0.17393334E-07  0.46680791E-07  0.61552278E-07  0.33893967E-07
  0.16815627E-08 -0.71173880E-08  0.25922947E-07 -0.88127197E-04 -0.85959026E-04
  0.50460814E-07  0.73496088E-06  0.21368235E-04 -0.10515021E-05 -0.73359366E-03
  0.12447284E-05  0.13887695E-04  0.17251358E-04  0.11749375E-04  0.53223139E-05
 -0.44986077E-03  0.20197409E-04  0.20389562E-02 -0.46199655E-02  0.32562398E-02
 -0.26960725E-03  0.83024032E-03  0.18135050E-03
 -0.46143158E-06  0.74795620E-08 -0.84747477E-07 -0.17454060E-06  0.34330059E-07
 -0.12435902E-06 -0.52381333E-07 -0.16040579E-06 -0.12998379E-07 -0.10716803E-06
 -0.10987822E-06 -0.23651409E-08 -0.25218752E-08 -0.26747815E-08  0.12298041E-05
  0.16472637E-04 -0.24596144E-06 -0.83214293E-08 -0.74001998E-08 -0.46824002E-08
  0.41662166E-08  0.17489189E-07  0.48848487E-07  0.65665986E-07  0.35751753E-07
  0.31997656E-08 -0.66815119E-08  0.26003324E-07  0.11614175E-05 -0.81956011E-04
 -0.23516594E-06 -0.68416190E-08  0.83411267E-05  0.21131585E-04 -0.19058497E-05
  0.28855016E-04 -0.97224497E-05  0.13321102E-03 -0.34299473E-07  0.70108931E-05
  0.73982102E-04  0.92060040E-03  0.35973896E-03 -0.23021368E-02  0.10252473E-01
  0.42415041E-04 -0.22483368E-02 -0.11801629E-04
 -0.36531465E-07 -0.42621634E-07 -0.22292749E-07  0.13841329E-07  0.16445719E-07
  0.10607871E-07 -0.62309161E-07 -0.12129054E-08 -0.13132818E-08 -0.14581730E-08
 -0.15916200E-08 -0.17182906E-08 -0.18482019E-08  0.52065769E-06  0.37205538E-06
 -0.52567247E-06 -0.61495614E-08 -0.73008260E-08 -0.69387088E-08 -0.46273740E-08
  0.43725054E-08  0.18230791E-07  0.53487720E-07  0.73374032E-07  0.39145029E-07
  0.50867667E-08 -0.62974465E-08  0.25980792E-07  0.10965358E-05 -0.60649681E-04
 -0.12824583E-04 -0.70060339E-07  0.33573261E-07  0.38478390E-05  0.21096587E-04
  0.27544184E-03 -0.10065826E-04 -0.14033246E-04  0.33030063E-04 -0.14190662E-04
 -0.50818878E-04  0.27492798E-04  0.27192976E-03 -0.36729252E-03  0.77725586E-05
  0.34812439E-04  0.15833923E-04 -0.24837851E-04
 -0.50023169E-09 -0.52923717E-09 -0.56453580E-09 -0.62587925E-09 -0.68802335E-09
 -0.75611047E-09 -0.82918729E-09 -0.91057763E-09 -0.99963252E-09 -0.11020798E-08
 -0.11970227E-08 -0.12776506E-08 -0.13893016E-08 -0.12368475E-03 -0.15572720E-08
 -0.29302152E-08 -0.51808579E-08 -0.65718952E-08 -0.66705034E-08 -0.47567061E-08
  0.48641130E-08  0.20018585E-07  0.62582573E-07  0.87881041E-07  0.44584875E-07
  0.75404094E-08 -0.61774911E-08  0.27573656E-07  0.10064203E-05  0.62315388E-06
 -0.60294368E-04 -0.72396931E-08  0.36490341E-06 -0.40568495E-06  0.17061399E-07
  0.20698906E-04  0.45461642E-04 -0.62321153E-04  0.94937433E-05 -0.22533331E-05
  0.12794190E-06  0.22951608E-03  0.16004167E-03  0.11238001E-03  0.23335089E-02
  0.28934726E-02 -0.22785953E-04  0.54824689E-05
 -0.43970955E-09 -0.46237567E-09 -0.49048191E-09 -0.52977297E-09 -0.57030160E-09
 -0.61869522E-09 -0.67246658E-09 -0.72733296E-09 -0.79641368E-09 -0.88485178E-09
 -0.96641159E-09 -0.10483046E-08 -0.11350851E-08 -0.12340433E-08 -0.12660718E-08
 -0.25126213E-08 -0.45702180E-08 -0.61913143E-08 -0.68705661E-08 -0.52216110E-08
  0.57899240E-08  0.23936944E-07  0.84748777E-07  0.12180092E-06  0.55136825E-07
  0.11145461E-07 -0.61576514E-08  0.30371390E-07  0.70287346E-06  0.50917814E-06
 -0.48684224E-04  0.43799953E-07 -0.35170748E-05  0.23326168E-06 -0.22925493E-06
 -0.16205725E-03 -0.62240638E-05  0.15385380E-04  0.18252658E-04  0.10542697E-04
 -0.77571668E-06  0.21699986E-02  0.23681695E-04  0.10159945E-03  0.93629310E-05
  0.32338468E-05  0.57420714E-05  0.38363983E-06
 -0.39246341E-09 -0.41307525E-09 -0.44100356E-09 -0.47739646E-09 -0.51325534E-09
 -0.55422960E-09 -0.59985523E-09 -0.64942654E-09 -0.70662927E-09 -0.76697390E-09
 -0.82796048E-09 -0.89327197E-09 -0.97723922E-09 -0.10870757E-08 -0.11340559E-08
 -0.22753650E-08 -0.41947196E-08 -0.60816573E-08 -0.74235132E-08 -0.61989095E-08
  0.76033833E-08  0.31964863E-07  0.12590432E-06  0.20643134E-06  0.76508528E-07
  0.17185632E-07 -0.68316940E-08  0.38135562E-07  0.51506860E-06  0.38703149E-06
  0.24146298E-02  0.50797552E-07 -0.39541525E-06 -0.21741208E-06 -0.12592126E-06
 -0.10857439E-06 -0.38279532E-05 -0.13331985E-05  0.58246957E-05  0.10111735E-05
  0.52389467E-05 -0.39995786E-05 -0.51415410E-05  0.12766696E-04  0.34409894E-04
  0.73409249E-05 -0.33119844E-02  0.11797604E-03
 -0.39090825E-09 -0.40873028E-09 -0.43120715E-09 -0.46001151E-09 -0.49163287E-09
 -0.52702768E-09 -0.56516986E-09 -0.61166422E-09 -0.66910892E-09 -0.72751042E-09
 -0.78920860E-09 -0.85784772E-09 -0.93251520E-09 -0.10309655E-08 -0.10825042E-08
 -0.21788462E-08 -0.42447169E-08 -0.62865918E-08 -0.88958655E-08 -0.86836615E-08
  0.12470937E-07  0.53980053E-07  0.23634396E-06  0.44496422E-06  0.12644988E-06
  0.29679699E-07 -0.87557265E-08  0.56278838E-07  0.26617398E-06  0.22494322E-06
 -0.22532659E-04  0.65281586E-07 -0.18277947E-06 -0.12934069E-07 -0.41506732E-07
 -0.11571555E-06 -0.11990581E-06 -0.16583125E-05 -0.61575607E-06  0.36701993E-05
 -0.28416184E-06 -0.88308038E-07  0.57826463E-06  0.58340924E-06  0.26328045E-04
 -0.13478151E-05 -0.10780307E-05 -0.76609073E-06
 -0.85716684E-08 -0.36348293E-07 -0.49936193E-07 -0.47652568E-06 -0.75926742E-02
 -0.33970335E-04 -0.67825500E-06 -0.62577825E-06 -0.90355970E-04 -0.24436732E-02
  0.12515263E-01 -0.10753417E-01 -0.64522589E-02  0.12786592E-01 -0.67771819E-02
 -0.64057028E-03 -0.47893950E-03  0.10540834E-03 -0.15959540E-07 -0.87936322E-08
 -0.61591409E-08 -0.57160906E-08 -0.63894291E-08 -0.57998809E-08 -0.70435206E-08
 -0.81822290E-08 -0.83473625E-08 -0.70532033E-08 -0.38872885E-08 -0.30780831E-04
 -0.31422716E-06 -0.52795302E-04  0.30992525E-03  0.44998476E-02  0.59810230E-02
  0.10660659E-01 -0.23108938E-02 -0.51439238E-02 -0.31656860E-02  0.47237530E-02
  0.69206515E-02 -0.96624790E-02  0.73629292E-05  0.22180811E-05  0.48173340E-06
  0.12889571E-06  0.38602240E-07  0.78122902E-08
 -0.55365118E-08 -0.18453377E-07 -0.39828071E-07 -0.31681293E-06 -0.10131166E-03
  0.61413799E-04 -0.39769587E-04 -0.10850946E-06 -0.29839664E-03  0.52805436E-02
 -0.24823984E-02  0.81975797E-03 -0.19411619E-02  0.22467864E-01  0.77781876E-02
  0.30527871E-02  0.79656870E-03  0.11959353E-03 -0.52190347E-07 -0.26195221E-07
 -0.18066623E-07 -0.16923398E-07 -0.18847818E-07 -0.14713205E-07 -0.11097592E-07
 -0.90563288E-08 -0.65643726E-08 -0.28257507E-08  0.41199457E-08 -0.35179343E-04
 -0.41211232E-06  0.89616324E-04 -0.59287592E-02 -0.36224472E-02  0.11748878E-01
 -0.41345378E-01 -0.19210009E-01  0.23955587E-01 -0.23952980E-02  0.86037513E-03
  0.11307803E-01 -0.51920443E-02 -0.28872946E-02  0.34424515E-04  0.11789182E-01
  0.41462952E-06  0.15512761E-06  0.82275423E-07
 -0.45828022E-08 -0.14456188E-07 -0.40973524E-07 -0.19151807E-06 -0.10788575E-06
 -0.15135202E-06  0.18071564E-02 -0.36120851E-06 -0.40193240E-02 -0.61811587E-02
 -0.55628386E-02 -0.78908536E-02 -0.27180866E-02 -0.16695188E-01 -0.74088203E-02
  0.38821498E-02  0.25290258E-02  0.25847680E-03 -0.10246361E-06 -0.50532413E-07
 -0.34499334E-07 -0.32328268E-07 -0.36223576E-07 -0.27173429E-07 -0.16657982E-07
 -0.99404805E-08 -0.37254278E-08  0.35426332E-08  0.16287277E-07 -0.40224902E-04
 -0.42692724E-06  0.15823310E-03 -0.37427470E-02  0.13969399E-01  0.15626382E-01
  0.33149273E-01  0.30755282E-02  0.29629106E-02 -0.23597951E-01 -0.54157973E-03
 -0.10852733E-01 -0.14173463E-02  0.99065813E-05  0.39774809E-05  0.15955686E-05
  0.66121541E-06  0.29609974E-06  0.16822072E-06
 -0.80327075E-08 -0.21526685E-07 -0.45630549E-04  0.70527225E-05 -0.47946440E-07
 -0.12878201E-06 -0.83815295E-02 -0.16577607E-05  0.94727913E-05  0.98942201E-02
 -0.30265495E-03  0.15586320E-01  0.88768044E-02  0.32859064E-02 -0.17086790E-01
  0.49745292E-02  0.60196543E-02  0.18777778E-03 -0.17220911E-06 -0.84412800E-07
 -0.57862495E-07 -0.53084544E-07 -0.60215662E-07 -0.44925733E-07 -0.24586125E-07
 -0.11160270E-07  0.54413413E-09  0.12812252E-07  0.33476047E-07 -0.45756755E-04
 -0.42720481E-06  0.73054971E-03 -0.59183919E-02 -0.32208037E-01  0.21130777E-01
  0.43408890E-01 -0.45803517E-01  0.36669271E-01  0.77013033E-02 -0.54216273E-02
 -0.10295834E-01  0.88181521E-03  0.27913112E-02 -0.19862150E-05 -0.79305231E-03
  0.80422074E-06  0.35392564E-03  0.27158783E-06
 -0.22760931E-07  0.27323143E-04 -0.31256698E-07 -0.59504508E-04 -0.13042564E-06
 -0.12961363E-06  0.13745705E-02 -0.13792089E-04 -0.45045973E-02 -0.30811896E-05
 -0.82251546E-02  0.25320527E-02  0.17417595E-02  0.37365896E-03 -0.24843687E-01
  0.14921257E-02 -0.45733215E-02  0.27560549E-03 -0.27512852E-06 -0.13638404E-06
 -0.89923224E-07 -0.85018151E-07 -0.96273949E-07 -0.69871930E-07 -0.35457871E-07
 -0.12446529E-07  0.69487353E-08  0.26464585E-07  0.58424246E-07 -0.53196211E-04
 -0.79127057E-06 -0.11311595E-03  0.56366616E-02  0.38220577E-01 -0.64454619E-01
 -0.39575591E-01  0.46620646E-02  0.44981816E-02  0.78820736E-02 -0.30583070E-01
 -0.10940002E-02  0.84228193E-03  0.77246972E-02 -0.55724964E-02 -0.85983085E-04
  0.10640209E-04  0.50794444E-06  0.36064473E-06
 -0.36148105E-07 -0.41572737E-07 -0.62898957E-07 -0.35784762E-07  0.24715651E-06
  0.20711611E-06 -0.22339507E-02 -0.21198331E-04 -0.11123647E-01 -0.84895326E-02
  0.28969155E-01  0.69141927E-03  0.64156844E-03  0.34344617E-03  0.32410757E-01
 -0.14440121E-01  0.17482031E-01  0.17713368E-03 -0.39710626E-06 -0.20035122E-06
 -0.13413685E-06 -0.12429186E-06 -0.14467668E-06 -0.10608357E-06 -0.51046633E-07
 -0.14005259E-07  0.16732987E-07  0.46487999E-07  0.94196286E-07 -0.63047973E-04
 -0.84727033E-06 -0.17888927E-04 -0.50935911E-02 -0.82309836E-02 -0.12224333E-01
  0.12669788E-01 -0.10613311E-01  0.30767509E-01  0.29403134E-02 -0.12173210E-01
  0.74982108E-02 -0.85229880E-04 -0.34166093E-02 -0.24135426E-02 -0.78760049E-03
  0.10821183E-05  0.58346660E-06  0.43982959E-06
 -0.61638376E-07 -0.45344037E-07  0.43413590E-07  0.45115543E-03 -0.15948892E-02
  0.31644089E-04  0.98401907E-03 -0.20600692E-02  0.77366402E-02  0.74381434E-02
  0.54507761E-02 -0.15970959E-01 -0.31280751E-01 -0.22910842E-02 -0.25324374E-01
  0.12768910E+00 -0.28453944E-02 -0.16435722E-02 -0.57837025E-06 -0.29799817E-06
 -0.20611087E-06 -0.18973003E-06 -0.21738365E-06 -0.15849249E-06 -0.73766843E-07
 -0.15793999E-07  0.31534902E-07  0.79166662E-07  0.15245016E-06 -0.74422490E-04
 -0.95413066E-06  0.16726879E-03 -0.12179176E-01  0.20848064E-01 -0.42385071E-01
  0.17172180E-02 -0.52279389E-02 -0.59286421E-02 -0.23187196E-01  0.37676120E-02
 -0.25713303E-01 -0.24868008E-01  0.16498922E-01 -0.42583679E-02 -0.68488132E-03
  0.11249187E-03  0.71162112E-06  0.52510173E-06
 -0.28305972E-04 -0.69533054E-07 -0.14134556E-06  0.12022911E-03 -0.11285215E-04
  0.49613410E-03  0.39014580E-02 -0.26058133E-03 -0.68309229E-03 -0.30803406E-02
 -0.57724831E-02  0.30102823E-01  0.79384917E-01  0.14858948E-01  0.21613580E-02
  0.75025772E-01  0.17134034E-01 -0.10462499E-04 -0.85524935E-06 -0.44256791E-06
 -0.30325384E-06 -0.28587653E-06 -0.33117408E-06 -0.23717804E-06 -0.10597210E-06
 -0.17559620E-07  0.53251913E-07  0.13143845E-06  0.25341461E-06 -0.89156352E-04
  0.41353538E-06 -0.32583440E-03  0.48260329E-01 -0.71540862E-01  0.68482193E-03
  0.24278854E-01 -0.32769761E-03  0.32053939E-02  0.39627281E-01 -0.29957320E-02
  0.79505092E-02 -0.47682201E-02 -0.66445579E-03  0.60271480E-03 -0.10459295E-02
  0.16882548E-05  0.87735240E-06  0.62826439E-06
 -0.16590077E-06 -0.16197769E-06 -0.22353336E-06 -0.17570100E-03 -0.62409232E-05
 -0.19081611E-04  0.24293486E-03 -0.25312536E-02 -0.21661290E-01  0.64344787E-02
  0.27284765E-03 -0.27389621E-01 -0.20196193E-01  0.40157532E-02 -0.65627952E-01
 -0.22035590E+00 -0.25192964E-01  0.35308982E-03 -0.10722223E-05 -0.59320505E-06
 -0.40205561E-06 -0.37316926E-06 -0.43793408E-06 -0.31668854E-06 -0.13821643E-06
 -0.17673766E-07  0.82690225E-07  0.21054317E-06  0.36069847E-06 -0.99821563E-04
  0.68170283E-06 -0.10194225E-02  0.91458307E-02  0.12964424E+00 -0.22644784E-01
 -0.26705205E-01  0.16025820E-01 -0.15395828E-01 -0.15406206E-02  0.12353825E-01
  0.26296735E-01  0.12183748E-01  0.48017060E-02 -0.23207749E-02  0.15932806E-02
  0.18616356E-05  0.21086785E-02  0.76638025E-06
 -0.30558592E-06 -0.29235323E-06 -0.37319671E-06 -0.58299226E-06  0.37080544E-06
 -0.61426129E-03 -0.96705587E-02 -0.13700462E-02  0.62355588E-02  0.23428660E-01
 -0.25079593E-04  0.29246466E-02  0.37526481E-03 -0.32714741E-01  0.63269607E-02
 -0.72043842E-01 -0.11789532E-01  0.27331596E-03 -0.11718846E-05 -0.68262170E-06
 -0.46168210E-06 -0.42666149E-06 -0.51140432E-06 -0.36924727E-06 -0.15736674E-06
 -0.15964304E-07  0.10267275E-06  0.25022632E-06  0.42424243E-06 -0.10043994E-03
  0.65534913E-06 -0.37701380E-03 -0.13001289E-01  0.92856135E-01  0.75329457E-01
 -0.42717233E-01 -0.29617335E-01  0.71847192E-01 -0.34924805E-01 -0.12691885E-01
 -0.93932072E-03 -0.19157246E-01 -0.21465867E-02 -0.14116178E-02 -0.33750435E-02
  0.28389611E-03 -0.19469802E-04  0.96473483E-06
 -0.11701742E-03 -0.51932286E-06 -0.39960856E-06 -0.52289194E-02  0.16608231E-05
 -0.12046830E-05  0.13866071E-02 -0.27055021E-02 -0.20522605E-01 -0.13439377E-01
 -0.22475901E-01 -0.12212653E-01  0.75436031E-02  0.51904986E-01 -0.59516792E-01
  0.21278676E-01  0.16595814E-01  0.24387853E-03 -0.11812571E-05 -0.71338864E-06
 -0.52646065E-06 -0.49143213E-06 -0.58773108E-06 -0.42324794E-06 -0.17643188E-06
 -0.14341095E-07  0.12950375E-06  0.29875690E-06  0.44847583E-06 -0.95964196E-04
  0.55985802E-06 -0.18642016E-03  0.49509903E-04 -0.13323746E-01  0.79820136E-02
  0.56452290E-02  0.24611804E-02  0.10845533E-02  0.40202756E-03  0.19798992E-01
  0.24613149E-01 -0.82682006E-02  0.23726173E-01 -0.91173512E-02  0.12943202E-03
  0.22573967E-02  0.16041092E-05  0.13002697E-05
 -0.94205565E-02 -0.50326317E-06  0.15816211E-05  0.48002716E-04  0.13681323E-01
  0.14775381E-02 -0.10874137E-01 -0.69954453E-02  0.28517465E-01 -0.14729137E-01
  0.39282741E-01 -0.61156995E-01 -0.19974763E-01 -0.76658933E-03  0.14611919E-01
 -0.38228092E-01 -0.91889809E-02  0.54418451E-04 -0.11500608E-05 -0.74868943E-06
 -0.57501050E-06 -0.55181807E-06 -0.66620653E-06 -0.47583870E-06 -0.19532374E-06
 -0.12856297E-07  0.14495462E-06  0.31835862E-06  0.47330770E-06 -0.97713877E-04
  0.76590963E-06 -0.13784017E-03 -0.72141679E-03 -0.14153716E-01  0.16575083E-01
  0.16619022E-01 -0.64548199E-01 -0.39309521E-01 -0.90084764E-04  0.36761531E-02
 -0.26659296E-01 -0.18553917E-01  0.22204828E-02  0.12193672E-01 -0.29433304E-02
 -0.27076338E-02  0.18766724E-05  0.17875507E-02
 -0.96890377E-06 -0.54096415E-02 -0.27273556E-01  0.24375226E-02  0.44949455E-02
  0.10884484E-01 -0.42122234E-02 -0.14751659E-01 -0.76177292E-03  0.23927726E-01
 -0.11932434E-01  0.62135546E-01 -0.69363802E-01  0.18870225E-01  0.14743709E-01
 -0.78627569E-02 -0.22092368E-02  0.12760404E-04 -0.11446179E-05 -0.78858949E-06
 -0.62418646E-06 -0.59772326E-06 -0.73024517E-06 -0.52749289E-06 -0.21666762E-06
 -0.11960367E-07  0.16393403E-06  0.34681684E-06  0.50050004E-06 -0.99147688E-04
  0.11948535E-04 -0.47638725E-04 -0.73123647E-03 -0.14125683E-02 -0.75403353E-02
  0.49531654E-01  0.77841579E-01  0.74410901E-01  0.99957076E-02 -0.15945515E-01
 -0.90909418E-02 -0.61220812E-02 -0.47990824E-02 -0.53748612E-02 -0.16203242E-01
  0.18398157E-03  0.22728596E-02  0.25660088E-05
 -0.14321582E-04 -0.51129816E-02 -0.27458449E-03  0.28691184E-02  0.82587456E-02
  0.24605302E-01  0.11445402E-01  0.22907882E-02  0.38178491E-01 -0.12722068E-01
  0.46096303E-01 -0.82655123E-01 -0.24195027E-01 -0.19460677E-01  0.15108344E-01
  0.77140479E-02  0.21763316E-02  0.27303500E-05 -0.10983163E-05 -0.78412499E-06
 -0.66612161E-06 -0.64465197E-06 -0.80135815E-06 -0.58378200E-06 -0.23855580E-06
 -0.11320343E-07  0.18196508E-06  0.36662254E-06  0.50549549E-06 -0.97900807E-04
  0.76621932E-05 -0.32055479E-04  0.18725253E-03 -0.54615337E-02 -0.13123464E-01
 -0.16298011E-01 -0.35407338E-01 -0.58888405E-01  0.66519694E-02  0.65599194E-01
  0.19239499E-01  0.27077885E-01 -0.59209662E-02  0.31364282E-01 -0.73338027E-03
 -0.74619757E-02  0.77198695E-02  0.37892889E-05
 -0.15318071E-01 -0.80259897E-03 -0.97461802E-02 -0.21023135E-01 -0.10336367E-02
  0.21664632E-01  0.12016513E-01  0.35353243E-02 -0.57838531E-01 -0.83876744E-03
  0.79608460E-01 -0.14904688E-01  0.41294300E-01 -0.10674703E-01 -0.43572254E-02
  0.29582793E-02  0.24719431E-02 -0.21227578E-05 -0.10730916E-05 -0.79969385E-06
 -0.69259109E-06 -0.68936574E-06 -0.88042080E-06 -0.64127586E-06 -0.25831257E-06
 -0.11051089E-07  0.19644074E-06  0.38202101E-06  0.51639543E-06 -0.97381818E-04
  0.72667719E-05 -0.33954328E-04 -0.59798781E-03 -0.13700355E-02  0.49090896E-03
 -0.35617400E-02  0.31803799E-01  0.69313770E-01 -0.45983059E-01  0.11884841E-01
 -0.39711890E-01 -0.21180323E-01  0.24445139E-01 -0.71410444E-02  0.51740956E-02
 -0.33446595E-03  0.62177008E-02  0.59074083E-05
 -0.10161066E-02  0.10564504E-01 -0.11068849E-02 -0.19066172E-01  0.31000495E-01
  0.43166064E-02  0.60854706E-01 -0.11118675E-01 -0.18974562E-01 -0.29184546E-02
 -0.15416880E-01 -0.52584032E-02 -0.33004105E-01  0.55181933E-02  0.33280329E-02
  0.10995786E-01  0.36991148E-03 -0.18095975E-05 -0.10222230E-05 -0.78486939E-06
 -0.73399163E-06 -0.74266861E-06 -0.95586665E-06 -0.70166615E-06 -0.27826657E-06
 -0.11138366E-07  0.21513259E-06  0.41260132E-06  0.53160440E-06 -0.10090329E-03
  0.66851520E-05 -0.47016854E-04 -0.19169408E-03  0.13345819E-03 -0.16742459E-01
  0.43311119E-01  0.82547292E-01  0.66237707E-01 -0.83885343E-01 -0.42711380E-01
 -0.20105057E-01  0.36901519E-01  0.13930414E-01 -0.23551043E-01  0.10050095E-01
  0.34227372E-02  0.10699744E-01  0.36746983E-02
 -0.13810702E-02 -0.23915168E-01 -0.17160763E-01 -0.38956993E-01 -0.21498555E-02
  0.37264026E-02 -0.20907285E-01 -0.82665875E-02  0.30568779E-01  0.13948159E-01
 -0.10479746E-01 -0.91779684E-02  0.52048125E-02  0.23852122E-02  0.26629316E-02
  0.21735286E-02  0.26497562E-04 -0.12456520E-05 -0.96297576E-06 -0.77766853E-06
 -0.76439807E-06 -0.78499462E-06 -0.10204308E-05 -0.74926780E-06 -0.29836570E-06
 -0.11851454E-07  0.22470552E-06  0.42114653E-06  0.53304798E-06 -0.10115810E-03
  0.49533143E-05  0.89714852E-06 -0.20263608E-03 -0.42635576E-03  0.40657178E-03
 -0.23187821E-01  0.25576084E-01  0.39991738E-02  0.30194793E-01  0.35379722E-03
 -0.25477953E-01  0.13335743E-01  0.20138416E-02 -0.12589788E-01 -0.34930530E-01
  0.66690999E-02 -0.17234846E-03  0.55395230E-03
 -0.18312806E-01 -0.23294683E-01 -0.16472193E-01 -0.62188332E-02 -0.59879637E-02
  0.91799060E-02  0.29050431E-02 -0.31068781E-02  0.16953382E-01 -0.11629796E-01
 -0.13509177E-02 -0.12353252E-01  0.26868576E-04 -0.22427199E-01  0.22949216E-02
 -0.42445133E-04 -0.23282028E-02 -0.12265100E-05 -0.94136742E-06 -0.79668435E-06
 -0.79104246E-06 -0.82306751E-06 -0.10970736E-05 -0.80542787E-06 -0.31565871E-06
 -0.12929403E-07  0.25260279E-06  0.46377202E-06  0.54742120E-06 -0.10270712E-03
  0.86344686E-06  0.52507989E-05 -0.10401951E-03  0.20183519E-02 -0.17354417E-02
 -0.13188018E-01 -0.62187383E-02 -0.27342888E-01  0.19669578E-01 -0.30137258E-01
 -0.11213042E-01 -0.68315142E-02 -0.51132119E-02 -0.20319755E-01  0.63842242E-02
  0.35939059E-02 -0.76348059E-02  0.96430775E-03
 -0.16167264E-01 -0.23526169E-02 -0.62193789E-02  0.71711856E-02  0.12566881E-01
 -0.12930703E-01 -0.28299730E-03  0.44765224E-02 -0.44618589E-02 -0.15782822E-02
  0.99129672E-02  0.16043506E-02 -0.77239637E-03 -0.13217804E-02  0.50933832E-04
 -0.19961156E-02 -0.29939951E-03  0.10168135E-03 -0.90280391E-06 -0.77206480E-06
 -0.79699329E-06 -0.85084422E-06 -0.11790455E-05 -0.87082381E-06 -0.33614745E-06
 -0.14685642E-07  0.25545810E-06  0.46013401E-06  0.53871502E-06 -0.10493648E-03
  0.75718774E-06 -0.81357874E-04 -0.70648954E-04 -0.14541589E-03 -0.12226311E-02
 -0.32805071E-02 -0.27057519E-02  0.19875234E-01  0.22064549E-01  0.28205615E-01
 -0.99983932E-03 -0.27009754E-01 -0.12643976E-01  0.15266227E-01  0.48031936E-02
 -0.19260625E-04  0.15691450E-01 -0.95168523E-03
 -0.55329178E-02 -0.50979311E-02  0.92491100E-03 -0.12810856E-03  0.19418098E-02
  0.41092736E-03 -0.15527966E-02  0.12569065E-02 -0.32076840E-02  0.64906849E-02
  0.69911667E-03  0.59165583E-03 -0.41151289E-03 -0.18813242E-02  0.85417400E-04
  0.10432052E-02 -0.17139648E-03  0.19664277E-04 -0.87287652E-06 -0.76968797E-06
 -0.82480595E-06 -0.90191733E-06 -0.12470352E-05 -0.92018443E-06 -0.35444044E-06
 -0.17363449E-07  0.25678103E-06  0.45580517E-06  0.53598844E-06 -0.10561405E-03
  0.71982708E-06  0.27109904E-06 -0.30280754E-04 -0.63366269E-04  0.12049448E-03
 -0.92672057E-04 -0.47458929E-02  0.25461056E-01  0.88349125E-02 -0.32074231E-01
  0.17434988E-01 -0.12272444E-01 -0.16406612E-01  0.10975434E-01  0.11449552E-01
  0.21484197E-02  0.55972336E-03  0.99486008E-02
 -0.12883711E-02 -0.51900718E-04 -0.66715376E-05 -0.27956225E-03  0.86738460E-03
  0.97458470E-03  0.97957035E-04  0.19908120E-02 -0.42429605E-02 -0.32432760E-03
 -0.93260910E-04  0.63619668E-04  0.83340651E-04  0.95677261E-05 -0.42449128E-03
  0.57399173E-04  0.23228564E-04  0.15326936E-04 -0.83763810E-06 -0.76978232E-06
 -0.84178641E-06 -0.92025795E-06 -0.13133983E-05 -0.97987218E-06 -0.37170492E-06
 -0.20951294E-07  0.27290216E-06  0.47810587E-06  0.52281038E-06 -0.10405472E-03
  0.67526373E-06  0.26630010E-05 -0.56683857E-05 -0.67590668E-04 -0.37951850E-04
 -0.34049799E-03  0.59330107E-03  0.64454065E-03 -0.14313659E-01 -0.83188402E-02
 -0.92797930E-02 -0.28015512E-01  0.35033226E-02 -0.17736334E-01 -0.50670387E-02
  0.26574627E-01 -0.44916896E-03  0.16017090E-01
 -0.12184614E-02 -0.25044592E-02  0.11717653E-03  0.10798754E-02  0.23611504E-04
 -0.27273552E-03 -0.78782336E-04 -0.15026354E-03 -0.25558328E-03 -0.16979743E-05
  0.43063614E-03 -0.57885271E-02  0.18389452E-03  0.10183756E-02 -0.12291237E-03
  0.30084598E-03  0.21512637E-03 -0.14731916E-05 -0.82690356E-06 -0.76209685E-06
 -0.84992745E-06 -0.94687173E-06 -0.13911547E-05 -0.10358567E-05 -0.38745086E-06
 -0.25945929E-07  0.27227520E-06  0.46104671E-06  0.50664402E-06 -0.10145064E-03
  0.63839930E-06  0.22930913E-05 -0.13345752E-05 -0.19547007E-04 -0.83625671E-04
  0.36512858E-04  0.18867337E-03  0.17864908E-02 -0.53278062E-02  0.10343736E-01
  0.61382611E-02  0.72262715E-02 -0.61833764E-02 -0.15921442E-01 -0.20910735E-02
 -0.15595629E-01  0.27660528E-02  0.26630417E-01
 -0.24130967E-02 -0.16858619E-04  0.81226996E-04  0.16288598E-04 -0.59018377E-03
 -0.29996515E-03  0.22912705E-04 -0.40655585E-02  0.17662229E-03  0.24741999E-03
  0.20049581E-03 -0.48605044E-04 -0.91777202E-04 -0.21215842E-04  0.71250304E-05
  0.85271922E-04  0.42595561E-05 -0.13711988E-05 -0.81913312E-06 -0.76666693E-06
 -0.85311663E-06 -0.96477728E-06 -0.14622220E-05 -0.10906641E-05 -0.40201442E-06
 -0.32362247E-07  0.26847430E-06  0.44468569E-06  0.48433871E-06 -0.99117710E-04
  0.61966997E-06  0.19873503E-05 -0.11279417E-05  0.36085719E-06 -0.77701540E-04
 -0.14855520E-04 -0.42189893E-04 -0.82643896E-04 -0.84938354E-03  0.17273552E-02
 -0.46618361E-02 -0.58793018E-02 -0.11521958E-01  0.16610855E-01  0.14623338E-01
 -0.81678956E-03  0.42403189E-02  0.16887910E-01
  0.20684325E-02  0.67336913E-04 -0.54439253E-04 -0.58708677E-02 -0.44392862E-04
  0.17070120E-02  0.37139720E-04 -0.54711909E-04  0.85507070E-04 -0.75718832E-04
 -0.85087183E-04  0.44874573E-05 -0.25887887E-04 -0.81757535E-06  0.85850615E-06
  0.10743146E-05  0.22787410E-05 -0.11245948E-05 -0.79045975E-06 -0.75561116E-06
 -0.87576077E-06 -0.99563040E-06 -0.15382824E-05 -0.11427996E-05 -0.41440394E-06
 -0.40564775E-07  0.25894706E-06  0.43799413E-06  0.48384480E-06 -0.96105221E-04
  0.59413631E-06  0.23556284E-03  0.93967124E-06  0.13104157E-05 -0.78455712E-05
 -0.10013265E-03 -0.45803543E-05 -0.58494202E-04 -0.68873972E-04  0.26099170E-02
 -0.77817746E-03  0.63436660E-02  0.32593790E-03 -0.64210453E-03  0.11521351E-02
 -0.24770144E-01 -0.17655932E-02 -0.19012306E-02
  0.46817091E-06  0.53301394E-04  0.18757831E-03  0.31458474E-02 -0.20476454E-04
 -0.85531091E-05 -0.10634774E-04  0.69108836E-05 -0.58019767E-06 -0.63243531E-06
 -0.48769910E-06 -0.30625590E-06 -0.10410406E-05  0.17522095E-06  0.82366087E-07
  0.27332059E-05 -0.11528003E-05 -0.82862513E-06 -0.77602178E-06 -0.76285182E-06
 -0.88623800E-06 -0.10162726E-05 -0.16372709E-05 -0.12197199E-05 -0.43031056E-06
 -0.50127645E-07  0.25625158E-06  0.43855914E-06  0.47126642E-06 -0.92992672E-04
  0.57677421E-06  0.16485637E-04  0.12318422E-04  0.52131494E-06 -0.41301124E-06
  0.51712275E-03 -0.69416966E-04 -0.38745623E-05  0.12925738E-03 -0.17904106E-03
  0.28550015E-03 -0.22031329E-02  0.17930188E-02 -0.13289429E-02  0.43053019E-02
  0.16382213E-02  0.13336410E-02  0.90135071E-04
  0.37000802E-05  0.10483481E-03 -0.29269682E-02  0.14910813E-04  0.95603835E-05
 -0.52236888E-05 -0.19134930E-03 -0.46160991E-06 -0.57911444E-06 -0.63105951E-06
 -0.44112014E-06 -0.13337646E-07  0.18608801E-06 -0.31962231E-06 -0.29992770E-06
  0.24521984E-05 -0.98222229E-06 -0.76974568E-06 -0.75510087E-06 -0.75955762E-06
 -0.90647096E-06 -0.10512793E-05 -0.17496776E-05 -0.12981982E-05 -0.44878426E-06
 -0.62538804E-07  0.24602383E-06  0.43238201E-06 -0.12195500E-04 -0.88371906E-04
  0.56892476E-06 -0.49589700E-05  0.49384558E-04 -0.15016903E-06 -0.49439440E-03
 -0.19723066E-03 -0.31545547E-04 -0.72046562E-04 -0.52400370E-04 -0.25227021E-04
 -0.24586770E-03 -0.60391052E-04  0.77913503E-03  0.33934510E-02 -0.43204503E-02
  0.55941630E-03  0.70748195E-02  0.19066831E-04
  0.27561982E-05 -0.88040944E-07  0.39494376E-08  0.15731481E-07 -0.24872037E-06
 -0.26504745E-06 -0.25471668E-06 -0.16642143E-06 -0.47892109E-07  0.59405146E-07
 -0.93611311E-07 -0.22291939E-06 -0.22953181E-06 -0.23726531E-06  0.81204957E-06
 -0.18451029E-03 -0.64739676E-06 -0.71812512E-06 -0.74913306E-06 -0.77776438E-06
 -0.94955035E-06 -0.11017787E-05 -0.19249137E-05 -0.14195213E-05 -0.47029444E-06
 -0.77836049E-07  0.23484484E-06  0.43368354E-06  0.14140561E-05 -0.84237935E-04
  0.56473732E-06 -0.48234690E-06  0.15389463E-04  0.48857796E-04  0.81859054E-06
 -0.29906796E-03 -0.15890835E-03  0.34180080E-04 -0.11330562E-04 -0.38458045E-04
 -0.21322318E-04  0.68465997E-02 -0.32397343E-03  0.45137575E-02 -0.34560101E-02
  0.18238733E-04  0.38072251E-02 -0.11676384E-04
 -0.73772555E-07 -0.76873633E-07 -0.62593386E-07 -0.38219294E-07 -0.34915656E-07
 -0.27576719E-07 -0.47537123E-07 -0.12801865E-06 -0.13514615E-06 -0.14579327E-06
 -0.15518585E-06 -0.16433692E-06 -0.17331571E-06  0.18152573E-05  0.44511353E-05
  0.15351573E-05 -0.54228288E-06 -0.68766196E-06 -0.76260742E-06 -0.81698044E-06
 -0.10186967E-05 -0.12026578E-05 -0.22333558E-05 -0.16282910E-05 -0.51167495E-06
 -0.98029997E-07  0.22604499E-06  0.43277941E-06  0.14092615E-05 -0.62446922E-04
 -0.11955470E-04 -0.17529408E-07 -0.33700013E-05  0.96365323E-05  0.51195612E-04
  0.34632737E-03 -0.25609141E-03 -0.19797541E-03 -0.45703461E-06 -0.39692292E-04
  0.13184752E-04 -0.18951350E-04 -0.81876540E-04 -0.20535614E-03 -0.36185015E-04
 -0.39102207E-04 -0.10943512E-04 -0.24390298E-04
 -0.57372477E-07 -0.60794165E-07 -0.64347705E-07 -0.70123158E-07 -0.75853103E-07
 -0.82147047E-07 -0.88662912E-07 -0.95949026E-07 -0.10407182E-06 -0.11285033E-06
 -0.12052209E-06 -0.12652737E-06 -0.13521121E-06  0.11002606E-03 -0.14841499E-06
 -0.27804904E-06 -0.49824553E-06 -0.68387288E-06 -0.80088574E-06 -0.89808410E-06
 -0.11622598E-05 -0.13902090E-05 -0.27954972E-05 -0.20026206E-05 -0.57978326E-06
 -0.12553818E-06  0.22905658E-06  0.45837779E-06  0.13940536E-05  0.53558815E-06
 -0.60513642E-04  0.30954475E-06 -0.20369062E-05 -0.22542031E-06  0.36310643E-06
  0.11491848E-04  0.37205673E-05 -0.10335123E-02 -0.30863830E-03 -0.12105304E-04
  0.54721726E-06 -0.62012102E-04 -0.21290977E-04 -0.26754121E-04  0.17984310E-02
  0.48809302E-02 -0.53674889E-05  0.28800294E-05
 -0.50484330E-07 -0.53090059E-07 -0.56138950E-07 -0.60090048E-07 -0.63980735E-07
 -0.68695622E-07 -0.73973358E-07 -0.79314477E-07 -0.85711832E-07 -0.93946058E-07
 -0.10174416E-06 -0.10982539E-06 -0.11817388E-06 -0.12779471E-06 -0.13065289E-06
 -0.26092445E-06 -0.49015716E-06 -0.72394339E-06 -0.90890686E-06 -0.10612128E-05
 -0.14257905E-05 -0.17618915E-05 -0.40894578E-05 -0.28446177E-05 -0.71506691E-06
 -0.16807999E-06  0.24068660E-06  0.50304966E-06  0.86626545E-06  0.59470986E-06
 -0.48521613E-04  0.58789869E-06  0.28056844E-04 -0.18188097E-05  0.39991013E-06
  0.98525290E-03 -0.32904175E-04 -0.66686357E-05 -0.29215621E-04 -0.17603515E-03
 -0.14240532E-03  0.16990039E-03 -0.27987856E-04 -0.39527412E-04 -0.10555121E-04
 -0.72307766E-06 -0.21110249E-05 -0.10616627E-05
 -0.46546101E-07 -0.49107481E-07 -0.52201260E-07 -0.56092610E-07 -0.60003476E-07
 -0.64530912E-07 -0.69627062E-07 -0.75259306E-07 -0.81463766E-07 -0.87811967E-07
 -0.94623367E-07 -0.10201436E-06 -0.11144398E-06 -0.12432324E-06 -0.13092190E-06
 -0.26699151E-06 -0.51453747E-06 -0.81913661E-06 -0.10989055E-05 -0.13619873E-05
 -0.19436873E-05 -0.25150906E-05 -0.66197306E-05 -0.49276850E-05 -0.99221630E-06
 -0.24154444E-06  0.29058864E-06  0.62797256E-06  0.96037636E-06  0.72788676E-06
  0.52814548E-02  0.67031584E-06  0.23244905E-06 -0.15887006E-05 -0.19334427E-05
  0.26403372E-06  0.50109788E-05 -0.16612985E-04 -0.16388120E-04 -0.75190429E-05
 -0.75118159E-05 -0.57254851E-04 -0.50445468E-04 -0.33142409E-04 -0.11782562E-04
 -0.95286435E-05  0.13625094E-02  0.96610546E-03
 -0.49956756E-07 -0.52455463E-07 -0.55310084E-07 -0.58797451E-07 -0.62731731E-07
 -0.67250687E-07 -0.72145560E-07 -0.78028354E-07 -0.85191527E-07 -0.92742130E-07
 -0.10110774E-06 -0.11083495E-06 -0.12169600E-06 -0.13611538E-06 -0.14502322E-06
 -0.29968513E-06 -0.61799921E-06 -0.10027067E-05 -0.15004373E-05 -0.20865438E-05
 -0.33329768E-05 -0.45952024E-05 -0.13715288E-04 -0.10921616E-04 -0.16422877E-05
 -0.39598471E-06  0.42302954E-06  0.91895963E-06  0.10434598E-05  0.92057921E-06
  0.30241914E-04  0.84548913E-06  0.60835195E-06  0.21889634E-06 -0.65287556E-06
 -0.12940108E-05 -0.14436391E-06  0.30604412E-05  0.22664694E-05 -0.43070123E-05
 -0.47818072E-05 -0.37802855E-05 -0.38728314E-05 -0.85388431E-05 -0.24498481E-04
 -0.13839668E-04 -0.10751611E-04 -0.66735018E-05
  0.14632806E-09 -0.64328916E-08  0.38369607E-08 -0.10731029E-06 -0.41531987E-02
  0.46278974E-04 -0.85958554E-06  0.61744418E-06 -0.34154454E-04  0.55535389E-02
  0.14682125E-01 -0.28480849E-02 -0.40368849E-02  0.45396939E-02 -0.17681299E-01
  0.13589088E-02  0.67262601E-02  0.54638430E-04  0.12804462E-08  0.85539217E-09
  0.52549508E-09  0.26804487E-09 -0.89678434E-10 -0.86623854E-09 -0.77412237E-09
 -0.43708707E-09  0.11545302E-09  0.40461430E-09  0.61537553E-09  0.75381143E-05
  0.45292638E-05  0.79922599E-04  0.27257855E-02 -0.10167195E-01 -0.27519383E-01
 -0.19303261E-01 -0.16697730E-01 -0.11056549E-01 -0.16087599E-02 -0.90060649E-02
 -0.79282869E-02 -0.18090622E-02  0.31404619E-06  0.97676883E-07 -0.70992035E-07
  0.76836353E-08  0.25676870E-08  0.39048816E-09
  0.11574040E-09 -0.29746564E-08  0.30793362E-08 -0.56105398E-07 -0.30069054E-05
  0.52478296E-04  0.24235446E-04  0.67103398E-06 -0.78169419E-04 -0.78437977E-02
 -0.12181207E-02  0.88900318E-02  0.24722643E-02 -0.14761898E-02 -0.67669978E-02
  0.10944366E-01  0.23174359E-02  0.22045078E-04  0.38678658E-08  0.26636482E-08
  0.20043689E-08  0.15280189E-08  0.69749293E-09 -0.96378330E-09 -0.13159254E-08
 -0.56894766E-09  0.67670644E-09  0.16087497E-08  0.22904658E-08  0.86238115E-05
  0.23021410E-05  0.99164391E-04  0.92310125E-03 -0.12543467E-01 -0.24386328E-01
 -0.60255223E-01 -0.13262035E-01 -0.30941143E-01 -0.11236227E-01  0.71132216E-02
 -0.12365201E-01 -0.18450280E-02 -0.24679428E-02  0.85970754E-05  0.10031544E-01
  0.28687407E-07  0.96163287E-08  0.37634574E-08
 -0.72855334E-10 -0.40548179E-09 -0.14624904E-08 -0.40344693E-07 -0.12687138E-07
 -0.19903766E-07  0.17951126E-01  0.37314527E-06  0.11771079E-01  0.71983957E-02
 -0.54391359E-02 -0.13095345E-01 -0.39158587E-02  0.41435154E-02 -0.10625442E-01
  0.88680579E-02 -0.61745652E-03  0.15290407E-03  0.75288008E-08  0.52763357E-08
  0.40637904E-08  0.32007788E-08  0.17251306E-08 -0.10801212E-08 -0.17269255E-08
 -0.60197499E-09  0.13504616E-08  0.29086914E-08  0.41139883E-08  0.98714678E-05
  0.27405915E-05  0.67027170E-03  0.66495211E-02 -0.44606202E-01 -0.21651329E-01
 -0.21193291E-01  0.77948764E-02 -0.21663799E-02 -0.34516951E-01 -0.23540146E-01
 -0.21981173E-01  0.10844620E-02  0.44776475E-06  0.22470992E-06  0.11516906E-06
  0.49489388E-07  0.19364458E-07  0.79320918E-08
  0.11141087E-09 -0.97079630E-09 -0.30516464E-06 -0.14169346E-04 -0.29610362E-07
  0.14400411E-07 -0.65176029E-03 -0.21609799E-06  0.55149230E-03 -0.14485960E-02
  0.82845615E-03  0.62979339E-02 -0.12307252E-01 -0.25319593E-01  0.16643189E-01
  0.19389189E-01  0.82720167E-02  0.12099558E-03  0.12606189E-07  0.89162748E-08
  0.69969640E-08  0.54683182E-08  0.31551804E-08 -0.12262410E-08 -0.23050681E-08
 -0.64527153E-09  0.22974620E-08  0.47201929E-08  0.65962736E-08  0.11242748E-04
  0.32253601E-05 -0.41777988E-03  0.11330016E-01  0.28963010E-02  0.55377043E-02
 -0.25669976E-01 -0.62876722E-02 -0.36361728E-01  0.35758159E-02  0.88666303E-02
 -0.64389286E-02 -0.80113265E-02 -0.32085431E-02 -0.16321201E-04 -0.57670957E-02
  0.66104283E-07 -0.15398169E-03  0.12938646E-07
 -0.33396045E-09 -0.12316896E-04 -0.35168993E-08  0.11708422E-04  0.51734061E-07
  0.15355615E-06 -0.95565585E-03  0.14521818E-05  0.38187024E-02 -0.38383204E-04
 -0.34953744E-02 -0.33284974E-01  0.19985930E-02  0.97709262E-02 -0.45850596E-02
  0.50036377E-01  0.63009335E-03  0.11240983E-03  0.20129555E-07  0.14504602E-07
  0.11034410E-07  0.89508876E-08  0.53049146E-08 -0.13953378E-08 -0.30734218E-08
 -0.67971077E-09  0.36400754E-08  0.73324912E-08  0.10184186E-07  0.13088545E-04
  0.51358646E-05  0.43391126E-03 -0.38249315E-03  0.82061864E-02  0.10143789E-01
 -0.13107689E-01  0.49146431E-02  0.19690336E-01  0.19031883E-01 -0.36501036E-02
 -0.32470438E-01  0.42405293E-02 -0.59144691E-02  0.19157738E-02  0.30375966E-03
  0.18315412E-04  0.35452876E-07  0.17344090E-07
  0.69483087E-09  0.29245420E-09  0.86990764E-09  0.51099452E-07  0.65724223E-07
 -0.52369595E-06 -0.38033454E-02  0.77095078E-04  0.64288907E-03  0.45095251E-02
 -0.18831721E-01 -0.15999566E-01  0.23261422E-02 -0.17417561E-01 -0.28767379E-01
  0.43512453E-01  0.39260036E-01  0.10292621E-03  0.29212635E-07  0.21466737E-07
  0.16619476E-07  0.13261749E-07  0.82158749E-08 -0.16113679E-08 -0.41545558E-08
 -0.70920487E-09  0.56171232E-08  0.11136221E-07  0.15426225E-07  0.15536682E-04
  0.62021504E-05  0.26675829E-03  0.42617724E-01  0.14503806E-01 -0.15346436E-01
  0.10719784E-01 -0.33051357E-02 -0.60916654E-01  0.65676718E-02 -0.67819881E-02
  0.18313721E-01 -0.10498656E-01  0.76488721E-02 -0.67239498E-03 -0.27891206E-02
  0.96626189E-07  0.39393340E-07  0.21451927E-07
  0.12277168E-08  0.72097012E-08  0.29982477E-07  0.60819222E-03  0.77908040E-03
 -0.33006326E-04  0.40284362E-02 -0.25862002E-02  0.25677372E-02  0.57602395E-02
  0.86922155E-02  0.21171505E-01 -0.81605157E-01  0.25538403E-01 -0.42446281E-01
  0.18568441E+00  0.78245515E-01  0.29062778E-02  0.43188967E-07  0.32309489E-07
  0.25736835E-07  0.20428809E-07  0.12588156E-07 -0.18798102E-08 -0.57013630E-08
 -0.72044005E-09  0.84622279E-08  0.17499519E-07  0.24398635E-07  0.18374739E-04
  0.77724488E-05  0.43515086E-03  0.36737558E-01  0.42491299E-01 -0.70012614E-01
 -0.26733277E-01  0.85686969E-02 -0.39165198E-01  0.19921544E-01 -0.12032985E-02
 -0.19119007E-02 -0.83767310E-02 -0.12486667E-01 -0.12108711E-02  0.27798878E-02
 -0.11749272E-03  0.48453569E-07  0.15221313E-07
 -0.23134942E-03  0.45178175E-08  0.23204666E-08 -0.99017369E-04 -0.11196173E-04
  0.52097537E-03 -0.43823993E-03 -0.59578579E-03 -0.70549929E-04 -0.17227488E-01
 -0.78070255E-02 -0.42489660E-01 -0.16410956E-01 -0.29984127E-01 -0.15062212E-03
 -0.33162865E-01  0.99041954E-01  0.69696652E-03  0.65385097E-07  0.48665173E-07
  0.38123028E-07  0.30976375E-07  0.19440815E-07 -0.22364512E-08 -0.78442282E-08
 -0.68805275E-09  0.12442625E-07  0.27682299E-07  0.40643982E-07  0.22065002E-04
  0.28245962E-05  0.60686098E-03 -0.77606368E-01 -0.28723258E-01 -0.23524293E-02
 -0.10799837E+00 -0.65198495E-01  0.33253396E-02  0.37868528E-01  0.69212630E-02
 -0.67331461E-03 -0.50425231E-02  0.13051431E-03 -0.10186356E-01  0.45353921E-02
 -0.19371194E-06 -0.38400221E-07  0.30212832E-07
  0.31934980E-08  0.38727027E-08  0.21387413E-07  0.30001799E-04  0.22293574E-04
 -0.16534400E-04 -0.23439537E-02  0.36097218E-02 -0.14176467E-01 -0.29951937E-02
 -0.39448472E-02 -0.12805458E-01 -0.34219358E-01 -0.42575440E-01 -0.26755277E+00
  0.56256194E-01  0.12686319E-01  0.35958625E-03  0.84216051E-07  0.65986759E-07
  0.50782362E-07  0.40601270E-07  0.25931489E-07 -0.24402983E-08 -0.98809337E-08
 -0.54189038E-09  0.17589503E-07  0.42747730E-07  0.58560754E-07  0.24760218E-04
  0.25488813E-05  0.15109784E-02  0.92810923E-01 -0.23230647E-01  0.36956670E-01
  0.21564321E-01  0.11894594E-02 -0.33779181E-01 -0.35097792E-01 -0.24251350E-01
 -0.21742000E-01 -0.17943739E-01  0.27275487E-02  0.33145589E-02 -0.52872841E-02
  0.12152253E-06 -0.24169421E-02  0.36557100E-07
  0.73271734E-08  0.18008272E-07 -0.11694927E-06 -0.67435364E-06  0.17085752E-06
 -0.14433567E-02 -0.23749951E-01  0.11207776E-02  0.10976913E-01 -0.24006228E-01
 -0.34807215E-01  0.36261337E-01 -0.18018514E-01 -0.54102959E-03  0.71356464E-02
  0.11015371E+00  0.21000661E-01  0.57395924E-03  0.93607522E-07  0.76318985E-07
  0.58429161E-07  0.46533467E-07  0.30421482E-07 -0.24238630E-08 -0.10964425E-07
 -0.32716487E-09  0.20522791E-07  0.48957855E-07  0.68029873E-07  0.24950012E-04
  0.25604387E-05  0.33528157E-03  0.16272145E-01  0.33060639E-01  0.97777105E-01
 -0.75637957E-01 -0.24156605E-01 -0.72378671E-01 -0.52015089E-01 -0.21207458E-01
 -0.12243165E-02  0.96049046E-02 -0.30152248E-02  0.65136824E-02  0.31764467E-02
  0.52994359E-04  0.36680906E-04  0.52248009E-07
 -0.60314739E-04 -0.13068543E-06 -0.75785755E-06 -0.28282642E-02  0.63274034E-05
 -0.27852822E-05 -0.40463825E-03 -0.10029838E-02 -0.14206713E-01 -0.21387940E-01
  0.43941341E-02 -0.47492703E-01 -0.34570163E-01 -0.68863591E-01  0.22681898E-01
  0.73724440E-01  0.87320822E-03  0.44942397E-03  0.95258206E-07  0.79793277E-07
  0.66623312E-07  0.53666703E-07  0.35039834E-07 -0.24564849E-08 -0.12065753E-07
 -0.12642984E-09  0.24811080E-07  0.56406697E-07  0.70004225E-07  0.23575562E-04
  0.25006080E-05  0.20548248E-03  0.51698638E-02  0.42434612E-01  0.59794417E-01
  0.39281590E-01 -0.28173807E-01  0.75517779E-01  0.32003540E-02  0.94653518E-02
  0.37095284E-01  0.71647950E-02  0.84616503E-02 -0.26604169E-03 -0.32482166E-02
 -0.91455198E-03  0.19514685E-06  0.53303278E-07
  0.29750272E-02 -0.45255712E-06  0.84300913E-06 -0.28797174E-04 -0.63805817E-02
  0.16282500E-02 -0.10220478E-01 -0.53927906E-02  0.33630022E-01 -0.10962810E-01
 -0.23868183E-01 -0.85615038E-01  0.24708551E-01  0.36136117E-01 -0.17159340E-01
  0.26420225E-02  0.48842853E-03  0.41465434E-03  0.93711858E-07  0.83710700E-07
  0.72706553E-07  0.60289051E-07  0.39754967E-07 -0.25120321E-08 -0.13171601E-07
  0.42830252E-10  0.26939734E-07  0.58429273E-07  0.72154250E-07  0.25308487E-04
  0.13606867E-05  0.25074404E-03  0.16207862E-02  0.85401013E-02  0.48114977E-01
  0.70178650E-01  0.46916508E-01 -0.70435610E-01 -0.39999629E-02 -0.34538886E-01
 -0.33726071E-01  0.94444675E-02 -0.11566600E-01 -0.22598274E-01  0.20251840E-02
 -0.16060927E-02  0.47469387E-07  0.55465425E-03
 -0.58183772E-06  0.10971266E-01  0.65680852E-02 -0.14373341E-02 -0.26901421E-02
 -0.46568650E-02 -0.17974667E-01 -0.18561801E-01  0.10072604E-01  0.64790251E-03
  0.25873398E-01 -0.34768750E-01 -0.21554968E-01  0.36039061E-01  0.25282896E-01
  0.30560325E-01  0.47797911E-02  0.49104274E-04  0.94405279E-07  0.88256554E-07
  0.78846683E-07  0.65298520E-07  0.43570804E-07 -0.25957091E-08 -0.14456329E-07
  0.16570986E-09  0.29785226E-07  0.62374136E-07  0.75094398E-07  0.25718718E-04
  0.15286092E-04  0.82950053E-04  0.91819525E-03  0.57266650E-02  0.51975350E-01
  0.75046670E-01  0.70293603E-02 -0.94480407E-01 -0.31800125E-02 -0.87500356E-02
 -0.84503504E-02 -0.67565060E-02  0.14051327E-01 -0.13305797E-01 -0.35683811E-02
  0.33054891E-03 -0.23830006E-02  0.10295998E-06
 -0.14202929E-04  0.78829076E-02 -0.86093794E-04  0.14232691E-02  0.21599726E-01
 -0.17113240E-01 -0.96257322E-02 -0.17058991E-02 -0.52670008E-03  0.24105143E-01
 -0.32188466E-01  0.79665406E-02  0.66427745E-01  0.76809812E-01  0.47219354E-01
  0.18616989E-01  0.70136937E-02  0.29650114E-04  0.91614284E-07  0.87915330E-07
  0.84044472E-07  0.70391016E-07  0.47765320E-07 -0.27348234E-08 -0.15788042E-07
  0.24222151E-09  0.32478023E-07  0.64972268E-07  0.75120923E-07  0.25433752E-04
 -0.16507001E-05  0.24560880E-04  0.17191559E-02  0.80990314E-02  0.57606061E-01
  0.11068463E-01  0.11985792E+00  0.31493363E-01 -0.10449170E-01 -0.48155749E-01
 -0.51581911E-01 -0.10222098E-01 -0.57385552E-02 -0.42272797E-02 -0.12838843E-02
 -0.37305231E-02 -0.66389675E-02  0.56323355E-07
  0.10536138E-01  0.15285614E-02 -0.59477210E-02 -0.84187547E-02 -0.10830501E-01
 -0.21130328E-02  0.23281517E-01 -0.31194938E-01  0.20729289E-01  0.19409084E-01
 -0.18608014E-02  0.12145858E-01  0.35483360E-01  0.36957102E-03 -0.20586591E-01
  0.11766129E-01  0.32353066E-02  0.40929648E-05  0.90446492E-07  0.89786273E-07
  0.87251833E-07  0.75203496E-07  0.52386350E-07 -0.29096440E-08 -0.16988720E-07
  0.26381715E-09  0.34560046E-07  0.66936395E-07  0.76317904E-07  0.25337622E-04
 -0.14562006E-05  0.21981987E-04  0.88333395E-03  0.39988397E-02 -0.47423158E-02
  0.70326323E-02 -0.40708044E-01  0.83278755E-01 -0.25359356E-01  0.99511601E-01
  0.50551723E-01 -0.88523787E-02 -0.42099872E-01 -0.11326840E-02  0.69809124E-02
  0.46618657E-04 -0.44687062E-02 -0.10429236E-06
 -0.12786223E-03  0.11858337E-01  0.80414604E-02  0.15503452E-01  0.20150698E-01
 -0.36581598E-02  0.16161648E-01 -0.14473842E-01  0.13557186E-01 -0.44128492E-02
 -0.20143797E-02  0.10568107E-01  0.15953650E-01  0.12595319E-02  0.15485190E-02
 -0.66663991E-02  0.18130962E-02  0.23279642E-05  0.87178134E-07  0.88230422E-07
  0.92302143E-07  0.80912932E-07  0.56743172E-07 -0.31281366E-08 -0.18211677E-07
  0.23164286E-09  0.37390568E-07  0.71629115E-07  0.78371040E-07  0.25813070E-04
 -0.10706247E-05  0.18883417E-04  0.51539371E-03  0.19195872E-02  0.14892626E-01
  0.35969310E-01  0.34949547E-01  0.17051491E-02 -0.59848720E-01 -0.23039142E-01
  0.11241893E-01  0.92738905E-01 -0.14343309E-02 -0.27153902E-01 -0.13834852E-01
  0.45504270E-02  0.47820048E-02  0.18881420E-02
  0.36741947E-02  0.46982688E-02  0.20279892E-01  0.13726593E-01  0.52398881E-02
  0.93608277E-02 -0.27948474E-01  0.17276366E-01  0.84439018E-02 -0.56970340E-03
 -0.54496011E-02 -0.45918244E-02 -0.35299690E-02 -0.23305661E-02 -0.78888598E-03
  0.99484555E-02  0.73796968E-04  0.19746400E-06  0.83234978E-07  0.87566360E-07
  0.95951273E-07  0.85386994E-07  0.60408949E-07 -0.33260764E-08 -0.19456481E-07
  0.13902542E-09  0.38649468E-07  0.72587227E-07  0.78590536E-07  0.25901533E-04
 -0.12714176E-06  0.77688078E-06  0.52941645E-04  0.20510491E-02  0.84868073E-02
  0.28623494E-01  0.91593082E-01  0.66433214E-02  0.38352028E-01  0.13008352E-01
 -0.23116334E-03  0.65961807E-02  0.50378307E-01 -0.33691601E-01 -0.45980908E-01
 -0.14849282E-01  0.39814580E-03 -0.48100048E-03
  0.66445609E-03 -0.12298436E-02 -0.22998033E-02 -0.36106062E-02  0.13616280E-01
  0.25866973E-03 -0.45338194E-03 -0.18144572E-01  0.70466638E-02  0.26252933E-01
 -0.66789285E-03 -0.70395665E-02  0.14325784E-02  0.13035222E-01 -0.82218387E-02
  0.48239104E-04  0.40496929E-02  0.79830946E-07  0.82615591E-07  0.89902821E-07
  0.99115906E-07  0.89358615E-07  0.64736299E-07 -0.35977129E-08 -0.20534210E-07
 -0.13949764E-10  0.43044916E-07  0.79480290E-07  0.80885304E-07  0.26323774E-04
  0.54385685E-07 -0.41642795E-06  0.73815201E-04  0.23604853E-02 -0.71007142E-03
  0.14001454E-01  0.37897746E-01  0.33761891E-02  0.55685956E-01 -0.57386453E-01
 -0.33461483E-01 -0.92501822E-02 -0.30073696E-02  0.11683640E-01  0.43411454E-01
 -0.11521515E-01  0.75553577E-02 -0.66497320E-03
 -0.96544937E-02  0.91426381E-02  0.26367623E-02  0.99669828E-02  0.26749180E-03
  0.72419188E-02 -0.18310073E-02 -0.65069393E-03  0.71113203E-03  0.59588267E-03
 -0.49855772E-02 -0.12348247E-02 -0.16959153E-02  0.99547594E-03  0.43547069E-04
  0.39127122E-03  0.44107274E-04  0.47224325E-03  0.80395950E-07  0.87267168E-07
  0.99662376E-07  0.92168502E-07  0.69303242E-07 -0.39464190E-08 -0.21836279E-07
 -0.26552821E-09  0.43169561E-07  0.78417536E-07  0.79770842E-07  0.26920461E-04
  0.56083758E-07  0.81672688E-04  0.27566491E-04  0.94161276E-04  0.16748671E-02
  0.26830008E-02  0.20521438E-02  0.60046685E-01  0.15141052E-01  0.34928497E-01
 -0.74219657E-01  0.21432942E-01  0.55174126E-03 -0.66908145E-02 -0.16825138E-01
 -0.72690591E-02  0.28496651E-01  0.34233798E-02
 -0.19965871E-02 -0.98501903E-02 -0.29801462E-02  0.74491782E-03  0.22942598E-02
  0.55847282E-02 -0.38696156E-03 -0.89064092E-03 -0.28205789E-03  0.67491166E-04
  0.46993748E-02  0.72834546E-03  0.15326407E-03 -0.19471101E-03  0.28895653E-03
  0.31235125E-03  0.86472390E-04  0.72271531E-04  0.78600079E-07  0.87047310E-07
  0.10290651E-06  0.97450954E-07  0.72984690E-07 -0.42683505E-08 -0.23016255E-07
 -0.64539764E-09  0.43075336E-07  0.77151813E-07  0.79288277E-07  0.27125904E-04
  0.55559871E-07  0.37516552E-05  0.99283971E-05  0.42586809E-04 -0.11597382E-03
  0.40092548E-02  0.53163490E-02 -0.49847401E-02 -0.23173208E-01  0.43363109E-01
  0.11506021E-01  0.40386775E-01  0.41514599E-01 -0.19809724E-01  0.57057750E-02
 -0.11525682E-01  0.12182245E-01  0.76390299E-02
 -0.24915847E-02 -0.91901276E-04 -0.64993788E-05 -0.42422457E-03 -0.66408793E-03
  0.59401838E-03  0.58738388E-03  0.23817651E-03 -0.27834965E-02  0.51610578E-03
 -0.11270526E-03  0.37537657E-04 -0.40159003E-04  0.29889522E-04 -0.13581877E-02
  0.54470444E-03  0.46678562E-04  0.56274356E-04  0.76071204E-07  0.87084870E-07
  0.10476896E-06  0.99150554E-07  0.76504845E-07 -0.46923927E-08 -0.24150984E-07
 -0.11465789E-08  0.45470513E-07  0.80310202E-07  0.77024280E-07  0.26760965E-04
  0.53981683E-07  0.18994141E-05  0.42884290E-05  0.15242835E-04  0.46601713E-04
  0.65603478E-03  0.20831299E-02  0.98351039E-02  0.11358234E-01  0.13891463E-01
  0.10020999E-01  0.30880451E-01 -0.74836351E-02 -0.14680413E-01  0.12441070E-02
 -0.25798642E-01 -0.19357059E-02 -0.17894483E-02
  0.52173305E-03 -0.21243693E-02  0.49618478E-04  0.53730362E-03  0.52149738E-04
  0.13990837E-04  0.10471802E-02  0.47566478E-04 -0.87608515E-04 -0.14193983E-04
  0.41082553E-03  0.10028734E-01  0.14747561E-03  0.65233542E-03  0.22969232E-03
  0.30720042E-03  0.29109491E-03 -0.73195281E-05  0.75656104E-07  0.86240146E-07
  0.10552012E-06  0.10170085E-06  0.80597447E-07 -0.51526045E-08 -0.25211260E-07
 -0.18186760E-08  0.45087770E-07  0.76884661E-07  0.74246578E-07  0.26132647E-04
  0.52506239E-07  0.20963355E-05  0.17110932E-05  0.51242814E-05  0.10320110E-04
 -0.40143481E-04  0.22387673E-02  0.40849327E-02  0.29529108E-01  0.10460265E-02
  0.41101490E-01 -0.74031379E-01 -0.62314523E-02  0.11929178E-01 -0.15222443E-01
  0.20593469E-01  0.41511195E-02 -0.37372224E-02
  0.48724851E-03 -0.10941540E-04  0.83146878E-04 -0.68485440E-05  0.20556346E-03
  0.41554120E-03  0.38392625E-05  0.50734501E-03  0.68965485E-04  0.28784494E-03
  0.14165565E-03  0.21025326E-03  0.26335577E-03  0.64903421E-04  0.42877740E-04
  0.66470185E-04 -0.85242146E-05 -0.65790138E-05  0.75482898E-07  0.86769184E-07
  0.10564521E-06  0.10326938E-06  0.84199888E-07 -0.56614967E-08 -0.26223801E-07
 -0.26785716E-08  0.44221471E-07  0.73689873E-07  0.70630892E-07  0.25573987E-04
  0.52207284E-07  0.22779712E-05  0.20734667E-05 -0.24313662E-06  0.18463711E-04
  0.10300862E-04 -0.74118568E-05  0.11844600E-03  0.39068121E-02  0.16910125E-01
 -0.49199817E-02 -0.78190778E-03  0.42545926E-02  0.13824679E-01 -0.13343212E-01
  0.21058217E-01 -0.12747201E-01  0.10763179E-03
 -0.48248437E-04 -0.86988048E-04 -0.61551690E-04  0.30463052E-02 -0.61137872E-04
 -0.10869621E-02  0.97106349E-05  0.25636409E-03 -0.93159088E-03  0.58572179E-04
  0.86998091E-04  0.23691873E-06  0.15396698E-04 -0.29304390E-06 -0.55407962E-05
 -0.13913052E-05 -0.61831082E-05 -0.35911202E-05  0.73326769E-07  0.85498215E-07
  0.10815244E-06  0.10617332E-06  0.87978644E-07 -0.62130141E-08 -0.27130180E-07
 -0.37564176E-08  0.42455171E-07  0.72209689E-07  0.70352916E-07  0.24843263E-04
  0.51176740E-07  0.21464166E-03  0.55009302E-06  0.20293193E-05  0.58857059E-05
  0.24858857E-04  0.41539874E-04 -0.42041288E-04 -0.24562468E-04  0.49377460E-02
  0.84816352E-02  0.87399581E-02  0.10421778E-02 -0.61005959E-02  0.38794486E-01
  0.48097684E-02 -0.21017464E-01  0.13637317E-02
 -0.98906412E-05  0.76087951E-04  0.91750135E-04  0.49163121E-02  0.30524166E-04
  0.38721084E-04  0.47363459E-04  0.10013453E-04  0.28919977E-06  0.11199630E-05
  0.90792177E-06 -0.11946195E-05 -0.59954581E-06 -0.48244954E-06 -0.44694536E-07
 -0.40722994E-05 -0.47179337E-05  0.63452725E-07  0.72410454E-07  0.86269422E-07
  0.10911977E-06  0.10793398E-06  0.92915741E-07 -0.69693807E-08 -0.28304807E-07
 -0.50105623E-08  0.41841739E-07  0.72029302E-07  0.68484358E-07  0.24087189E-04
  0.50791263E-07  0.15678202E-04  0.87105316E-05  0.30378206E-05  0.19014967E-05
  0.60543561E-04  0.12940616E-03  0.54530416E-05  0.28062979E-03  0.35774336E-03
  0.15415438E-03 -0.40971748E-03 -0.26500738E-02  0.11823484E-02 -0.84836943E-04
 -0.15202030E-01  0.93146492E-02  0.39158304E-04
  0.11243107E-05 -0.19614858E-04  0.11358758E-02  0.40713150E-05  0.49331183E-05
  0.59833448E-05  0.55206707E-04  0.36495213E-06  0.36640298E-06 -0.18822352E-06
 -0.33644296E-06 -0.27564991E-06 -0.52395696E-07  0.19553440E-07  0.18672653E-07
 -0.35385622E-05 -0.39966223E-05  0.59877634E-07  0.70836719E-07  0.85816440E-07
  0.11125028E-06  0.11116118E-06  0.98407067E-07 -0.78248190E-08 -0.29691456E-07
 -0.65934564E-08  0.40024851E-07  0.70807873E-07  0.34201183E-04  0.22943775E-04
  0.51276135E-07 -0.37624524E-05  0.41141708E-04  0.15231941E-05  0.26203128E-03
  0.38134700E-04  0.32798641E-04  0.51345243E-04  0.51173923E-04  0.93005370E-05
  0.16885427E-03 -0.35727584E-04  0.65407131E-02  0.66438375E-02 -0.17455251E-01
  0.30581701E-02 -0.28459150E-02 -0.51126808E-03
  0.23349983E-05  0.14325132E-06  0.80852262E-07  0.76184403E-07  0.24567485E-07
 -0.50677328E-07 -0.10887202E-06 -0.14970610E-06 -0.10616765E-06 -0.66498599E-07
 -0.42852130E-08  0.13735743E-07  0.14345543E-07  0.15004565E-07 -0.12292999E-05
 -0.59470470E-04 -0.33153867E-06  0.56688403E-07  0.70616315E-07  0.87756365E-07
  0.11612861E-06  0.11595085E-06  0.10712686E-06 -0.90484555E-08 -0.31322289E-07
 -0.85141829E-08  0.38078014E-07  0.70796880E-07  0.22512061E-05  0.21686873E-04
  0.26826078E-06  0.53991737E-06  0.13195095E-04  0.38365831E-04  0.20867144E-05
  0.51877029E-04  0.31615678E-04 -0.81921358E-04  0.15875919E-04  0.28728424E-04
  0.30376343E-04  0.60108584E-02  0.30499439E-03  0.88442040E-03 -0.32100227E-04
 -0.40273658E-04  0.18406166E-02 -0.72151842E-05
 -0.32537273E-07 -0.38545569E-07 -0.33718123E-07 -0.23521196E-07 -0.28611084E-07
 -0.32657943E-07 -0.28565306E-08  0.77825855E-08  0.83337518E-08  0.90913208E-08
  0.97575151E-08  0.10437723E-07  0.11107092E-07 -0.88513364E-06 -0.13983318E-05
 -0.20649584E-07  0.38839079E-07  0.54994349E-07  0.72231476E-07  0.92041002E-07
  0.12410858E-06  0.12593916E-06  0.12269501E-06 -0.11012750E-07 -0.34313000E-07
 -0.10991903E-07  0.36535968E-07  0.70371179E-07  0.22582852E-05  0.15914302E-04
  0.36755255E-05  0.88315099E-06 -0.17330255E-05  0.72974498E-05  0.40694217E-04
  0.79854553E-03  0.48703245E-04  0.41058981E-04 -0.53804541E-05 -0.17530652E-04
  0.10381871E-05  0.20850689E-04  0.20003724E-03  0.81509783E-04 -0.71820893E-05
  0.17373136E-04  0.22193458E-04  0.33422002E-04
  0.33873193E-08  0.36492222E-08  0.39218042E-08  0.43182666E-08  0.46911743E-08
  0.51012921E-08  0.55390115E-08  0.60455359E-08  0.65938572E-08  0.71739674E-08
  0.77255811E-08  0.82272033E-08  0.89090870E-08  0.74597475E-04  0.10050844E-07
  0.19277621E-07  0.36356061E-07  0.55384750E-07  0.76241184E-07  0.10101348E-06
  0.14101264E-06  0.14483845E-06  0.15115997E-06 -0.14465491E-07 -0.39110321E-07
 -0.14302095E-07  0.36904081E-07  0.74174264E-07  0.21807532E-05  0.12210363E-06
  0.15834196E-04  0.40704468E-06 -0.17329025E-05  0.11695406E-05  0.21543005E-07
  0.32587902E-04  0.62454970E-02  0.40250321E-03  0.16860677E-03  0.26211086E-05
 -0.10425876E-07  0.18476658E-03 -0.44953566E-04  0.73903381E-04  0.43372636E-02
  0.37132246E-02 -0.47231557E-04  0.41233909E-05
  0.30652269E-08  0.32659095E-08  0.34777964E-08  0.37351806E-08  0.40062616E-08
  0.43380027E-08  0.47063330E-08  0.50986413E-08  0.55673495E-08  0.61415348E-08
  0.67012062E-08  0.73035268E-08  0.79333801E-08  0.86890951E-08  0.90351987E-08
  0.18473598E-07  0.36436371E-07  0.59434990E-07  0.87006532E-07  0.11917760E-06
  0.17221233E-06  0.18264935E-06  0.21714714E-06 -0.22204370E-07 -0.48405610E-07
 -0.19325423E-07  0.38628255E-07  0.80930615E-07  0.13022521E-05  0.11726846E-06
  0.12786678E-04  0.47300347E-07  0.11093394E-04 -0.15183964E-05  0.83604920E-06
  0.40098102E-03 -0.33173295E-05 -0.56151585E-05 -0.30035993E-04  0.72879758E-04
  0.88656234E-04  0.52538661E-02  0.14099398E-04  0.64421194E-04 -0.10012940E-05
  0.20284940E-05  0.27028335E-05  0.31905945E-06
  0.29424869E-08  0.31369421E-08  0.33522551E-08  0.36051427E-08  0.38673651E-08
  0.41834871E-08  0.45449240E-08  0.49428891E-08  0.53698594E-08  0.58263826E-08
  0.63501508E-08  0.69341934E-08  0.76665382E-08  0.86498538E-08  0.92420188E-08
  0.19288051E-07  0.38975832E-07  0.68212998E-07  0.10590574E-06  0.15273360E-06
  0.23363292E-06  0.25939822E-06  0.34583260E-06 -0.42284636E-07 -0.67223038E-07
 -0.27871485E-07  0.46386007E-07  0.10033308E-06  0.92840149E-06  0.11977957E-06
 -0.78751395E-03  0.55358200E-07  0.44082893E-06 -0.82283451E-06 -0.93974329E-06
  0.32969500E-06  0.28913196E-05 -0.45376562E-05 -0.13943757E-05 -0.37540641E-05
 -0.19364090E-04 -0.48283719E-05  0.30558812E-05  0.19195875E-04  0.28949921E-04
  0.64258730E-05 -0.35865777E-02  0.28402050E-03
  0.32341326E-08  0.34104471E-08  0.36108457E-08  0.38553783E-08  0.41298319E-08
  0.44495954E-08  0.48110815E-08  0.52484655E-08  0.57602719E-08  0.63041275E-08
  0.69365838E-08  0.76805532E-08  0.85187383E-08  0.96477445E-08  0.10444239E-07
  0.22086370E-07  0.47744037E-07  0.84958841E-07  0.14571580E-06  0.23365391E-06
  0.39853117E-06  0.47131069E-06  0.70669292E-06 -0.10412212E-06 -0.11120196E-06
 -0.45550791E-07  0.67069773E-07  0.14568801E-06  0.13813860E-06  0.26526171E-07
  0.28369130E-05  0.71776316E-07  0.53559022E-07  0.29288170E-06 -0.52130065E-06
 -0.59045628E-06  0.59106555E-07  0.15781353E-05  0.10288641E-05 -0.13152698E-05
 -0.28071961E-06 -0.13612876E-06 -0.22991035E-05 -0.48259944E-05  0.16840430E-04
 -0.91092794E-06 -0.76537367E-06 -0.40775791E-06
 -0.95638707E-04 -0.96331038E-02 -0.98397919E-02 -0.14824759E+00 -0.11817918E+03
 -0.35669927E+00 -0.54503081E+00 -0.59870570E+00 -0.47513489E-01 -0.12430882E+01
 -0.45805721E+00 -0.29566736E+00 -0.18029174E+00  0.95033013E-02 -0.77645825E-01
 -0.59479557E+02 -0.44552560E+02 -0.37691499E+01 -0.49768070E-01 -0.38933964E-01
 -0.35151951E-01 -0.45994632E-01 -0.78019840E-01 -0.90440029E-01 -0.77881541E-01
 -0.61415718E-01 -0.57342457E-01 -0.51986749E-01 -0.46107866E-01 -0.88955845E+00
 -0.16839003E+00 -0.20261015E+01 -0.12599424E+02 -0.49217795E+00  0.92563244E+00
  0.33220058E+01  0.50639236E+01  0.40199505E+01  0.43938394E+01 -0.33015887E+02
  0.17839359E+01  0.50164318E+00  0.23122926E+00  0.13866131E-01 -0.42396745E-01
 -0.33296418E-02 -0.30102279E-02 -0.62748835E-04
 -0.70355500E-04 -0.51149406E-02 -0.15134057E-01 -0.11548961E+00 -0.18598157E-01
 -0.17242978E+00 -0.46160346E+00 -0.62279001E+00 -0.10012907E+01 -0.21674946E+01
 -0.18115024E+00  0.11943653E+00  0.12514422E+00 -0.35376825E+00 -0.10440667E+00
 -0.11854175E+03 -0.83970301E+02 -0.46924338E+01 -0.55022945E-01 -0.43263742E-01
 -0.41410614E-01 -0.54889404E-01 -0.88547143E-01 -0.10061987E+00 -0.85730190E-01
 -0.68231911E-01 -0.63893953E-01 -0.57594890E-01 -0.51196692E-01 -0.10178376E+01
 -0.12312978E+00 -0.46196669E+01 -0.22933130E+03 -0.66496313E+00 -0.13773668E-01
  0.24840151E+01  0.47098483E+01  0.43241255E+01  0.32629654E+01  0.28282196E+01
  0.15925741E+01  0.53614105E+00  0.29954577E+00  0.10947588E+00 -0.10680787E+00
 -0.44928210E-02 -0.21125165E-02 -0.90866850E-03
 -0.80021065E-03 -0.44940263E-02 -0.11433264E-01 -0.53972452E-01 -0.14939813E-01
 -0.56286914E-01 -0.63081569E+00 -0.56318806E+00 -0.75885527E+00 -0.31557289E+00
 -0.81210426E+00  0.18380380E+00  0.16638631E+00  0.22706525E+00 -0.39484761E+00
 -0.19405437E+03 -0.18313855E+03 -0.53152697E+01 -0.60072595E-01 -0.47591947E-01
 -0.45901516E-01 -0.60971642E-01 -0.98446443E-01 -0.11215450E+00 -0.95059461E-01
 -0.75227959E-01 -0.71014967E-01 -0.64296270E-01 -0.57719776E-01 -0.11652497E+01
 -0.13924192E+00 -0.56913490E+01 -0.89378445E+02 -0.11287697E+01 -0.10071821E+01
  0.12549544E+01  0.44180415E+01  0.47690302E+01  0.31478020E+01  0.26304333E+01
  0.13020404E+01  0.12046199E+01  0.54664074E+00  0.15416478E+00  0.32907200E-01
  0.10139094E-02 -0.33492920E-02 -0.49526420E-03
 -0.49313620E-03 -0.36860099E-02 -0.21570173E-01 -0.33162370E-01 -0.67067650E-01
 -0.91718554E-01 -0.35083561E+00 -0.44996967E+00 -0.60759364E+00 -0.79371175E+00
 -0.16422864E+00  0.20565797E+00  0.85100932E+00  0.22493015E+00 -0.32588004E+00
 -0.27747977E+03 -0.32044905E+03 -0.76718773E+01 -0.65752042E-01 -0.52440990E-01
 -0.51306919E-01 -0.66987593E-01 -0.10942551E+00 -0.12635771E+00 -0.10721707E+00
 -0.84949044E-01 -0.79351664E-01 -0.71888614E-01 -0.64268983E-01 -0.13276397E+01
 -0.15554443E+00 -0.61112193E+01 -0.20384756E+03 -0.20344072E+01 -0.20911030E+01
  0.79922936E+00  0.50972935E+01  0.63293230E+01  0.49589268E+01  0.26670933E+01
  0.23386507E+01  0.12061988E+01  0.52685055E+00  0.23425582E+00  0.51256566E-02
  0.51676319E-02  0.13290831E-03 -0.15948654E-03
 -0.29138622E-02 -0.10882819E-01 -0.17304530E-01 -0.10750116E-01 -0.43673540E-01
 -0.12746579E+00 -0.41138255E+00 -0.19764208E+00 -0.75085041E+00 -0.30625090E+00
 -0.63947109E-01 -0.12009838E+00  0.14518775E+01  0.11671402E+01 -0.61208724E+00
 -0.10379983E+04 -0.54722556E+03 -0.11176633E+02 -0.73668591E-01 -0.59758643E-01
 -0.56776031E-01 -0.76713932E-01 -0.12516160E+00 -0.14224195E+00 -0.12055792E+00
 -0.95463845E-01 -0.89178885E-01 -0.81258912E-01 -0.72459076E-01 -0.15466641E+01
 -0.20461810E+00 -0.93845764E+01 -0.44738458E+03 -0.28689485E+01 -0.42420146E+01
  0.41273632E+00  0.51496514E+01  0.84146832E+01  0.69954666E+01  0.41738539E+01
 -0.22906844E+01  0.14429189E+01  0.50081175E+00  0.88863106E-01 -0.69397829E+01
 -0.15231428E-01 -0.20315628E-02  0.19712684E-03
 -0.44928666E-03 -0.29849991E-02 -0.10834831E-01 -0.49321696E-01 -0.11623417E+00
 -0.30066589E+00 -0.29785342E+00 -0.33394285E+00 -0.54277266E+00 -0.70820203E+00
 -0.76971681E+00 -0.79087938E+02  0.28599444E+01  0.21605415E+01 -0.47434124E+00
 -0.11730743E+04 -0.10238328E+04 -0.10329124E+02 -0.78212745E-01 -0.64581499E-01
 -0.62759208E-01 -0.83441043E-01 -0.13997112E+00 -0.16175954E+00 -0.13693687E+00
 -0.10865122E+00 -0.10161107E+00 -0.91992263E-01 -0.81681722E-01 -0.18379766E+01
 -0.23620154E+00 -0.71494764E+01 -0.77319554E+03 -0.64738335E+01 -0.55350363E+01
 -0.14894517E-01  0.69893392E+01  0.97846177E+01  0.90630962E+01  0.64424733E+01
  0.26184226E+01  0.10313979E+01  0.74767607E+00  0.62356088E-01  0.18663700E-01
  0.14233373E-01 -0.95952119E-02 -0.63921038E-03
 -0.11222444E-02 -0.14444963E-01 -0.54944226E-01 -0.61614529E-01 -0.78538341E-01
 -0.21644835E+00 -0.20876973E+00 -0.67750909E+00 -0.25152489E+00 -0.70181303E+00
  0.74990868E+00  0.20687906E+01  0.33402278E+01  0.29271126E+01 -0.73073410E+00
 -0.14264873E+04 -0.16024864E+04 -0.34099761E+02 -0.86239993E-01 -0.72397619E-01
 -0.72899939E-01 -0.96705527E-01 -0.16003139E+00 -0.18456763E+00 -0.15686955E+00
 -0.12452725E+00 -0.11531291E+00 -0.10772646E+00 -0.94805009E-01 -0.21768759E+01
 -0.27796666E+00 -0.98618366E+01 -0.37883960E+04 -0.17109102E+03 -0.14499542E+02
 -0.38230689E+01  0.83178038E+01  0.12723643E+02  0.11767246E+02  0.82043289E+01
  0.39424702E+01 -0.74736050E+00  0.38811462E+00  0.11960166E+00 -0.45069480E-01
  0.18172330E-01  0.14923662E-02 -0.58391871E-02
 -0.10190969E-01 -0.16402194E-01 -0.63270091E-02 -0.36122988E-01 -0.20541554E+00
 -0.15895291E+00 -0.54811878E+00 -0.75950610E+00 -0.70569563E+00  0.23604898E+00
  0.27922629E+01  0.30515582E+01  0.44707826E+01 -0.10815779E+02  0.15479660E+02
 -0.21301404E+03 -0.36907213E+04 -0.47038400E+02 -0.96953708E-01 -0.81302754E-01
 -0.81608665E-01 -0.11144499E+00 -0.18701174E+00 -0.21270809E+00 -0.17863819E+00
 -0.14135102E+00 -0.12879557E+00 -0.12537125E+00 -0.11230569E+00 -0.26183827E+01
 -0.17989408E+00 -0.22796061E+02 -0.56210281E+04 -0.48279432E+02 -0.11810610E+03
 -0.79871988E+01  0.58307710E+01  0.31109775E+01  0.14035379E+02 -0.93383265E+01
  0.53895790E+01  0.22793525E+01  0.74151197E+00 -0.80572864E+00 -0.14913173E+03
 -0.49115241E-01 -0.24875768E-01  0.12703009E-02
 -0.54119702E-03 -0.21323263E-02 -0.26009193E-01 -0.14357647E+00 -0.20534335E+00
 -0.48785636E+00 -0.15414397E+01 -0.23312360E+01 -0.30094546E+01  0.74534168E+00
  0.38345015E+01  0.48396713E+01  0.87868326E+01  0.16105687E+02  0.10148472E+03
 -0.20285715E+03 -0.27991165E+04 -0.42347708E+02 -0.95351474E-01 -0.83415142E-01
 -0.83500506E-01 -0.11324728E+00 -0.19300906E+00 -0.22206009E+00 -0.18603142E+00
 -0.14667069E+00 -0.13917992E+00 -0.14410314E+00 -0.11842305E+00 -0.29410902E+01
 -0.16882788E+00 -0.17987725E+02 -0.40945762E+04 -0.35879859E+03 -0.16572964E+03
 -0.20552542E+02  0.70186995E+01  0.19107511E+02  0.15965357E+02  0.11795414E+02
  0.29197573E+01  0.27403101E+01  0.63581278E+00 -0.15083864E+01 -0.51536788E+00
 -0.18283212E+00 -0.16618239E-01  0.12313465E-02
 -0.20131988E-02 -0.20421438E-01 -0.74631574E-01 -0.26438322E+00 -0.76934952E+00
 -0.18802897E+01 -0.30886249E+01 -0.17598172E+01 -0.83473828E+00  0.20447029E+00
  0.40736374E+01  0.89286003E+01  0.18573302E+02  0.32175488E+02  0.64354616E+02
 -0.21412241E+03 -0.14524767E+04 -0.40122927E+02 -0.86062752E-01 -0.76361536E-01
 -0.76416729E-01 -0.10425246E+00 -0.18179661E+00 -0.20870865E+00 -0.17308732E+00
 -0.13777777E+00 -0.12796970E+00 -0.13005657E+00 -0.11048639E+00 -0.29667584E+01
 -0.15332264E+00 -0.11353016E+02 -0.11333587E+04 -0.28695825E+04 -0.65426021E+03
 -0.43800484E+02 -0.55229099E+01 -0.31590507E+02 -0.36416939E+02  0.42206624E+01
  0.72762025E+01  0.25906013E+01 -0.24683497E+02 -0.67560569E+00 -0.11044659E+01
 -0.26890787E+00 -0.10044786E+00 -0.17697575E-01
 -0.11970566E-01 -0.11458181E+00 -0.49594335E+00 -0.75952060E+00 -0.92208342E+00
 -0.18791644E+01 -0.23959526E+01 -0.11372730E+01 -0.94802811E+00  0.37592210E+00
  0.55800476E+01  0.14481681E+02  0.26496447E+02  0.47993302E+02  0.39100942E+02
 -0.15434132E+03 -0.57920774E+03 -0.32527454E+02 -0.75089101E-01 -0.66409662E-01
 -0.71877470E-01 -0.99541833E-01 -0.17345545E+00 -0.19846844E+00 -0.16254518E+00
 -0.12983938E+00 -0.12625597E+00 -0.12474425E+00 -0.97896298E-01 -0.28865625E+01
 -0.13813451E+00 -0.98748798E+01 -0.17681402E+03 -0.16509155E+04 -0.97082159E+03
 -0.13573924E+03 -0.16379402E+02  0.25016736E+02  0.28174873E+02  0.20341610E+02
 -0.15773971E+03  0.89536413E+00 -0.15992170E+03 -0.30833133E+00 -0.10933354E+02
 -0.45864824E+00 -0.96583765E-01 -0.18028271E-01
 -0.22984975E+00 -0.91442209E+00 -0.91533656E+00 -0.79682031E+02 -0.13800085E+01
 -0.34573255E+01 -0.78196052E+02 -0.26956724E+01 -0.44580790E+01  0.81702206E+00
  0.76466225E+01  0.16007576E+02 -0.13460124E+03  0.51209551E+02  0.12349640E+02
 -0.19175668E+03 -0.10198497E+04 -0.97273686E+01 -0.65600191E-01 -0.59934619E-01
 -0.66482529E-01 -0.94558218E-01 -0.16642904E+00 -0.18888639E+00 -0.15343412E+00
 -0.12206900E+00 -0.11510960E+00 -0.11107464E+00 -0.89656406E-01 -0.30009323E+01
 -0.10127328E+00 -0.69035308E+01 -0.49880293E+02 -0.83134250E+03 -0.20554733E+04
 -0.69830341E+03 -0.63228425E+02  0.17910887E+02  0.36629287E+02  0.22909811E+02
  0.15285452E+02  0.57731161E+01 -0.10810585E+01 -0.21391762E+01 -0.71155912E+02
 -0.94211170E+00 -0.23595545E+00 -0.45040701E-01
 -0.96630789E+00 -0.21553747E+01 -0.22003569E+01 -0.28760291E+01 -0.48942591E+01
 -0.14098816E+02 -0.65890544E+01 -0.35482417E+02 -0.83911529E+01  0.12794103E+01
  0.71833575E+01 -0.15168862E+03  0.23403275E+02  0.31823105E+02 -0.66860517E+02
 -0.21998079E+03 -0.33464585E+03 -0.37298711E+01 -0.59882030E-01 -0.55438045E-01
 -0.62260941E-01 -0.88200102E-01 -0.15693689E+00 -0.18006318E+00 -0.14702742E+00
 -0.11713865E+00 -0.10933623E+00 -0.10389425E+00 -0.84027642E-01 -0.30592592E+01
 -0.19113931E+00 -0.31290185E+01 -0.31271793E+02 -0.42402754E+03 -0.15036212E+04
 -0.92351909E+03 -0.12589754E+03  0.23617108E+02  0.34682203E+02  0.30351062E+02
  0.16267398E+02  0.83505101E+01  0.16080131E+01 -0.41843266E+01 -0.16381544E+03
 -0.94605662E+00 -0.26453008E+00 -0.59133119E-01
 -0.15744037E+01 -0.14965730E+01 -0.17028832E+01 -0.35171913E+01 -0.90007050E+01
 -0.13699429E+02 -0.13535756E+02 -0.13909832E+02 -0.74276224E+01  0.56002975E-01
  0.27588623E+01  0.10948265E+02  0.22881587E+02  0.13139984E+02 -0.47579532E+01
 -0.16151488E+03 -0.29598495E+03 -0.17108196E+01 -0.53622221E-01 -0.49284251E-01
 -0.58181504E-01 -0.83018839E-01 -0.15022848E+00 -0.17340728E+00 -0.14116406E+00
 -0.11170410E+00 -0.10404547E+00 -0.96091730E-01 -0.76471169E-01 -0.30364365E+01
 -0.27564278E+00 -0.14471327E+01 -0.36063209E+02 -0.19079353E+03 -0.98860095E+03
 -0.18523634E+04 -0.20798615E+03 -0.14599787E+02  0.44623753E+02  0.31844492E+02
  0.16965808E+02  0.26717812E+01  0.20482712E+01 -0.75939929E+01 -0.13022476E+01
 -0.18485832E+01 -0.10701010E+01 -0.18106493E+01
 -0.65843128E+01 -0.51663007E+01 -0.10354762E+03 -0.13847142E+02 -0.17487397E+02
 -0.16182634E+02 -0.17810871E+03 -0.16203292E+02 -0.11096106E+02 -0.40823330E+01
 -0.41122187E+01  0.10688713E+02  0.49785755E+01  0.68255213E+00 -0.15603576E+02
 -0.15878284E+03 -0.29742426E+03 -0.33268361E+00 -0.49742855E-01 -0.45557397E-01
 -0.53669479E-01 -0.78309796E-01 -0.14530464E+00 -0.16733015E+00 -0.13435098E+00
 -0.10629760E+00 -0.98003714E-01 -0.89030128E-01 -0.71318338E-01 -0.30368494E+01
 -0.26000172E+00 -0.11788086E+01 -0.34255398E+02 -0.13666946E+03 -0.84493223E+03
 -0.14560745E+04 -0.28351520E+03 -0.92610530E+02  0.49340996E+02  0.42425442E+02
  0.18716182E+02  0.25371752E+01 -0.13074921E+01 -0.44728656E+01 -0.17635354E+02
 -0.37196872E+01 -0.11873887E+01 -0.45439896E+00
 -0.11503552E+02 -0.14622121E+02 -0.15287490E+02 -0.19433909E+03 -0.25089094E+02
 -0.34781742E+02 -0.25554832E+02 -0.16015183E+02 -0.14268613E+02 -0.19384938E+02
 -0.12674115E+01 -0.54328344E+00 -0.18536684E+02 -0.42306104E+01 -0.22761801E+02
 -0.29946905E+03 -0.76122764E+02 -0.21796301E+00 -0.45475349E-01 -0.41044423E-01
 -0.51014286E-01 -0.74962478E-01 -0.13981722E+00 -0.16200356E+00 -0.12811477E+00
 -0.10091666E+00 -0.94803724E-01 -0.86375149E-01 -0.67626950E-01 -0.31158007E+01
 -0.23786248E+00 -0.17974698E+01 -0.19243154E+02 -0.88197935E+02 -0.66862367E+03
 -0.17782185E+04 -0.10413075E+04 -0.31285099E+02  0.17976677E+02  0.44220834E+02
  0.30378274E+02  0.27633043E+01 -0.15349966E+02 -0.15916641E+02 -0.47865648E+02
 -0.48242462E+01 -0.37572411E+01 -0.14603176E+01
 -0.26556858E+02 -0.19860015E+03 -0.13362572E+03 -0.61211663E+02 -0.42154017E+02
 -0.21915089E+02 -0.25029574E+02 -0.33094145E+02 -0.11892233E+02 -0.33555495E+01
  0.15466202E+01  0.13145909E+01  0.33189852E+01 -0.98151113E+01 -0.25704145E+03
 -0.18039959E+03 -0.84212990E+01 -0.60871051E-01 -0.41435512E-01 -0.37738892E-01
 -0.48017583E-01 -0.70853364E-01 -0.13304584E+00 -0.15400825E+00 -0.12222078E+00
 -0.96959320E-01 -0.88402190E-01 -0.79892693E-01 -0.62928974E-01 -0.31408785E+01
 -0.17376329E+00 -0.26722592E+00 -0.57261562E+01 -0.61150292E+02 -0.45921223E+03
 -0.11352804E+04 -0.81270122E+03 -0.87225673E+02  0.85458020E+01  0.42592069E+02
  0.20940652E+02  0.12161758E+02 -0.52629592E+01 -0.12603657E+02 -0.34792045E+03
 -0.25182580E+03 -0.59504625E+01 -0.31031720E+01
 -0.64965145E+02 -0.86626370E+02 -0.33512269E+02 -0.69541446E+02 -0.30081685E+02
 -0.45228211E+02 -0.15239540E+02 -0.40376569E+01 -0.73532237E+02  0.34428772E+00
  0.22263430E+01  0.79428903E+00 -0.60050166E+01 -0.19440365E+03 -0.78518820E+02
 -0.91508003E+01 -0.84760100E+02 -0.52007322E-01 -0.39267551E-01 -0.36013971E-01
 -0.45174996E-01 -0.66803072E-01 -0.12814513E+00 -0.14810595E+00 -0.11551958E+00
 -0.92452181E-01 -0.89267201E-01 -0.80208572E-01 -0.60317724E-01 -0.32077441E+01
 -0.48047324E-01 -0.35561535E+00 -0.38469470E+01 -0.23608174E+02 -0.83860322E+02
 -0.87749741E+03 -0.79010531E+03 -0.10540045E+03  0.19120920E+02  0.25576508E+02
  0.17273136E+02  0.13434463E+02 -0.18202804E+01 -0.45353479E+01 -0.10947221E+02
 -0.20370254E+02 -0.11505125E+02 -0.52871661E+01
 -0.19265690E+02 -0.17587101E+02 -0.10438554E+02 -0.15644597E+02 -0.21401258E+02
 -0.65121550E+01 -0.19306177E+01 -0.21097666E-01 -0.32321063E+02  0.13521113E+01
 -0.38045974E+01 -0.85880422E+01 -0.13850549E+02 -0.88888070E+01 -0.16122346E+01
 -0.62304944E+01 -0.21422950E+02 -0.50552817E+00 -0.36289886E-01 -0.32644887E-01
 -0.41711063E-01 -0.62426350E-01 -0.12382156E+00 -0.14368775E+00 -0.11017907E+00
 -0.87759939E-01 -0.81773941E-01 -0.72932595E-01 -0.55645878E-01 -0.32978095E+01
 -0.43374429E-01 -0.31860341E+00 -0.23443142E+01 -0.12944758E+02 -0.64735377E+02
 -0.18856460E+03 -0.76640550E+03 -0.19992716E+03 -0.15181694E+02  0.20831467E+02
  0.16058320E+02 -0.10987744E+02 -0.13232054E+00 -0.11690565E+02 -0.19448404E+02
 -0.93704105E+01 -0.11898166E+02 -0.38280375E+01
 -0.15187738E+01 -0.13649837E+01 -0.14195217E+01 -0.38851390E+02 -0.14922784E+01
 -0.10280110E+01 -0.32844796E+00  0.27485202E+00 -0.12787163E+01 -0.48717034E+01
 -0.10190410E+02 -0.53191320E+02 -0.64996682E+01 -0.31753567E+01 -0.65510047E+01
 -0.46211847E+02 -0.93667869E+01 -0.16057307E+01 -0.33656799E-01 -0.30539897E-01
 -0.39773500E-01 -0.60066679E-01 -0.11798588E+00 -0.13660266E+00 -0.10423020E+00
 -0.82557829E-01 -0.75251454E-01 -0.66704197E-01 -0.52126490E-01 -0.33430812E+01
 -0.41107965E-01 -0.26470966E+00 -0.88008818E+00 -0.29586932E+01 -0.16653606E+02
 -0.91835405E+02 -0.31114134E+03 -0.62992912E+03 -0.67126465E+02  0.76859682E+00
  0.20497537E+02  0.35568189E+01 -0.20499391E+03 -0.18841940E+02 -0.51715997E+02
 -0.26696999E+02 -0.11975098E+02 -0.17361407E+03
 -0.20232365E+00 -0.40677583E+00 -0.41437893E+00 -0.20964733E+00 -0.33201019E+00
 -0.13674639E+01 -0.25546175E+01 -0.52406269E+01 -0.77010677E+01 -0.30517488E+01
 -0.26862564E+02 -0.10935851E+02 -0.83847002E+01 -0.23463647E+01 -0.22877779E+02
 -0.36666891E+02 -0.13249516E+01 -0.13394953E+01 -0.30820752E-01 -0.28701408E-01
 -0.37497258E-01 -0.55831535E-01 -0.11234430E+00 -0.13116840E+00 -0.98168981E-01
 -0.77184601E-01 -0.73740119E-01 -0.64988252E-01 -0.48104891E-01 -0.33217622E+01
 -0.38295383E-01 -0.22708615E+00 -0.39947443E+00 -0.16377024E+01 -0.25549844E+01
 -0.31849277E+02 -0.10631679E+03 -0.24099118E+03 -0.27172271E+03 -0.67585865E+02
  0.67814944E+00  0.10548751E+02 -0.61113996E+02 -0.12232600E+02 -0.64486318E+02
 -0.82363787E+02 -0.10704191E+03 -0.15266343E+02
 -0.88039387E+00 -0.15635090E+01 -0.22006228E+01 -0.22241580E+01 -0.34665181E+01
 -0.42796840E+01 -0.40903894E+01 -0.11781695E+01 -0.35776076E+01 -0.61692610E+01
 -0.20438131E+02 -0.11700138E+02 -0.14089985E+02 -0.28149238E+02 -0.14017680E+02
 -0.91588707E+01 -0.45203026E+01 -0.37465039E+00 -0.28697193E-01 -0.26635766E-01
 -0.35040059E-01 -0.52467122E-01 -0.10784914E+00 -0.12523229E+00 -0.91911010E-01
 -0.72524342E-01 -0.68531788E-01 -0.58663241E-01 -0.44228928E-01 -0.32689499E+01
 -0.35707152E-01 -0.21496556E+00 -0.16094701E+00 -0.43066839E+00 -0.23905645E+01
 -0.70105344E+00 -0.26901058E+02 -0.50127473E+02 -0.24372398E+03 -0.41654875E+03
 -0.23374562E+03 -0.10575367E+02  0.38459888E-01  0.27363705E+01 -0.33998362E+01
 -0.13767670E+03 -0.73713131E+02 -0.21928342E+02
 -0.13271489E+01 -0.68030337E+00 -0.22684575E+01 -0.42178081E+01 -0.40936410E+01
 -0.31456193E+01 -0.51119993E+01 -0.25959001E+02 -0.15997211E+02 -0.23089134E+02
 -0.14573254E+02 -0.20763757E+02 -0.12152599E+02 -0.23495873E+01 -0.78424204E+00
 -0.17844098E+01 -0.30635298E+00 -0.33982928E+00 -0.26521106E-01 -0.25053786E-01
 -0.32561054E-01 -0.48884652E-01 -0.10276145E+00 -0.11929438E+00 -0.85755797E-01
 -0.67664477E-01 -0.63699161E-01 -0.53294602E-01 -0.40168048E-01 -0.32254234E+01
 -0.33845037E-01 -0.20551906E+00 -0.14675762E+00 -0.37916910E-01 -0.27347882E+01
 -0.14575402E+01 -0.14271687E+01 -0.11446342E+02 -0.72970483E+02 -0.32315076E+03
 -0.18723357E+03 -0.46752615E+02 -0.10548100E+02 -0.99693466E+01 -0.18127484E+01
 -0.32831608E+01 -0.78247504E+01 -0.48843633E+01
 -0.81077611E+01 -0.91187735E+02 -0.10385151E+02 -0.81064893E+01 -0.93682261E+01
 -0.16633311E+03 -0.42070345E+01 -0.10544328E+02 -0.85563788E+01 -0.63361873E+01
 -0.48905038E+01 -0.36915056E+00 -0.56012103E+00 -0.30363108E+00 -0.28146010E+00
 -0.90402019E-01 -0.26582212E+00 -0.19902206E+00 -0.23525590E-01 -0.23005451E-01
 -0.30951529E-01 -0.46076031E-01 -0.97844371E-01 -0.11295507E+00 -0.79294360E-01
 -0.62878813E-01 -0.58451182E-01 -0.49604570E-01 -0.38116567E-01 -0.31605474E+01
 -0.31326110E-01 -0.15363036E+01 -0.85531221E-01 -0.21302395E+00 -0.33857759E+00
 -0.26788726E+01 -0.11741602E+01 -0.20666207E+01 -0.80966528E+01 -0.21302728E+02
 -0.57417641E+02 -0.44980239E+02 -0.16573729E+02 -0.25231704E+02 -0.57887330E+01
 -0.61396991E+01 -0.31101439E+01 -0.15470847E+01
 -0.19007854E+01 -0.48198512E+01 -0.12206556E+02 -0.89724935E+01 -0.21382371E+01
 -0.25762714E+01 -0.30945376E+01 -0.71579482E+00 -0.85782550E-01 -0.16854727E+00
 -0.19466678E+00 -0.15126777E+00 -0.83781572E-01 -0.74933262E-01 -0.19499487E-01
 -0.15625414E+00 -0.24800993E+00 -0.22284104E-01 -0.20988954E-01 -0.21455674E-01
 -0.28935541E-01 -0.42921428E-01 -0.93884750E-01 -0.10852312E+00 -0.73449614E-01
 -0.57439211E-01 -0.55382932E-01 -0.47000622E-01 -0.35140790E-01 -0.30944488E+01
 -0.28981741E-01 -0.14940077E+01 -0.67885972E+00 -0.21626224E+00 -0.14293202E+00
 -0.18434541E+01 -0.36843778E+01 -0.11336572E+01 -0.21035051E+01 -0.90789530E+01
 -0.15868686E+02 -0.38808061E+02 -0.25581785E+02 -0.44278709E+02 -0.75210512E+01
 -0.43613071E+01 -0.10986635E+01 -0.19467074E+00
 -0.11047177E+00 -0.19970036E+01 -0.82825666E+00 -0.37737575E+00 -0.48371608E+00
 -0.58153577E+00 -0.14862756E+00 -0.14373155E+00 -0.46370834E+00 -0.31312236E-01
 -0.49767307E-01 -0.42681724E-01 -0.17150621E-01 -0.59276150E-02 -0.58544449E-02
 -0.13594569E+00 -0.21234777E+00 -0.18089160E-01 -0.18329790E-01 -0.19513654E-01
 -0.27131508E-01 -0.40333351E-01 -0.90048911E-01 -0.10314238E+00 -0.67653698E-01
 -0.52790188E-01 -0.51150878E-01 -0.43816474E-01 -0.11185024E+00 -0.29813867E+01
 -0.26776164E-01 -0.21180281E+00 -0.27596040E+01 -0.66777896E-01 -0.69330023E+01
 -0.90765572E+01 -0.24284716E+01 -0.51090416E+01 -0.38528041E+01 -0.15291485E+01
 -0.50706633E+01 -0.55516388E+01 -0.26237695E+02 -0.23928655E+02 -0.62064226E+01
 -0.28245386E+01 -0.40827173E+01 -0.42581580E+00
 -0.18461572E+00 -0.36569999E-01 -0.61091426E-01 -0.64475365E-01 -0.53749734E-01
 -0.60752120E-01 -0.20517405E-01 -0.23890230E-01 -0.17587812E-01 -0.13457154E-01
 -0.59138826E-02 -0.32362052E-02 -0.35239725E-02 -0.38487827E-02 -0.49109804E-01
 -0.19672678E+00 -0.30555969E-01 -0.14536929E-01 -0.16045525E-01 -0.18055977E-01
 -0.25700572E-01 -0.37849569E-01 -0.87710025E-01 -0.99773703E-01 -0.61856791E-01
 -0.48393537E-01 -0.47194746E-01 -0.41373056E-01 -0.21149880E+00 -0.28584284E+01
 -0.48467081E-01 -0.83932136E-01 -0.12848461E+01 -0.26254211E+01 -0.17070505E+00
 -0.14759538E+02 -0.74167785E+01 -0.44176250E+00 -0.14126742E+01 -0.39137003E+01
 -0.30030098E+01 -0.19492440E+02 -0.43379156E+02 -0.17669900E+02 -0.11792942E+02
 -0.58467862E+01 -0.24940838E+01 -0.27636588E+01
 -0.21938753E-01 -0.20604728E-01 -0.62842557E-02 -0.47646298E-02 -0.55868587E-02
 -0.63337656E-02 -0.29579604E-02 -0.13086235E-02 -0.14553428E-02 -0.16528219E-02
 -0.18512073E-02 -0.20615161E-02 -0.22884270E-02 -0.56765609E-01 -0.11205478E+00
 -0.36447079E-01 -0.86209331E-02 -0.11729894E-01 -0.14112883E-01 -0.16657695E-01
 -0.24380638E-01 -0.36211283E-01 -0.87622309E-01 -0.98488684E-01 -0.57162793E-01
 -0.44551211E-01 -0.43582537E-01 -0.38301809E-01 -0.21070636E+00 -0.21375333E+01
 -0.49653272E+00 -0.65563164E-01 -0.20744285E+00 -0.53539995E+00 -0.28311186E+01
 -0.39938173E+01 -0.12373373E+02 -0.96732405E+01 -0.66927404E+00 -0.89306866E+00
 -0.10827947E+01 -0.26740395E+01 -0.16762973E+02 -0.73869271E+01 -0.38908918E+01
 -0.59539226E+01 -0.42181913E+01 -0.32304405E+01
 -0.36695229E-03 -0.40560148E-03 -0.44860938E-03 -0.51100861E-03 -0.57818462E-03
 -0.65632789E-03 -0.74290483E-03 -0.84268072E-03 -0.95813095E-03 -0.10881694E-02
 -0.12128332E-02 -0.13216521E-02 -0.14612641E-02 -0.74722211E-02 -0.17176261E-02
 -0.33490401E-02 -0.64204227E-02 -0.96287961E-02 -0.12379543E-01 -0.15516692E-01
 -0.23511828E-01 -0.34860730E-01 -0.88925220E-01 -0.99443565E-01 -0.52770577E-01
 -0.41250410E-01 -0.41628211E-01 -0.36843606E-01 -0.20463742E+00 -0.28557879E-01
 -0.21626357E+01 -0.37076092E-01 -0.98120122E-01 -0.12744434E+00 -0.89165922E-02
 -0.17918374E+01 -0.10100376E+02 -0.18732372E+02 -0.17273704E+02 -0.78976099E+00
 -0.22330424E-01 -0.12522068E+02 -0.29806874E+00 -0.83942520E+01 -0.68939866E+01
 -0.37687710E+01 -0.59386063E+01 -0.28217321E+01
 -0.27887967E-03 -0.30617122E-03 -0.33795562E-03 -0.37699118E-03 -0.41756976E-03
 -0.46564567E-03 -0.52005836E-03 -0.57744351E-03 -0.64558146E-03 -0.73213245E-03
 -0.82005963E-03 -0.91483433E-03 -0.10180751E-02 -0.11375516E-02 -0.11964390E-02
 -0.24981128E-02 -0.50727046E-02 -0.82069203E-02 -0.11307214E-01 -0.14641154E-01
 -0.22673954E-01 -0.33714529E-01 -0.92533389E-01 -0.10423298E+00 -0.49455439E-01
 -0.38918561E-01 -0.39314278E-01 -0.34928781E-01 -0.13246862E+00 -0.26178219E-01
 -0.17972991E+01 -0.14568979E-01 -0.17021918E+00 -0.10379886E+00 -0.49766451E-01
 -0.88257782E+00 -0.20358876E+01 -0.14352214E+01 -0.33703871E+01 -0.12198325E+02
 -0.94113452E+01 -0.43489013E+01 -0.41161216E+01 -0.94554599E+01 -0.17408630E+01
 -0.62215642E+00 -0.99569132E+00 -0.14363501E+00
 -0.21183286E-03 -0.23282987E-03 -0.25739114E-03 -0.28710087E-03 -0.31823459E-03
 -0.35401944E-03 -0.39458269E-03 -0.44017703E-03 -0.49148904E-03 -0.54646177E-03
 -0.60682640E-03 -0.67333351E-03 -0.75772982E-03 -0.87373156E-03 -0.95409991E-03
 -0.20520715E-02 -0.42413669E-02 -0.72687781E-02 -0.10478277E-01 -0.13856002E-01
 -0.21966290E-01 -0.32780105E-01 -0.95053707E-01 -0.11133210E+00 -0.47158244E-01
 -0.37613781E-01 -0.38883137E-01 -0.34560160E-01 -0.55567201E+00 -0.24134156E-01
 -0.42525800E+01 -0.13295099E-01 -0.71029664E-01 -0.66789694E-01 -0.11955673E+00
 -0.16144154E-01 -0.53898776E+00 -0.10143854E+01 -0.11728561E+01 -0.69034112E+00
 -0.10372034E+01 -0.37996067E+01 -0.32823773E+01 -0.31904193E+01 -0.32078728E+01
 -0.15131738E+01 -0.13714902E+01 -0.17234854E+01
 -0.17498355E-03 -0.19281946E-03 -0.21223943E-03 -0.23453145E-03 -0.25927961E-03
 -0.28728649E-03 -0.31784464E-03 -0.35516137E-03 -0.40070257E-03 -0.45081058E-03
 -0.50756220E-03 -0.57479667E-03 -0.65281583E-03 -0.75477411E-03 -0.82961816E-03
 -0.17784021E-02 -0.38488406E-02 -0.64678825E-02 -0.95320397E-02 -0.12672488E-01
 -0.20151936E-01 -0.29368006E-01 -0.88868942E-01 -0.11064353E+00 -0.45431919E-01
 -0.36807164E-01 -0.38347884E-01 -0.33908247E-01 -0.59459218E+00 -0.34443050E-01
 -0.28294827E+01 -0.12500374E-01 -0.31826609E-01 -0.22634714E-01 -0.39070597E-01
 -0.88574631E-01 -0.24137204E-01 -0.24634810E+00 -0.19647200E+00 -0.37350576E+00
 -0.31827005E+00 -0.25514725E+00 -0.33861800E+00 -0.76980516E+00 -0.38605960E+01
 -0.10735098E+01 -0.85680576E+00 -0.55000298E+00
 -0.14516114E-03 -0.61374245E-03 -0.19592288E-02 -0.32319772E-03 -0.48280849E+02
 -0.20155682E+00 -0.34004301E-01 -0.10423867E+00 -0.19817329E+00 -0.25568652E+03
  0.58665907E+02  0.10432509E+02 -0.14146204E+03  0.71665775E+02  0.15202233E+02
  0.21275485E+02 -0.10805279E+03 -0.62763905E+00 -0.12869107E+00 -0.10031865E+00
 -0.90427604E-01 -0.11823561E+00 -0.20054503E+00 -0.23234268E+00 -0.19993191E+00
 -0.15761950E+00 -0.14717683E+00 -0.13347925E+00 -0.11845837E+00  0.87511900E+00
 -0.46131831E-01  0.58972937E+01 -0.48919704E+02  0.12438250E+03  0.33161935E+03
  0.11988640E+03 -0.10759500E+03  0.24053694E+03  0.15613676E+02 -0.13603450E+03
 -0.20112334E+02  0.59177138E+02 -0.50886601E+00 -0.14410538E+00 -0.29885070E-01
 -0.56408278E-02 -0.10317435E-02 -0.12467362E-03
 -0.93220219E-04 -0.30434639E-03 -0.84558059E-03  0.24179951E-03 -0.43383994E+00
  0.37225123E+00 -0.69780189E-02 -0.85757585E-01 -0.75212361E+01  0.35842740E+02
 -0.13608023E+02  0.58412417E+02 -0.11248546E+02  0.33809259E+03  0.20275072E+03
  0.12436748E+03  0.59135025E+02  0.50011659E+01 -0.14465498E+00 -0.11260601E+00
 -0.10728878E+00 -0.14190161E+00 -0.22885081E+00 -0.25960627E+00 -0.22067276E+00
 -0.17549539E+00 -0.16437683E+00 -0.14833516E+00 -0.13210056E+00  0.10039056E+01
 -0.13977394E+00  0.15287599E+02  0.56101542E+02  0.22485483E+03 -0.10461022E+03
  0.15417468E+03  0.33973189E+03 -0.53519302E+02  0.22202340E+02  0.10401048E+03
 -0.84915678E+02  0.81559849E+02  0.47196911E+02 -0.59780350E+00 -0.67593711E+02
 -0.18363853E-01 -0.37467039E-02 -0.11793324E-02
 -0.68546931E-04 -0.23255098E-03 -0.64905012E-03 -0.96253239E-03 -0.60220001E-02
 -0.14488200E-01 -0.81890591E+02 -0.70238059E-01  0.73423142E+02  0.29969597E+02
  0.16564007E+03 -0.18945066E+03 -0.74499817E+02 -0.18663840E+03  0.72027893E+02
  0.15909831E+03  0.25904171E+03 -0.58293093E+01 -0.16059175E+00 -0.12528674E+00
 -0.11991161E+00 -0.15865682E+00 -0.25593428E+00 -0.29065918E+00 -0.24537936E+00
 -0.19393976E+00 -0.18316100E+00 -0.16615851E+00 -0.14964777E+00  0.11533208E+01
 -0.14972762E+00 -0.10756633E+01  0.15189347E+03  0.22256545E+03 -0.85593869E+02
 -0.21949046E+03  0.12955128E+03 -0.29083867E+02  0.18126650E+03  0.67326474E+02
 -0.25650744E+02  0.11104473E+02 -0.84664572E+00 -0.35626820E+00 -0.12032590E+00
 -0.33154600E-01 -0.78119152E-02 -0.25007435E-02
 -0.12859061E-03 -0.31526058E-03  0.23433375E+00  0.90764785E-02 -0.42750995E-02
 -0.14699871E-01  0.77700957E+02 -0.93503687E-01 -0.50079128E+00  0.39860185E+02
 -0.17684331E+03  0.24949073E+03  0.64349724E+02 -0.10298683E+02  0.52114405E+02
 -0.14208755E+03  0.13330578E+03  0.68964782E+01 -0.17861765E+00 -0.13977529E+00
 -0.13530060E+00 -0.17560620E+00 -0.28632017E+00 -0.32908179E+00 -0.27767417E+00
 -0.21961270E+00 -0.20528616E+00 -0.18652512E+00 -0.16754202E+00  0.13185022E+01
 -0.15646721E+00 -0.20243795E+02  0.18112577E+03 -0.93542993E+02  0.46781864E+02
 -0.10776316E+03 -0.58378497E+03 -0.18762065E+03  0.22708846E+03 -0.10588863E+03
 -0.59389941E+02 -0.51371689E+02 -0.57485439E+02 -0.27908363E+00  0.83968230E+01
 -0.44623092E-01  0.53748340E+00 -0.41003836E-02
 -0.29049097E-03  0.39204015E+00 -0.86161755E-03 -0.21113331E+00 -0.75519232E-02
 -0.16548792E-01  0.19359290E+02 -0.51247308E-01 -0.16145462E+02 -0.91155168E+00
 -0.97129931E+01 -0.38212139E+03  0.10073694E+03 -0.13662188E+03  0.15243931E+03
  0.20925575E+03 -0.17175791E+03  0.11135119E+02 -0.20316955E+00 -0.16145810E+00
 -0.15131903E+00 -0.20280003E+00 -0.32986569E+00 -0.37247253E+00 -0.31343346E+00
 -0.24762540E+00 -0.23155143E+00 -0.21183230E+00 -0.19006441E+00  0.15412433E+01
 -0.12975008E+00  0.10666257E+02 -0.15210705E+03 -0.16002573E+02 -0.12409990E+03
  0.91513109E+02  0.34234686E+03 -0.17986789E+03  0.85123854E+02  0.80490253E+02
  0.81785072E+02  0.10022538E+03 -0.19511794E+02  0.22603608E+02 -0.59515014E+01
  0.24319818E-01 -0.14642764E-01 -0.55299843E-02
 -0.56894858E-03 -0.86598421E-03 -0.18401311E-02 -0.20605810E-02 -0.43846256E-02
 -0.19341660E-01  0.64922964E+01  0.28027210E+00 -0.40010139E+02 -0.16084651E+03
  0.40511850E+03  0.17200157E+02 -0.35058224E+02  0.93108420E+02 -0.17482467E+03
 -0.34315838E+03 -0.21945174E+03  0.77402460E+01 -0.21889443E+00 -0.17697369E+00
 -0.16923369E+00 -0.22266897E+00 -0.37181948E+00 -0.42613481E+00 -0.35763846E+00
 -0.28296765E+00 -0.26498789E+00 -0.24113952E+00 -0.21576012E+00  0.18375346E+01
 -0.12797086E+00  0.35455713E+01 -0.21604774E+03 -0.33431018E+03 -0.84922460E+01
  0.34198053E+03 -0.24936435E+03 -0.30627707E+03  0.22750498E+03 -0.39333032E+02
 -0.93698516E+02 -0.16978397E+03  0.83131998E+02 -0.76204777E+01  0.25253747E+02
 -0.64663734E-01 -0.17452954E-01 -0.68082439E-02
 -0.97478985E-03 -0.70920684E-03  0.22133005E-03  0.92980135E+01 -0.11260947E+02
 -0.20071536E-01 -0.10770153E+02 -0.19654182E+01  0.55953519E+02 -0.55984627E+02
  0.73371981E+02  0.72121726E+01  0.97621238E+02  0.13230709E+03 -0.59514972E+01
  0.97810213E+03  0.65429777E+02 -0.25729959E+02 -0.24491996E+00 -0.20139674E+00
 -0.19913372E+00 -0.26080740E+00 -0.42881470E+00 -0.48948022E+00 -0.41190746E+00
 -0.32589285E+00 -0.30229854E+00 -0.28421832E+00 -0.25242712E+00  0.21837241E+01
 -0.11127008E+00 -0.14239782E+02  0.11905148E+03  0.37005282E+03  0.76139291E+02
 -0.12041424E+03 -0.52184794E+03 -0.42111708E+03  0.27779894E+03 -0.11551920E+03
  0.67776083E+02  0.29016011E+03 -0.16433338E+03  0.32731363E+02 -0.10745249E+02
 -0.10633250E+00 -0.21321320E-01 -0.80156700E-02
  0.69929540E+01 -0.14802985E-02 -0.44306546E-02  0.79011914E+00 -0.12138548E+00
  0.68794660E+00  0.49754568E+01  0.27067437E+01 -0.59410971E+01  0.52093054E+02
  0.31623174E+02  0.45282711E+02  0.56762140E+03 -0.57670421E+02 -0.41185185E+02
  0.12506015E+04 -0.35029818E+03 -0.77435785E+01 -0.27939210E+00 -0.22990832E+00
 -0.22617616E+00 -0.30409365E+00 -0.50596168E+00 -0.56832459E+00 -0.47204812E+00
 -0.37209172E+00 -0.33974595E+00 -0.33328153E+00 -0.30161588E+00  0.26373136E+01
 -0.25832103E+00  0.74881514E+01 -0.28717367E+01  0.64091260E+03  0.57741009E+03
 -0.56519469E+03 -0.45636445E+03 -0.51465889E+01 -0.47183354E+03 -0.18380939E+03
 -0.19196016E+03 -0.36974997E+02  0.15641652E+02  0.67563843E+02 -0.21455124E+02
 -0.87502798E-01 -0.23790257E-01 -0.98681441E-02
 -0.26034875E-02 -0.32179307E-02 -0.62403475E-02 -0.83868165E+00  0.69410813E+00
 -0.50771105E+00 -0.26706489E+02 -0.62033581E+02 -0.19055200E+03  0.18549487E+02
  0.12089172E+03  0.58209433E+01 -0.71632746E+02  0.22876019E+03 -0.56865205E+03
 -0.40864632E+03  0.16122235E+03  0.18078582E+02 -0.27721731E+00 -0.23960733E+00
 -0.23482204E+00 -0.31280045E+00 -0.52727915E+00 -0.59793453E+00 -0.49504846E+00
 -0.38870005E+00 -0.36978865E+00 -0.38610185E+00 -0.32049828E+00  0.29823359E+01
 -0.25340640E+00  0.30139007E+02 -0.10504087E+04  0.70584333E+03  0.48270866E+03
  0.17811580E+03  0.18839719E+03  0.24619327E+03  0.34936074E+03  0.28890074E+03
 -0.29070307E+02 -0.30166053E+02 -0.95703550E+02 -0.74774175E+02 -0.35172112E+02
 -0.10174436E+00 -0.53139497E+01 -0.12109957E-01
 -0.47427250E-02 -0.54294330E-02 -0.86261755E-02 -0.13818598E-01 -0.16692560E-01
 -0.11333659E+02 -0.10197200E+03 -0.53328721E+02  0.14337296E+03 -0.19582194E+02
 -0.21882173E+02  0.10745494E+03  0.19435291E+03 -0.25032790E+03  0.13021027E+04
  0.60867756E+03 -0.59979817E+03  0.20878402E+02 -0.25192160E+00 -0.22195043E+00
 -0.21774013E+00 -0.29109221E+00 -0.50085320E+00 -0.56588481E+00 -0.46369361E+00
 -0.36757857E+00 -0.34238937E+00 -0.35091429E+00 -0.30106274E+00  0.30362866E+01
 -0.20963182E+00  0.31331361E+02 -0.10949042E+03 -0.30164818E+03 -0.67040750E+03
  0.88762802E+03  0.32758894E+03 -0.33986109E+02  0.16551477E+02 -0.20872523E+01
  0.46438524E+03 -0.11172355E+03 -0.14518186E+03  0.74409345E+02 -0.31436423E+01
 -0.11536339E+02  0.12129751E+00 -0.14998674E-01
 -0.10197329E+01 -0.66387829E-02  0.21691386E-02 -0.61235087E+02  0.22808946E-01
 -0.70896236E-01  0.24513221E+02  0.14424136E+02 -0.46954684E+02 -0.18143319E+03
  0.90041575E+01 -0.42036247E+02  0.50418147E+03  0.54549973E+03 -0.12838333E+04
  0.19787569E+03 -0.10792939E+03  0.18193595E+02 -0.22126093E+00 -0.19461321E+00
 -0.20702784E+00 -0.28066285E+00 -0.48140701E+00 -0.54144225E+00 -0.43818649E+00
 -0.34861310E+00 -0.34005885E+00 -0.33857892E+00 -0.26821989E+00 -0.20085543E+01
 -0.17109646E+00  0.10692741E+02 -0.38142452E+02 -0.15484384E+03 -0.22834035E+03
 -0.12206558E+04 -0.30871945E+03 -0.11803261E+04  0.44332764E+03 -0.24104733E+02
 -0.12922940E+02  0.12927464E+03  0.26925655E+01  0.66906905E+02 -0.11482149E+03
  0.71654492E+01 -0.44888972E-01 -0.20034448E-01
 -0.51237168E+02 -0.46950898E-03  0.11252244E-01  0.83701110E+00 -0.17294856E+03
  0.12949337E+02  0.12063192E+03 -0.68874077E+01  0.19731427E+02 -0.22741863E+03
  0.43268307E+03 -0.74432692E+03  0.67502778E+03 -0.12552261E+03 -0.24364375E+03
 -0.75981376E+03 -0.32984612E+03 -0.49402684E+01 -0.19426689E+00 -0.17691511E+00
 -0.19312720E+00 -0.26888607E+00 -0.46496187E+00 -0.51811935E+00 -0.41605905E+00
 -0.32974346E+00 -0.31193597E+00 -0.30319356E+00 -0.24689786E+00  0.31247947E+01
 -0.16928963E+00  0.31857224E+01  0.43021915E+02  0.25104213E+03 -0.47154309E+03
  0.88541129E+03  0.28509365E+03  0.93419759E+03  0.89437178E+02 -0.43800972E+03
  0.80331487E+02 -0.18064424E+03 -0.11385873E+03 -0.13294498E+03  0.96635793E+01
 -0.37935019E+02 -0.55995842E-01 -0.15340798E+02
 -0.18452670E-02  0.30054974E+03 -0.20323577E+03 -0.18013704E+00  0.25787132E+02
  0.27092038E+02  0.54967258E+01  0.83555592E+02 -0.13312605E+03  0.40144863E+03
 -0.50487565E+02 -0.34896299E+03 -0.79242016E+03 -0.13516531E+03  0.78633166E+02
  0.36302083E+03 -0.29671335E+03  0.25383276E+01 -0.17830258E+00 -0.16482214E+00
 -0.18227651E+00 -0.25242478E+00 -0.44093796E+00 -0.49629620E+00 -0.40086584E+00
 -0.31824221E+00 -0.29800969E+00 -0.28513053E+00 -0.23251682E+00  0.31856133E+01
  0.73251599E+00  0.35270660E+01  0.17710454E+02  0.17630592E+03 -0.28209735E+03
 -0.69722680E+03 -0.55108279E+03  0.23653580E+02 -0.72228966E+02  0.49335528E+03
  0.13267900E+03  0.19705838E+03 -0.11504006E+03  0.16402572E+03 -0.26578829E+02
 -0.64387583E+01  0.14903945E+02 -0.40094023E-01
 -0.13916155E-01 -0.18375514E+03 -0.38511549E+00 -0.78098463E+02 -0.11925037E+03
 -0.17558384E+03 -0.23541042E+03  0.25978849E+03  0.11241752E+03 -0.31252897E+03
 -0.39855126E+02  0.45820822E+03 -0.10496097E+02  0.32909406E+02  0.27811696E+03
  0.99564082E+02 -0.95855106E+01  0.11590428E+01 -0.16060902E+00 -0.14746843E+00
 -0.17154487E+00 -0.23892723E+00 -0.42369778E+00 -0.48000933E+00 -0.38684241E+00
 -0.30514076E+00 -0.28517293E+00 -0.26505930E+00 -0.21241255E+00  0.31583476E+01
  0.31355087E-01  0.19700007E+01  0.20461422E+02  0.92676979E+02 -0.90505379E+03
  0.64689037E+03  0.42619330E+03  0.69676368E+03  0.17309736E+03  0.37776999E+02
  0.35127709E+02 -0.78807835E+02  0.72245546E+02 -0.66033080E+02  0.93869940E+01
 -0.90374220E+01 -0.79884500E+02 -0.59333304E-01
 -0.36656488E+02 -0.25577811E+02 -0.35300204E+02 -0.59110203E+02 -0.21794148E+02
 -0.14490223E+03  0.81313864E+02  0.47765526E+03  0.56047168E+02 -0.82604734E+02
  0.23441189E+03 -0.67910248E+03  0.65875677E+03 -0.44987939E+03 -0.22554090E+03
  0.10787716E+03  0.69556249E+02  0.51058081E-01 -0.14955786E+00 -0.13726598E+00
 -0.15926008E+00 -0.22646155E+00 -0.41108369E+00 -0.46462704E+00 -0.36979927E+00
 -0.29178816E+00 -0.26985501E+00 -0.24654673E+00 -0.19878280E+00  0.31527334E+01
  0.39499332E-01  0.14547227E+01  0.32525202E+02  0.13324184E+03 -0.20828196E+02
  0.10891910E+04  0.15769794E+03 -0.23639875E+03 -0.24925008E+03 -0.78955883E+02
 -0.15287483E+03  0.16512853E+02 -0.33610258E+03 -0.61761155E+02  0.54450546E+02
  0.45995541E+00 -0.12165141E+02 -0.84997560E-01
 -0.14543662E+02 -0.19268333E+02 -0.37056326E+02 -0.72754330E+02 -0.44480043E+03
 -0.36841989E+02 -0.46622542E+03  0.16438247E+03 -0.51842471E+03  0.61908857E+03
 -0.41883579E+02 -0.46469079E+02 -0.33761981E+03  0.37463580E+03  0.25411135E+02
  0.43733036E+02  0.25762264E+02  0.73287848E-02 -0.13733942E+00 -0.12442361E+00
 -0.15220162E+00 -0.21779139E+00 -0.39660383E+00 -0.45081846E+00 -0.35375709E+00
 -0.27806688E+00 -0.26208936E+00 -0.24011970E+00 -0.18914592E+00  0.32712106E+01
  0.37044899E-01  0.66414756E+00  0.13752198E+02  0.20801536E+01  0.36598390E+03
 -0.74715545E+03 -0.11020355E+04  0.11923511E+03  0.27080701E+03  0.28546846E+03
 -0.27190431E+03  0.31181569E+02 -0.64234990E+02  0.15216496E+03 -0.10456799E+02
 -0.86104350E+02 -0.29809509E+02  0.16630142E+01
 -0.56448473E+02 -0.26376345E+02  0.44250737E+02  0.46258713E+03 -0.26165120E+03
  0.11026627E+03  0.26219358E+03  0.17039643E+02 -0.24818453E+03  0.85757358E+02
  0.98918108E+02  0.29065547E+03  0.59393548E+02  0.47202161E+02  0.15226713E+02
  0.28252633E+02  0.28681501E+01 -0.14450914E+00 -0.12564273E+00 -0.11492051E+00
 -0.14405674E+00 -0.20669645E+00 -0.37832465E+00 -0.42935796E+00 -0.33846429E+00
 -0.26811838E+00 -0.24532430E+00 -0.22296664E+00 -0.17665343E+00  0.32897264E+01
  0.12891293E-01  0.54271245E-01  0.11186639E+02  0.57780495E+02 -0.10401547E+03
  0.48467921E+03 -0.10309952E+04  0.25555952E+03  0.11223952E+03 -0.21854909E+03
  0.15511805E+03 -0.65354469E+02 -0.46689261E+02 -0.46353872E+03 -0.16052408E+03
 -0.17255098E+03  0.81695930E+01 -0.33211899E+01
 -0.22140247E+03 -0.61676902E+03 -0.12247530E+03 -0.12249429E+02 -0.26233518E+02
 -0.11503881E+03  0.60236328E+02 -0.54668359E+02  0.91762006E+02 -0.15907609E+03
 -0.35243530E+02 -0.18405301E+03 -0.12956726E+02 -0.13335772E+03 -0.48589852E+02
  0.26932079E+00  0.29555337E+01 -0.14683698E+00 -0.11955503E+00 -0.11030222E+00
 -0.13632078E+00 -0.19561768E+00 -0.36513739E+00 -0.41358970E+00 -0.32079626E+00
 -0.25655842E+00 -0.24870792E+00 -0.22463562E+00 -0.16998716E+00  0.33497026E+01
 -0.13038590E+00  0.18382711E+00  0.44857134E+01 -0.39623872E+02  0.98699774E+01
 -0.38046833E+03  0.23675366E+03  0.28724565E+03  0.33486837E+03  0.14089078E+03
 -0.69285023E+02 -0.30568298E+03  0.12285325E+02  0.12440811E+03  0.84226829E+02
 -0.98504602E+02 -0.81583207E+02 -0.17044666E+02
 -0.12098564E+03 -0.18001923E+03 -0.69601550E+02  0.65800625E+02  0.13642151E+03
  0.12812858E+02  0.29009638E+02  0.36209964E+02 -0.12750297E+02 -0.22619377E+02
  0.12901760E+03 -0.42115554E+02 -0.17522091E+02  0.10987128E+02  0.63945274E+00
 -0.36909834E+02  0.14243152E+02  0.11984696E+02 -0.11129881E+00 -0.10054859E+00
 -0.12633500E+00 -0.18342558E+00 -0.35341310E+00 -0.40180492E+00 -0.30676804E+00
 -0.24435955E+00 -0.22866239E+00 -0.20510247E+00 -0.15751286E+00  0.34327554E+01
 -0.12480163E+00 -0.38896714E+00  0.25449546E+01  0.10874167E+02 -0.17781615E+02
  0.88599037E+01 -0.11566700E+03 -0.12498766E+03 -0.12761937E+03  0.26636062E+03
  0.19039581E+03  0.31890175E+03  0.85706417E+01 -0.96655902E+02 -0.12405587E+03
 -0.61800168E+02  0.37215104E+03  0.54916030E+02
 -0.37140108E+02  0.27717011E+02  0.42532649E+02 -0.11358451E+01  0.23207601E+02
  0.20533372E+02  0.97104916E+01 -0.26398554E+02 -0.34042867E+02  0.41477941E+02
 -0.21617323E+02  0.12386322E+01 -0.86189246E+01 -0.66397283E+02  0.30287216E+01
 -0.27564746E+00  0.50935292E+01  0.30733954E+01 -0.10378901E+00 -0.94563770E-01
 -0.12079344E+00 -0.17689309E+00 -0.33739025E+00 -0.38240414E+00 -0.29088340E+00
 -0.23059119E+00 -0.21119910E+00 -0.18838794E+00 -0.14821176E+00  0.34638973E+01
 -0.11863009E+00  0.77090288E-01  0.85208056E+00  0.29915962E+01  0.13190056E+02
  0.20118885E+02  0.10014519E+03 -0.98265924E+02  0.27295890E+03 -0.16026005E+03
  0.97890308E+02 -0.27362450E+02 -0.44602250E+03 -0.15661426E+02  0.11255031E+03
 -0.18280825E+02  0.20496284E-01 -0.10422070E+03
 -0.21303418E+02  0.94729538E+00 -0.43812561E+00  0.72334896E+00  0.17587836E+01
 -0.85943525E+00  0.39327942E+01  0.13670995E+02 -0.47029229E+02  0.27986634E+01
  0.37693737E+01  0.48023371E+00  0.50568293E+01  0.15874122E+01  0.26038188E+02
  0.17003362E+02  0.23457763E+01  0.24425067E+01 -0.95271201E-01 -0.89270993E-01
 -0.11420055E+00 -0.16459162E+00 -0.32142047E+00 -0.36749357E+00 -0.27453243E+00
 -0.21624562E+00 -0.20775111E+00 -0.18418471E+00 -0.13715534E+00  0.34206398E+01
 -0.11086074E+00  0.21178729E-01  0.15562517E+00  0.26593152E+01  0.15508875E+01
  0.29123069E+02  0.20303671E+01  0.12820514E+02 -0.32080373E+02  0.22010259E+02
 -0.52289817E+02  0.62308911E+03 -0.12600180E+03 -0.40753258E+03 -0.35700045E+03
  0.25364102E+03 -0.16239501E+03 -0.67051214E+02
 -0.64755814E+01  0.20893651E+01  0.17307858E+02  0.62275360E+01  0.86501178E-01
 -0.36181306E+01 -0.23336090E+02  0.69212706E+00 -0.81716906E+01  0.84768568E+00
  0.38367271E+01 -0.20708298E+03  0.30754049E+01  0.56271676E+02  0.67127693E+01
  0.12713789E+02  0.79960773E+01  0.99435441E-02 -0.89143155E-01 -0.83286753E-01
 -0.10700525E+00 -0.15475340E+00 -0.30826577E+00 -0.35081282E+00 -0.25742407E+00
 -0.20368358E+00 -0.19349307E+00 -0.16644258E+00 -0.12637774E+00  0.33411835E+01
 -0.10372312E+00  0.25061843E-01  0.51512484E-01  0.61961486E+00  0.28261695E+01
 -0.26935616E+01  0.58196185E+01 -0.84475639E+02 -0.39463744E+03  0.29605311E+03
  0.39260231E+03  0.48333002E+03  0.20256322E+03  0.85456398E+02 -0.63949100E+02
  0.15976396E+03  0.11003024E+03 -0.40918603E+03
 -0.19746127E+02  0.17888507E-01 -0.34334682E+00  0.15803036E+00  0.59550006E+01
  0.91164055E+01  0.12048207E+01  0.14168186E+02  0.40117531E+01  0.60711559E+01
  0.57088679E+01  0.38398248E+01  0.64621149E+01  0.20476577E+01  0.15687847E+01
  0.27056132E+01  0.17224583E+00  0.10687161E-01 -0.82741009E-01 -0.78641111E-01
 -0.99715505E-01 -0.14421598E+00 -0.29332535E+00 -0.33336451E+00 -0.23986930E+00
 -0.18996335E+00 -0.17986093E+00 -0.15132319E+00 -0.11500184E+00  0.32707042E+01
 -0.98672320E-01  0.27523913E-01  0.41646396E-01 -0.59373907E-01  0.75180017E+01
  0.57095615E+00  0.17932272E+01  0.66519170E+01 -0.23932743E+02 -0.97068073E+02
 -0.16320711E+03  0.15180118E+03 -0.19052379E+03 -0.13927985E+03 -0.75884211E+02
 -0.43420674E+01 -0.19089480E+02 -0.16577452E+03
  0.54263472E+02  0.30911369E+00  0.20193344E+00 -0.81075297E+02 -0.11806686E+01
  0.50592554E+02  0.11579687E+01 -0.25131081E+02 -0.26128001E+02  0.30878218E+01
  0.21166072E+01  0.13093013E+00 -0.63018659E-01  0.18776703E+00  0.15247840E+00
  0.29119798E-01  0.12375659E+00 -0.23361380E-01 -0.73868749E-01 -0.72345153E-01
 -0.94853513E-01 -0.13595347E+00 -0.27884020E+00 -0.31464140E+00 -0.22132055E+00
 -0.17629041E+00 -0.16495501E+00 -0.14096807E+00 -0.10926559E+00  0.31769492E+01
 -0.91515455E-01 -0.35591608E+01 -0.36856816E-01  0.10992826E+00  0.27131377E+00
  0.34922034E+01  0.17597755E+00  0.11673071E+01  0.66511093E+01 -0.24617373E+02
  0.50619865E+02  0.71809646E+02 -0.25504079E+02 -0.17686523E+03  0.23943037E+03
 -0.18720246E+03  0.99442029E+02  0.83278546E+01
  0.17624196E+00  0.18580995E+01  0.54245797E+01 -0.91140677E+01  0.92616932E+00
  0.15560857E+01  0.19033196E+01  0.59992350E+00  0.22862102E-01  0.69675727E-01
  0.82087136E-01  0.55974544E-01  0.22086417E-01  0.43493611E-01 -0.43960803E-02
  0.12696750E+00  0.11820885E-01 -0.67753647E-01 -0.66300602E-01 -0.67685196E-01
 -0.88568116E-01 -0.12633448E+00 -0.26700546E+00 -0.30102360E+00 -0.20440486E+00
 -0.16072559E+00 -0.15615696E+00 -0.13355058E+00 -0.10087950E+00  0.30798873E+01
 -0.84659982E-01  0.60840021E+00  0.19353219E+00  0.12052414E+00  0.46848279E-01
 -0.19766274E+02  0.18217033E+01  0.42393617E+00 -0.33852142E+01  0.74812358E+01
  0.11074786E+02 -0.73205015E+02  0.93924538E+02 -0.11266999E+02 -0.46459969E+02
 -0.20724327E+03 -0.79642924E+02 -0.60560113E+00
  0.12580738E+00  0.41809187E+01 -0.45969648E+02  0.48766337E+00  0.40541138E+00
  0.97840294E-01 -0.56142812E+01  0.75724636E-02  0.13733793E-01 -0.36805461E-02
  0.18646572E-01  0.26194366E-01  0.52287017E-02 -0.17535076E-01 -0.17113140E-01
  0.11806504E+00  0.15726912E-01 -0.56104264E-01 -0.58322912E-01 -0.61868596E-01
 -0.83026870E-01 -0.11820933E+00 -0.25462906E+00 -0.28464421E+00 -0.18761151E+00
 -0.14738453E+00 -0.14396726E+00 -0.12427945E+00 -0.53672538E+01  0.29319218E+01
 -0.78285161E-01  0.12717833E+00  0.93970210E+00 -0.98427813E-02 -0.23151031E+01
  0.25137482E+01  0.88998763E+00  0.74610690E+00  0.94700348E+00  0.10355804E+01
  0.89087833E+00 -0.50373067E+00  0.13390205E+03 -0.15175737E+03 -0.67156317E+01
 -0.16101403E+02 -0.87760175E+02 -0.58520027E-01
  0.19767095E+00  0.12793006E-01  0.13178029E-01  0.15702193E-01 -0.71288851E-03
 -0.40188491E-02  0.35557017E-02  0.10156880E-01  0.10569414E-01  0.86559385E-02
 -0.42874648E-02 -0.10270371E-01 -0.10932175E-01 -0.11732920E-01  0.40003458E-01
 -0.57941619E+01 -0.30787745E-01 -0.46317870E-01 -0.51782775E-01 -0.57491713E-01
 -0.78815370E-01 -0.11076384E+00 -0.24650751E+00 -0.27238162E+00 -0.17020236E+00
 -0.13421317E+00 -0.13199423E+00 -0.11684748E+00 -0.32238257E-01  0.27969454E+01
 -0.68179089E-01 -0.35607161E-01  0.55492182E+00  0.83887980E+00  0.87518425E-01
  0.43084627E+01  0.20373619E+01  0.64666061E+01  0.18530546E+00  0.11974112E+01
  0.13437053E+01 -0.18153013E+03  0.10810270E+02  0.29270383E+02  0.12142009E+03
  0.10896161E+01  0.34015386E+02 -0.12160075E-01
  0.14133449E-02  0.19424555E-02  0.20940678E-02  0.21401530E-02  0.28485941E-02
  0.34885431E-02 -0.13802734E-02 -0.49290399E-02 -0.53184149E-02 -0.58710694E-02
 -0.64069327E-02 -0.69720573E-02 -0.75761304E-02  0.75116091E-01  0.17814859E+00
  0.53661847E-01 -0.28508344E-01 -0.39038615E-01 -0.46681781E-01 -0.53935347E-01
 -0.75275540E-01 -0.10600207E+00 -0.24548176E+00 -0.26615179E+00 -0.15615747E+00
 -0.12280474E+00 -0.12129907E+00 -0.10781851E+00 -0.28959346E-01  0.20699912E+01
  0.36148056E+00 -0.44142284E-01  0.17109876E+00  0.15019225E+00  0.90158446E+00
 -0.34301927E+01  0.32850448E+01  0.24849039E+01  0.10794750E+00  0.66215905E+00
 -0.53103004E+00  0.98980024E+00  0.49506742E+01 -0.84410991E+00  0.12083188E+01
  0.19580881E+01  0.13321458E+01  0.14511228E+01
 -0.19423245E-02 -0.20758852E-02 -0.22190457E-02 -0.24443042E-02 -0.26753700E-02
 -0.29346685E-02 -0.32112335E-02 -0.35267677E-02 -0.38880744E-02 -0.42917281E-02
 -0.46692733E-02 -0.49949963E-02 -0.54499246E-02  0.32975116E+01 -0.63198063E-02
 -0.12322133E-01 -0.23327866E-01 -0.34185398E-01 -0.42889782E-01 -0.51753371E-01
 -0.74341663E-01 -0.10399198E+00 -0.25252053E+00 -0.26660457E+00 -0.14339012E+00
 -0.11306869E+00 -0.11519554E+00 -0.10304074E+00 -0.29463536E-01 -0.35434451E-01
  0.19926727E+01 -0.44200898E-01  0.55962885E-01  0.74839775E-01 -0.26175027E-01
  0.15009757E+01 -0.25221840E+01  0.12214233E+02  0.51578595E+01  0.16143077E+00
 -0.21937681E-01  0.43593004E+01  0.66794016E+00  0.14435402E+01 -0.15198776E+02
 -0.66837375E+02  0.24498942E+01  0.57063695E+00
 -0.16929405E-02 -0.17908089E-02 -0.19064085E-02 -0.20550086E-02 -0.22040685E-02
 -0.23844986E-02 -0.25884046E-02 -0.27992535E-02 -0.30543405E-02 -0.33865825E-02
 -0.37182549E-02 -0.40792845E-02 -0.44737634E-02 -0.49391674E-02 -0.51514519E-02
 -0.10592590E-01 -0.20620236E-01 -0.31713998E-01 -0.41748033E-01 -0.51525406E-01
 -0.75449943E-01 -0.10610549E+00 -0.28190854E+00 -0.28658005E+00 -0.13534720E+00
 -0.10694206E+00 -0.10895586E+00 -0.97838795E-01 -0.41068986E-01 -0.38898943E-01
  0.15981374E+01 -0.45279629E-01 -0.59908166E+00  0.84403892E-01  0.99033378E-02
 -0.55573612E+01  0.91639761E+00  0.51380187E+00  0.11213256E+01  0.33631358E+01
  0.24500078E+01  0.37117274E+02  0.89997732E+00  0.17446878E+01  0.31815741E+00
  0.17792133E-01  0.39584212E-01  0.71671572E-02
 -0.15334885E-02 -0.16217487E-02 -0.17289972E-02 -0.18642661E-02 -0.20021402E-02
 -0.21630412E-02 -0.23465100E-02 -0.25531210E-02 -0.27860757E-02 -0.30315065E-02
 -0.33011093E-02 -0.36011634E-02 -0.39873026E-02 -0.45156008E-02 -0.48276705E-02
 -0.10027533E-01 -0.19341688E-01 -0.30936988E-01 -0.41741824E-01 -0.52477132E-01
 -0.79047329E-01 -0.11180572E+00 -0.31660087E+00 -0.33422429E+00 -0.13290390E+00
 -0.10521903E+00 -0.10956957E+00 -0.98503162E-01 -0.50003961E-01 -0.45874338E-01
 -0.10624640E+03 -0.43987773E-01 -0.20012353E-01  0.29905405E-01  0.80936900E-01
 -0.83034708E-02  0.13334704E+00  0.42600051E+00  0.46817691E+00  0.24720761E+00
  0.33001183E+00  0.88632002E+00  0.75678539E+00  0.61843030E+00  0.57359985E+00
  0.30799918E+00 -0.34982983E+02 -0.21421654E+02
 -0.15896305E-02 -0.16700258E-02 -0.17636878E-02 -0.18789703E-02 -0.20104965E-02
 -0.21632984E-02 -0.23314295E-02 -0.25359554E-02 -0.27886179E-02 -0.30614799E-02
 -0.33683212E-02 -0.37280406E-02 -0.41310955E-02 -0.46503515E-02 -0.49604548E-02
 -0.10135141E-01 -0.20249471E-01 -0.31697964E-01 -0.44115197E-01 -0.57335582E-01
 -0.91042182E-01 -0.12840579E+00 -0.38919800E+00 -0.40884394E+00 -0.13778699E+00
 -0.11017605E+00 -0.11510743E+00 -0.10275960E+00 -0.61616070E-01 -0.54181565E-01
  0.26858969E+00 -0.45743053E-01 -0.28666749E-01 -0.16503876E-01  0.94957542E-02
  0.48105239E-01 -0.44096601E-03  0.43517491E-01  0.35296050E-01  0.12053477E+00
  0.11960821E+00  0.93804482E-01  0.11499509E+00  0.19894881E+00  0.63978281E+00
  0.21222529E+00  0.16304699E+00  0.99045325E-01
