-.219137E+22
  0.00000000E+00  0.00000000E+00  0.00000000E+00  0.00000000E+00  0.00000000E+00
  0.00000000E+00  0.00000000E+00  0.00000000E+00  0.00000000E+00  0.00000000E+00
  0.00000000E+00  0.00000000E+00  0.00000000E+00  0.00000000E+00  0.00000000E+00
  0.00000000E+00  0.00000000E+00  0.00000000E+00  0.00000000E+00  0.00000000E+00
  0.00000000E+00  0.00000000E+00  0.00000000E+00  0.00000000E+00  0.00000000E+00
  0.00000000E+00  0.00000000E+00  0.00000000E+00  0.00000000E+00  0.00000000E+00
  0.39274027E+16  0.16651606E+17  0.15193791E+17  0.11227374E+14  0.32047503E+17
  0.11062235E+18  0.22157106E+18  0.48665516E+18  0.13113961E+19  0.30534318E+19
  0.68483646E+19  0.14952812E+20  0.13122835E+20  0.34644883E+19  0.79242428E+18
  0.23086965E+18  0.11277452E+18  0.52452225E+17  0.32474953E+17  0.21634148E+17
  0.15655394E+17  0.12105125E+17  0.97590217E+16  0.80043229E+16  0.67356281E+16
  0.56071714E+16  0.48852224E+16  0.44143394E+16  0.38911405E+16  0.36805424E+16
  0.33930792E+16  0.26832194E+16  0.14744161E+16  0.27612267E+15
  0.00000000E+00  0.00000000E+00  0.00000000E+00  0.00000000E+00  0.00000000E+00
  0.00000000E+00  0.00000000E+00  0.00000000E+00  0.00000000E+00  0.00000000E+00
  0.00000000E+00  0.00000000E+00  0.00000000E+00  0.00000000E+00  0.00000000E+00
  0.00000000E+00  0.00000000E+00  0.00000000E+00  0.00000000E+00  0.00000000E+00
  0.00000000E+00  0.00000000E+00  0.00000000E+00  0.00000000E+00  0.00000000E+00
  0.00000000E+00  0.00000000E+00  0.00000000E+00  0.00000000E+00  0.00000000E+00
  0.41229503E+16  0.16036251E+17  0.17610496E+16  0.45868099E+15  0.96386805E+16
  0.57770706E+17  0.13462841E+18  0.38937572E+18  0.10297390E+19  0.22716970E+19
  0.52865603E+19  0.12646153E+20  0.12667306E+20  0.42500516E+19  0.11154346E+19
  0.37283697E+18  0.16416407E+18  0.87963939E+17  0.51838737E+17  0.37045287E+17
  0.25860843E+17  0.20198571E+17  0.16500981E+17  0.13174223E+17  0.10758421E+17
  0.91037356E+16  0.84319208E+16  0.71569699E+16  0.64904036E+16  0.57974877E+16
  0.47918006E+16  0.35711321E+16  0.18590642E+16  0.33477990E+15
  0.00000000E+00  0.00000000E+00  0.00000000E+00  0.00000000E+00  0.00000000E+00
  0.00000000E+00  0.00000000E+00  0.00000000E+00  0.00000000E+00  0.00000000E+00
  0.00000000E+00  0.00000000E+00  0.00000000E+00  0.00000000E+00  0.00000000E+00
  0.00000000E+00  0.00000000E+00  0.00000000E+00  0.00000000E+00  0.00000000E+00
  0.00000000E+00  0.00000000E+00  0.00000000E+00  0.00000000E+00  0.00000000E+00
  0.00000000E+00  0.00000000E+00  0.00000000E+00  0.00000000E+00  0.00000000E+00
  0.32757195E+16  0.11015126E+17  0.24672179E+16  0.16814092E+16  0.34028891E+16
  0.90968551E+17  0.14778574E+18  0.31468052E+18  0.84700256E+18  0.19451917E+19
  0.51116370E+19  0.11138153E+20  0.12853702E+20  0.49982849E+19  0.13927054E+19
  0.46467521E+18  0.22235831E+18  0.11703420E+18  0.69092034E+17  0.48580153E+17
  0.35937549E+17  0.26566056E+17  0.21918224E+17  0.17890125E+17  0.13933108E+17
  0.11966837E+17  0.10102688E+17  0.89178663E+16  0.77292771E+16  0.65223789E+16
  0.56500439E+16  0.40322501E+16  0.20826189E+16  0.36655992E+15
  0.00000000E+00  0.00000000E+00  0.00000000E+00  0.00000000E+00  0.00000000E+00
  0.00000000E+00  0.00000000E+00  0.00000000E+00  0.00000000E+00  0.00000000E+00
  0.00000000E+00  0.00000000E+00  0.00000000E+00  0.00000000E+00  0.00000000E+00
  0.00000000E+00  0.00000000E+00  0.00000000E+00  0.00000000E+00  0.00000000E+00
  0.00000000E+00  0.00000000E+00  0.00000000E+00  0.00000000E+00  0.00000000E+00
  0.00000000E+00  0.00000000E+00  0.00000000E+00  0.00000000E+00  0.00000000E+00
  0.32113632E+16  0.35337988E+16  0.42147323E+16  0.78626349E+16  0.25319262E+17
  0.10080520E+18  0.10480225E+18  0.27846535E+18  0.66612865E+18  0.19011094E+19
  0.46203753E+19  0.10674569E+20  0.13119276E+20  0.55935678E+19  0.16729750E+19
  0.54959320E+18  0.25420396E+18  0.14343984E+18  0.84271254E+17  0.58782903E+17
  0.44094754E+17  0.34031242E+17  0.40619965E+17  0.21411189E+17  0.16954342E+17
  0.14800569E+17  0.12452268E+17  0.10287053E+17  0.87465372E+16  0.75302635E+16
  0.60127334E+16  0.43102347E+16  0.22502250E+16  0.37978843E+15
  0.00000000E+00  0.00000000E+00  0.00000000E+00  0.00000000E+00  0.00000000E+00
  0.00000000E+00  0.00000000E+00  0.00000000E+00  0.00000000E+00  0.00000000E+00
  0.00000000E+00  0.00000000E+00  0.00000000E+00  0.00000000E+00  0.00000000E+00
  0.00000000E+00  0.00000000E+00  0.00000000E+00  0.00000000E+00  0.00000000E+00
  0.00000000E+00  0.00000000E+00  0.00000000E+00  0.00000000E+00  0.00000000E+00
  0.00000000E+00  0.00000000E+00  0.00000000E+00  0.00000000E+00  0.00000000E+00
  0.10090647E+17  0.34753292E+16  0.44772493E+16  0.23875679E+17  0.82873006E+16
  0.71168829E+17  0.11781982E+18  0.26892609E+18  0.74339307E+18  0.18307164E+19
  0.43449588E+19  0.10264189E+20  0.13564884E+20  0.67678909E+19  0.19896335E+19
  0.66906810E+18  0.29287030E+18  0.16705828E+18  0.11528634E+18  0.68987204E+17
  0.50385012E+17  0.39969352E+17  0.31179397E+17  0.24129484E+17  0.20044016E+17
  0.16556302E+17  0.13986862E+17  0.11792088E+17  0.97045514E+16  0.77887438E+16
  0.64749527E+16  0.44340170E+16  0.22597266E+16  0.39732785E+15
  0.00000000E+00  0.00000000E+00  0.00000000E+00  0.00000000E+00  0.00000000E+00
  0.00000000E+00  0.00000000E+00  0.00000000E+00  0.00000000E+00  0.00000000E+00
  0.00000000E+00  0.00000000E+00  0.00000000E+00  0.00000000E+00  0.00000000E+00
  0.00000000E+00  0.00000000E+00  0.00000000E+00  0.00000000E+00  0.00000000E+00
  0.00000000E+00  0.00000000E+00  0.00000000E+00  0.00000000E+00  0.00000000E+00
  0.00000000E+00  0.00000000E+00  0.00000000E+00  0.00000000E+00  0.00000000E+00
  0.00000000E+00  0.15468235E+16  0.23045036E+16  0.38034588E+17  0.74327037E+16
  0.71569519E+17  0.85028620E+17  0.25896122E+18  0.68835610E+18  0.18933060E+19
  0.42169822E+19  0.93913934E+19  0.14197321E+20  0.77903145E+19  0.23285967E+19
  0.79778809E+18  0.35050542E+18  0.19230164E+18  0.11701777E+18  0.77795157E+17
  0.57052233E+17  0.44444752E+17  0.33725739E+17  0.26393983E+17  0.21334824E+17
  0.17402937E+17  0.14146530E+17  0.12046407E+17  0.10070833E+17  0.84324734E+16
  0.68882491E+16  0.48257474E+16  0.23467226E+16  0.41045873E+15
  0.00000000E+00  0.00000000E+00  0.00000000E+00  0.00000000E+00  0.00000000E+00
  0.00000000E+00  0.00000000E+00  0.00000000E+00  0.00000000E+00  0.00000000E+00
  0.00000000E+00  0.00000000E+00  0.00000000E+00  0.00000000E+00  0.00000000E+00
  0.00000000E+00  0.00000000E+00  0.00000000E+00  0.00000000E+00  0.00000000E+00
  0.00000000E+00  0.00000000E+00  0.00000000E+00  0.00000000E+00  0.00000000E+00
  0.00000000E+00  0.00000000E+00  0.00000000E+00  0.00000000E+00  0.00000000E+00
  0.00000000E+00  0.15431944E+16  0.19098978E+16  0.15943146E+17  0.20320233E+17
  0.39817115E+17  0.82806791E+17  0.28479263E+18  0.65590145E+18  0.15673984E+19
  0.39678061E+19  0.90879843E+19  0.14987703E+20  0.87982431E+19  0.26896513E+19
  0.92735066E+18  0.39579763E+18  0.21432516E+18  0.13087914E+18  0.84489681E+17
  0.60229399E+17  0.45367648E+17  0.34573514E+17  0.27620570E+17  0.22790640E+17
  0.18261378E+17  0.14769007E+17  0.12683378E+17  0.10664159E+17  0.89905481E+16
  0.68898251E+16  0.49685875E+16  0.24199728E+16  0.40927277E+15
  0.00000000E+00  0.00000000E+00  0.00000000E+00  0.00000000E+00  0.00000000E+00
  0.00000000E+00  0.00000000E+00  0.00000000E+00  0.00000000E+00  0.00000000E+00
  0.00000000E+00  0.00000000E+00  0.00000000E+00  0.00000000E+00  0.00000000E+00
  0.00000000E+00  0.00000000E+00  0.00000000E+00  0.00000000E+00  0.00000000E+00
  0.00000000E+00  0.00000000E+00  0.00000000E+00  0.00000000E+00  0.00000000E+00
  0.00000000E+00  0.00000000E+00  0.00000000E+00  0.00000000E+00  0.00000000E+00
  0.00000000E+00  0.15305772E+16  0.19073978E+16  0.12452280E+17  0.25492748E+17
  0.47212850E+17  0.80558037E+17  0.29065081E+18  0.56990518E+18  0.14930339E+19
  0.35503682E+19  0.88003375E+19  0.15259219E+20  0.94346119E+19  0.31183593E+19
  0.10977217E+19  0.46447698E+18  0.23266938E+18  0.14120352E+18  0.91774126E+17
  0.64162143E+17  0.46461519E+17  0.35156689E+17  0.28646652E+17  0.23281384E+17
  0.19370629E+17  0.15621175E+17  0.13085335E+17  0.10747208E+17  0.87758510E+16
  0.66684007E+16  0.47833224E+16  0.24235838E+16  0.42353934E+15
  0.00000000E+00  0.00000000E+00  0.00000000E+00  0.00000000E+00  0.00000000E+00
  0.00000000E+00  0.00000000E+00  0.00000000E+00  0.00000000E+00  0.00000000E+00
  0.00000000E+00  0.00000000E+00  0.00000000E+00  0.00000000E+00  0.00000000E+00
  0.00000000E+00  0.00000000E+00  0.00000000E+00  0.00000000E+00  0.00000000E+00
  0.00000000E+00  0.00000000E+00  0.00000000E+00  0.00000000E+00  0.00000000E+00
  0.00000000E+00  0.00000000E+00  0.00000000E+00  0.00000000E+00  0.00000000E+00
  0.00000000E+00  0.15168551E+16  0.18913394E+16  0.11076742E+17  0.31803037E+17
  0.50801379E+17  0.10708184E+18  0.40704736E+18  0.62992290E+18  0.14999093E+19
  0.33409304E+19  0.81346619E+19  0.15424551E+20  0.10414075E+20  0.36335332E+19
  0.11642449E+19  0.47277845E+18  0.24996424E+18  0.14827439E+18  0.95787782E+17
  0.67101369E+17  0.50597303E+17  0.37543228E+17  0.30213501E+17  0.24056400E+17
  0.19655638E+17  0.16174752E+17  0.13427435E+17  0.11240475E+17  0.89917250E+16
  0.69318728E+16  0.48938207E+16  0.24569989E+16  0.41967458E+15
  0.00000000E+00  0.00000000E+00  0.00000000E+00  0.00000000E+00  0.00000000E+00
  0.00000000E+00  0.00000000E+00  0.00000000E+00  0.00000000E+00  0.00000000E+00
  0.00000000E+00  0.00000000E+00  0.00000000E+00  0.00000000E+00  0.00000000E+00
  0.00000000E+00  0.00000000E+00  0.00000000E+00  0.00000000E+00  0.00000000E+00
  0.00000000E+00  0.00000000E+00  0.00000000E+00  0.00000000E+00  0.00000000E+00
  0.00000000E+00  0.00000000E+00  0.00000000E+00  0.00000000E+00  0.00000000E+00
  0.00000000E+00  0.39424274E+16  0.18653492E+16  0.12049056E+17  0.33082485E+17
  0.64077942E+17  0.11693617E+18  0.31590402E+18  0.68041165E+18  0.13510649E+19
  0.31585246E+19  0.77034356E+19  0.15517814E+20  0.11436876E+20  0.40082050E+19
  0.13018766E+19  0.50083429E+18  0.26292762E+18  0.15312939E+18  0.98287800E+17
  0.68731797E+17  0.51565367E+17  0.39316997E+17  0.31211976E+17  0.24614183E+17
  0.20272428E+17  0.16487260E+17  0.13724882E+17  0.11108002E+17  0.89182529E+16
  0.69093893E+16  0.47837676E+16  0.23801217E+16  0.43005028E+15
  0.00000000E+00  0.00000000E+00  0.00000000E+00  0.00000000E+00  0.00000000E+00
  0.00000000E+00  0.00000000E+00  0.00000000E+00  0.00000000E+00  0.00000000E+00
  0.00000000E+00  0.00000000E+00  0.00000000E+00  0.00000000E+00  0.00000000E+00
  0.00000000E+00  0.00000000E+00  0.00000000E+00  0.00000000E+00  0.00000000E+00
  0.00000000E+00  0.00000000E+00  0.00000000E+00  0.00000000E+00  0.00000000E+00
  0.00000000E+00  0.00000000E+00  0.00000000E+00  0.00000000E+00  0.00000000E+00
  0.00000000E+00  0.34313262E+16  0.14445674E+16  0.12077063E+17  0.23600615E+17
  0.31254984E+17  0.12068921E+18  0.29000688E+18  0.55389119E+18  0.11097827E+19
  0.22492686E+19  0.57477284E+19  0.11950654E+20  0.94026359E+19  0.33688622E+19
  0.10749930E+19  0.42465485E+18  0.21299450E+18  0.12586181E+18  0.80066078E+17
  0.55295633E+17  0.41196686E+17  0.31493345E+17  0.25218412E+17  0.19790236E+17
  0.15275159E+17  0.12791020E+17  0.10389845E+17  0.86903267E+16  0.69645003E+16
  0.54825025E+16  0.36595846E+16  0.18503952E+16  0.33699163E+15
  0.00000000E+00  0.00000000E+00  0.00000000E+00  0.00000000E+00  0.00000000E+00
  0.00000000E+00  0.00000000E+00  0.00000000E+00  0.00000000E+00  0.00000000E+00
  0.00000000E+00  0.00000000E+00  0.00000000E+00  0.00000000E+00  0.00000000E+00
  0.00000000E+00  0.00000000E+00  0.00000000E+00  0.00000000E+00  0.00000000E+00
  0.00000000E+00  0.00000000E+00  0.00000000E+00  0.00000000E+00  0.00000000E+00
  0.00000000E+00  0.00000000E+00  0.00000000E+00  0.00000000E+00  0.00000000E+00
  0.00000000E+00  0.38351170E+16  0.16137421E+16  0.23733168E+17  0.21749967E+17
  0.43042517E+17  0.13523574E+18  0.37745754E+18  0.58491110E+18  0.12131705E+19
  0.24881142E+19  0.64218469E+19  0.13542963E+20  0.10743381E+20  0.39165890E+19
  0.12449532E+19  0.48922413E+18  0.24722010E+18  0.14382843E+18  0.91085662E+17
  0.62601171E+17  0.46727129E+17  0.36623386E+17  0.28653934E+17  0.22491900E+17
  0.17659274E+17  0.14096585E+17  0.11557333E+17  0.96133362E+16  0.77226952E+16
  0.59764657E+16  0.41024490E+16  0.20994267E+16  0.37476383E+15
  0.00000000E+00  0.00000000E+00  0.00000000E+00  0.00000000E+00  0.00000000E+00
  0.00000000E+00  0.00000000E+00  0.00000000E+00  0.00000000E+00  0.00000000E+00
  0.00000000E+00  0.00000000E+00  0.00000000E+00  0.00000000E+00  0.00000000E+00
  0.00000000E+00  0.00000000E+00  0.00000000E+00  0.00000000E+00  0.00000000E+00
  0.00000000E+00  0.00000000E+00  0.00000000E+00  0.00000000E+00  0.00000000E+00
  0.00000000E+00  0.00000000E+00  0.00000000E+00  0.00000000E+00  0.00000000E+00
  0.00000000E+00  0.42651891E+16  0.48489658E+16  0.63853231E+16  0.23473628E+17
  0.77469287E+17  0.18917838E+18  0.37394606E+18  0.61244375E+18  0.13798655E+19
  0.29244113E+19  0.70413032E+19  0.14949781E+20  0.12234767E+20  0.45453142E+19
  0.14325636E+19  0.53569698E+18  0.28049162E+18  0.16264984E+18  0.10471047E+18
  0.74313333E+17  0.53525403E+17  0.42002920E+17  0.32368331E+17  0.25498545E+17
  0.20092310E+17  0.16124617E+17  0.27084043E+17  0.10804541E+17  0.87611401E+16
  0.67584641E+16  0.47730679E+16  0.23335205E+16  0.41407562E+15
  0.00000000E+00  0.00000000E+00  0.00000000E+00  0.00000000E+00  0.00000000E+00
  0.00000000E+00  0.00000000E+00  0.00000000E+00  0.00000000E+00  0.00000000E+00
  0.00000000E+00  0.00000000E+00  0.00000000E+00  0.00000000E+00  0.00000000E+00
  0.00000000E+00  0.00000000E+00  0.00000000E+00  0.00000000E+00  0.00000000E+00
  0.00000000E+00  0.00000000E+00  0.00000000E+00  0.00000000E+00  0.00000000E+00
  0.00000000E+00  0.00000000E+00  0.00000000E+00  0.00000000E+00  0.00000000E+00
  0.53317254E+16  0.67426169E+16  0.88730175E+16  0.37485899E+16  0.34813656E+17
  0.79071155E+17  0.23624016E+18  0.39860677E+18  0.82204738E+18  0.14741729E+19
  0.32337916E+19  0.80266146E+19  0.16662561E+20  0.13826138E+20  0.51168824E+19
  0.16241962E+19  0.61179607E+18  0.31717911E+18  0.17652437E+18  0.11791199E+18
  0.82213462E+17  0.60323121E+17  0.46883086E+17  0.36913578E+17  0.29296817E+17
  0.23218619E+17  0.18112160E+17  0.14866199E+17  0.12517699E+17  0.98472077E+16
  0.76462249E+16  0.51998309E+16  0.25753353E+16  0.45362027E+15
  0.00000000E+00  0.00000000E+00  0.00000000E+00  0.00000000E+00  0.00000000E+00
  0.00000000E+00  0.00000000E+00  0.00000000E+00  0.00000000E+00  0.00000000E+00
  0.00000000E+00  0.00000000E+00  0.00000000E+00  0.00000000E+00  0.00000000E+00
  0.00000000E+00  0.00000000E+00  0.00000000E+00  0.00000000E+00  0.00000000E+00
  0.00000000E+00  0.00000000E+00  0.00000000E+00  0.00000000E+00  0.00000000E+00
  0.00000000E+00  0.00000000E+00  0.00000000E+00  0.00000000E+00  0.00000000E+00
  0.22053068E+16  0.17441813E+16  0.97082259E+16  0.11721906E+17  0.34729938E+17
  0.94945320E+17  0.17938415E+18  0.44613073E+18  0.97392825E+18  0.17700260E+19
  0.39004357E+19  0.90883210E+19  0.18815190E+20  0.14907108E+20  0.54192283E+19
  0.18422177E+19  0.68816265E+18  0.36506644E+18  0.19585527E+18  0.12866968E+18
  0.91821957E+17  0.67575264E+17  0.51297703E+17  0.41114459E+17  0.32111953E+17
  0.25737266E+17  0.20128578E+17  0.16130840E+17  0.13469433E+17  0.10975143E+17
  0.85738717E+16  0.59507559E+16  0.29380083E+16  0.51964162E+15
  0.00000000E+00  0.00000000E+00  0.00000000E+00  0.00000000E+00  0.00000000E+00
  0.00000000E+00  0.00000000E+00  0.00000000E+00  0.00000000E+00  0.00000000E+00
  0.00000000E+00  0.00000000E+00  0.00000000E+00  0.00000000E+00  0.00000000E+00
  0.00000000E+00  0.00000000E+00  0.00000000E+00  0.00000000E+00  0.00000000E+00
  0.00000000E+00  0.00000000E+00  0.00000000E+00  0.00000000E+00  0.00000000E+00
  0.00000000E+00  0.00000000E+00  0.00000000E+00  0.00000000E+00  0.00000000E+00
  0.23884748E+16  0.18915364E+16  0.10325270E+17  0.17666973E+17  0.40817636E+17
  0.95827601E+17  0.31110128E+18  0.61859692E+18  0.12012408E+19  0.21861926E+19
  0.46910045E+19  0.11195152E+20  0.21536379E+20  0.16026782E+20  0.57455420E+19
  0.19563096E+19  0.73620145E+18  0.38902566E+18  0.21497670E+18  0.14206282E+18
  0.10435958E+18  0.74913072E+17  0.57521709E+17  0.45046467E+17  0.35397700E+17
  0.29193707E+17  0.22580623E+17  0.18041784E+17  0.14925734E+17  0.11972788E+17
  0.90262244E+16  0.62570594E+16  0.31734038E+16  0.56187578E+15
  0.00000000E+00  0.00000000E+00  0.00000000E+00  0.00000000E+00  0.00000000E+00
  0.00000000E+00  0.00000000E+00  0.00000000E+00  0.00000000E+00  0.00000000E+00
  0.00000000E+00  0.00000000E+00  0.00000000E+00  0.00000000E+00  0.00000000E+00
  0.00000000E+00  0.00000000E+00  0.00000000E+00  0.00000000E+00  0.00000000E+00
  0.00000000E+00  0.00000000E+00  0.00000000E+00  0.00000000E+00  0.00000000E+00
  0.00000000E+00  0.00000000E+00  0.00000000E+00  0.00000000E+00  0.00000000E+00
  0.25643872E+16  0.10423533E+16  0.14580567E+17  0.14137572E+17  0.71946450E+17
  0.16076127E+18  0.36924383E+18  0.71648387E+18  0.14291503E+19  0.29879324E+19
  0.59000859E+19  0.13517634E+20  0.23459705E+20  0.16035847E+20  0.56848467E+19
  0.19343881E+19  0.80525720E+18  0.41962074E+18  0.23626431E+18  0.15559289E+18
  0.11189648E+18  0.82782621E+17  0.61746767E+17  0.49445276E+17  0.38525777E+17
  0.31052648E+17  0.24872684E+17  0.19601135E+17  0.15501313E+17  0.12765230E+17
  0.98478998E+16  0.68668427E+16  0.33224516E+16  0.60825112E+15
  0.00000000E+00  0.00000000E+00  0.00000000E+00  0.00000000E+00  0.00000000E+00
  0.00000000E+00  0.00000000E+00  0.00000000E+00  0.00000000E+00  0.00000000E+00
  0.00000000E+00  0.00000000E+00  0.00000000E+00  0.00000000E+00  0.00000000E+00
  0.00000000E+00  0.00000000E+00  0.00000000E+00  0.00000000E+00  0.00000000E+00
  0.00000000E+00  0.00000000E+00  0.00000000E+00  0.00000000E+00  0.00000000E+00
  0.00000000E+00  0.00000000E+00  0.00000000E+00  0.00000000E+00  0.00000000E+00
  0.38889973E+16  0.98170941E+15  0.19393940E+17  0.18815963E+17  0.10771876E+18
  0.22489859E+18  0.49009086E+18  0.83630553E+18  0.17567302E+19  0.35682338E+19
  0.72360597E+19  0.16517647E+20  0.24497292E+20  0.14780883E+20  0.50517324E+19
  0.18221319E+19  0.80113476E+18  0.44348955E+18  0.24841535E+18  0.16985846E+18
  0.11867152E+18  0.87611347E+17  0.66343748E+17  0.51123191E+17  0.41200323E+17
  0.32779550E+17  0.26040405E+17  0.21272842E+17  0.16978588E+17  0.13828961E+17
  0.10600945E+17  0.75703996E+16  0.38208097E+16  0.66315764E+15
  0.00000000E+00  0.00000000E+00  0.00000000E+00  0.00000000E+00  0.00000000E+00
  0.00000000E+00  0.00000000E+00  0.00000000E+00  0.00000000E+00  0.00000000E+00
  0.00000000E+00  0.00000000E+00  0.00000000E+00  0.00000000E+00  0.00000000E+00
  0.00000000E+00  0.00000000E+00  0.00000000E+00  0.00000000E+00  0.00000000E+00
  0.00000000E+00  0.00000000E+00  0.00000000E+00  0.00000000E+00  0.00000000E+00
  0.00000000E+00  0.00000000E+00  0.00000000E+00  0.00000000E+00  0.00000000E+00
  0.66761990E+16  0.00000000E+00  0.23018391E+17  0.34626742E+17  0.12916313E+18
  0.27170440E+18  0.54412506E+18  0.96757577E+18  0.20796842E+19  0.42725400E+19
  0.93994126E+19  0.19447265E+20  0.24718482E+20  0.12564475E+20  0.43993926E+19
  0.16438089E+19  0.76533253E+18  0.43178283E+18  0.25827986E+18  0.17045075E+18
  0.12471194E+18  0.92573787E+17  0.69547148E+17  0.53568742E+17  0.42161530E+17
  0.33937917E+17  0.27173981E+17  0.22214394E+17  0.17999301E+17  0.14708143E+17
  0.11211341E+17  0.77412007E+16  0.39030920E+16  0.68945400E+15
  0.00000000E+00  0.00000000E+00  0.00000000E+00  0.00000000E+00  0.00000000E+00
  0.00000000E+00  0.00000000E+00  0.00000000E+00  0.00000000E+00  0.00000000E+00
  0.00000000E+00  0.00000000E+00  0.00000000E+00  0.00000000E+00  0.00000000E+00
  0.00000000E+00  0.00000000E+00  0.00000000E+00  0.00000000E+00  0.00000000E+00
  0.00000000E+00  0.00000000E+00  0.00000000E+00  0.00000000E+00  0.00000000E+00
  0.00000000E+00  0.00000000E+00  0.00000000E+00  0.00000000E+00  0.00000000E+00
  0.70171270E+16  0.97629110E+16  0.22718050E+17  0.42972589E+17  0.12109390E+18
  0.29716611E+18  0.63605746E+18  0.13910159E+19  0.26095849E+19  0.53907700E+19
  0.12019145E+20  0.23659505E+20  0.23163230E+20  0.10096591E+20  0.36104014E+19
  0.14396476E+19  0.70286016E+18  0.41060519E+18  0.25166349E+18  0.16707836E+18
  0.12481474E+18  0.92090404E+17  0.70717088E+17  0.56414135E+17  0.44792974E+17
  0.36212070E+17  0.28785219E+17  0.23387447E+17  0.19324403E+17  0.15453671E+17
  0.11582568E+17  0.77006286E+16  0.37672590E+16  0.68880744E+15
  0.00000000E+00  0.00000000E+00  0.00000000E+00  0.00000000E+00  0.00000000E+00
  0.00000000E+00  0.00000000E+00  0.00000000E+00  0.00000000E+00  0.00000000E+00
  0.00000000E+00  0.00000000E+00  0.00000000E+00  0.00000000E+00  0.00000000E+00
  0.00000000E+00  0.00000000E+00  0.00000000E+00  0.00000000E+00  0.00000000E+00
  0.00000000E+00  0.00000000E+00  0.00000000E+00  0.00000000E+00  0.00000000E+00
  0.00000000E+00  0.00000000E+00  0.00000000E+00  0.00000000E+00  0.00000000E+00
  0.11202156E+17  0.29830053E+17  0.43398785E+17  0.75784999E+17  0.22862749E+18
  0.33378062E+18  0.74093560E+18  0.18761413E+19  0.37677410E+19  0.71895512E+19
  0.15944896E+20  0.26461023E+20  0.18986723E+20  0.79243362E+19  0.29036503E+19
  0.12014470E+19  0.65145653E+18  0.37473679E+18  0.24322810E+18  0.17053362E+18
  0.12342190E+18  0.93151187E+17  0.69964695E+17  0.57005994E+17  0.45853339E+17
  0.49758702E+17  0.29708403E+17  0.23632798E+17  0.18919465E+17  0.14988704E+17
  0.11126413E+17  0.74545794E+16  0.35453297E+16  0.64303130E+15
  0.00000000E+00  0.00000000E+00  0.00000000E+00  0.00000000E+00  0.00000000E+00
  0.00000000E+00  0.00000000E+00  0.00000000E+00  0.00000000E+00  0.00000000E+00
  0.00000000E+00  0.00000000E+00  0.00000000E+00  0.00000000E+00  0.00000000E+00
  0.00000000E+00  0.00000000E+00  0.00000000E+00  0.00000000E+00  0.00000000E+00
  0.00000000E+00  0.00000000E+00  0.00000000E+00  0.00000000E+00  0.00000000E+00
  0.00000000E+00  0.00000000E+00  0.00000000E+00  0.10714241E+16  0.00000000E+00
  0.18126848E+17  0.23172163E+17  0.56791850E+17  0.13133353E+18  0.25755825E+18
  0.63522785E+18  0.10339125E+19  0.25030419E+19  0.49859609E+19  0.10398809E+20
  0.20376491E+20  0.25969361E+20  0.14487280E+20  0.54496799E+19  0.21517699E+19
  0.98440244E+18  0.55838594E+18  0.33923380E+18  0.22123372E+18  0.16119197E+18
  0.11705456E+18  0.88737397E+17  0.68330186E+17  0.54195010E+17  0.43658553E+17
  0.35071767E+17  0.28636896E+17  0.23986721E+17  0.19035278E+17  0.14968711E+17
  0.11040625E+17  0.72583417E+16  0.35410199E+16  0.62749361E+15
  0.00000000E+00  0.00000000E+00  0.00000000E+00  0.00000000E+00  0.00000000E+00
  0.00000000E+00  0.00000000E+00  0.00000000E+00  0.00000000E+00  0.00000000E+00
  0.00000000E+00  0.00000000E+00  0.00000000E+00  0.00000000E+00  0.00000000E+00
  0.00000000E+00  0.00000000E+00  0.00000000E+00  0.00000000E+00  0.00000000E+00
  0.00000000E+00  0.00000000E+00  0.00000000E+00  0.00000000E+00  0.00000000E+00
  0.00000000E+00  0.00000000E+00  0.00000000E+00  0.74518603E+16  0.00000000E+00
  0.11284896E+17  0.36456520E+17  0.79404376E+17  0.16825557E+18  0.35369829E+18
  0.73634673E+18  0.15251328E+19  0.30659945E+19  0.69795779E+19  0.14559277E+20
  0.25565860E+20  0.22770039E+20  0.10058121E+20  0.36976487E+19  0.15279146E+19
  0.77276670E+18  0.46516245E+18  0.29246089E+18  0.19507015E+18  0.14297950E+18
  0.10590288E+18  0.82432969E+17  0.64048677E+17  0.51658670E+17  0.41733938E+17
  0.32798793E+17  0.27339579E+17  0.22195561E+17  0.17884884E+17  0.14080584E+17
  0.10270380E+17  0.67441278E+16  0.32572324E+16  0.55858550E+15
  0.00000000E+00  0.00000000E+00  0.00000000E+00  0.00000000E+00  0.00000000E+00
  0.00000000E+00  0.00000000E+00  0.00000000E+00  0.00000000E+00  0.00000000E+00
  0.00000000E+00  0.00000000E+00  0.00000000E+00  0.00000000E+00  0.00000000E+00
  0.00000000E+00  0.00000000E+00  0.00000000E+00  0.00000000E+00  0.00000000E+00
  0.00000000E+00  0.00000000E+00  0.00000000E+00  0.00000000E+00  0.00000000E+00
  0.00000000E+00  0.00000000E+00  0.72146001E+16  0.73302268E+16  0.00000000E+00
  0.25091158E+17  0.50465510E+17  0.87071156E+17  0.20281763E+18  0.38938546E+18
  0.87963152E+18  0.19436675E+19  0.40982685E+19  0.97523348E+19  0.19477439E+20
  0.27017297E+20  0.17052531E+20  0.67371491E+19  0.26532158E+19  0.11117355E+19
  0.62977960E+18  0.37177743E+18  0.24441000E+18  0.17279053E+18  0.12677681E+18
  0.11143722E+18  0.74505394E+17  0.59204426E+17  0.48014056E+17  0.37985199E+17
  0.30876159E+17  0.24716160E+17  0.19911883E+17  0.15798272E+17  0.12601968E+17
  0.94103026E+16  0.61413121E+16  0.28638903E+16  0.49860489E+15
  0.00000000E+00  0.00000000E+00  0.00000000E+00  0.00000000E+00  0.00000000E+00
  0.00000000E+00  0.00000000E+00  0.00000000E+00  0.00000000E+00  0.00000000E+00
  0.00000000E+00  0.00000000E+00  0.00000000E+00  0.00000000E+00  0.00000000E+00
  0.00000000E+00  0.00000000E+00  0.00000000E+00  0.00000000E+00  0.00000000E+00
  0.00000000E+00  0.00000000E+00  0.00000000E+00  0.00000000E+00  0.00000000E+00
  0.00000000E+00  0.00000000E+00  0.88642026E+16  0.60469273E+16  0.00000000E+00
  0.10977027E+17  0.28607232E+17  0.14318394E+18  0.29965794E+18  0.50555730E+18
  0.12075540E+19  0.26879184E+19  0.63069130E+19  0.13462731E+20  0.24380354E+20
  0.24941623E+20  0.11941324E+20  0.42472795E+19  0.16756650E+19  0.79717046E+18
  0.47131864E+18  0.29651968E+18  0.20343809E+18  0.14807263E+18  0.11036772E+18
  0.84437059E+17  0.65908529E+17  0.52674926E+17  0.41901674E+17  0.33481263E+17
  0.27035691E+17  0.22145292E+17  0.18306006E+17  0.14388206E+17  0.11430217E+17
  0.84387348E+16  0.53709563E+16  0.24911053E+16  0.43048331E+15
  0.00000000E+00  0.00000000E+00  0.00000000E+00  0.00000000E+00  0.00000000E+00
  0.00000000E+00  0.00000000E+00  0.00000000E+00  0.00000000E+00  0.00000000E+00
  0.00000000E+00  0.00000000E+00  0.00000000E+00  0.00000000E+00  0.00000000E+00
  0.00000000E+00  0.00000000E+00  0.00000000E+00  0.00000000E+00  0.00000000E+00
  0.00000000E+00  0.00000000E+00  0.00000000E+00  0.00000000E+00  0.00000000E+00
  0.00000000E+00  0.00000000E+00  0.33514253E+16  0.13087236E+17  0.20502006E+17
  0.19228142E+17  0.28303795E+17  0.17273256E+18  0.39530891E+18  0.77513156E+18
  0.15832899E+19  0.37731818E+19  0.84726229E+19  0.17702898E+20  0.27019326E+20
  0.20459943E+20  0.79311636E+19  0.27851708E+19  0.11532069E+19  0.60105814E+18
  0.36110321E+18  0.23667125E+18  0.16877232E+18  0.12230751E+18  0.91164381E+17
  0.71444563E+17  0.55833116E+17  0.44101008E+17  0.35534138E+17  0.41486159E+17
  0.22593357E+17  0.18907066E+17  0.15464347E+17  0.12430887E+17  0.95902505E+16
  0.69265599E+16  0.44607510E+16  0.20832720E+16  0.34752960E+15
  0.00000000E+00  0.00000000E+00  0.00000000E+00  0.00000000E+00  0.00000000E+00
  0.00000000E+00  0.00000000E+00  0.00000000E+00  0.00000000E+00  0.00000000E+00
  0.00000000E+00  0.00000000E+00  0.00000000E+00  0.00000000E+00  0.00000000E+00
  0.00000000E+00  0.00000000E+00  0.00000000E+00  0.00000000E+00  0.00000000E+00
  0.00000000E+00  0.00000000E+00  0.00000000E+00  0.00000000E+00  0.00000000E+00
  0.00000000E+00  0.00000000E+00  0.00000000E+00  0.31177532E+17  0.38241929E+17
  0.12554879E+17  0.55854567E+17  0.14984882E+18  0.35811033E+18  0.10727370E+19
  0.23322131E+19  0.49911290E+19  0.11264049E+20  0.22619646E+20  0.27839013E+20
  0.14572285E+20  0.50308507E+19  0.18160926E+19  0.80817897E+18  0.45738235E+18
  0.28244298E+18  0.20326278E+18  0.13512633E+18  0.98497916E+17  0.75248517E+17
  0.59028276E+17  0.46467200E+17  0.37400065E+17  0.30290006E+17  0.24344393E+17
  0.20088220E+17  0.16341348E+17  0.12864759E+17  0.10388818E+17  0.81685804E+16
  0.59082610E+16  0.37765371E+16  0.17079331E+16  0.26878987E+15
  0.00000000E+00  0.00000000E+00  0.00000000E+00  0.00000000E+00  0.00000000E+00
  0.00000000E+00  0.00000000E+00  0.00000000E+00  0.00000000E+00  0.00000000E+00
  0.00000000E+00  0.00000000E+00  0.00000000E+00  0.00000000E+00  0.00000000E+00
  0.00000000E+00  0.00000000E+00  0.00000000E+00  0.00000000E+00  0.00000000E+00
  0.00000000E+00  0.00000000E+00  0.00000000E+00  0.00000000E+00  0.00000000E+00
  0.00000000E+00  0.00000000E+00  0.00000000E+00  0.87568796E+16  0.34035608E+17
  0.91907868E+16  0.11385278E+18  0.17515879E+18  0.47585568E+18  0.11804009E+19
  0.29072795E+19  0.63046178E+19  0.14670623E+20  0.26911454E+20  0.24595499E+20
  0.97780505E+19  0.32686704E+19  0.12401687E+19  0.58064965E+18  0.33411698E+18
  0.21682275E+18  0.14763239E+18  0.11928310E+18  0.79294203E+17  0.60710143E+17
  0.47624343E+17  0.37926561E+17  0.32020188E+17  0.38944314E+17  0.19960003E+17
  0.16489177E+17  0.13693193E+17  0.10988440E+17  0.87791671E+16  0.68762008E+16
  0.51127587E+16  0.31838477E+16  0.15084201E+17  0.21463679E+15
  0.00000000E+00  0.00000000E+00  0.00000000E+00  0.00000000E+00  0.00000000E+00
  0.00000000E+00  0.00000000E+00  0.00000000E+00  0.00000000E+00  0.00000000E+00
  0.00000000E+00  0.00000000E+00  0.00000000E+00  0.00000000E+00  0.00000000E+00
  0.00000000E+00  0.00000000E+00  0.00000000E+00  0.00000000E+00  0.00000000E+00
  0.00000000E+00  0.00000000E+00  0.00000000E+00  0.00000000E+00  0.00000000E+00
  0.00000000E+00  0.00000000E+00  0.00000000E+00  0.90778297E+15  0.11087999E+17
  0.14790741E+17  0.82168483E+17  0.26686366E+18  0.65699372E+18  0.13553892E+19
  0.35790873E+19  0.89776053E+19  0.18326904E+20  0.29519957E+20  0.19366245E+20
  0.66651632E+19  0.21392331E+19  0.81575367E+18  0.42715194E+18  0.25098518E+18
  0.16625467E+18  0.13038490E+18  0.84144026E+17  0.63089559E+17  0.47878508E+17
  0.37855848E+17  0.30620368E+17  0.24957583E+17  0.20482650E+17  0.16514752E+17
  0.13352585E+17  0.10930793E+17  0.89569964E+16  0.72793903E+16  0.57387638E+16
  0.41998210E+16  0.25285959E+16  0.11344515E+16  0.16817442E+15
  0.00000000E+00  0.00000000E+00  0.00000000E+00  0.00000000E+00  0.00000000E+00
  0.00000000E+00  0.00000000E+00  0.00000000E+00  0.00000000E+00  0.00000000E+00
  0.00000000E+00  0.00000000E+00  0.00000000E+00  0.00000000E+00  0.00000000E+00
  0.00000000E+00  0.00000000E+00  0.00000000E+00  0.00000000E+00  0.00000000E+00
  0.00000000E+00  0.00000000E+00  0.00000000E+00  0.00000000E+00  0.00000000E+00
  0.00000000E+00  0.00000000E+00  0.00000000E+00  0.26799139E+16  0.16378623E+17
  0.40214519E+17  0.88696293E+17  0.25486167E+18  0.72058118E+18  0.16733016E+19
  0.42836861E+19  0.10492865E+20  0.21439211E+20  0.29536654E+20  0.15052313E+20
  0.45200492E+19  0.14544621E+19  0.59925812E+18  0.30627297E+18  0.18592443E+18
  0.12068870E+18  0.85310893E+17  0.63203483E+17  0.48327210E+17  0.37609978E+17
  0.29678554E+17  0.23877736E+17  0.19067762E+17  0.15657641E+17  0.12878043E+17
  0.10642486E+17  0.90068455E+16  0.72420696E+16  0.56781967E+16  0.45753432E+16
  0.33691142E+16  0.20614901E+16  0.88765689E+15  0.12750664E+15
  0.00000000E+00  0.00000000E+00  0.00000000E+00  0.00000000E+00  0.00000000E+00
  0.00000000E+00  0.00000000E+00  0.00000000E+00  0.00000000E+00  0.00000000E+00
  0.00000000E+00  0.00000000E+00  0.00000000E+00  0.00000000E+00  0.00000000E+00
  0.00000000E+00  0.00000000E+00  0.00000000E+00  0.00000000E+00  0.00000000E+00
  0.00000000E+00  0.00000000E+00  0.00000000E+00  0.00000000E+00  0.00000000E+00
  0.00000000E+00  0.00000000E+00  0.00000000E+00  0.00000000E+00  0.15455435E+17
  0.52395895E+17  0.17046699E+18  0.28418931E+18  0.88754235E+18  0.20126996E+19
  0.50422054E+19  0.12519424E+20  0.25969328E+20  0.28223683E+20  0.11409265E+20
  0.31263798E+19  0.10143525E+19  0.42920796E+18  0.20939712E+18  0.12507400E+18
  0.83594985E+17  0.60469628E+17  0.44728887E+17  0.33730365E+17  0.25988939E+17
  0.20809864E+17  0.16975005E+17  0.13695982E+17  0.11285569E+17  0.93010850E+16
  0.76627920E+16  0.65570104E+16  0.55679520E+16  0.45432291E+16  0.36495237E+16
  0.26746855E+16  0.16527502E+16  0.70581375E+15  0.10592114E+15
  0.00000000E+00  0.00000000E+00  0.00000000E+00  0.00000000E+00  0.00000000E+00
  0.00000000E+00  0.00000000E+00  0.00000000E+00  0.00000000E+00  0.00000000E+00
  0.00000000E+00  0.00000000E+00  0.00000000E+00  0.00000000E+00  0.00000000E+00
  0.00000000E+00  0.00000000E+00  0.00000000E+00  0.00000000E+00  0.00000000E+00
  0.00000000E+00  0.00000000E+00  0.00000000E+00  0.00000000E+00  0.00000000E+00
  0.00000000E+00  0.00000000E+00  0.00000000E+00  0.00000000E+00  0.19304851E+17
  0.44907433E+17  0.91696055E+17  0.52139481E+18  0.12445538E+19  0.27479122E+19
  0.68063130E+19  0.16164010E+20  0.32235357E+20  0.28135097E+20  0.86821189E+19
  0.21336865E+19  0.59080777E+18  0.23915651E+18  0.10721171E+18  0.77441969E+17
  0.42699224E+17  0.30326536E+17  0.22392674E+17  0.17068365E+17  0.12975185E+17
  0.10617707E+17  0.87498493E+16  0.72231422E+16  0.61186510E+16  0.51588698E+16
  0.43724604E+16  0.36950286E+16  0.33215437E+16  0.29039422E+16  0.24115798E+16
  0.18310950E+16  0.11701096E+16  0.51620624E+15  0.79251628E+14
  0.00000000E+00  0.00000000E+00  0.00000000E+00  0.00000000E+00  0.00000000E+00
  0.00000000E+00  0.00000000E+00  0.00000000E+00  0.00000000E+00  0.00000000E+00
  0.00000000E+00  0.00000000E+00  0.00000000E+00  0.00000000E+00  0.00000000E+00
  0.00000000E+00  0.00000000E+00  0.00000000E+00  0.00000000E+00  0.00000000E+00
  0.00000000E+00  0.00000000E+00  0.00000000E+00  0.00000000E+00  0.00000000E+00
  0.00000000E+00  0.00000000E+00  0.00000000E+00  0.00000000E+00  0.00000000E+00
  0.64284175E-06 -0.11622790E-05 -0.51388861E-06  0.49527234E-09 -0.17303627E-05
 -0.91010158E-06 -0.33751169E-05 -0.14034085E-05 -0.11562262E-04 -0.27031718E-04
 -0.88803400E-04 -0.27453017E-03 -0.10659274E-02 -0.21129561E-02 -0.24148299E-02
 -0.21133155E-02 -0.17141396E-02 -0.14425262E-02 -0.11243967E-02 -0.89941209E-03
 -0.84981990E-03 -0.72854110E-03 -0.68551285E-03 -0.58338438E-03 -0.59270032E-03
 -0.50191306E-03 -0.45042646E-03 -0.40373207E-03 -0.45487139E-03 -0.39215301E-03
 -0.43927470E-03 -0.40351223E-03 -0.26087441E-03 -0.90260709E-04
  0.00000000E+00  0.00000000E+00  0.00000000E+00  0.00000000E+00  0.00000000E+00
  0.00000000E+00  0.00000000E+00  0.00000000E+00  0.00000000E+00  0.00000000E+00
  0.00000000E+00  0.00000000E+00  0.00000000E+00  0.00000000E+00  0.00000000E+00
  0.00000000E+00  0.00000000E+00  0.00000000E+00  0.00000000E+00  0.00000000E+00
  0.00000000E+00  0.00000000E+00  0.00000000E+00  0.00000000E+00  0.00000000E+00
  0.00000000E+00  0.00000000E+00  0.00000000E+00  0.00000000E+00  0.00000000E+00
  0.69853781E-06 -0.13747970E-05 -0.70515033E-06  0.63685718E-07 -0.10644194E-05
 -0.14450102E-05  0.64246547E-06 -0.87343633E-05  0.21290298E-05 -0.16292629E-04
 -0.22483109E-04 -0.55816236E-04 -0.42002907E-03 -0.12726011E-02 -0.16543538E-02
 -0.16966837E-02 -0.14204526E-02 -0.12404817E-02 -0.95328023E-03 -0.82875394E-03
 -0.70481164E-03 -0.67607168E-03 -0.56162020E-03 -0.56103101E-03 -0.51192819E-03
 -0.43161603E-03 -0.41715581E-03 -0.32542515E-03 -0.32404497E-03 -0.31917706E-03
 -0.18793746E-03 -0.25562763E-03 -0.14922926E-03 -0.49385919E-04
  0.00000000E+00  0.00000000E+00  0.00000000E+00  0.00000000E+00  0.00000000E+00
  0.00000000E+00  0.00000000E+00  0.00000000E+00  0.00000000E+00  0.00000000E+00
  0.00000000E+00  0.00000000E+00  0.00000000E+00  0.00000000E+00  0.00000000E+00
  0.00000000E+00  0.00000000E+00  0.00000000E+00  0.00000000E+00  0.00000000E+00
  0.00000000E+00  0.00000000E+00  0.00000000E+00  0.00000000E+00  0.00000000E+00
  0.00000000E+00  0.00000000E+00  0.00000000E+00  0.00000000E+00  0.00000000E+00
  0.66431601E-06 -0.17381099E-05 -0.45879192E-06 -0.63344713E-06 -0.11976323E-05
 -0.45806515E-06 -0.85232361E-06 -0.13872955E-05 -0.34059199E-05 -0.21661148E-04
  0.37705222E-04  0.13203735E-04 -0.20075107E-03 -0.81430402E-03 -0.12003508E-02
 -0.14369885E-02 -0.12174415E-02 -0.95609703E-03 -0.80297777E-03 -0.73470582E-03
 -0.55534181E-03 -0.57335118E-03 -0.58927049E-03 -0.49702158E-03 -0.43240419E-03
 -0.32273460E-03 -0.31869198E-03 -0.30070439E-03 -0.25486370E-03 -0.14871462E-03
 -0.17412129E-03 -0.14419016E-03 -0.78959666E-04 -0.34395216E-04
  0.00000000E+00  0.00000000E+00  0.00000000E+00  0.00000000E+00  0.00000000E+00
  0.00000000E+00  0.00000000E+00  0.00000000E+00  0.00000000E+00  0.00000000E+00
  0.00000000E+00  0.00000000E+00  0.00000000E+00  0.00000000E+00  0.00000000E+00
  0.00000000E+00  0.00000000E+00  0.00000000E+00  0.00000000E+00  0.00000000E+00
  0.00000000E+00  0.00000000E+00  0.00000000E+00  0.00000000E+00  0.00000000E+00
  0.00000000E+00  0.00000000E+00  0.00000000E+00  0.00000000E+00  0.00000000E+00
  0.64150850E-06 -0.13946371E-05 -0.76956628E-06 -0.62468639E-06 -0.70435342E-06
 -0.11526476E-05 -0.86761673E-06 -0.43393656E-05 -0.64759734E-05 -0.70311167E-05
  0.69093791E-04  0.89777034E-04 -0.28227602E-04 -0.58997800E-03 -0.10915347E-02
 -0.10520237E-02 -0.87244432E-03 -0.87719253E-03 -0.75247794E-03 -0.66436840E-03
 -0.52114771E-03 -0.46601973E-03 -0.55168859E-03 -0.48167233E-03 -0.33263758E-03
 -0.28584494E-03 -0.27826666E-03 -0.22662329E-03 -0.19657181E-03 -0.14242408E-03
 -0.86905541E-04 -0.11917808E-03 -0.85727254E-04 -0.23143999E-04
  0.00000000E+00  0.00000000E+00  0.00000000E+00  0.00000000E+00  0.00000000E+00
  0.00000000E+00  0.00000000E+00  0.00000000E+00  0.00000000E+00  0.00000000E+00
  0.00000000E+00  0.00000000E+00  0.00000000E+00  0.00000000E+00  0.00000000E+00
  0.00000000E+00  0.00000000E+00  0.00000000E+00  0.00000000E+00  0.00000000E+00
  0.00000000E+00  0.00000000E+00  0.00000000E+00  0.00000000E+00  0.00000000E+00
  0.00000000E+00  0.00000000E+00  0.00000000E+00  0.00000000E+00  0.00000000E+00
  0.83122338E-07 -0.13448436E-05 -0.80781247E-06 -0.35976192E-06 -0.14717920E-05
 -0.27112241E-05 -0.52979824E-06 -0.42093284E-05  0.10748614E-06 -0.13923881E-04
  0.79275990E-04  0.13364045E-03  0.49708724E-04 -0.33988952E-03 -0.95524450E-03
 -0.73002937E-03 -0.83664282E-03 -0.79085148E-03 -0.58228006E-03 -0.60941885E-03
 -0.53183078E-03 -0.49746352E-03 -0.36849079E-03 -0.37831959E-03 -0.28538655E-03
 -0.25171136E-03 -0.21347201E-03 -0.17127169E-03 -0.15505469E-03 -0.64392931E-04
 -0.10172182E-03 -0.10364568E-03 -0.77433989E-04 -0.32468795E-04
  0.00000000E+00  0.00000000E+00  0.00000000E+00  0.00000000E+00  0.00000000E+00
  0.00000000E+00  0.00000000E+00  0.00000000E+00  0.00000000E+00  0.00000000E+00
  0.00000000E+00  0.00000000E+00  0.00000000E+00  0.00000000E+00  0.00000000E+00
  0.00000000E+00  0.00000000E+00  0.00000000E+00  0.00000000E+00  0.00000000E+00
  0.00000000E+00  0.00000000E+00  0.00000000E+00  0.00000000E+00  0.00000000E+00
  0.00000000E+00  0.00000000E+00  0.00000000E+00  0.00000000E+00  0.00000000E+00
  0.00000000E+00 -0.63864844E-06 -0.75790976E-06 -0.18149007E-05 -0.15359620E-05
 -0.25710934E-05  0.71454752E-06 -0.62167285E-05  0.30616633E-05  0.89003963E-06
  0.54181042E-04  0.16317662E-03  0.14446661E-03 -0.24099096E-03 -0.75737925E-03
 -0.67784721E-03 -0.72209392E-03 -0.63579475E-03 -0.49350280E-03 -0.46819246E-03
 -0.50450662E-03 -0.46330863E-03 -0.37101109E-03 -0.25620712E-03 -0.32417501E-03
 -0.21379464E-03 -0.13346669E-03 -0.11236687E-03 -0.11984251E-03 -0.57156901E-04
 -0.88295073E-04 -0.51587966E-04 -0.69466368E-04 -0.27050577E-04
  0.00000000E+00  0.00000000E+00  0.00000000E+00  0.00000000E+00  0.00000000E+00
  0.00000000E+00  0.00000000E+00  0.00000000E+00  0.00000000E+00  0.00000000E+00
  0.00000000E+00  0.00000000E+00  0.00000000E+00  0.00000000E+00  0.00000000E+00
  0.00000000E+00  0.00000000E+00  0.00000000E+00  0.00000000E+00  0.00000000E+00
  0.00000000E+00  0.00000000E+00  0.00000000E+00  0.00000000E+00  0.00000000E+00
  0.00000000E+00  0.00000000E+00  0.00000000E+00  0.00000000E+00  0.00000000E+00
  0.00000000E+00 -0.62148483E-06 -0.66816874E-06 -0.20330704E-05 -0.65591009E-06
 -0.37837795E-05  0.55339577E-06 -0.63612114E-05  0.52979288E-05  0.24266626E-05
  0.40537389E-04  0.16831258E-03  0.25009759E-03 -0.16871000E-03 -0.67075539E-03
 -0.52561367E-03 -0.63965937E-03 -0.63043505E-03 -0.36784044E-03 -0.41174253E-03
 -0.41205551E-03 -0.48335359E-03 -0.27530813E-03 -0.18906516E-03 -0.28798365E-03
 -0.23154998E-03 -0.10320101E-03 -0.13553395E-03 -0.59562535E-04 -0.13199442E-03
 -0.45105758E-04  0.44150773E-05 -0.49961485E-04 -0.33813848E-04
  0.00000000E+00  0.00000000E+00  0.00000000E+00  0.00000000E+00  0.00000000E+00
  0.00000000E+00  0.00000000E+00  0.00000000E+00  0.00000000E+00  0.00000000E+00
  0.00000000E+00  0.00000000E+00  0.00000000E+00  0.00000000E+00  0.00000000E+00
  0.00000000E+00  0.00000000E+00  0.00000000E+00  0.00000000E+00  0.00000000E+00
  0.00000000E+00  0.00000000E+00  0.00000000E+00  0.00000000E+00  0.00000000E+00
  0.00000000E+00  0.00000000E+00  0.00000000E+00  0.00000000E+00  0.00000000E+00
  0.00000000E+00 -0.60338468E-06 -0.64980095E-06 -0.23542608E-05 -0.16177531E-05
 -0.45022750E-05  0.59142615E-06 -0.76939522E-05 -0.80631173E-06  0.23974406E-05
  0.41525525E-04  0.15936248E-03  0.20715115E-03 -0.74026843E-04 -0.58900642E-03
 -0.39245479E-03 -0.59339622E-03 -0.63588215E-03 -0.34598388E-03 -0.30394915E-03
 -0.32185578E-03 -0.38472017E-03 -0.25110430E-03 -0.25175472E-03 -0.22219279E-03
 -0.14939912E-03 -0.13243144E-03 -0.77015928E-04 -0.78471250E-04 -0.10652816E-03
 -0.42563971E-04 -0.41655617E-04 -0.17222251E-04 -0.27723796E-04
  0.00000000E+00  0.00000000E+00  0.00000000E+00  0.00000000E+00  0.00000000E+00
  0.00000000E+00  0.00000000E+00  0.00000000E+00  0.00000000E+00  0.00000000E+00
  0.00000000E+00  0.00000000E+00  0.00000000E+00  0.00000000E+00  0.00000000E+00
  0.00000000E+00  0.00000000E+00  0.00000000E+00  0.00000000E+00  0.00000000E+00
  0.00000000E+00  0.00000000E+00  0.00000000E+00  0.00000000E+00  0.00000000E+00
  0.00000000E+00  0.00000000E+00  0.00000000E+00  0.00000000E+00  0.00000000E+00
  0.00000000E+00 -0.58556535E-06 -0.63015584E-06 -0.21885051E-05 -0.21997135E-05
 -0.48410538E-05 -0.62286166E-06 -0.12379151E-04  0.10226884E-05  0.28082489E-05
  0.36319274E-04  0.89305233E-04  0.19543504E-03 -0.10527410E-03 -0.45103505E-03
 -0.36994251E-03 -0.49900808E-03 -0.46009348E-03 -0.28958200E-03 -0.34478327E-03
 -0.33055002E-03 -0.29603949E-03 -0.19677941E-03 -0.16376046E-03 -0.22209309E-03
 -0.46065407E-04 -0.12553720E-03 -0.98826639E-04 -0.56590008E-04 -0.74695285E-04
 -0.23648369E-04 -0.36536325E-04  0.35267536E-05 -0.14332271E-04
  0.00000000E+00  0.00000000E+00  0.00000000E+00  0.00000000E+00  0.00000000E+00
  0.00000000E+00  0.00000000E+00  0.00000000E+00  0.00000000E+00  0.00000000E+00
  0.00000000E+00  0.00000000E+00  0.00000000E+00  0.00000000E+00  0.00000000E+00
  0.00000000E+00  0.00000000E+00  0.00000000E+00  0.00000000E+00  0.00000000E+00
  0.00000000E+00  0.00000000E+00  0.00000000E+00  0.00000000E+00  0.00000000E+00
  0.00000000E+00  0.00000000E+00  0.00000000E+00  0.00000000E+00  0.00000000E+00
  0.00000000E+00 -0.97353290E-06 -0.60965646E-06 -0.22729076E-05 -0.22863730E-05
 -0.35455286E-05 -0.24650462E-05 -0.12578222E-04 -0.38723149E-05  0.54094778E-05
  0.73535228E-05  0.65676465E-04  0.12230080E-03 -0.12670626E-03 -0.32182514E-03
 -0.35502217E-03 -0.38568895E-03 -0.32931591E-03 -0.27259119E-03 -0.32955683E-03
 -0.24405535E-03 -0.22012257E-03 -0.23404183E-03 -0.12473251E-03 -0.16802312E-03
 -0.70636650E-04 -0.10463642E-03 -0.79137103E-04 -0.82466800E-04 -0.28914657E-04
 -0.32588259E-04 -0.32391979E-05 -0.28825519E-04 -0.34590001E-04
  0.00000000E+00  0.00000000E+00  0.00000000E+00  0.00000000E+00  0.00000000E+00
  0.00000000E+00  0.00000000E+00  0.00000000E+00  0.00000000E+00  0.00000000E+00
  0.00000000E+00  0.00000000E+00  0.00000000E+00  0.00000000E+00  0.00000000E+00
  0.00000000E+00  0.00000000E+00  0.00000000E+00  0.00000000E+00  0.00000000E+00
  0.00000000E+00  0.00000000E+00  0.00000000E+00  0.00000000E+00  0.00000000E+00
  0.00000000E+00  0.00000000E+00  0.00000000E+00  0.00000000E+00  0.00000000E+00
  0.00000000E+00 -0.80644653E-06 -0.46544221E-06 -0.16042584E-05 -0.18016135E-05
 -0.23472199E-05 -0.36385050E-05 -0.90811671E-05 -0.93193686E-05 -0.48564327E-05
 -0.46842635E-05  0.26159290E-04  0.31104135E-04 -0.61323026E-04 -0.21075960E-03
 -0.23363741E-03 -0.20722927E-03 -0.23432114E-03 -0.17187258E-03 -0.25763590E-03
 -0.18958562E-03 -0.10147648E-03 -0.18582310E-03 -0.28104188E-04 -0.13011455E-03
 -0.48617911E-04 -0.85191013E-04 -0.81125141E-04 -0.53122730E-04  0.22536750E-04
 -0.37227088E-04 -0.14365077E-04 -0.60328031E-04 -0.11213799E-04
  0.00000000E+00  0.00000000E+00  0.00000000E+00  0.00000000E+00  0.00000000E+00
  0.00000000E+00  0.00000000E+00  0.00000000E+00  0.00000000E+00  0.00000000E+00
  0.00000000E+00  0.00000000E+00  0.00000000E+00  0.00000000E+00  0.00000000E+00
  0.00000000E+00  0.00000000E+00  0.00000000E+00  0.00000000E+00  0.00000000E+00
  0.00000000E+00  0.00000000E+00  0.00000000E+00  0.00000000E+00  0.00000000E+00
  0.00000000E+00  0.00000000E+00  0.00000000E+00  0.00000000E+00  0.00000000E+00
  0.00000000E+00 -0.89283045E-06 -0.51451613E-06 -0.13595776E-05 -0.29552745E-05
 -0.26292951E-05 -0.47843570E-05 -0.94468626E-05 -0.13976475E-04 -0.15218717E-04
 -0.24305977E-04  0.86056178E-05  0.19495087E-05 -0.71848999E-04 -0.26041041E-03
 -0.14639066E-03 -0.19676979E-03 -0.29736134E-03 -0.16045512E-03 -0.21797277E-03
 -0.14545462E-03 -0.18676726E-03 -0.10620431E-03 -0.56757534E-04 -0.12998485E-03
 -0.10297813E-03  0.34667462E-05 -0.10135012E-03 -0.93362435E-04  0.17980192E-04
 -0.32049916E-04 -0.25063786E-04 -0.40977267E-04 -0.11206625E-04
  0.00000000E+00  0.00000000E+00  0.00000000E+00  0.00000000E+00  0.00000000E+00
  0.00000000E+00  0.00000000E+00  0.00000000E+00  0.00000000E+00  0.00000000E+00
  0.00000000E+00  0.00000000E+00  0.00000000E+00  0.00000000E+00  0.00000000E+00
  0.00000000E+00  0.00000000E+00  0.00000000E+00  0.00000000E+00  0.00000000E+00
  0.00000000E+00  0.00000000E+00  0.00000000E+00  0.00000000E+00  0.00000000E+00
  0.00000000E+00  0.00000000E+00  0.00000000E+00  0.00000000E+00  0.00000000E+00
  0.00000000E+00 -0.98584008E-06 -0.54972211E-06 -0.14569399E-05 -0.40424301E-05
 -0.36818979E-05 -0.21093304E-05 -0.17608973E-04 -0.19952847E-04 -0.22714144E-04
 -0.51482054E-04 -0.11387632E-04 -0.67134861E-04 -0.10303194E-03 -0.25816910E-03
 -0.11126457E-03 -0.21613183E-03 -0.26944410E-03 -0.15283614E-03 -0.15922349E-03
 -0.22030426E-03 -0.14501436E-03 -0.71360573E-04 -0.13695430E-03 -0.44694822E-04
 -0.38805368E-04 -0.48749357E-06 -0.10188741E-03 -0.89190733E-04 -0.31452699E-04
 -0.55262617E-04  0.48904533E-05 -0.22063681E-04 -0.12960859E-04
  0.00000000E+00  0.00000000E+00  0.00000000E+00  0.00000000E+00  0.00000000E+00
  0.00000000E+00  0.00000000E+00  0.00000000E+00  0.00000000E+00  0.00000000E+00
  0.00000000E+00  0.00000000E+00  0.00000000E+00  0.00000000E+00  0.00000000E+00
  0.00000000E+00  0.00000000E+00  0.00000000E+00  0.00000000E+00  0.00000000E+00
  0.00000000E+00  0.00000000E+00  0.00000000E+00  0.00000000E+00  0.00000000E+00
  0.00000000E+00  0.00000000E+00  0.00000000E+00  0.00000000E+00  0.00000000E+00
 -0.21097131E-06 -0.95599309E-06 -0.58426581E-06 -0.11348198E-05 -0.61696194E-05
 -0.53364778E-05 -0.34396258E-05 -0.24635275E-04 -0.33295441E-04 -0.40212275E-04
 -0.81840021E-04 -0.46494315E-04 -0.14644178E-03 -0.17795810E-03 -0.20467685E-03
 -0.14551566E-03 -0.20245634E-03 -0.24245527E-03 -0.65148724E-04 -0.20641065E-03
 -0.74106251E-04 -0.12250025E-03 -0.16946215E-03 -0.12036147E-03 -0.95529996E-06
 -0.23380897E-04 -0.83165445E-04 -0.15755830E-04 -0.80360504E-04 -0.48294369E-04
 -0.49889718E-04 -0.10773550E-04  0.26665891E-05 -0.11571254E-04
  0.00000000E+00  0.00000000E+00  0.00000000E+00  0.00000000E+00  0.00000000E+00
  0.00000000E+00  0.00000000E+00  0.00000000E+00  0.00000000E+00  0.00000000E+00
  0.00000000E+00  0.00000000E+00  0.00000000E+00  0.00000000E+00  0.00000000E+00
  0.00000000E+00  0.00000000E+00  0.00000000E+00  0.00000000E+00  0.00000000E+00
  0.00000000E+00  0.00000000E+00  0.00000000E+00  0.00000000E+00  0.00000000E+00
  0.00000000E+00  0.00000000E+00  0.00000000E+00  0.00000000E+00  0.00000000E+00
 -0.57938748E-06 -0.63677431E-06 -0.63522529E-06 -0.17542313E-05 -0.73786939E-05
 -0.87765071E-05 -0.48979983E-05 -0.33618945E-04 -0.49015248E-04 -0.55176158E-04
 -0.10767829E-03 -0.16570003E-03 -0.28189140E-03 -0.23553520E-03 -0.79159341E-04
 -0.15594302E-03 -0.19115968E-03 -0.15981231E-03 -0.83142731E-04 -0.16142011E-03
 -0.26104058E-04 -0.44841238E-04 -0.25765971E-03 -0.59055225E-04 -0.19468444E-04
 -0.71859811E-04 -0.14893430E-04 -0.72712194E-04 -0.36075716E-04 -0.12466674E-04
 -0.59236367E-04  0.20318936E-04 -0.16719128E-04 -0.76772819E-05
  0.00000000E+00  0.00000000E+00  0.00000000E+00  0.00000000E+00  0.00000000E+00
  0.00000000E+00  0.00000000E+00  0.00000000E+00  0.00000000E+00  0.00000000E+00
  0.00000000E+00  0.00000000E+00  0.00000000E+00  0.00000000E+00  0.00000000E+00
  0.00000000E+00  0.00000000E+00  0.00000000E+00  0.00000000E+00  0.00000000E+00
  0.00000000E+00  0.00000000E+00  0.00000000E+00  0.00000000E+00  0.00000000E+00
  0.00000000E+00  0.00000000E+00  0.00000000E+00  0.00000000E+00  0.00000000E+00
 -0.63027289E-06 -0.69342064E-06 -0.61142424E-06 -0.23084702E-05 -0.82147453E-05
 -0.95887691E-05 -0.16404800E-04 -0.35252144E-04 -0.68616391E-04 -0.72602985E-04
 -0.17623551E-03 -0.27845594E-03 -0.40620820E-03 -0.41160802E-03  0.10947796E-04
 -0.56138524E-04 -0.24803404E-03 -0.31384031E-04 -0.50605750E-04 -0.70115964E-04
 -0.62490600E-04 -0.14007968E-03 -0.40514376E-04 -0.85413326E-04 -0.54955710E-04
  0.38248572E-04 -0.92536444E-04 -0.11539876E-03 -0.77090987E-05 -0.82591518E-05
  0.56676066E-06 -0.26669279E-04 -0.32724055E-04 -0.17031770E-07
  0.00000000E+00  0.00000000E+00  0.00000000E+00  0.00000000E+00  0.00000000E+00
  0.00000000E+00  0.00000000E+00  0.00000000E+00  0.00000000E+00  0.00000000E+00
  0.00000000E+00  0.00000000E+00  0.00000000E+00  0.00000000E+00  0.00000000E+00
  0.00000000E+00  0.00000000E+00  0.00000000E+00  0.00000000E+00  0.00000000E+00
  0.00000000E+00  0.00000000E+00  0.00000000E+00  0.00000000E+00  0.00000000E+00
  0.00000000E+00  0.00000000E+00  0.00000000E+00  0.00000000E+00  0.00000000E+00
 -0.68196336E-06 -0.38515521E-06 -0.14355954E-05 -0.29245659E-05 -0.10330999E-04
 -0.11510465E-04 -0.24308036E-04 -0.54223684E-04 -0.92056801E-04 -0.97373015E-04
 -0.25134584E-03 -0.44403535E-03 -0.53417949E-03 -0.48321853E-03 -0.29679852E-04
 -0.11656047E-03  0.38473149E-06  0.17765759E-04  0.47704527E-04 -0.65021913E-04
 -0.82991526E-04 -0.10537041E-03  0.33856083E-04 -0.85033589E-05 -0.11454711E-03
  0.93982926E-04 -0.10034977E-03 -0.78394518E-04 -0.94109640E-04 -0.42637204E-04
  0.97430463E-05 -0.19440096E-04  0.13815859E-04 -0.10347218E-04
  0.00000000E+00  0.00000000E+00  0.00000000E+00  0.00000000E+00  0.00000000E+00
  0.00000000E+00  0.00000000E+00  0.00000000E+00  0.00000000E+00  0.00000000E+00
  0.00000000E+00  0.00000000E+00  0.00000000E+00  0.00000000E+00  0.00000000E+00
  0.00000000E+00  0.00000000E+00  0.00000000E+00  0.00000000E+00  0.00000000E+00
  0.00000000E+00  0.00000000E+00  0.00000000E+00  0.00000000E+00  0.00000000E+00
  0.00000000E+00  0.00000000E+00  0.00000000E+00  0.00000000E+00  0.00000000E+00
 -0.96883162E-06 -0.19580602E-06 -0.37925272E-05 -0.23817869E-05 -0.89022758E-05
 -0.17896084E-04 -0.35269788E-04 -0.62430821E-04 -0.11214330E-03 -0.16238206E-03
 -0.38477666E-03 -0.59596035E-03 -0.77381405E-03 -0.46763110E-03 -0.70526174E-04
 -0.65098662E-04  0.57527641E-04  0.49133580E-04  0.14631372E-03 -0.52653220E-04
 -0.59585818E-04  0.18185482E-05  0.12385988E-03 -0.97148306E-04  0.32042006E-04
 -0.74444065E-04 -0.45581280E-04 -0.40739791E-04 -0.50347597E-05  0.70543473E-04
 -0.25400779E-04  0.34933031E-04  0.22089081E-04 -0.18538237E-04
  0.00000000E+00  0.00000000E+00  0.00000000E+00  0.00000000E+00  0.00000000E+00
  0.00000000E+00  0.00000000E+00  0.00000000E+00  0.00000000E+00  0.00000000E+00
  0.00000000E+00  0.00000000E+00  0.00000000E+00  0.00000000E+00  0.00000000E+00
  0.00000000E+00  0.00000000E+00  0.00000000E+00  0.00000000E+00  0.00000000E+00
  0.00000000E+00  0.00000000E+00  0.00000000E+00  0.00000000E+00  0.00000000E+00
  0.00000000E+00  0.00000000E+00  0.00000000E+00  0.00000000E+00  0.00000000E+00
 -0.15641540E-05  0.00000000E+00 -0.30631030E-05 -0.32394774E-05 -0.11004471E-04
 -0.25523185E-04 -0.43052126E-04 -0.71692238E-04 -0.13981086E-03 -0.25512643E-03
 -0.53562116E-03 -0.76729180E-03 -0.97503121E-03 -0.43485325E-03  0.92276970E-04
  0.70987918E-04  0.43248334E-04  0.14864287E-03  0.26567431E-03 -0.43137853E-04
  0.28928458E-04  0.67895432E-04  0.10308585E-03 -0.53751280E-04  0.13862691E-03
 -0.22652361E-05 -0.11723235E-03 -0.18594065E-05  0.30630288E-04  0.15132193E-04
  0.60835585E-04  0.20367514E-04  0.69202724E-05  0.15757729E-04
  0.00000000E+00  0.00000000E+00  0.00000000E+00  0.00000000E+00  0.00000000E+00
  0.00000000E+00  0.00000000E+00  0.00000000E+00  0.00000000E+00  0.00000000E+00
  0.00000000E+00  0.00000000E+00  0.00000000E+00  0.00000000E+00  0.00000000E+00
  0.00000000E+00  0.00000000E+00  0.00000000E+00  0.00000000E+00  0.00000000E+00
  0.00000000E+00  0.00000000E+00  0.00000000E+00  0.00000000E+00  0.00000000E+00
  0.00000000E+00  0.00000000E+00  0.00000000E+00  0.00000000E+00  0.00000000E+00
 -0.16680139E-05 -0.13954604E-08 -0.25444335E-05 -0.64565173E-05 -0.14534588E-04
 -0.24820561E-04 -0.63261445E-04 -0.10179556E-03 -0.19525599E-03 -0.35409790E-03
 -0.67374333E-03 -0.10369693E-02 -0.11363196E-02 -0.24668290E-03  0.29759459E-03
  0.25351104E-03  0.80419124E-04  0.75418796E-04  0.22681519E-03 -0.37343350E-04
  0.14042293E-03  0.23309225E-03  0.14834948E-03  0.10060070E-03  0.15913975E-04
  0.79161509E-04 -0.10742027E-03 -0.21150638E-04  0.46565319E-04  0.16430472E-04
  0.41498318E-04  0.41717304E-04  0.29394091E-04  0.12536633E-04
  0.00000000E+00  0.00000000E+00  0.00000000E+00  0.00000000E+00  0.00000000E+00
  0.00000000E+00  0.00000000E+00  0.00000000E+00  0.00000000E+00  0.00000000E+00
  0.00000000E+00  0.00000000E+00  0.00000000E+00  0.00000000E+00  0.00000000E+00
  0.00000000E+00  0.00000000E+00  0.00000000E+00  0.00000000E+00  0.00000000E+00
  0.00000000E+00  0.00000000E+00  0.00000000E+00  0.00000000E+00  0.00000000E+00
  0.00000000E+00  0.00000000E+00  0.00000000E+00  0.00000000E+00  0.00000000E+00
 -0.22214333E-05 -0.10681977E-05 -0.42662749E-05 -0.64719894E-05 -0.18444935E-04
 -0.38830529E-04 -0.69567516E-04 -0.15507986E-03 -0.25392172E-03 -0.50096766E-03
 -0.90301105E-03 -0.12458480E-02 -0.97438860E-03 -0.17967998E-03  0.44925991E-03
  0.31367950E-03  0.62604060E-04  0.48565098E-03  0.23848242E-03 -0.41396103E-04
  0.19160392E-03  0.27431081E-03  0.26880987E-03  0.74168208E-04 -0.51756979E-05
 -0.42920048E-04  0.46166955E-04  0.11232636E-03 -0.46333549E-04  0.48036030E-04
  0.65680158E-04  0.64819232E-04  0.24143214E-04  0.29146703E-04
  0.00000000E+00  0.00000000E+00  0.00000000E+00  0.00000000E+00  0.00000000E+00
  0.00000000E+00  0.00000000E+00  0.00000000E+00  0.00000000E+00  0.00000000E+00
  0.00000000E+00  0.00000000E+00  0.00000000E+00  0.00000000E+00  0.00000000E+00
  0.00000000E+00  0.00000000E+00  0.00000000E+00  0.00000000E+00  0.00000000E+00
  0.00000000E+00  0.00000000E+00  0.00000000E+00  0.00000000E+00  0.00000000E+00
  0.00000000E+00  0.00000000E+00  0.00000000E+00 -0.62534830E-07  0.00000000E+00
 -0.23667093E-05 -0.19795272E-05 -0.65771912E-05 -0.65927672E-05 -0.25274062E-04
 -0.59618467E-04 -0.63033803E-04 -0.19794505E-03 -0.35269231E-03 -0.63947407E-03
 -0.11603448E-02 -0.13844982E-02 -0.54316738E-03 -0.69692323E-04  0.37694613E-03
  0.59352102E-03  0.44842272E-03  0.19376663E-03  0.30825508E-03  0.23177802E-03
  0.17067534E-03  0.23589966E-03  0.29297726E-03  0.22806158E-03 -0.35791440E-04
  0.13922923E-03  0.35852078E-04  0.75706766E-04  0.14546425E-03  0.41195792E-04
  0.48088304E-04  0.62522141E-04  0.53748742E-05  0.23292544E-04
  0.00000000E+00  0.00000000E+00  0.00000000E+00  0.00000000E+00  0.00000000E+00
  0.00000000E+00  0.00000000E+00  0.00000000E+00  0.00000000E+00  0.00000000E+00
  0.00000000E+00  0.00000000E+00  0.00000000E+00  0.00000000E+00  0.00000000E+00
  0.00000000E+00  0.00000000E+00  0.00000000E+00  0.00000000E+00  0.00000000E+00
  0.00000000E+00  0.00000000E+00  0.00000000E+00  0.00000000E+00  0.00000000E+00
  0.00000000E+00  0.00000000E+00  0.00000000E+00 -0.44163406E-06  0.00000000E+00
 -0.21019438E-05 -0.22547565E-05 -0.57476655E-05 -0.15049912E-04 -0.27138668E-04
 -0.74902092E-04 -0.99553970E-04 -0.23152060E-03 -0.48030891E-03 -0.81803264E-03
 -0.13906076E-02 -0.13728920E-02 -0.31702676E-03  0.20956240E-03  0.29448295E-03
  0.78958031E-03  0.53680660E-03  0.32669358E-03  0.41810226E-03  0.48784182E-03
  0.15623362E-03  0.21137004E-03  0.37379016E-03  0.27591450E-03  0.18096119E-04
  0.88738803E-04  0.16001597E-03  0.11401364E-03  0.18829080E-03  0.67887803E-04
  0.11005194E-03  0.77513847E-04  0.72496718E-04  0.16511844E-04
  0.00000000E+00  0.00000000E+00  0.00000000E+00  0.00000000E+00  0.00000000E+00
  0.00000000E+00  0.00000000E+00  0.00000000E+00  0.00000000E+00  0.00000000E+00
  0.00000000E+00  0.00000000E+00  0.00000000E+00  0.00000000E+00  0.00000000E+00
  0.00000000E+00  0.00000000E+00  0.00000000E+00  0.00000000E+00  0.00000000E+00
  0.00000000E+00  0.00000000E+00  0.00000000E+00  0.00000000E+00  0.00000000E+00
  0.00000000E+00  0.00000000E+00 -0.91560090E-06 -0.44195896E-06  0.00000000E+00
 -0.22822548E-05 -0.24629283E-05 -0.49230801E-05 -0.18452753E-04 -0.35943718E-04
 -0.90850974E-04 -0.12674204E-03 -0.28197449E-03 -0.63606218E-03 -0.10941869E-02
 -0.14713108E-02 -0.11029748E-02 -0.17615994E-03  0.37419951E-03  0.49657692E-03
  0.90024137E-03  0.55822945E-03  0.47456950E-03  0.53136418E-03  0.43203145E-03
  0.28737081E-03  0.36947871E-03  0.30419392E-03  0.24508431E-03  0.24567582E-03
  0.12674468E-03  0.80622899E-04  0.13357697E-03  0.10907567E-04  0.17592719E-03
  0.16732691E-03  0.14795159E-03  0.34176959E-04  0.34786351E-04
  0.00000000E+00  0.00000000E+00  0.00000000E+00  0.00000000E+00  0.00000000E+00
  0.00000000E+00  0.00000000E+00  0.00000000E+00  0.00000000E+00  0.00000000E+00
  0.00000000E+00  0.00000000E+00  0.00000000E+00  0.00000000E+00  0.00000000E+00
  0.00000000E+00  0.00000000E+00  0.00000000E+00  0.00000000E+00  0.00000000E+00
  0.00000000E+00  0.00000000E+00  0.00000000E+00  0.00000000E+00  0.00000000E+00
  0.00000000E+00  0.00000000E+00 -0.71095158E-06 -0.81733853E-06  0.00000000E+00
 -0.20016311E-05 -0.21866373E-05 -0.85417651E-05 -0.24571100E-04 -0.44737739E-04
 -0.10069256E-03 -0.16464898E-03 -0.38729417E-03 -0.83015729E-03 -0.12789648E-02
 -0.14977247E-02 -0.86298773E-03  0.14634507E-03  0.57652562E-03  0.57878792E-03
  0.62768086E-03  0.75083340E-03  0.66121298E-03  0.45092708E-03  0.36990610E-03
  0.45898999E-03  0.31263291E-03  0.54081113E-03  0.26859728E-03  0.32903994E-03
  0.11854265E-03  0.12065479E-03  0.16488593E-03  0.10524821E-03  0.14203253E-03
  0.74036826E-04  0.11935815E-03  0.81555239E-04  0.32777058E-04
  0.00000000E+00  0.00000000E+00  0.00000000E+00  0.00000000E+00  0.00000000E+00
  0.00000000E+00  0.00000000E+00  0.00000000E+00  0.00000000E+00  0.00000000E+00
  0.00000000E+00  0.00000000E+00  0.00000000E+00  0.00000000E+00  0.00000000E+00
  0.00000000E+00  0.00000000E+00  0.00000000E+00  0.00000000E+00  0.00000000E+00
  0.00000000E+00  0.00000000E+00  0.00000000E+00  0.00000000E+00  0.00000000E+00
  0.00000000E+00  0.00000000E+00 -0.33271563E-06 -0.13100849E-05  0.21941615E-07
 -0.11498083E-05 -0.32854271E-05 -0.77122681E-05 -0.25185870E-04 -0.63722051E-04
 -0.11269084E-03 -0.23249902E-03 -0.48953354E-03 -0.10174442E-02 -0.14374357E-02
 -0.11913788E-02 -0.54671139E-03  0.34549814E-03  0.85665243E-03  0.98255597E-03
  0.64210258E-03  0.63396316E-03  0.86898863E-03  0.56455876E-03  0.39163900E-03
  0.46998047E-03  0.41836872E-03  0.39915319E-03  0.41477832E-03  0.34413529E-03
  0.15172422E-03  0.19897568E-03  0.11611791E-03  0.20721290E-03  0.16319165E-03
  0.14612209E-03  0.13290931E-03  0.65298933E-04  0.30640739E-04
  0.00000000E+00  0.00000000E+00  0.00000000E+00  0.00000000E+00  0.00000000E+00
  0.00000000E+00  0.00000000E+00  0.00000000E+00  0.00000000E+00  0.00000000E+00
  0.00000000E+00  0.00000000E+00  0.00000000E+00  0.00000000E+00  0.00000000E+00
  0.00000000E+00  0.00000000E+00  0.00000000E+00  0.00000000E+00  0.00000000E+00
  0.00000000E+00  0.00000000E+00  0.00000000E+00  0.00000000E+00  0.00000000E+00
  0.00000000E+00  0.00000000E+00  0.00000000E+00 -0.81602058E-06 -0.73967727E-06
 -0.25690227E-05 -0.35587345E-05 -0.66690578E-05 -0.13549093E-04 -0.78601906E-04
 -0.12911064E-03 -0.24468039E-03 -0.59246479E-03 -0.11939217E-02 -0.14335757E-02
 -0.87154506E-03  0.71556347E-04  0.76783065E-03  0.94320309E-03  0.81984050E-03
  0.88300265E-03  0.93747183E-03  0.76274594E-03  0.65448909E-03  0.63728424E-03
  0.59617034E-03  0.43246878E-03  0.40000436E-03  0.22533274E-03  0.29114135E-03
  0.28702284E-03  0.19378897E-03  0.10503386E-03  0.16167151E-03  0.17560667E-03
  0.94004039E-04  0.39732520E-04  0.78971939E-04  0.43783456E-04
  0.00000000E+00  0.00000000E+00  0.00000000E+00  0.00000000E+00  0.00000000E+00
  0.00000000E+00  0.00000000E+00  0.00000000E+00  0.00000000E+00  0.00000000E+00
  0.00000000E+00  0.00000000E+00  0.00000000E+00  0.00000000E+00  0.00000000E+00
  0.00000000E+00  0.00000000E+00  0.00000000E+00  0.00000000E+00  0.00000000E+00
  0.00000000E+00  0.00000000E+00  0.00000000E+00  0.00000000E+00  0.00000000E+00
  0.00000000E+00  0.00000000E+00  0.00000000E+00  0.33280479E-06 -0.34873218E-05
 -0.17632264E-05 -0.37204136E-05  0.10472698E-05 -0.21249577E-04 -0.58667345E-04
 -0.13272019E-03 -0.27578296E-03 -0.60850438E-03 -0.12650045E-02 -0.11490979E-02
 -0.14768387E-03  0.41955594E-03  0.10219790E-02  0.10606344E-02  0.10871025E-02
  0.98980672E-03  0.89192362E-03  0.87395004E-03  0.80337065E-03  0.79423260E-03
  0.56618927E-03  0.46960057E-03  0.18922091E-03  0.19070801E-03  0.48971913E-03
  0.37634477E-03  0.25835107E-03  0.20560427E-03  0.23229868E-03  0.13516241E-03
  0.67509477E-04  0.65285216E-04  0.15586943E-04  0.29994457E-04
  0.00000000E+00  0.00000000E+00  0.00000000E+00  0.00000000E+00  0.00000000E+00
  0.00000000E+00  0.00000000E+00  0.00000000E+00  0.00000000E+00  0.00000000E+00
  0.00000000E+00  0.00000000E+00  0.00000000E+00  0.00000000E+00  0.00000000E+00
  0.00000000E+00  0.00000000E+00  0.00000000E+00  0.00000000E+00  0.00000000E+00
  0.00000000E+00  0.00000000E+00  0.00000000E+00  0.00000000E+00  0.00000000E+00
  0.00000000E+00  0.00000000E+00  0.00000000E+00 -0.23824052E-06 -0.27336066E-05
 -0.29041638E-05 -0.13394261E-05  0.21059392E-05 -0.28542761E-04 -0.51617795E-04
 -0.11823785E-03 -0.27145084E-03 -0.66487790E-03 -0.10280862E-02 -0.52049720E-03
  0.37216920E-03  0.10173252E-02  0.11525489E-02  0.13211395E-02  0.13889338E-02
  0.11229022E-02  0.11008226E-02  0.86014733E-03  0.84304772E-03  0.88001179E-03
  0.72979042E-03  0.51615449E-03  0.42560777E-03  0.29741476E-03  0.35769717E-03
  0.28738030E-03  0.29231715E-03  0.18898890E-03  0.18733200E-03  0.13173946E-03
  0.18285348E-03  0.69188451E-04  0.78097589E-04  0.34801491E-04
  0.00000000E+00  0.00000000E+00  0.00000000E+00  0.00000000E+00  0.00000000E+00
  0.00000000E+00  0.00000000E+00  0.00000000E+00  0.00000000E+00  0.00000000E+00
  0.00000000E+00  0.00000000E+00  0.00000000E+00  0.00000000E+00  0.00000000E+00
  0.00000000E+00  0.00000000E+00  0.00000000E+00  0.00000000E+00  0.00000000E+00
  0.00000000E+00  0.00000000E+00  0.00000000E+00  0.00000000E+00  0.00000000E+00
  0.00000000E+00  0.00000000E+00  0.00000000E+00 -0.93232411E-06 -0.35302377E-05
 -0.35097197E-05  0.32253874E-06  0.14640446E-05 -0.22797062E-04 -0.66070461E-04
 -0.90122066E-04 -0.24507478E-03 -0.53970492E-03 -0.65843345E-03  0.69726294E-04
  0.11193062E-02  0.14662823E-02  0.16004236E-02  0.16782227E-02  0.15240395E-02
  0.14625906E-02  0.13275026E-02  0.10177357E-02  0.10441655E-02  0.92245894E-03
  0.92725501E-03  0.61727776E-03  0.51448322E-03  0.38150401E-03  0.30545507E-03
  0.38037555E-03  0.33685557E-03  0.19826758E-03  0.21600089E-03  0.17417541E-03
  0.12691497E-03  0.12151224E-03  0.67628319E-04  0.24276991E-04
  0.00000000E+00  0.00000000E+00  0.00000000E+00  0.00000000E+00  0.00000000E+00
  0.00000000E+00  0.00000000E+00  0.00000000E+00  0.00000000E+00  0.00000000E+00
  0.00000000E+00  0.00000000E+00  0.00000000E+00  0.00000000E+00  0.00000000E+00
  0.00000000E+00  0.00000000E+00  0.00000000E+00  0.00000000E+00  0.00000000E+00
  0.00000000E+00  0.00000000E+00  0.00000000E+00  0.00000000E+00  0.00000000E+00
  0.00000000E+00  0.00000000E+00  0.00000000E+00  0.00000000E+00 -0.46331047E-05
  0.89498920E-06  0.88370792E-07 -0.49335835E-05 -0.52683060E-05 -0.28400130E-04
 -0.38042218E-05 -0.77557476E-04 -0.31665955E-03 -0.20585389E-03  0.11222524E-02
  0.20191666E-02  0.23167461E-02  0.25328106E-02  0.21039920E-02  0.19488387E-02
  0.18315032E-02  0.14991075E-02  0.14045605E-02  0.12519550E-02  0.99150028E-03
  0.95119023E-03  0.89784903E-03  0.60771042E-03  0.50305921E-03  0.43689723E-03
  0.45111826E-03  0.41737389E-03  0.33375638E-03  0.24657968E-03  0.23234709E-03
  0.15636926E-03  0.13026529E-03  0.71988567E-04  0.30536599E-04
  0.00000000E+00  0.00000000E+00  0.00000000E+00  0.00000000E+00  0.00000000E+00
  0.00000000E+00  0.00000000E+00  0.00000000E+00  0.00000000E+00  0.00000000E+00
  0.00000000E+00  0.00000000E+00  0.00000000E+00  0.00000000E+00  0.00000000E+00
  0.00000000E+00  0.00000000E+00  0.00000000E+00  0.00000000E+00  0.00000000E+00
  0.00000000E+00  0.00000000E+00  0.00000000E+00  0.00000000E+00  0.00000000E+00
  0.00000000E+00  0.00000000E+00  0.00000000E+00  0.00000000E+00 -0.26030300E-05
  0.36531654E-05 -0.54213239E-05  0.39451059E-05  0.25856421E-05  0.27994759E-04
  0.64892598E-04  0.15167091E-03  0.35656472E-03  0.14129426E-02  0.38354448E-02
  0.46162428E-02  0.43071373E-02  0.35624063E-02  0.29043731E-02  0.25364924E-02
  0.21946215E-02  0.19280937E-02  0.16370067E-02  0.14360997E-02  0.11508482E-02
  0.10568820E-02  0.10453803E-02  0.84602925E-03  0.74202922E-03  0.71097771E-03
  0.68224180E-03  0.60433064E-03  0.45902016E-03  0.44640591E-03  0.39800703E-03
  0.36453858E-03  0.26612864E-03  0.13639182E-03  0.56401748E-04
  0.00000000E+00  0.00000000E+00  0.00000000E+00  0.00000000E+00  0.00000000E+00
  0.00000000E+00  0.00000000E+00  0.00000000E+00  0.00000000E+00  0.00000000E+00
  0.00000000E+00  0.00000000E+00  0.00000000E+00  0.00000000E+00  0.00000000E+00
  0.00000000E+00  0.00000000E+00  0.00000000E+00  0.00000000E+00  0.00000000E+00
  0.00000000E+00  0.00000000E+00  0.00000000E+00  0.00000000E+00  0.00000000E+00
  0.00000000E+00  0.00000000E+00  0.00000000E+00  0.00000000E+00  0.00000000E+00
  0.11086827E-05  0.52788762E-08 -0.96277342E-07  0.28669966E-09 -0.87924758E-06
 -0.63018437E-05  0.16708924E-05 -0.70550887E-05  0.24208813E-04  0.38577172E-04
 -0.24443541E-04 -0.55645176E-04 -0.42565133E-03 -0.27625906E-03 -0.15813148E-03
 -0.10346703E-03  0.32988742E-05  0.11152589E-03  0.16862744E-04 -0.11741955E-03
 -0.17360550E-04 -0.40108389E-04 -0.31195070E-04 -0.28922509E-04  0.35391338E-04
  0.80700558E-04 -0.35914414E-04 -0.50945337E-06 -0.25006327E-04 -0.48312301E-04
 -0.10441053E-04  0.36571429E-05 -0.21326765E-04 -0.59864625E-04
  0.00000000E+00  0.00000000E+00  0.00000000E+00  0.00000000E+00  0.00000000E+00
  0.00000000E+00  0.00000000E+00  0.00000000E+00  0.00000000E+00  0.00000000E+00
  0.00000000E+00  0.00000000E+00  0.00000000E+00  0.00000000E+00  0.00000000E+00
  0.00000000E+00  0.00000000E+00  0.00000000E+00  0.00000000E+00  0.00000000E+00
  0.00000000E+00  0.00000000E+00  0.00000000E+00  0.00000000E+00  0.00000000E+00
  0.00000000E+00  0.00000000E+00  0.00000000E+00  0.00000000E+00  0.00000000E+00
  0.10129804E-05 -0.37679037E-06 -0.27256972E-06 -0.10689076E-06  0.86053981E-06
 -0.24098904E-05  0.10982123E-05 -0.16184898E-05  0.91757159E-05  0.12854258E-05
  0.87199577E-04  0.15104484E-04 -0.18130921E-03 -0.17463463E-03 -0.14139341E-03
  0.16324123E-03  0.61199265E-04 -0.28021462E-05 -0.71966514E-04 -0.17412468E-04
  0.29114386E-04  0.57439456E-04  0.46811399E-04 -0.46213954E-04 -0.15935304E-04
  0.20713718E-04  0.27512173E-04 -0.10060689E-04 -0.31857558E-04 -0.52493297E-04
  0.71161942E-05  0.23672894E-04  0.94156612E-05 -0.51675787E-04
  0.00000000E+00  0.00000000E+00  0.00000000E+00  0.00000000E+00  0.00000000E+00
  0.00000000E+00  0.00000000E+00  0.00000000E+00  0.00000000E+00  0.00000000E+00
  0.00000000E+00  0.00000000E+00  0.00000000E+00  0.00000000E+00  0.00000000E+00
  0.00000000E+00  0.00000000E+00  0.00000000E+00  0.00000000E+00  0.00000000E+00
  0.00000000E+00  0.00000000E+00  0.00000000E+00  0.00000000E+00  0.00000000E+00
  0.00000000E+00  0.00000000E+00  0.00000000E+00  0.00000000E+00  0.00000000E+00
  0.98846375E-06 -0.14165804E-05  0.20858628E-06 -0.29209850E-06  0.56240841E-06
  0.57542181E-05  0.13113046E-06 -0.94383472E-05 -0.78654090E-06  0.25409536E-04
  0.11189901E-03  0.39573101E-04 -0.14510100E-03 -0.37143848E-03 -0.10775021E-03
  0.10632316E-03  0.39199244E-04  0.66692790E-04 -0.42111061E-04  0.28582442E-04
  0.46260857E-04 -0.43668384E-04  0.21979924E-04 -0.62370032E-04  0.53541607E-04
 -0.36421343E-04  0.62694039E-04  0.64876406E-05 -0.69019093E-05  0.38386830E-04
  0.15468485E-04 -0.60843875E-05 -0.52302670E-04 -0.62162717E-04
  0.00000000E+00  0.00000000E+00  0.00000000E+00  0.00000000E+00  0.00000000E+00
  0.00000000E+00  0.00000000E+00  0.00000000E+00  0.00000000E+00  0.00000000E+00
  0.00000000E+00  0.00000000E+00  0.00000000E+00  0.00000000E+00  0.00000000E+00
  0.00000000E+00  0.00000000E+00  0.00000000E+00  0.00000000E+00  0.00000000E+00
  0.00000000E+00  0.00000000E+00  0.00000000E+00  0.00000000E+00  0.00000000E+00
  0.00000000E+00  0.00000000E+00  0.00000000E+00  0.00000000E+00  0.00000000E+00
  0.95444878E-06 -0.13928034E-05  0.36404013E-06  0.23712538E-06  0.15473730E-05
  0.92924434E-06  0.26109660E-05  0.79963915E-05 -0.36764250E-05  0.11300964E-04
  0.27834766E-04  0.23694025E-04 -0.18468208E-03 -0.44049565E-03 -0.21558040E-03
  0.19586069E-03  0.96813419E-04  0.23854344E-03  0.48759693E-05  0.19890734E-03
  0.20067254E-03 -0.10174929E-03 -0.77529749E-04  0.18722284E-04  0.69408387E-04
  0.12176780E-04 -0.58056918E-05  0.52291051E-04  0.42140792E-04 -0.55844011E-04
 -0.28926453E-04 -0.14631945E-04 -0.28290708E-04 -0.88117023E-04
  0.00000000E+00  0.00000000E+00  0.00000000E+00  0.00000000E+00  0.00000000E+00
  0.00000000E+00  0.00000000E+00  0.00000000E+00  0.00000000E+00  0.00000000E+00
  0.00000000E+00  0.00000000E+00  0.00000000E+00  0.00000000E+00  0.00000000E+00
  0.00000000E+00  0.00000000E+00  0.00000000E+00  0.00000000E+00  0.00000000E+00
  0.00000000E+00  0.00000000E+00  0.00000000E+00  0.00000000E+00  0.00000000E+00
  0.00000000E+00  0.00000000E+00  0.00000000E+00  0.00000000E+00  0.00000000E+00
  0.15089390E-08 -0.13410113E-05  0.36139247E-06  0.75596224E-06  0.26133112E-05
  0.35188012E-05 -0.26606789E-05 -0.87927292E-05 -0.20790092E-04  0.22395104E-04
  0.21175644E-04  0.30149949E-05 -0.96851199E-05 -0.19316325E-03 -0.29271916E-03
  0.18908437E-03  0.11574868E-03 -0.10856207E-03 -0.59016551E-04  0.46376761E-04
 -0.84692958E-04 -0.61596427E-05  0.43896833E-04 -0.33074751E-04  0.57957656E-04
  0.11582547E-04 -0.11813928E-04 -0.11068593E-04 -0.40572735E-04 -0.78352978E-04
 -0.30842436E-04 -0.71148381E-04 -0.60504197E-04 -0.75689795E-04
  0.00000000E+00  0.00000000E+00  0.00000000E+00  0.00000000E+00  0.00000000E+00
  0.00000000E+00  0.00000000E+00  0.00000000E+00  0.00000000E+00  0.00000000E+00
  0.00000000E+00  0.00000000E+00  0.00000000E+00  0.00000000E+00  0.00000000E+00
  0.00000000E+00  0.00000000E+00  0.00000000E+00  0.00000000E+00  0.00000000E+00
  0.00000000E+00  0.00000000E+00  0.00000000E+00  0.00000000E+00  0.00000000E+00
  0.00000000E+00  0.00000000E+00  0.00000000E+00  0.00000000E+00  0.00000000E+00
  0.00000000E+00 -0.40785775E-06 -0.89151086E-06  0.43896140E-06  0.58852305E-06
  0.22838318E-05  0.85242508E-06 -0.14579230E-05 -0.33542857E-05  0.20293360E-04
  0.27603432E-04  0.86198954E-04  0.61863626E-04  0.47250598E-04 -0.10360566E-03
  0.21022339E-03  0.97214618E-04  0.25441125E-03 -0.66198181E-04  0.20330641E-03
 -0.81148826E-04  0.73618941E-04 -0.49585353E-04 -0.12153536E-03 -0.65807624E-04
 -0.77396490E-06  0.70181160E-04  0.96228727E-04  0.10461890E-03  0.51877069E-04
  0.10529312E-04 -0.11233909E-04 -0.58517443E-04 -0.71890671E-04
  0.00000000E+00  0.00000000E+00  0.00000000E+00  0.00000000E+00  0.00000000E+00
  0.00000000E+00  0.00000000E+00  0.00000000E+00  0.00000000E+00  0.00000000E+00
  0.00000000E+00  0.00000000E+00  0.00000000E+00  0.00000000E+00  0.00000000E+00
  0.00000000E+00  0.00000000E+00  0.00000000E+00  0.00000000E+00  0.00000000E+00
  0.00000000E+00  0.00000000E+00  0.00000000E+00  0.00000000E+00  0.00000000E+00
  0.00000000E+00  0.00000000E+00  0.00000000E+00  0.00000000E+00  0.00000000E+00
  0.00000000E+00 -0.39697255E-06 -0.89569028E-06  0.15803382E-05 -0.91124781E-07
  0.23077142E-05 -0.13583406E-05 -0.22602986E-06  0.17703563E-04  0.66962098E-05
  0.27662431E-04  0.11657419E-03  0.42819669E-04 -0.32653070E-03 -0.20483844E-03
 -0.19939144E-03  0.26194070E-03  0.18904163E-03  0.64932751E-04 -0.69063975E-04
  0.28968042E-05 -0.26295280E-05  0.26398429E-04 -0.32730343E-04  0.36401709E-05
 -0.40255537E-04 -0.58440142E-04  0.38820010E-04  0.29559559E-04 -0.43497984E-04
 -0.19281810E-04  0.15256857E-06 -0.16675222E-04 -0.66508587E-04
  0.00000000E+00  0.00000000E+00  0.00000000E+00  0.00000000E+00  0.00000000E+00
  0.00000000E+00  0.00000000E+00  0.00000000E+00  0.00000000E+00  0.00000000E+00
  0.00000000E+00  0.00000000E+00  0.00000000E+00  0.00000000E+00  0.00000000E+00
  0.00000000E+00  0.00000000E+00  0.00000000E+00  0.00000000E+00  0.00000000E+00
  0.00000000E+00  0.00000000E+00  0.00000000E+00  0.00000000E+00  0.00000000E+00
  0.00000000E+00  0.00000000E+00  0.00000000E+00  0.00000000E+00  0.00000000E+00
  0.00000000E+00 -0.38551125E-06 -0.87106109E-06  0.67364684E-06  0.18163250E-05
  0.21030515E-05 -0.65103404E-06  0.13813912E-04  0.58915756E-05  0.32997900E-04
  0.58650959E-04  0.12634505E-03  0.49567750E-05 -0.26481442E-03 -0.19604750E-03
 -0.25998551E-03 -0.14611903E-03  0.97476438E-04  0.52206253E-04 -0.60539636E-04
 -0.14815234E-03  0.38191072E-04 -0.47239290E-04 -0.63993033E-04  0.57767590E-04
 -0.22648205E-04  0.37199483E-04 -0.45392488E-04 -0.30352151E-05 -0.90596311E-04
  0.24129368E-04  0.18372423E-04  0.11844944E-04 -0.68871691E-04
  0.00000000E+00  0.00000000E+00  0.00000000E+00  0.00000000E+00  0.00000000E+00
  0.00000000E+00  0.00000000E+00  0.00000000E+00  0.00000000E+00  0.00000000E+00
  0.00000000E+00  0.00000000E+00  0.00000000E+00  0.00000000E+00  0.00000000E+00
  0.00000000E+00  0.00000000E+00  0.00000000E+00  0.00000000E+00  0.00000000E+00
  0.00000000E+00  0.00000000E+00  0.00000000E+00  0.00000000E+00  0.00000000E+00
  0.00000000E+00  0.00000000E+00  0.00000000E+00  0.00000000E+00  0.00000000E+00
  0.00000000E+00 -0.37423495E-06 -0.84473678E-06  0.73375497E-06  0.14379362E-05
  0.59583242E-05  0.95322000E-06  0.13332748E-04 -0.19515413E-05  0.14337398E-04
  0.25350322E-04  0.96578622E-04  0.15423197E-04 -0.38715617E-03 -0.16067920E-03
 -0.14231792E-03  0.14045955E-05 -0.21447912E-04  0.21418729E-04  0.40244114E-04
 -0.13052664E-03  0.88167566E-04 -0.13392492E-03 -0.14975837E-03  0.51851861E-04
  0.90712308E-07 -0.13637756E-04 -0.73910294E-04  0.13131489E-05 -0.36832659E-04
 -0.44936981E-04 -0.12711497E-04  0.65257594E-06 -0.78387050E-04
  0.00000000E+00  0.00000000E+00  0.00000000E+00  0.00000000E+00  0.00000000E+00
  0.00000000E+00  0.00000000E+00  0.00000000E+00  0.00000000E+00  0.00000000E+00
  0.00000000E+00  0.00000000E+00  0.00000000E+00  0.00000000E+00  0.00000000E+00
  0.00000000E+00  0.00000000E+00  0.00000000E+00  0.00000000E+00  0.00000000E+00
  0.00000000E+00  0.00000000E+00  0.00000000E+00  0.00000000E+00  0.00000000E+00
  0.00000000E+00  0.00000000E+00  0.00000000E+00  0.00000000E+00  0.00000000E+00
  0.00000000E+00 -0.41235633E-06 -0.81725615E-06  0.11105480E-05 -0.15754595E-05
  0.61345233E-06 -0.24627339E-05 -0.25205850E-05  0.77730971E-05  0.84034181E-05
  0.41857995E-04  0.89426423E-04  0.35452328E-04 -0.27504847E-03 -0.14291705E-04
 -0.14869763E-03  0.10777713E-04 -0.14639665E-03  0.63095705E-04 -0.23027144E-04
  0.86698419E-05  0.70897575E-04 -0.81252509E-04  0.10545499E-04  0.60667222E-05
  0.80764220E-05  0.16925818E-04  0.34398315E-04 -0.12313273E-04 -0.10468792E-03
 -0.92667174E-04 -0.17203495E-05  0.13759219E-04 -0.49133486E-04
  0.00000000E+00  0.00000000E+00  0.00000000E+00  0.00000000E+00  0.00000000E+00
  0.00000000E+00  0.00000000E+00  0.00000000E+00  0.00000000E+00  0.00000000E+00
  0.00000000E+00  0.00000000E+00  0.00000000E+00  0.00000000E+00  0.00000000E+00
  0.00000000E+00  0.00000000E+00  0.00000000E+00  0.00000000E+00  0.00000000E+00
  0.00000000E+00  0.00000000E+00  0.00000000E+00  0.00000000E+00  0.00000000E+00
  0.00000000E+00  0.00000000E+00  0.00000000E+00  0.00000000E+00  0.00000000E+00
  0.00000000E+00 -0.32284586E-06 -0.62390609E-06 -0.32505121E-06 -0.15230888E-05
 -0.39848583E-06  0.55844116E-05 -0.16079227E-05 -0.46818297E-05  0.96686320E-05
  0.28252386E-04  0.34546664E-04  0.56986485E-04 -0.11090626E-03 -0.15237579E-03
  0.12603751E-04  0.15373821E-03  0.68868781E-04  0.38484180E-04 -0.69154589E-04
  0.37489357E-04 -0.28159859E-04 -0.62412818E-04 -0.72281024E-04  0.56004952E-04
 -0.74242760E-05 -0.92898379E-05  0.83476229E-04  0.31107924E-04 -0.38537018E-04
 -0.54218868E-04  0.90514663E-05  0.35925259E-05 -0.43922587E-04
  0.00000000E+00  0.00000000E+00  0.00000000E+00  0.00000000E+00  0.00000000E+00
  0.00000000E+00  0.00000000E+00  0.00000000E+00  0.00000000E+00  0.00000000E+00
  0.00000000E+00  0.00000000E+00  0.00000000E+00  0.00000000E+00  0.00000000E+00
  0.00000000E+00  0.00000000E+00  0.00000000E+00  0.00000000E+00  0.00000000E+00
  0.00000000E+00  0.00000000E+00  0.00000000E+00  0.00000000E+00  0.00000000E+00
  0.00000000E+00  0.00000000E+00  0.00000000E+00  0.00000000E+00  0.00000000E+00
  0.00000000E+00 -0.35719982E-06 -0.68962649E-06 -0.14192975E-05  0.26906833E-05
  0.39959043E-06  0.51175098E-05 -0.19862741E-05  0.81720939E-05  0.23076424E-04
  0.29732796E-04  0.38379702E-04  0.24795838E-04 -0.14672466E-03 -0.10654659E-03
  0.13139859E-03 -0.11543621E-03  0.20003851E-03  0.91077074E-04  0.21370143E-04
 -0.25842948E-04  0.13156895E-05 -0.19819019E-04 -0.58400233E-04 -0.13610038E-04
 -0.53876867E-04 -0.39782483E-04 -0.60884769E-04 -0.37779601E-04  0.44638607E-04
 -0.26245045E-04  0.34846033E-04 -0.15865986E-04 -0.56501842E-04
  0.00000000E+00  0.00000000E+00  0.00000000E+00  0.00000000E+00  0.00000000E+00
  0.00000000E+00  0.00000000E+00  0.00000000E+00  0.00000000E+00  0.00000000E+00
  0.00000000E+00  0.00000000E+00  0.00000000E+00  0.00000000E+00  0.00000000E+00
  0.00000000E+00  0.00000000E+00  0.00000000E+00  0.00000000E+00  0.00000000E+00
  0.00000000E+00  0.00000000E+00  0.00000000E+00  0.00000000E+00  0.00000000E+00
  0.00000000E+00  0.00000000E+00  0.00000000E+00  0.00000000E+00  0.00000000E+00
  0.00000000E+00 -0.39408036E-06 -0.12099369E-05  0.26442873E-07  0.35976106E-05
 -0.94138119E-06  0.48895973E-05  0.23782161E-05 -0.24823754E-05  0.24639040E-04
  0.57271123E-04  0.92973320E-04  0.42189530E-04 -0.28004384E-03 -0.10338275E-03
  0.92476480E-05  0.73312274E-04  0.78893238E-04  0.48502371E-04 -0.13325335E-03
  0.22389652E-03 -0.51310053E-04 -0.13110780E-03 -0.16113267E-03  0.50161138E-05
  0.10427097E-04 -0.56753723E-04 -0.10488227E-03 -0.55452934E-04 -0.66017120E-04
  0.55231052E-04  0.31773482E-04 -0.47871519E-04 -0.81223757E-04
  0.00000000E+00  0.00000000E+00  0.00000000E+00  0.00000000E+00  0.00000000E+00
  0.00000000E+00  0.00000000E+00  0.00000000E+00  0.00000000E+00  0.00000000E+00
  0.00000000E+00  0.00000000E+00  0.00000000E+00  0.00000000E+00  0.00000000E+00
  0.00000000E+00  0.00000000E+00  0.00000000E+00  0.00000000E+00  0.00000000E+00
  0.00000000E+00  0.00000000E+00  0.00000000E+00  0.00000000E+00  0.00000000E+00
  0.00000000E+00  0.00000000E+00  0.00000000E+00  0.00000000E+00  0.00000000E+00
  0.10648775E-06 -0.21253753E-05 -0.18453704E-05 -0.25462073E-06  0.34734498E-05
 -0.86799125E-05  0.63644085E-05  0.19083244E-05 -0.30250322E-05  0.29674805E-04
  0.31089406E-04  0.11479076E-03  0.85629227E-04 -0.29238885E-03 -0.21033432E-03
 -0.16651563E-03  0.29661723E-03  0.82127146E-04  0.14755873E-03  0.15313855E-03
 -0.12192529E-03 -0.14171780E-04 -0.27161000E-04  0.70369020E-04 -0.26550339E-06
  0.64634555E-04  0.15064567E-04 -0.63834321E-04  0.34534102E-04  0.57412642E-05
 -0.50141827E-04 -0.23635634E-04 -0.61265159E-04 -0.62614453E-04
  0.00000000E+00  0.00000000E+00  0.00000000E+00  0.00000000E+00  0.00000000E+00
  0.00000000E+00  0.00000000E+00  0.00000000E+00  0.00000000E+00  0.00000000E+00
  0.00000000E+00  0.00000000E+00  0.00000000E+00  0.00000000E+00  0.00000000E+00
  0.00000000E+00  0.00000000E+00  0.00000000E+00  0.00000000E+00  0.00000000E+00
  0.00000000E+00  0.00000000E+00  0.00000000E+00  0.00000000E+00  0.00000000E+00
  0.00000000E+00  0.00000000E+00  0.00000000E+00  0.00000000E+00  0.00000000E+00
  0.25480189E-06 -0.40664443E-06 -0.19622351E-05 -0.48031040E-06  0.38965924E-05
 -0.26881307E-05  0.15462319E-05 -0.11475721E-05  0.43325313E-05  0.49427494E-04
  0.28023648E-04  0.54718540E-04  0.84029241E-04 -0.11039726E-03 -0.31692032E-03
  0.10211250E-04  0.23190689E-03  0.15124538E-03 -0.20136031E-03  0.55194540E-04
 -0.14389448E-03  0.58890477E-04 -0.35145863E-05  0.18333191E-03  0.17539790E-04
  0.26306093E-04 -0.53296090E-04 -0.14313604E-04  0.99850074E-04  0.35031139E-04
  0.74885505E-04 -0.51331367E-04 -0.36431385E-04 -0.74584763E-04
  0.00000000E+00  0.00000000E+00  0.00000000E+00  0.00000000E+00  0.00000000E+00
  0.00000000E+00  0.00000000E+00  0.00000000E+00  0.00000000E+00  0.00000000E+00
  0.00000000E+00  0.00000000E+00  0.00000000E+00  0.00000000E+00  0.00000000E+00
  0.00000000E+00  0.00000000E+00  0.00000000E+00  0.00000000E+00  0.00000000E+00
  0.00000000E+00  0.00000000E+00  0.00000000E+00  0.00000000E+00  0.00000000E+00
  0.00000000E+00  0.00000000E+00  0.00000000E+00  0.00000000E+00  0.00000000E+00
  0.27752877E-06 -0.44251488E-06 -0.11390972E-05  0.30121751E-06  0.43944714E-05
  0.55700235E-05 -0.17491151E-05  0.13661763E-05 -0.28158413E-05  0.28267319E-04
  0.51996260E-04  0.18483698E-03 -0.26847808E-04 -0.40380218E-04 -0.35935423E-03
  0.20139808E-03 -0.11110269E-03  0.27938381E-03 -0.18943870E-03 -0.70286128E-04
 -0.61266697E-04  0.44420836E-04 -0.54483436E-04  0.10260314E-03 -0.13689898E-04
 -0.22056588E-04  0.28213174E-04  0.79505259E-05  0.32672365E-05 -0.23631957E-05
  0.21057250E-04 -0.75228511E-05 -0.63477512E-04 -0.61263499E-04
  0.00000000E+00  0.00000000E+00  0.00000000E+00  0.00000000E+00  0.00000000E+00
  0.00000000E+00  0.00000000E+00  0.00000000E+00  0.00000000E+00  0.00000000E+00
  0.00000000E+00  0.00000000E+00  0.00000000E+00  0.00000000E+00  0.00000000E+00
  0.00000000E+00  0.00000000E+00  0.00000000E+00  0.00000000E+00  0.00000000E+00
  0.00000000E+00  0.00000000E+00  0.00000000E+00  0.00000000E+00  0.00000000E+00
  0.00000000E+00  0.00000000E+00  0.00000000E+00  0.00000000E+00  0.00000000E+00
  0.30070581E-06 -0.24561756E-06 -0.15957520E-05 -0.14565182E-06  0.46740029E-05
  0.55586651E-05 -0.68834564E-05 -0.74064295E-05  0.10077665E-05  0.19139696E-04
  0.74380179E-04  0.13473383E-03  0.24954392E-03 -0.19215960E-03 -0.24527299E-03
  0.33211759E-04 -0.22390380E-03  0.74569341E-04 -0.13631223E-03  0.33034354E-03
  0.44087422E-04 -0.12388316E-03  0.14326430E-03  0.67918897E-04 -0.61121463E-04
 -0.15003108E-03  0.28145223E-04  0.38856668E-04  0.23584412E-04  0.62265988E-04
 -0.45775392E-04 -0.76277661E-04 -0.61184262E-04 -0.96121765E-04
  0.00000000E+00  0.00000000E+00  0.00000000E+00  0.00000000E+00  0.00000000E+00
  0.00000000E+00  0.00000000E+00  0.00000000E+00  0.00000000E+00  0.00000000E+00
  0.00000000E+00  0.00000000E+00  0.00000000E+00  0.00000000E+00  0.00000000E+00
  0.00000000E+00  0.00000000E+00  0.00000000E+00  0.00000000E+00  0.00000000E+00
  0.00000000E+00  0.00000000E+00  0.00000000E+00  0.00000000E+00  0.00000000E+00
  0.00000000E+00  0.00000000E+00  0.00000000E+00  0.00000000E+00  0.00000000E+00
  0.47777319E-06  0.99457785E-07 -0.14695613E-05 -0.86573831E-06  0.61299310E-05
  0.15361020E-04  0.16300515E-05  0.45095697E-05  0.86212646E-05 -0.14740976E-04
  0.97507958E-04  0.22014542E-03  0.23052502E-04 -0.43829092E-04 -0.24347521E-03
 -0.31387014E-03 -0.83778917E-04  0.81654150E-05 -0.86408960E-04 -0.24669171E-03
 -0.17404878E-03  0.15616557E-04 -0.36223928E-05 -0.80915008E-04  0.39598428E-04
 -0.31043350E-04  0.49953961E-05 -0.74008963E-04  0.86251169E-04  0.63752110E-04
  0.24147448E-04 -0.72904652E-04 -0.97247277E-04 -0.95679935E-04
  0.00000000E+00  0.00000000E+00  0.00000000E+00  0.00000000E+00  0.00000000E+00
  0.00000000E+00  0.00000000E+00  0.00000000E+00  0.00000000E+00  0.00000000E+00
  0.00000000E+00  0.00000000E+00  0.00000000E+00  0.00000000E+00  0.00000000E+00
  0.00000000E+00  0.00000000E+00  0.00000000E+00  0.00000000E+00  0.00000000E+00
  0.00000000E+00  0.00000000E+00  0.00000000E+00  0.00000000E+00  0.00000000E+00
  0.00000000E+00  0.00000000E+00  0.00000000E+00  0.00000000E+00  0.00000000E+00
  0.85702751E-06  0.00000000E+00 -0.21752401E-06  0.17096140E-05  0.82376730E-05
  0.52088310E-05  0.12007343E-04  0.16233390E-04 -0.97202472E-05  0.32063459E-04
  0.72605484E-04  0.18589295E-03  0.47204935E-04 -0.42775931E-03 -0.57316719E-04
 -0.15809816E-03 -0.37548091E-04  0.15690799E-03 -0.17824395E-03 -0.91772845E-04
 -0.90352330E-04  0.12062771E-03  0.39470190E-04 -0.11651057E-03 -0.10265046E-03
  0.25898940E-04 -0.11589865E-04 -0.52352936E-04  0.19707300E-04  0.75118331E-04
  0.24564923E-04  0.29171763E-05 -0.37758480E-04 -0.10565840E-03
  0.00000000E+00  0.00000000E+00  0.00000000E+00  0.00000000E+00  0.00000000E+00
  0.00000000E+00  0.00000000E+00  0.00000000E+00  0.00000000E+00  0.00000000E+00
  0.00000000E+00  0.00000000E+00  0.00000000E+00  0.00000000E+00  0.00000000E+00
  0.00000000E+00  0.00000000E+00  0.00000000E+00  0.00000000E+00  0.00000000E+00
  0.00000000E+00  0.00000000E+00  0.00000000E+00  0.00000000E+00  0.00000000E+00
  0.00000000E+00  0.00000000E+00  0.00000000E+00  0.00000000E+00  0.00000000E+00
  0.91400231E-06 -0.19475426E-06  0.58647786E-06 -0.93305756E-08  0.56585711E-05
 -0.51463742E-05 -0.66972339E-05  0.47809293E-05 -0.32253385E-05  0.75939864E-04
  0.13226783E-03  0.18556263E-03 -0.28492153E-03 -0.11900364E-03 -0.38423949E-03
 -0.30695689E-04  0.55437960E-05  0.55832628E-05  0.21315494E-03 -0.40263807E-05
 -0.56523802E-04  0.10302877E-03 -0.14227869E-03 -0.14010853E-04 -0.11749750E-03
 -0.51756512E-04  0.12958844E-04  0.29256097E-04 -0.87881681E-04  0.50714523E-05
 -0.19829572E-04  0.41373774E-04 -0.48324472E-04 -0.11183938E-03
  0.00000000E+00  0.00000000E+00  0.00000000E+00  0.00000000E+00  0.00000000E+00
  0.00000000E+00  0.00000000E+00  0.00000000E+00  0.00000000E+00  0.00000000E+00
  0.00000000E+00  0.00000000E+00  0.00000000E+00  0.00000000E+00  0.00000000E+00
  0.00000000E+00  0.00000000E+00  0.00000000E+00  0.00000000E+00  0.00000000E+00
  0.00000000E+00  0.00000000E+00  0.00000000E+00  0.00000000E+00  0.00000000E+00
  0.00000000E+00  0.00000000E+00  0.00000000E+00  0.00000000E+00  0.00000000E+00
  0.55964165E-06  0.34116041E-07  0.26209424E-05 -0.70252971E-06  0.99535772E-06
  0.63721460E-05  0.39487344E-06  0.30145446E-05  0.26792056E-04  0.75020782E-04
  0.12936704E-03  0.15719887E-03 -0.55227489E-03 -0.30397487E-03  0.63229627E-04
  0.31768794E-03  0.42657228E-03 -0.10362878E-03 -0.91784393E-04 -0.28282435E-05
 -0.58018758E-04  0.14274142E-03 -0.51814513E-04  0.19407286E-03  0.32378325E-04
  0.49649178E-05 -0.68031294E-04  0.14489675E-04 -0.51163283E-04  0.42277761E-04
  0.57784914E-04 -0.18577025E-04 -0.20791298E-04 -0.93627461E-04
  0.00000000E+00  0.00000000E+00  0.00000000E+00  0.00000000E+00  0.00000000E+00
  0.00000000E+00  0.00000000E+00  0.00000000E+00  0.00000000E+00  0.00000000E+00
  0.00000000E+00  0.00000000E+00  0.00000000E+00  0.00000000E+00  0.00000000E+00
  0.00000000E+00  0.00000000E+00  0.00000000E+00  0.00000000E+00  0.00000000E+00
  0.00000000E+00  0.00000000E+00  0.00000000E+00  0.00000000E+00  0.00000000E+00
  0.00000000E+00  0.00000000E+00  0.00000000E+00 -0.10706375E-06  0.00000000E+00
 -0.82376897E-06  0.13753394E-05  0.11360444E-05 -0.59145680E-06 -0.58599640E-05
 -0.72283398E-05  0.37306174E-05 -0.49909831E-05  0.61635411E-05  0.19741460E-03
  0.30980998E-03 -0.49674534E-04 -0.36848952E-03 -0.45310734E-03  0.52958999E-03
  0.25043221E-03  0.30925285E-03  0.49064307E-04  0.19767668E-04  0.22021131E-03
 -0.21277453E-03 -0.21789126E-04 -0.13047954E-03  0.90960165E-04 -0.12169385E-04
 -0.11444512E-03  0.10805867E-03  0.59708908E-04 -0.10897287E-03 -0.16679481E-04
  0.48272664E-04 -0.61572628E-04 -0.22489597E-04 -0.10269358E-03
  0.00000000E+00  0.00000000E+00  0.00000000E+00  0.00000000E+00  0.00000000E+00
  0.00000000E+00  0.00000000E+00  0.00000000E+00  0.00000000E+00  0.00000000E+00
  0.00000000E+00  0.00000000E+00  0.00000000E+00  0.00000000E+00  0.00000000E+00
  0.00000000E+00  0.00000000E+00  0.00000000E+00  0.00000000E+00  0.00000000E+00
  0.00000000E+00  0.00000000E+00  0.00000000E+00  0.00000000E+00  0.00000000E+00
  0.00000000E+00  0.00000000E+00  0.00000000E+00 -0.75794597E-06  0.00000000E+00
 -0.88413998E-06  0.85804798E-06 -0.13173143E-05 -0.93598315E-05  0.24793384E-06
 -0.46959889E-05  0.18724847E-04  0.19330961E-04  0.53073804E-04  0.18002535E-03
  0.32664805E-04 -0.27647675E-03 -0.42311664E-03  0.17019562E-04  0.21103552E-03
  0.31387399E-03  0.27433149E-03  0.31084467E-03  0.13053889E-03 -0.18225821E-04
  0.18150773E-03  0.40358225E-04 -0.72151503E-04  0.68732613E-04 -0.41324291E-05
  0.85426087E-04  0.13745268E-03  0.16995308E-05  0.45508379E-04  0.76671666E-04
  0.27847426E-04 -0.24963236E-04 -0.72043673E-04 -0.12236855E-03
  0.00000000E+00  0.00000000E+00  0.00000000E+00  0.00000000E+00  0.00000000E+00
  0.00000000E+00  0.00000000E+00  0.00000000E+00  0.00000000E+00  0.00000000E+00
  0.00000000E+00  0.00000000E+00  0.00000000E+00  0.00000000E+00  0.00000000E+00
  0.00000000E+00  0.00000000E+00  0.00000000E+00  0.00000000E+00  0.00000000E+00
  0.00000000E+00  0.00000000E+00  0.00000000E+00  0.00000000E+00  0.00000000E+00
  0.00000000E+00  0.00000000E+00  0.80782988E-06 -0.76146003E-06  0.00000000E+00
 -0.12250405E-06  0.54406454E-05  0.66931373E-06 -0.22768642E-06  0.47756045E-05
 -0.43863079E-05  0.45780774E-04  0.39599360E-04  0.10486127E-03  0.13420313E-03
 -0.94304371E-05 -0.27881668E-03 -0.39202157E-03  0.46086947E-03 -0.40071723E-05
  0.11033198E-03  0.17387551E-03 -0.15823258E-03 -0.10227812E-03  0.36393455E-04
  0.77606029E-04 -0.25866459E-03 -0.15816378E-03  0.94522347E-05 -0.11960251E-03
 -0.61219032E-04 -0.89655059E-04 -0.16821675E-04 -0.65098597E-04  0.80865751E-04
  0.18273997E-03 -0.63978697E-05 -0.34054069E-04 -0.92854143E-04
  0.00000000E+00  0.00000000E+00  0.00000000E+00  0.00000000E+00  0.00000000E+00
  0.00000000E+00  0.00000000E+00  0.00000000E+00  0.00000000E+00  0.00000000E+00
  0.00000000E+00  0.00000000E+00  0.00000000E+00  0.00000000E+00  0.00000000E+00
  0.00000000E+00  0.00000000E+00  0.00000000E+00  0.00000000E+00  0.00000000E+00
  0.00000000E+00  0.00000000E+00  0.00000000E+00  0.00000000E+00  0.00000000E+00
  0.00000000E+00  0.00000000E+00 -0.44317683E-06  0.76689574E-06  0.00000000E+00
 -0.25039459E-05  0.35278464E-05  0.18739103E-05 -0.49867716E-05  0.25900200E-05
 -0.17484135E-04  0.56122255E-04  0.12660221E-03  0.19843895E-03  0.14986590E-03
 -0.51173120E-04 -0.42468490E-03 -0.11351626E-03 -0.18409962E-04  0.23789429E-03
  0.38375313E-03  0.38488867E-03  0.17521909E-03 -0.45529077E-03 -0.24268654E-03
 -0.86426058E-04  0.11710398E-03 -0.62062611E-04  0.50191485E-04 -0.28259245E-04
 -0.62379509E-04 -0.64446585E-04  0.37798819E-04  0.11133141E-03  0.12346270E-03
  0.10892169E-03  0.77038427E-04  0.29509829E-04 -0.71109169E-04
  0.00000000E+00  0.00000000E+00  0.00000000E+00  0.00000000E+00  0.00000000E+00
  0.00000000E+00  0.00000000E+00  0.00000000E+00  0.00000000E+00  0.00000000E+00
  0.00000000E+00  0.00000000E+00  0.00000000E+00  0.00000000E+00  0.00000000E+00
  0.00000000E+00  0.00000000E+00  0.00000000E+00  0.00000000E+00  0.00000000E+00
  0.00000000E+00  0.00000000E+00  0.00000000E+00  0.00000000E+00  0.00000000E+00
  0.00000000E+00  0.00000000E+00  0.17720312E-06  0.11917425E-05  0.89065835E-06
  0.19839978E-06  0.24924178E-05  0.45425059E-05  0.84716577E-06  0.41066545E-05
 -0.11171813E-04  0.17166663E-04  0.38413904E-04  0.96860075E-04  0.20847160E-03
 -0.61230110E-03 -0.16138643E-03  0.29632800E-04  0.85031314E-04  0.34405601E-03
  0.31040090E-03  0.59908240E-04 -0.61456582E-04 -0.79691145E-04  0.11682559E-03
  0.36312229E-04 -0.13836565E-04  0.31122891E-03 -0.72014663E-04 -0.70402815E-04
  0.73440720E-04  0.62840688E-04 -0.49627922E-04  0.20561399E-04  0.58722021E-04
  0.64776368E-04 -0.19949156E-05 -0.44171720E-04 -0.10434402E-03
  0.00000000E+00  0.00000000E+00  0.00000000E+00  0.00000000E+00  0.00000000E+00
  0.00000000E+00  0.00000000E+00  0.00000000E+00  0.00000000E+00  0.00000000E+00
  0.00000000E+00  0.00000000E+00  0.00000000E+00  0.00000000E+00  0.00000000E+00
  0.00000000E+00  0.00000000E+00  0.00000000E+00  0.00000000E+00  0.00000000E+00
  0.00000000E+00  0.00000000E+00  0.00000000E+00  0.00000000E+00  0.00000000E+00
  0.00000000E+00  0.00000000E+00  0.00000000E+00  0.57272762E-07  0.47650646E-05
 -0.44260232E-05 -0.20302496E-05  0.17037185E-05 -0.69389187E-05  0.85249224E-05
  0.47695853E-04  0.61894593E-04  0.16284155E-04  0.99899353E-04  0.30017737E-03
 -0.85233481E-03 -0.25894534E-03  0.21724407E-03  0.11041449E-03  0.11982589E-03
  0.28251791E-03 -0.42507509E-04 -0.98028557E-04  0.56870016E-04 -0.15226508E-03
  0.86425168E-05  0.25550371E-04 -0.21546693E-04  0.62596718E-04  0.57388949E-04
  0.80849310E-04 -0.36205786E-04 -0.20141501E-05  0.21755947E-04  0.54401680E-04
  0.24032505E-04 -0.24796747E-04 -0.88831789E-05 -0.69343963E-04
  0.00000000E+00  0.00000000E+00  0.00000000E+00  0.00000000E+00  0.00000000E+00
  0.00000000E+00  0.00000000E+00  0.00000000E+00  0.00000000E+00  0.00000000E+00
  0.00000000E+00  0.00000000E+00  0.00000000E+00  0.00000000E+00  0.00000000E+00
  0.00000000E+00  0.00000000E+00  0.00000000E+00  0.00000000E+00  0.00000000E+00
  0.00000000E+00  0.00000000E+00  0.00000000E+00  0.00000000E+00  0.00000000E+00
  0.00000000E+00  0.00000000E+00  0.00000000E+00  0.13999498E-05  0.19989791E-05
 -0.36412737E-05  0.37801061E-05  0.25045431E-05  0.17965977E-05  0.11497075E-04
  0.16440065E-04  0.10416962E-03  0.96326529E-04  0.10997918E-03 -0.59783678E-03
 -0.61204700E-03 -0.16752464E-03  0.10389000E-03 -0.54626154E-04 -0.27176495E-03
 -0.35987848E-03 -0.88293398E-04 -0.20064004E-03 -0.88850296E-04  0.29378558E-04
  0.13877565E-03  0.43526322E-04 -0.73721542E-04  0.12557469E-04  0.11157292E-05
 -0.18295029E-04  0.71992837E-04 -0.26007230E-04  0.71037299E-04 -0.13630642E-05
  0.40538409E-04  0.41902635E-04 -0.68605906E-04 -0.10277825E-03
  0.00000000E+00  0.00000000E+00  0.00000000E+00  0.00000000E+00  0.00000000E+00
  0.00000000E+00  0.00000000E+00  0.00000000E+00  0.00000000E+00  0.00000000E+00
  0.00000000E+00  0.00000000E+00  0.00000000E+00  0.00000000E+00  0.00000000E+00
  0.00000000E+00  0.00000000E+00  0.00000000E+00  0.00000000E+00  0.00000000E+00
  0.00000000E+00  0.00000000E+00  0.00000000E+00  0.00000000E+00  0.00000000E+00
  0.00000000E+00  0.00000000E+00  0.00000000E+00 -0.29571063E-06 -0.12400614E-05
 -0.23916252E-05  0.28313593E-05  0.13921043E-05  0.37377317E-05  0.12154928E-04
  0.24053654E-04  0.41999758E-04  0.23703582E-04 -0.80294796E-04 -0.44452939E-03
  0.10938363E-04  0.50918668E-03  0.15993034E-03  0.51260031E-03 -0.45604723E-04
  0.17382273E-03  0.24537754E-03  0.27398084E-03 -0.10072634E-03 -0.53398743E-04
 -0.35175453E-04  0.70518897E-04 -0.14053928E-03  0.76597717E-04  0.32153007E-04
  0.63115355E-04 -0.80287733E-04  0.97925640E-04  0.95062416E-04  0.36322098E-04
  0.46738512E-04  0.20901162E-04 -0.67550445E-04 -0.88558190E-04
  0.00000000E+00  0.00000000E+00  0.00000000E+00  0.00000000E+00  0.00000000E+00
  0.00000000E+00  0.00000000E+00  0.00000000E+00  0.00000000E+00  0.00000000E+00
  0.00000000E+00  0.00000000E+00  0.00000000E+00  0.00000000E+00  0.00000000E+00
  0.00000000E+00  0.00000000E+00  0.00000000E+00  0.00000000E+00  0.00000000E+00
  0.00000000E+00  0.00000000E+00  0.00000000E+00  0.00000000E+00  0.00000000E+00
  0.00000000E+00  0.00000000E+00  0.00000000E+00 -0.81726753E-06 -0.12892868E-05
 -0.33510653E-05  0.31787562E-05 -0.94319884E-05 -0.96508307E-05 -0.73666879E-05
 -0.35675086E-04  0.68638507E-04 -0.43877773E-04 -0.21466388E-04 -0.36619777E-03
 -0.13919096E-03 -0.82824708E-04  0.30040058E-03  0.15840680E-04 -0.10902102E-04
 -0.14119471E-03  0.16736796E-03  0.14644429E-03  0.13773041E-03 -0.76691214E-04
  0.28854153E-04  0.72657417E-04  0.71981571E-04  0.16028008E-04  0.22552275E-04
  0.35915673E-04 -0.34736966E-04 -0.46375433E-04 -0.77814733E-04  0.15444000E-04
 -0.10018257E-04 -0.70665023E-05 -0.54515747E-04 -0.10264561E-03
  0.00000000E+00  0.00000000E+00  0.00000000E+00  0.00000000E+00  0.00000000E+00
  0.00000000E+00  0.00000000E+00  0.00000000E+00  0.00000000E+00  0.00000000E+00
  0.00000000E+00  0.00000000E+00  0.00000000E+00  0.00000000E+00  0.00000000E+00
  0.00000000E+00  0.00000000E+00  0.00000000E+00  0.00000000E+00  0.00000000E+00
  0.00000000E+00  0.00000000E+00  0.00000000E+00  0.00000000E+00  0.00000000E+00
  0.00000000E+00  0.00000000E+00  0.00000000E+00  0.00000000E+00 -0.40997687E-05
 -0.89040966E-05 -0.27334081E-06 -0.43850614E-06  0.10712025E-04  0.12514433E-05
 -0.39013335E-06  0.37354453E-05 -0.42530946E-04 -0.47637043E-03 -0.57828785E-03
 -0.26710085E-03 -0.61598817E-04  0.53045085E-04  0.19519516E-03  0.16643934E-03
 -0.95417764E-04 -0.94900466E-04  0.32068801E-04 -0.17275603E-03 -0.25088662E-04
 -0.40571219E-04 -0.38136915E-04  0.61636389E-04 -0.56270557E-04  0.58413303E-04
  0.70440155E-04  0.30404418E-04 -0.24557200E-04 -0.11371335E-04 -0.30855515E-04
 -0.43774333E-04 -0.36803328E-04 -0.46658212E-04 -0.76256868E-04
  0.00000000E+00  0.00000000E+00  0.00000000E+00  0.00000000E+00  0.00000000E+00
  0.00000000E+00  0.00000000E+00  0.00000000E+00  0.00000000E+00  0.00000000E+00
  0.00000000E+00  0.00000000E+00  0.00000000E+00  0.00000000E+00  0.00000000E+00
  0.00000000E+00  0.00000000E+00  0.00000000E+00  0.00000000E+00  0.00000000E+00
  0.00000000E+00  0.00000000E+00  0.00000000E+00  0.00000000E+00  0.00000000E+00
  0.00000000E+00  0.00000000E+00  0.00000000E+00  0.00000000E+00 -0.54647835E-05
 -0.40766806E-05 -0.83781386E-05  0.36929586E-05 -0.27476531E-04  0.96656569E-05
  0.28013881E-04 -0.63123830E-04 -0.27034191E-03 -0.65344753E-03 -0.10268160E-02
 -0.26702848E-03 -0.12558067E-03  0.61623623E-04  0.14505496E-03  0.88618898E-04
 -0.54172200E-04  0.22124049E-04  0.99429443E-04  0.35075511E-04 -0.97317179E-05
 -0.73165423E-04  0.94831343E-05  0.70267307E-07 -0.60011501E-04  0.67047056E-05
 -0.66421727E-04 -0.36815967E-04  0.27686832E-04  0.20523717E-04 -0.26911073E-04
 -0.20584166E-04 -0.31587100E-04 -0.17253010E-04 -0.59803296E-04
  0.00000000E+00  0.00000000E+00  0.00000000E+00  0.00000000E+00  0.00000000E+00
  0.00000000E+00  0.00000000E+00  0.00000000E+00  0.00000000E+00  0.00000000E+00
  0.00000000E+00  0.00000000E+00  0.00000000E+00  0.00000000E+00  0.00000000E+00
  0.00000000E+00  0.00000000E+00  0.00000000E+00  0.00000000E+00  0.00000000E+00
  0.00000000E+00  0.00000000E+00  0.00000000E+00  0.00000000E+00  0.00000000E+00
  0.00000000E+00  0.00000000E+00  0.00000000E+00  0.00000000E+00  0.00000000E+00
 -0.12276036E-05 -0.21824937E-05  0.19870584E-06  0.76929844E-09 -0.71551553E-06
  0.98792123E-06 -0.18430641E-04 -0.34729678E-04 -0.11144857E-03 -0.27720648E-03
 -0.59271931E-03 -0.10977710E-02 -0.94837002E-03  0.35139506E-03  0.57020630E-03
  0.44752160E-03  0.25013937E-03  0.15570516E-03  0.84015050E-04  0.10130291E-03
  0.21464082E-04  0.99470276E-04  0.73530124E-04  0.34761422E-04  0.17000900E-04
 -0.61048323E-05 -0.25246478E-04 -0.63990545E-04 -0.98151087E-04 -0.11991257E-03
 -0.18053924E-03 -0.23655060E-03 -0.23899623E-03 -0.16064971E-03
  0.00000000E+00  0.00000000E+00  0.00000000E+00  0.00000000E+00  0.00000000E+00
  0.00000000E+00  0.00000000E+00  0.00000000E+00  0.00000000E+00  0.00000000E+00
  0.00000000E+00  0.00000000E+00  0.00000000E+00  0.00000000E+00  0.00000000E+00
  0.00000000E+00  0.00000000E+00  0.00000000E+00  0.00000000E+00  0.00000000E+00
  0.00000000E+00  0.00000000E+00  0.00000000E+00  0.00000000E+00  0.00000000E+00
  0.00000000E+00  0.00000000E+00  0.00000000E+00  0.00000000E+00  0.00000000E+00
 -0.96668895E-06 -0.24146691E-05 -0.23427731E-06 -0.10731605E-06 -0.17231223E-05
 -0.45237952E-05 -0.16179591E-04 -0.54408371E-04 -0.12492924E-03 -0.25966751E-03
 -0.58030784E-03 -0.12687126E-02 -0.12285703E-02 -0.14729785E-03  0.45150482E-03
  0.26160888E-03  0.34526660E-03  0.35473017E-03  0.17183843E-03  0.12008813E-03
  0.13211385E-03  0.32929999E-04  0.45803246E-04  0.34810839E-04  0.41919262E-04
 -0.57350886E-05 -0.12581389E-04 -0.29602396E-04 -0.66944066E-04 -0.15479385E-03
 -0.22089603E-03 -0.24268552E-03 -0.24269119E-03 -0.13144980E-03
  0.00000000E+00  0.00000000E+00  0.00000000E+00  0.00000000E+00  0.00000000E+00
  0.00000000E+00  0.00000000E+00  0.00000000E+00  0.00000000E+00  0.00000000E+00
  0.00000000E+00  0.00000000E+00  0.00000000E+00  0.00000000E+00  0.00000000E+00
  0.00000000E+00  0.00000000E+00  0.00000000E+00  0.00000000E+00  0.00000000E+00
  0.00000000E+00  0.00000000E+00  0.00000000E+00  0.00000000E+00  0.00000000E+00
  0.00000000E+00  0.00000000E+00  0.00000000E+00  0.00000000E+00  0.00000000E+00
 -0.92670509E-06 -0.19889921E-05 -0.10055593E-05 -0.22773968E-06 -0.80926798E-06
 -0.76148895E-05 -0.23189331E-04 -0.43874637E-04 -0.11648629E-03 -0.20823339E-03
 -0.56298192E-03 -0.11361482E-02 -0.15068725E-02 -0.63164903E-03  0.42821470E-03
  0.57089310E-03  0.43510731E-03  0.12938636E-03  0.58037260E-04  0.13551515E-03
  0.99153460E-04  0.98068458E-05  0.61844128E-04  0.71493728E-04 -0.21507564E-04
 -0.52709346E-04 -0.75890252E-04 -0.65072205E-04 -0.11875893E-03 -0.12401358E-03
 -0.13861714E-03 -0.17409271E-03 -0.17391458E-03 -0.11062589E-03
  0.00000000E+00  0.00000000E+00  0.00000000E+00  0.00000000E+00  0.00000000E+00
  0.00000000E+00  0.00000000E+00  0.00000000E+00  0.00000000E+00  0.00000000E+00
  0.00000000E+00  0.00000000E+00  0.00000000E+00  0.00000000E+00  0.00000000E+00
  0.00000000E+00  0.00000000E+00  0.00000000E+00  0.00000000E+00  0.00000000E+00
  0.00000000E+00  0.00000000E+00  0.00000000E+00  0.00000000E+00  0.00000000E+00
  0.00000000E+00  0.00000000E+00  0.00000000E+00  0.00000000E+00  0.00000000E+00
 -0.89488808E-06 -0.92422544E-06 -0.20224233E-05 -0.93720307E-06 -0.44127533E-05
 -0.88191074E-05 -0.65399774E-05 -0.45852937E-04 -0.65632709E-04 -0.23105409E-03
 -0.48613400E-03 -0.11255143E-02 -0.15865084E-02 -0.72030254E-03  0.19005844E-03
  0.36470906E-03  0.19151863E-03  0.42540323E-04  0.23836958E-03  0.61612157E-04
  0.14489219E-03  0.11262512E-03  0.24996605E-04  0.26173871E-04  0.43107961E-04
 -0.14930304E-04 -0.36383107E-04 -0.99142762E-04 -0.59204539E-04 -0.88957247E-04
 -0.11418251E-03 -0.13082097E-03 -0.11245406E-03 -0.62878939E-04
  0.00000000E+00  0.00000000E+00  0.00000000E+00  0.00000000E+00  0.00000000E+00
  0.00000000E+00  0.00000000E+00  0.00000000E+00  0.00000000E+00  0.00000000E+00
  0.00000000E+00  0.00000000E+00  0.00000000E+00  0.00000000E+00  0.00000000E+00
  0.00000000E+00  0.00000000E+00  0.00000000E+00  0.00000000E+00  0.00000000E+00
  0.00000000E+00  0.00000000E+00  0.00000000E+00  0.00000000E+00  0.00000000E+00
  0.00000000E+00  0.00000000E+00  0.00000000E+00  0.00000000E+00  0.00000000E+00
  0.10413100E-05 -0.89015509E-06 -0.20079984E-05 -0.16286301E-05 -0.27593777E-05
 -0.10306061E-04 -0.15633399E-04 -0.43426589E-04 -0.90435961E-04 -0.22805092E-03
 -0.51976543E-03 -0.10397130E-02 -0.15148142E-02 -0.88076942E-03  0.18587754E-03
  0.21544778E-03  0.29812908E-03  0.32943655E-03  0.17491597E-03  0.84625047E-04
  0.50230317E-04  0.21252381E-03  0.18407447E-03  0.33975005E-04 -0.18130217E-04
  0.78048805E-04  0.52587146E-04  0.12814193E-04 -0.33864946E-04 -0.66702078E-04
 -0.73748414E-04 -0.91334776E-04 -0.12386263E-03 -0.83747123E-04
  0.00000000E+00  0.00000000E+00  0.00000000E+00  0.00000000E+00  0.00000000E+00
  0.00000000E+00  0.00000000E+00  0.00000000E+00  0.00000000E+00  0.00000000E+00
  0.00000000E+00  0.00000000E+00  0.00000000E+00  0.00000000E+00  0.00000000E+00
  0.00000000E+00  0.00000000E+00  0.00000000E+00  0.00000000E+00  0.00000000E+00
  0.00000000E+00  0.00000000E+00  0.00000000E+00  0.00000000E+00  0.00000000E+00
  0.00000000E+00  0.00000000E+00  0.00000000E+00  0.00000000E+00  0.00000000E+00
  0.00000000E+00 -0.30052388E-06 -0.77666512E-06 -0.33234629E-05 -0.12806332E-05
 -0.88773498E-05 -0.10082837E-04 -0.26817458E-04 -0.70503784E-04 -0.23545983E-03
 -0.48232685E-03 -0.93818201E-03 -0.14836873E-02 -0.11131082E-02 -0.19309374E-03
  0.22466863E-03  0.12005000E-03  0.22960689E-03  0.19751880E-03  0.15748242E-03
  0.46828038E-04  0.78814085E-04  0.54568605E-04  0.67571107E-04  0.19527103E-04
  0.78921798E-04  0.59014456E-06  0.16639782E-04  0.92465919E-05  0.31389789E-05
 -0.81122971E-05 -0.39508467E-04 -0.92888685E-04 -0.56633774E-04
  0.00000000E+00  0.00000000E+00  0.00000000E+00  0.00000000E+00  0.00000000E+00
  0.00000000E+00  0.00000000E+00  0.00000000E+00  0.00000000E+00  0.00000000E+00
  0.00000000E+00  0.00000000E+00  0.00000000E+00  0.00000000E+00  0.00000000E+00
  0.00000000E+00  0.00000000E+00  0.00000000E+00  0.00000000E+00  0.00000000E+00
  0.00000000E+00  0.00000000E+00  0.00000000E+00  0.00000000E+00  0.00000000E+00
  0.00000000E+00  0.00000000E+00  0.00000000E+00  0.00000000E+00  0.00000000E+00
  0.00000000E+00 -0.29245170E-06 -0.56461515E-06 -0.42548934E-05 -0.33671734E-05
 -0.39655035E-05 -0.10889382E-04 -0.37406882E-04 -0.86076524E-04 -0.17450781E-03
 -0.42682389E-03 -0.87095957E-03 -0.14777492E-02 -0.13557292E-02 -0.45293682E-03
  0.14025981E-03  0.15499991E-03  0.30425300E-03  0.22037348E-03  0.24730323E-03
  0.17710116E-03  0.11808163E-03  0.11832689E-03  0.64548725E-04  0.12408772E-03
 -0.99162488E-05  0.43022347E-04  0.70566823E-05 -0.56848079E-05  0.22833703E-04
  0.25058103E-04 -0.47451842E-04 -0.39948909E-04 -0.43648658E-04
  0.00000000E+00  0.00000000E+00  0.00000000E+00  0.00000000E+00  0.00000000E+00
  0.00000000E+00  0.00000000E+00  0.00000000E+00  0.00000000E+00  0.00000000E+00
  0.00000000E+00  0.00000000E+00  0.00000000E+00  0.00000000E+00  0.00000000E+00
  0.00000000E+00  0.00000000E+00  0.00000000E+00  0.00000000E+00  0.00000000E+00
  0.00000000E+00  0.00000000E+00  0.00000000E+00  0.00000000E+00  0.00000000E+00
  0.00000000E+00  0.00000000E+00  0.00000000E+00  0.00000000E+00  0.00000000E+00
  0.00000000E+00 -0.28393985E-06 -0.54909238E-06 -0.27463055E-05 -0.44181525E-05
 -0.60266288E-05 -0.84923987E-05 -0.30183381E-04 -0.65039808E-04 -0.17381259E-03
 -0.39210278E-03 -0.85786957E-03 -0.13707755E-02 -0.11394424E-02 -0.37288436E-03
  0.36528390E-04  0.25489437E-03  0.27168129E-03  0.20136361E-03  0.27475509E-03
  0.32912411E-03  0.21165224E-03  0.90900506E-04  0.15665300E-03  0.12088887E-03
  0.97384866E-04  0.82117312E-05  0.19165899E-04  0.63315858E-04 -0.11685624E-04
 -0.58718888E-04 -0.47045605E-04 -0.51065789E-04 -0.54657569E-04
  0.00000000E+00  0.00000000E+00  0.00000000E+00  0.00000000E+00  0.00000000E+00
  0.00000000E+00  0.00000000E+00  0.00000000E+00  0.00000000E+00  0.00000000E+00
  0.00000000E+00  0.00000000E+00  0.00000000E+00  0.00000000E+00  0.00000000E+00
  0.00000000E+00  0.00000000E+00  0.00000000E+00  0.00000000E+00  0.00000000E+00
  0.00000000E+00  0.00000000E+00  0.00000000E+00  0.00000000E+00  0.00000000E+00
  0.00000000E+00  0.00000000E+00  0.00000000E+00  0.00000000E+00  0.00000000E+00
  0.00000000E+00 -0.27556025E-06 -0.53249070E-06 -0.16741719E-05 -0.55576403E-05
 -0.66074122E-05 -0.13446100E-04 -0.30794759E-04 -0.65042618E-04 -0.16005009E-03
 -0.34159830E-03 -0.76140283E-03 -0.14585049E-02 -0.12705560E-02 -0.39196860E-03
  0.16039902E-03  0.27798379E-03  0.23506031E-03  0.13517800E-03  0.24374434E-03
  0.13219773E-03  0.94934007E-04  0.97174975E-04  0.12445658E-03  0.79119596E-04
  0.19462187E-04  0.74137755E-04  0.79670637E-04  0.54010225E-04  0.69573831E-04
  0.46959400E-04  0.11340300E-04 -0.66245564E-04 -0.45420537E-04
  0.00000000E+00  0.00000000E+00  0.00000000E+00  0.00000000E+00  0.00000000E+00
  0.00000000E+00  0.00000000E+00  0.00000000E+00  0.00000000E+00  0.00000000E+00
  0.00000000E+00  0.00000000E+00  0.00000000E+00  0.00000000E+00  0.00000000E+00
  0.00000000E+00  0.00000000E+00  0.00000000E+00  0.00000000E+00  0.00000000E+00
  0.00000000E+00  0.00000000E+00  0.00000000E+00  0.00000000E+00  0.00000000E+00
  0.00000000E+00  0.00000000E+00  0.00000000E+00  0.00000000E+00  0.00000000E+00
  0.00000000E+00 -0.20265551E-06 -0.51516610E-06 -0.20273315E-05 -0.71678853E-05
 -0.11087564E-04 -0.10666160E-04 -0.20991985E-04 -0.67797360E-04 -0.15107936E-03
 -0.28404303E-03 -0.70483523E-03 -0.13527710E-02 -0.13699670E-02 -0.44374801E-03
 -0.18089971E-04  0.15319230E-03  0.21577704E-03  0.15003182E-03  0.21584688E-03
  0.23592538E-03  0.64875888E-04  0.13392330E-03  0.91291386E-04  0.75526979E-05
  0.50259006E-04  0.82197194E-04  0.25570297E-04  0.34965919E-04 -0.80833786E-05
 -0.26400741E-04 -0.47436233E-04 -0.40737170E-04 -0.19307719E-04
  0.00000000E+00  0.00000000E+00  0.00000000E+00  0.00000000E+00  0.00000000E+00
  0.00000000E+00  0.00000000E+00  0.00000000E+00  0.00000000E+00  0.00000000E+00
  0.00000000E+00  0.00000000E+00  0.00000000E+00  0.00000000E+00  0.00000000E+00
  0.00000000E+00  0.00000000E+00  0.00000000E+00  0.00000000E+00  0.00000000E+00
  0.00000000E+00  0.00000000E+00  0.00000000E+00  0.00000000E+00  0.00000000E+00
  0.00000000E+00  0.00000000E+00  0.00000000E+00  0.00000000E+00  0.00000000E+00
  0.00000000E+00 -0.14499179E-06 -0.39330010E-06 -0.26893841E-05 -0.50972728E-05
 -0.27464337E-05 -0.95869022E-05 -0.24398371E-04 -0.60550896E-04 -0.11034097E-03
 -0.20129630E-03 -0.48253350E-03 -0.10355161E-02 -0.12528749E-02 -0.45209585E-03
 -0.29128323E-04  0.13665237E-03  0.77113338E-04  0.24925961E-03  0.14912309E-03
  0.11550703E-03  0.19725170E-03  0.11413530E-03  0.49861159E-05  0.26607716E-04
  0.79685781E-04  0.28208733E-04  0.39018157E-04  0.61952600E-04  0.60538946E-04
  0.43634675E-04  0.74285384E-05 -0.36251755E-05 -0.22188071E-04
  0.00000000E+00  0.00000000E+00  0.00000000E+00  0.00000000E+00  0.00000000E+00
  0.00000000E+00  0.00000000E+00  0.00000000E+00  0.00000000E+00  0.00000000E+00
  0.00000000E+00  0.00000000E+00  0.00000000E+00  0.00000000E+00  0.00000000E+00
  0.00000000E+00  0.00000000E+00  0.00000000E+00  0.00000000E+00  0.00000000E+00
  0.00000000E+00  0.00000000E+00  0.00000000E+00  0.00000000E+00  0.00000000E+00
  0.00000000E+00  0.00000000E+00  0.00000000E+00  0.00000000E+00  0.00000000E+00
  0.00000000E+00 -0.16025886E-06 -0.43476206E-06 -0.36391223E-05 -0.24603707E-05
 -0.43480024E-05 -0.13841031E-04 -0.38727013E-04 -0.71298597E-04 -0.11332484E-03
 -0.23268070E-03 -0.55296955E-03 -0.12642369E-02 -0.11793277E-02 -0.47126302E-03
  0.22561292E-04  0.16148487E-03  0.33754955E-03  0.28089832E-03  0.13382345E-03
  0.16378908E-03  0.15236987E-03  0.10545534E-03  0.12247617E-03  0.12524617E-03
  0.63343654E-04  0.14001478E-04 -0.23155787E-04  0.21063619E-04  0.57464399E-04
  0.28223951E-04  0.29478049E-04 -0.25545367E-04 -0.33914070E-04
  0.00000000E+00  0.00000000E+00  0.00000000E+00  0.00000000E+00  0.00000000E+00
  0.00000000E+00  0.00000000E+00  0.00000000E+00  0.00000000E+00  0.00000000E+00
  0.00000000E+00  0.00000000E+00  0.00000000E+00  0.00000000E+00  0.00000000E+00
  0.00000000E+00  0.00000000E+00  0.00000000E+00  0.00000000E+00  0.00000000E+00
  0.00000000E+00  0.00000000E+00  0.00000000E+00  0.00000000E+00  0.00000000E+00
  0.00000000E+00  0.00000000E+00  0.00000000E+00  0.00000000E+00  0.00000000E+00
  0.00000000E+00 -0.17671616E-06 -0.41602959E-06 -0.73191238E-06 -0.29706069E-05
 -0.37221111E-05 -0.24343284E-04 -0.32851624E-04 -0.59751989E-04 -0.14031076E-03
 -0.25567461E-03 -0.62569864E-03 -0.12921692E-02 -0.13322656E-02 -0.64890847E-03
  0.82126928E-04  0.24087982E-03  0.27498174E-03  0.26763822E-03  0.27579910E-03
  0.16765585E-03  0.70571263E-04  0.10965715E-03  0.92815682E-04  0.13449947E-03
  0.63184839E-04  0.50412697E-04  0.91667672E-04 -0.31996238E-05  0.21586460E-04
  0.34510121E-04 -0.78748788E-05 -0.63898130E-04 -0.48883217E-04
  0.00000000E+00  0.00000000E+00  0.00000000E+00  0.00000000E+00  0.00000000E+00
  0.00000000E+00  0.00000000E+00  0.00000000E+00  0.00000000E+00  0.00000000E+00
  0.00000000E+00  0.00000000E+00  0.00000000E+00  0.00000000E+00  0.00000000E+00
  0.00000000E+00  0.00000000E+00  0.00000000E+00  0.00000000E+00  0.00000000E+00
  0.00000000E+00  0.00000000E+00  0.00000000E+00  0.00000000E+00  0.00000000E+00
  0.00000000E+00  0.00000000E+00  0.00000000E+00  0.00000000E+00  0.00000000E+00
  0.30301106E-06  0.19068838E-05 -0.38455042E-06 -0.33095903E-06 -0.57216276E-05
 -0.49568316E-05 -0.21088042E-04 -0.36192178E-04 -0.49249285E-04 -0.12408936E-03
 -0.27912899E-03 -0.66163133E-03 -0.12709182E-02 -0.14103820E-02 -0.61566460E-03
 -0.19061372E-03  0.14536530E-03  0.27356159E-03  0.93425781E-04  0.19964210E-03
  0.10877028E-03  0.48714606E-04  0.60042280E-04  0.18140727E-03  0.11322724E-03
  0.13737612E-03  0.13915961E-03  0.10766795E-03  0.96047487E-04  0.63080759E-04
  0.11472211E-04 -0.11355731E-04 -0.24350294E-04 -0.39551693E-04
  0.00000000E+00  0.00000000E+00  0.00000000E+00  0.00000000E+00  0.00000000E+00
  0.00000000E+00  0.00000000E+00  0.00000000E+00  0.00000000E+00  0.00000000E+00
  0.00000000E+00  0.00000000E+00  0.00000000E+00  0.00000000E+00  0.00000000E+00
  0.00000000E+00  0.00000000E+00  0.00000000E+00  0.00000000E+00  0.00000000E+00
  0.00000000E+00  0.00000000E+00  0.00000000E+00  0.00000000E+00  0.00000000E+00
  0.00000000E+00  0.00000000E+00  0.00000000E+00  0.00000000E+00  0.00000000E+00
  0.21102147E-06 -0.29963228E-06 -0.37890460E-06 -0.19114591E-05 -0.48545489E-05
 -0.14264470E-04 -0.12683995E-04 -0.46041186E-04 -0.69342772E-04 -0.15239924E-03
 -0.36616243E-03 -0.77811895E-03 -0.14226082E-02 -0.16675664E-02 -0.57441004E-03
 -0.90454441E-04  0.10895887E-03  0.19803937E-03  0.30840551E-03  0.23569352E-03
  0.17194965E-03  0.85717759E-04  0.13634100E-03  0.76013170E-04  0.12813316E-04
  0.32798161E-04  0.26289337E-04  0.79258989E-04  0.57246874E-04  0.89811185E-04
  0.29370841E-04 -0.49351320E-04 -0.49539899E-04 -0.39256687E-04
  0.00000000E+00  0.00000000E+00  0.00000000E+00  0.00000000E+00  0.00000000E+00
  0.00000000E+00  0.00000000E+00  0.00000000E+00  0.00000000E+00  0.00000000E+00
  0.00000000E+00  0.00000000E+00  0.00000000E+00  0.00000000E+00  0.00000000E+00
  0.00000000E+00  0.00000000E+00  0.00000000E+00  0.00000000E+00  0.00000000E+00
  0.00000000E+00  0.00000000E+00  0.00000000E+00  0.00000000E+00  0.00000000E+00
  0.00000000E+00  0.00000000E+00  0.00000000E+00  0.00000000E+00  0.00000000E+00
  0.22957415E-06 -0.32626690E-06  0.31711665E-06 -0.10382113E-05 -0.57421805E-05
 -0.13751855E-04 -0.26586523E-04 -0.65083920E-04 -0.76182891E-04 -0.20667054E-03
 -0.43154676E-03 -0.92856406E-03 -0.17152210E-02 -0.17817327E-02 -0.75937871E-03
 -0.69883880E-04  0.29359563E-03  0.16543052E-03  0.24074581E-03  0.12737557E-04
  0.10848049E-03  0.24297255E-03  0.25236806E-04 -0.53106978E-04  0.88284346E-04
  0.57249558E-04  0.10869524E-03  0.72884384E-04  0.11914734E-03  0.64231763E-04
  0.23056004E-04  0.31891231E-04 -0.90976899E-05 -0.32235179E-04
  0.00000000E+00  0.00000000E+00  0.00000000E+00  0.00000000E+00  0.00000000E+00
  0.00000000E+00  0.00000000E+00  0.00000000E+00  0.00000000E+00  0.00000000E+00
  0.00000000E+00  0.00000000E+00  0.00000000E+00  0.00000000E+00  0.00000000E+00
  0.00000000E+00  0.00000000E+00  0.00000000E+00  0.00000000E+00  0.00000000E+00
  0.00000000E+00  0.00000000E+00  0.00000000E+00  0.00000000E+00  0.00000000E+00
  0.00000000E+00  0.00000000E+00  0.00000000E+00  0.00000000E+00  0.00000000E+00
  0.24842546E-06 -0.18121088E-06 -0.26321410E-06 -0.13477866E-05 -0.77666998E-05
 -0.25377665E-04 -0.34991113E-04 -0.59314118E-04 -0.13451967E-03 -0.23169039E-03
 -0.48897514E-03 -0.10737290E-02 -0.19108045E-02 -0.20751430E-02 -0.73931954E-03
  0.15375925E-03  0.41656347E-03  0.35331075E-03  0.26203694E-03  0.37350339E-03
  0.35770332E-03  0.27905141E-03  0.34125077E-03  0.21927710E-03  0.22773445E-03
  0.19262221E-03  0.65764891E-04  0.11462057E-03  0.95756583E-04  0.69693542E-04
  0.78638640E-04 -0.18389926E-04 -0.91079229E-04 -0.72266904E-04
  0.00000000E+00  0.00000000E+00  0.00000000E+00  0.00000000E+00  0.00000000E+00
  0.00000000E+00  0.00000000E+00  0.00000000E+00  0.00000000E+00  0.00000000E+00
  0.00000000E+00  0.00000000E+00  0.00000000E+00  0.00000000E+00  0.00000000E+00
  0.00000000E+00  0.00000000E+00  0.00000000E+00  0.00000000E+00  0.00000000E+00
  0.00000000E+00  0.00000000E+00  0.00000000E+00  0.00000000E+00  0.00000000E+00
  0.00000000E+00  0.00000000E+00  0.00000000E+00  0.00000000E+00  0.00000000E+00
  0.44385563E-06  0.10310541E-06 -0.20664882E-05 -0.10543128E-05 -0.77507156E-05
 -0.24156334E-04 -0.34859365E-04 -0.69745102E-04 -0.18143666E-03 -0.32478395E-03
 -0.61045678E-03 -0.12533898E-02 -0.20942553E-02 -0.16242784E-02 -0.60313170E-03
 -0.37542410E-04  0.14225510E-03  0.15082454E-03  0.18347863E-03  0.22693379E-03
  0.31821633E-03  0.25573336E-03  0.14823149E-03  0.16692949E-03  0.18156426E-03
  0.17097280E-03  0.27441738E-03  0.20441065E-03  0.15590759E-03  0.67662694E-04
  0.17796317E-04 -0.43761341E-04 -0.66800714E-04 -0.53261818E-04
  0.00000000E+00  0.00000000E+00  0.00000000E+00  0.00000000E+00  0.00000000E+00
  0.00000000E+00  0.00000000E+00  0.00000000E+00  0.00000000E+00  0.00000000E+00
  0.00000000E+00  0.00000000E+00  0.00000000E+00  0.00000000E+00  0.00000000E+00
  0.00000000E+00  0.00000000E+00  0.00000000E+00  0.00000000E+00  0.00000000E+00
  0.00000000E+00  0.00000000E+00  0.00000000E+00  0.00000000E+00  0.00000000E+00
  0.00000000E+00  0.00000000E+00  0.00000000E+00  0.00000000E+00  0.00000000E+00
  0.87106619E-06  0.00000000E+00 -0.15761908E-05 -0.44569620E-05 -0.11249833E-04
 -0.30496397E-04 -0.36540430E-04 -0.92212443E-04 -0.18234320E-03 -0.40425982E-03
 -0.80877834E-03 -0.15731055E-02 -0.22470378E-02 -0.15334289E-02 -0.49209808E-03
  0.23218753E-04  0.34054483E-04  0.34395969E-03  0.41822627E-03  0.36101672E-03
  0.29367016E-03  0.22201850E-03  0.23316902E-03  0.25185689E-03  0.11776152E-03
  0.85036972E-04  0.78657372E-04  0.13211244E-03  0.92029614E-04  0.13221649E-03
  0.12191727E-03  0.66568114E-04 -0.17832513E-04 -0.51301475E-04
  0.00000000E+00  0.00000000E+00  0.00000000E+00  0.00000000E+00  0.00000000E+00
  0.00000000E+00  0.00000000E+00  0.00000000E+00  0.00000000E+00  0.00000000E+00
  0.00000000E+00  0.00000000E+00  0.00000000E+00  0.00000000E+00  0.00000000E+00
  0.00000000E+00  0.00000000E+00  0.00000000E+00  0.00000000E+00  0.00000000E+00
  0.00000000E+00  0.00000000E+00  0.00000000E+00  0.00000000E+00  0.00000000E+00
  0.00000000E+00  0.00000000E+00  0.00000000E+00  0.00000000E+00  0.00000000E+00
  0.92885546E-06  0.13966235E-06 -0.21781624E-05 -0.67491393E-05 -0.13785388E-04
 -0.28719079E-04 -0.60393516E-04 -0.96049789E-04 -0.19416678E-03 -0.45601016E-03
 -0.95753929E-03 -0.19092961E-02 -0.23758107E-02 -0.12801354E-02 -0.38155664E-03
 -0.69697972E-04  0.27170438E-03  0.15507689E-03  0.13678577E-03  0.36063730E-03
  0.33482764E-03  0.28505372E-03  0.20876779E-03  0.88861510E-04  0.24422773E-03
  0.27330245E-03  0.26332275E-03  0.13440331E-03  0.13556492E-03  0.16845222E-03
  0.87823873E-04  0.17731657E-04 -0.25317892E-04 -0.36282191E-04
  0.00000000E+00  0.00000000E+00  0.00000000E+00  0.00000000E+00  0.00000000E+00
  0.00000000E+00  0.00000000E+00  0.00000000E+00  0.00000000E+00  0.00000000E+00
  0.00000000E+00  0.00000000E+00  0.00000000E+00  0.00000000E+00  0.00000000E+00
  0.00000000E+00  0.00000000E+00  0.00000000E+00  0.00000000E+00  0.00000000E+00
  0.00000000E+00  0.00000000E+00  0.00000000E+00  0.00000000E+00  0.00000000E+00
  0.00000000E+00  0.00000000E+00  0.00000000E+00  0.00000000E+00  0.00000000E+00
 -0.43532343E-06 -0.11472533E-05 -0.46662796E-05 -0.81881820E-05 -0.21663342E-04
 -0.38515718E-04 -0.72699044E-04 -0.16526516E-03 -0.29872469E-03 -0.58261993E-03
 -0.12326496E-02 -0.22029011E-02 -0.21396124E-02 -0.13934453E-02 -0.19056656E-03
  0.18280991E-03  0.11170879E-03  0.21996821E-03  0.35712045E-03  0.24490874E-03
  0.36445551E-03  0.31501054E-03  0.30041625E-03  0.34159299E-03  0.18596116E-03
  0.21126680E-03  0.21038142E-03  0.23907828E-03  0.16474013E-03  0.71236388E-04
  0.76151034E-04  0.44059278E-04 -0.13551483E-04 -0.34335790E-04
  0.00000000E+00  0.00000000E+00  0.00000000E+00  0.00000000E+00  0.00000000E+00
  0.00000000E+00  0.00000000E+00  0.00000000E+00  0.00000000E+00  0.00000000E+00
  0.00000000E+00  0.00000000E+00  0.00000000E+00  0.00000000E+00  0.00000000E+00
  0.00000000E+00  0.00000000E+00  0.00000000E+00  0.00000000E+00  0.00000000E+00
  0.00000000E+00  0.00000000E+00  0.00000000E+00  0.00000000E+00  0.00000000E+00
  0.00000000E+00  0.00000000E+00  0.00000000E+00  0.13070161E-06  0.00000000E+00
  0.15133667E-05 -0.35282949E-05 -0.71675756E-05 -0.24517194E-04 -0.29302199E-04
 -0.55912952E-04 -0.88048169E-04 -0.19985305E-03 -0.38381490E-03 -0.78364151E-03
 -0.16301946E-02 -0.25259462E-02 -0.19152315E-02 -0.90764085E-03 -0.13964860E-03
  0.38905536E-03  0.38402579E-03  0.43550292E-03  0.39019134E-03  0.28382717E-03
  0.17057777E-03  0.30406937E-03  0.40046089E-03  0.24775419E-03  0.32173083E-03
  0.30429157E-03  0.23515987E-03  0.18135434E-03  0.14938875E-03  0.12191138E-03
  0.77957696E-04  0.45066875E-04 -0.45897700E-04 -0.57456883E-04
  0.00000000E+00  0.00000000E+00  0.00000000E+00  0.00000000E+00  0.00000000E+00
  0.00000000E+00  0.00000000E+00  0.00000000E+00  0.00000000E+00  0.00000000E+00
  0.00000000E+00  0.00000000E+00  0.00000000E+00  0.00000000E+00  0.00000000E+00
  0.00000000E+00  0.00000000E+00  0.00000000E+00  0.00000000E+00  0.00000000E+00
  0.00000000E+00  0.00000000E+00  0.00000000E+00  0.00000000E+00  0.00000000E+00
  0.00000000E+00  0.00000000E+00  0.00000000E+00  0.92292261E-06  0.00000000E+00
  0.28502197E-06 -0.81375612E-05 -0.11877315E-04 -0.20467386E-04 -0.60528867E-04
 -0.96581903E-04 -0.15632372E-03 -0.31678272E-03 -0.57834727E-03 -0.11629277E-02
 -0.21859142E-02 -0.26180115E-02 -0.17444969E-02 -0.66252524E-03  0.30862639E-04
  0.18878415E-03  0.27723973E-03  0.25112263E-03  0.36816768E-03  0.38436973E-03
  0.31253606E-03  0.22848730E-03  0.29302454E-03  0.30260451E-03  0.28967422E-03
  0.18030575E-03  0.27541747E-03  0.18903488E-03  0.18505340E-03  0.18232029E-03
  0.10009984E-03  0.51433695E-05 -0.46779148E-04 -0.58809028E-04
  0.00000000E+00  0.00000000E+00  0.00000000E+00  0.00000000E+00  0.00000000E+00
  0.00000000E+00  0.00000000E+00  0.00000000E+00  0.00000000E+00  0.00000000E+00
  0.00000000E+00  0.00000000E+00  0.00000000E+00  0.00000000E+00  0.00000000E+00
  0.00000000E+00  0.00000000E+00  0.00000000E+00  0.00000000E+00  0.00000000E+00
  0.00000000E+00  0.00000000E+00  0.00000000E+00  0.00000000E+00  0.00000000E+00
  0.00000000E+00  0.00000000E+00 -0.18580673E-05  0.92342391E-06  0.00000000E+00
 -0.25628420E-05 -0.88464049E-05 -0.20035435E-04 -0.36018700E-04 -0.49454545E-04
 -0.10615438E-03 -0.21187488E-03 -0.36943036E-03 -0.78576151E-03 -0.16033465E-02
 -0.25844008E-02 -0.23655100E-02 -0.11688169E-02 -0.37928200E-03  0.31572616E-04
  0.20949285E-03  0.25567280E-03  0.30860763E-03  0.27841349E-03  0.54099416E-03
  0.45252523E-03  0.45823757E-03  0.34447958E-03  0.29859592E-03  0.27952076E-03
  0.29133377E-03  0.16938699E-03  0.20613466E-03  0.21630807E-03  0.18757185E-03
  0.11489447E-03  0.52366183E-04  0.23412403E-05 -0.18121112E-04
  0.00000000E+00  0.00000000E+00  0.00000000E+00  0.00000000E+00  0.00000000E+00
  0.00000000E+00  0.00000000E+00  0.00000000E+00  0.00000000E+00  0.00000000E+00
  0.00000000E+00  0.00000000E+00  0.00000000E+00  0.00000000E+00  0.00000000E+00
  0.00000000E+00  0.00000000E+00  0.00000000E+00  0.00000000E+00  0.00000000E+00
  0.00000000E+00  0.00000000E+00  0.00000000E+00  0.00000000E+00  0.00000000E+00
  0.00000000E+00  0.00000000E+00  0.43117114E-06 -0.17388249E-05  0.00000000E+00
 -0.21625748E-05 -0.41737511E-05 -0.18896768E-04 -0.37093645E-04 -0.57622295E-04
 -0.14256139E-03 -0.28346237E-03 -0.60347208E-03 -0.11594980E-02 -0.21428801E-02
 -0.27019689E-02 -0.19215355E-02 -0.67881882E-03 -0.22801345E-03 -0.18472267E-03
 -0.20511114E-04  0.21639917E-03  0.28898210E-03  0.29444956E-03  0.32826301E-03
  0.44196014E-03  0.36833996E-03  0.39888924E-03  0.36915124E-03  0.30535829E-03
  0.29242837E-03  0.30015366E-03  0.26141017E-03  0.19141012E-03  0.12268921E-03
  0.93993751E-04  0.39175546E-04 -0.26688386E-04 -0.42745324E-04
  0.00000000E+00  0.00000000E+00  0.00000000E+00  0.00000000E+00  0.00000000E+00
  0.00000000E+00  0.00000000E+00  0.00000000E+00  0.00000000E+00  0.00000000E+00
  0.00000000E+00  0.00000000E+00  0.00000000E+00  0.00000000E+00  0.00000000E+00
  0.00000000E+00  0.00000000E+00  0.00000000E+00  0.00000000E+00  0.00000000E+00
  0.00000000E+00  0.00000000E+00  0.00000000E+00  0.00000000E+00  0.00000000E+00
  0.00000000E+00  0.00000000E+00 -0.10556787E-05 -0.32361562E-05 -0.24793119E-05
 -0.32104102E-05 -0.59942529E-05 -0.24795491E-04 -0.60477602E-04 -0.10432299E-03
 -0.16507602E-03 -0.39960269E-03 -0.86293659E-03 -0.16305564E-02 -0.27149757E-02
 -0.28441083E-02 -0.14475251E-02 -0.44527410E-03  0.75290175E-04  0.21230030E-03
  0.39662545E-03  0.45110197E-03  0.33839812E-03  0.28884935E-03  0.21572219E-03
  0.19771768E-03  0.21084943E-03  0.26346973E-03  0.27461670E-03  0.28175859E-03
  0.30327937E-03  0.24800899E-03  0.25616450E-03  0.25813263E-03  0.21486168E-03
  0.16077639E-03  0.96446071E-04  0.20550286E-04 -0.12195775E-04
  0.00000000E+00  0.00000000E+00  0.00000000E+00  0.00000000E+00  0.00000000E+00
  0.00000000E+00  0.00000000E+00  0.00000000E+00  0.00000000E+00  0.00000000E+00
  0.00000000E+00  0.00000000E+00  0.00000000E+00  0.00000000E+00  0.00000000E+00
  0.00000000E+00  0.00000000E+00  0.00000000E+00  0.00000000E+00  0.00000000E+00
  0.00000000E+00  0.00000000E+00  0.00000000E+00  0.00000000E+00  0.00000000E+00
  0.00000000E+00  0.00000000E+00  0.00000000E+00 -0.68162519E-05 -0.68081752E-05
  0.34984702E-06 -0.83590114E-05 -0.14066714E-04 -0.43786310E-04 -0.13402673E-03
 -0.25321658E-03 -0.57888592E-03 -0.11293884E-02 -0.22026619E-02 -0.32494267E-02
 -0.23239601E-02 -0.96473736E-03 -0.26533458E-03 -0.13557980E-03  0.26399912E-03
  0.27767987E-03  0.92767472E-04  0.44226640E-03  0.43217667E-03  0.46197050E-03
  0.36878778E-03  0.29620680E-03  0.32601727E-03  0.41132476E-03  0.46198087E-03
  0.35379457E-03  0.31700614E-03  0.27188777E-03  0.16920248E-03  0.14611878E-03
  0.11432249E-03  0.57992257E-04 -0.13094498E-05 -0.21366550E-04
  0.00000000E+00  0.00000000E+00  0.00000000E+00  0.00000000E+00  0.00000000E+00
  0.00000000E+00  0.00000000E+00  0.00000000E+00  0.00000000E+00  0.00000000E+00
  0.00000000E+00  0.00000000E+00  0.00000000E+00  0.00000000E+00  0.00000000E+00
  0.00000000E+00  0.00000000E+00  0.00000000E+00  0.00000000E+00  0.00000000E+00
  0.00000000E+00  0.00000000E+00  0.00000000E+00  0.00000000E+00  0.00000000E+00
  0.00000000E+00  0.00000000E+00  0.00000000E+00 -0.19057160E-05 -0.40355533E-05
 -0.17562397E-05 -0.11066694E-04 -0.24475603E-04 -0.56372031E-04 -0.12462571E-03
 -0.34370015E-03 -0.69124646E-03 -0.15031907E-02 -0.27865346E-02 -0.33098824E-02
 -0.17906920E-02 -0.52478028E-03  0.48016572E-04  0.14976673E-03  0.13329384E-03
  0.84872717E-04  0.45332989E-03  0.25837513E-03  0.52173686E-03  0.33430105E-03
  0.31627091E-03  0.34031422E-03  0.34676663E-03  0.33915185E-03  0.29073307E-03
  0.27927001E-03  0.21605445E-03  0.21058206E-03  0.17661275E-03  0.14857451E-03
  0.58509665E-04 -0.23731421E-05 -0.23647668E-04 -0.27767981E-04
  0.00000000E+00  0.00000000E+00  0.00000000E+00  0.00000000E+00  0.00000000E+00
  0.00000000E+00  0.00000000E+00  0.00000000E+00  0.00000000E+00  0.00000000E+00
  0.00000000E+00  0.00000000E+00  0.00000000E+00  0.00000000E+00  0.00000000E+00
  0.00000000E+00  0.00000000E+00  0.00000000E+00  0.00000000E+00  0.00000000E+00
  0.00000000E+00  0.00000000E+00  0.00000000E+00  0.00000000E+00  0.00000000E+00
  0.00000000E+00  0.00000000E+00  0.00000000E+00 -0.28680855E-06 -0.61874489E-06
 -0.37568457E-05 -0.12793363E-04 -0.35025410E-04 -0.70677870E-04 -0.16805925E-03
 -0.41636507E-03 -0.99659223E-03 -0.19525094E-02 -0.33987715E-02 -0.31729637E-02
 -0.10362989E-02  0.69308653E-04  0.17464963E-03  0.37866376E-03  0.46885486E-03
  0.46600998E-03  0.33639689E-03  0.49290502E-03  0.24916886E-03  0.36486929E-03
  0.35330842E-03  0.28604607E-03  0.19857284E-03  0.14180038E-03  0.16453937E-03
  0.23730511E-03  0.22870537E-03  0.15997273E-03  0.13691845E-03  0.93200334E-04
  0.65796341E-04  0.12138670E-05 -0.34551483E-04 -0.32396885E-04
  0.00000000E+00  0.00000000E+00  0.00000000E+00  0.00000000E+00  0.00000000E+00
  0.00000000E+00  0.00000000E+00  0.00000000E+00  0.00000000E+00  0.00000000E+00
  0.00000000E+00  0.00000000E+00  0.00000000E+00  0.00000000E+00  0.00000000E+00
  0.00000000E+00  0.00000000E+00  0.00000000E+00  0.00000000E+00  0.00000000E+00
  0.00000000E+00  0.00000000E+00  0.00000000E+00  0.00000000E+00  0.00000000E+00
  0.00000000E+00  0.00000000E+00  0.00000000E+00 -0.88057465E-06 -0.48215123E-05
 -0.10127015E-04 -0.17539868E-04 -0.47390312E-04 -0.86604806E-04 -0.23632757E-03
 -0.52201942E-03 -0.12107966E-02 -0.25923817E-02 -0.37060145E-02 -0.24289707E-02
 -0.28890192E-03  0.42592459E-03  0.76210469E-03  0.65977973E-03  0.53685106E-03
  0.49836237E-03  0.50254702E-03  0.28956103E-03  0.24001802E-03  0.25733056E-03
  0.23116789E-03  0.19859279E-03  0.13049020E-03  0.14793948E-03  0.12610261E-03
  0.82746532E-04  0.74136883E-04  0.10653833E-03  0.92495735E-04  0.38359871E-04
 -0.18146212E-04 -0.58735137E-04 -0.66020534E-04 -0.43416044E-04
  0.00000000E+00  0.00000000E+00  0.00000000E+00  0.00000000E+00  0.00000000E+00
  0.00000000E+00  0.00000000E+00  0.00000000E+00  0.00000000E+00  0.00000000E+00
  0.00000000E+00  0.00000000E+00  0.00000000E+00  0.00000000E+00  0.00000000E+00
  0.00000000E+00  0.00000000E+00  0.00000000E+00  0.00000000E+00  0.00000000E+00
  0.00000000E+00  0.00000000E+00  0.00000000E+00  0.00000000E+00  0.00000000E+00
  0.00000000E+00  0.00000000E+00  0.00000000E+00  0.00000000E+00 -0.36898147E-05
 -0.11559698E-04 -0.24509926E-04 -0.32655321E-04 -0.11467048E-03 -0.29132327E-03
 -0.69670451E-03 -0.14575321E-02 -0.28504289E-02 -0.37578116E-02 -0.14778772E-02
  0.74276777E-03  0.10476759E-02  0.70830256E-03  0.53912751E-03  0.49045769E-03
  0.34401601E-03  0.21448988E-03  0.30205335E-03  0.21098616E-03  0.16791516E-03
  0.17028214E-03  0.18238190E-03  0.17405327E-03  0.12898833E-03  0.99811653E-04
  0.54058436E-04  0.20025169E-04 -0.35991697E-04 -0.54430342E-04 -0.70525414E-04
 -0.91619501E-04 -0.10563950E-03 -0.10275081E-03 -0.62244545E-04
  0.00000000E+00  0.00000000E+00  0.00000000E+00  0.00000000E+00  0.00000000E+00
  0.00000000E+00  0.00000000E+00  0.00000000E+00  0.00000000E+00  0.00000000E+00
  0.00000000E+00  0.00000000E+00  0.00000000E+00  0.00000000E+00  0.00000000E+00
  0.00000000E+00  0.00000000E+00  0.00000000E+00  0.00000000E+00  0.00000000E+00
  0.00000000E+00  0.00000000E+00  0.00000000E+00  0.00000000E+00  0.00000000E+00
  0.00000000E+00  0.00000000E+00  0.00000000E+00  0.00000000E+00 -0.39416223E-05
 -0.67403327E-05 -0.24526198E-04 -0.68263686E-04 -0.14348778E-03 -0.31639151E-03
 -0.66751217E-03 -0.14920901E-02 -0.28304420E-02 -0.27442630E-02 -0.15529846E-04
  0.14912861E-02  0.12690894E-02  0.72307758E-03  0.58702569E-03  0.27158759E-03
  0.20852705E-03  0.21288602E-03  0.11590215E-03  0.15580428E-03  0.17025745E-03
  0.12713211E-03  0.12319311E-03  0.88282382E-04  0.48070598E-04 -0.35103140E-04
 -0.70657393E-04 -0.11577226E-03 -0.12748710E-03 -0.17485733E-03 -0.24066695E-03
 -0.27301431E-03 -0.26568982E-03 -0.21469949E-03 -0.12792312E-03
  0.00000000E+00  0.00000000E+00  0.00000000E+00  0.00000000E+00  0.00000000E+00
  0.00000000E+00  0.00000000E+00  0.00000000E+00  0.00000000E+00  0.00000000E+00
  0.00000000E+00  0.00000000E+00  0.00000000E+00  0.00000000E+00  0.00000000E+00
  0.00000000E+00  0.00000000E+00  0.00000000E+00  0.00000000E+00  0.00000000E+00
  0.00000000E+00  0.00000000E+00  0.00000000E+00  0.00000000E+00  0.00000000E+00
  0.00000000E+00  0.00000000E+00  0.00000000E+00  0.00000000E+00  0.00000000E+00
 -0.13052096E-01 -0.55284262E-01 -0.65067771E-01 -0.37184896E-04 -0.13551173E+00
 -0.41663251E+00 -0.92573460E+00 -0.17625906E+01 -0.50442358E+01 -0.12189763E+02
 -0.27753169E+02 -0.75003477E+02 -0.97379668E+02 -0.41675218E+02 -0.13366794E+02
 -0.52340978E+01 -0.27114109E+01 -0.17195579E+01 -0.11911224E+01 -0.89960908E+00
 -0.72634446E+00 -0.60113398E+00 -0.48515983E+00 -0.43482793E+00 -0.36620672E+00
 -0.31743460E+00 -0.27268059E+00 -0.24379683E+00 -0.20178106E+00 -0.17812861E+00
 -0.14887407E+00 -0.11854614E+00 -0.76914502E-01 -0.24484794E-01
  0.00000000E+00  0.00000000E+00  0.00000000E+00  0.00000000E+00  0.00000000E+00
  0.00000000E+00  0.00000000E+00  0.00000000E+00  0.00000000E+00  0.00000000E+00
  0.00000000E+00  0.00000000E+00  0.00000000E+00  0.00000000E+00  0.00000000E+00
  0.00000000E+00  0.00000000E+00  0.00000000E+00  0.00000000E+00  0.00000000E+00
  0.00000000E+00  0.00000000E+00  0.00000000E+00  0.00000000E+00  0.00000000E+00
  0.00000000E+00  0.00000000E+00  0.00000000E+00  0.00000000E+00  0.00000000E+00
 -0.13685862E-01 -0.53178153E-01 -0.58332493E-02 -0.15173177E-02 -0.31875328E-01
 -0.19112590E+00 -0.44545299E+00 -0.13035219E+01 -0.34849508E+01 -0.76190136E+01
 -0.18181255E+02 -0.50462787E+02 -0.72856670E+02 -0.37831125E+02 -0.13327448E+02
 -0.54129737E+01 -0.28572131E+01 -0.17980325E+01 -0.12320514E+01 -0.92542370E+00
 -0.73885250E+00 -0.61883952E+00 -0.51052104E+00 -0.43338292E+00 -0.36981089E+00
 -0.31513974E+00 -0.27434416E+00 -0.23667991E+00 -0.20538043E+00 -0.17688315E+00
 -0.14841956E+00 -0.11438743E+00 -0.72822841E-01 -0.22319374E-01
  0.00000000E+00  0.00000000E+00  0.00000000E+00  0.00000000E+00  0.00000000E+00
  0.00000000E+00  0.00000000E+00  0.00000000E+00  0.00000000E+00  0.00000000E+00
  0.00000000E+00  0.00000000E+00  0.00000000E+00  0.00000000E+00  0.00000000E+00
  0.00000000E+00  0.00000000E+00  0.00000000E+00  0.00000000E+00  0.00000000E+00
  0.00000000E+00  0.00000000E+00  0.00000000E+00  0.00000000E+00  0.00000000E+00
  0.00000000E+00  0.00000000E+00  0.00000000E+00  0.00000000E+00  0.00000000E+00
 -0.10849813E-01 -0.36447383E-01 -0.81543255E-02 -0.55497882E-02 -0.11221005E-01
 -0.30009087E+00 -0.48758800E+00 -0.10378795E+01 -0.27814688E+01 -0.64930695E+01
 -0.17553715E+02 -0.43183162E+02 -0.67693223E+02 -0.37951005E+02 -0.13881463E+02
 -0.56539497E+01 -0.30678239E+01 -0.18959941E+01 -0.12762483E+01 -0.95808842E+00
 -0.75721080E+00 -0.62654625E+00 -0.54418203E+00 -0.43863364E+00 -0.37074634E+00
 -0.31424336E+00 -0.27558375E+00 -0.23742753E+00 -0.20562415E+00 -0.17084534E+00
 -0.14384684E+00 -0.11054509E+00 -0.71632533E-01 -0.21889034E-01
  0.00000000E+00  0.00000000E+00  0.00000000E+00  0.00000000E+00  0.00000000E+00
  0.00000000E+00  0.00000000E+00  0.00000000E+00  0.00000000E+00  0.00000000E+00
  0.00000000E+00  0.00000000E+00  0.00000000E+00  0.00000000E+00  0.00000000E+00
  0.00000000E+00  0.00000000E+00  0.00000000E+00  0.00000000E+00  0.00000000E+00
  0.00000000E+00  0.00000000E+00  0.00000000E+00  0.00000000E+00  0.00000000E+00
  0.00000000E+00  0.00000000E+00  0.00000000E+00  0.00000000E+00  0.00000000E+00
 -0.10604309E-01 -0.11657232E-01 -0.13887568E-01 -0.25872941E-01 -0.83183629E-01
 -0.33122967E+00 -0.34441925E+00 -0.91487840E+00 -0.21910486E+01 -0.62842204E+01
 -0.15678718E+02 -0.39560772E+02 -0.63733332E+02 -0.39416769E+02 -0.14858201E+02
 -0.60639561E+01 -0.31589822E+01 -0.19667035E+01 -0.13114967E+01 -0.97627148E+00
 -0.78279925E+00 -0.64455807E+00 -0.56760471E+00 -0.44056271E+00 -0.37076800E+00
 -0.32567228E+00 -0.27262612E+00 -0.23558082E+00 -0.19693958E+00 -0.17039303E+00
 -0.14015216E+00 -0.10825485E+00 -0.70582242E-01 -0.21847460E-01
  0.00000000E+00  0.00000000E+00  0.00000000E+00  0.00000000E+00  0.00000000E+00
  0.00000000E+00  0.00000000E+00  0.00000000E+00  0.00000000E+00  0.00000000E+00
  0.00000000E+00  0.00000000E+00  0.00000000E+00  0.00000000E+00  0.00000000E+00
  0.00000000E+00  0.00000000E+00  0.00000000E+00  0.00000000E+00  0.00000000E+00
  0.00000000E+00  0.00000000E+00  0.00000000E+00  0.00000000E+00  0.00000000E+00
  0.00000000E+00  0.00000000E+00  0.00000000E+00  0.00000000E+00  0.00000000E+00
 -0.33194929E-01 -0.11421397E-01 -0.14697570E-01 -0.78274246E-01 -0.27126435E-01
 -0.23273284E+00 -0.38536948E+00 -0.87941356E+00 -0.24306490E+01 -0.60054004E+01
 -0.14498489E+02 -0.37104832E+02 -0.62833909E+02 -0.42957337E+02 -0.16078226E+02
 -0.66112297E+01 -0.33209864E+01 -0.20849181E+01 -0.14015029E+01 -0.10170507E+01
 -0.80021461E+00 -0.65723517E+00 -0.54803834E+00 -0.44629628E+00 -0.38204694E+00
 -0.31962780E+00 -0.27957438E+00 -0.23360707E+00 -0.19891560E+00 -0.16642385E+00
 -0.13833685E+00 -0.10780916E+00 -0.68504843E-01 -0.21430433E-01
  0.00000000E+00  0.00000000E+00  0.00000000E+00  0.00000000E+00  0.00000000E+00
  0.00000000E+00  0.00000000E+00  0.00000000E+00  0.00000000E+00  0.00000000E+00
  0.00000000E+00  0.00000000E+00  0.00000000E+00  0.00000000E+00  0.00000000E+00
  0.00000000E+00  0.00000000E+00  0.00000000E+00  0.00000000E+00  0.00000000E+00
  0.00000000E+00  0.00000000E+00  0.00000000E+00  0.00000000E+00  0.00000000E+00
  0.00000000E+00  0.00000000E+00  0.00000000E+00  0.00000000E+00  0.00000000E+00
  0.00000000E+00 -0.50616028E-02 -0.75328522E-02 -0.12416826E+00 -0.24227811E-01
 -0.23284908E+00 -0.27664128E+00 -0.84241153E+00 -0.22372184E+01 -0.61705384E+01
 -0.13903688E+02 -0.33320561E+02 -0.62426427E+02 -0.46467609E+02 -0.17770011E+02
 -0.71650969E+01 -0.35714311E+01 -0.21908337E+01 -0.14223341E+01 -0.10471066E+01
 -0.81924056E+00 -0.67071482E+00 -0.53840558E+00 -0.44671089E+00 -0.37046319E+00
 -0.31079329E+00 -0.27091608E+00 -0.22934632E+00 -0.19484265E+00 -0.16391365E+00
 -0.13852786E+00 -0.10657042E+00 -0.67131820E-01 -0.21404139E-01
  0.00000000E+00  0.00000000E+00  0.00000000E+00  0.00000000E+00  0.00000000E+00
  0.00000000E+00  0.00000000E+00  0.00000000E+00  0.00000000E+00  0.00000000E+00
  0.00000000E+00  0.00000000E+00  0.00000000E+00  0.00000000E+00  0.00000000E+00
  0.00000000E+00  0.00000000E+00  0.00000000E+00  0.00000000E+00  0.00000000E+00
  0.00000000E+00  0.00000000E+00  0.00000000E+00  0.00000000E+00  0.00000000E+00
  0.00000000E+00  0.00000000E+00  0.00000000E+00  0.00000000E+00  0.00000000E+00
  0.00000000E+00 -0.50259162E-02 -0.62141780E-02 -0.51812669E-01 -0.65941709E-01
 -0.12897680E+00 -0.26789954E+00 -0.92134293E+00 -0.21202970E+01 -0.50722872E+01
 -0.12980882E+02 -0.31139627E+02 -0.62254492E+02 -0.49781053E+02 -0.19563131E+02
 -0.78055024E+01 -0.37976310E+01 -0.22741560E+01 -0.14873341E+01 -0.10536940E+01
 -0.80853161E+00 -0.65762808E+00 -0.53212906E+00 -0.44351595E+00 -0.37061252E+00
 -0.30887244E+00 -0.25982561E+00 -0.22491487E+00 -0.19281462E+00 -0.16336171E+00
 -0.13296802E+00 -0.10238452E+00 -0.65592778E-01 -0.20775899E-01
  0.00000000E+00  0.00000000E+00  0.00000000E+00  0.00000000E+00  0.00000000E+00
  0.00000000E+00  0.00000000E+00  0.00000000E+00  0.00000000E+00  0.00000000E+00
  0.00000000E+00  0.00000000E+00  0.00000000E+00  0.00000000E+00  0.00000000E+00
  0.00000000E+00  0.00000000E+00  0.00000000E+00  0.00000000E+00  0.00000000E+00
  0.00000000E+00  0.00000000E+00  0.00000000E+00  0.00000000E+00  0.00000000E+00
  0.00000000E+00  0.00000000E+00  0.00000000E+00  0.00000000E+00  0.00000000E+00
  0.00000000E+00 -0.49666052E-02 -0.61764737E-02 -0.40280425E-01 -0.82353332E-01
 -0.15225761E+00 -0.25921318E+00 -0.93510408E+00 -0.18324067E+01 -0.48002693E+01
 -0.11481388E+02 -0.29700628E+02 -0.61381304E+02 -0.50412665E+02 -0.21268241E+02
 -0.85921521E+01 -0.40028880E+01 -0.23092111E+01 -0.15042778E+01 -0.10710955E+01
 -0.81326982E+00 -0.64063030E+00 -0.51520276E+00 -0.43416141E+00 -0.36715731E+00
 -0.30855946E+00 -0.25992002E+00 -0.22110733E+00 -0.18528305E+00 -0.15856177E+00
 -0.12553277E+00 -0.99568855E-01 -0.63187024E-01 -0.20618630E-01
  0.00000000E+00  0.00000000E+00  0.00000000E+00  0.00000000E+00  0.00000000E+00
  0.00000000E+00  0.00000000E+00  0.00000000E+00  0.00000000E+00  0.00000000E+00
  0.00000000E+00  0.00000000E+00  0.00000000E+00  0.00000000E+00  0.00000000E+00
  0.00000000E+00  0.00000000E+00  0.00000000E+00  0.00000000E+00  0.00000000E+00
  0.00000000E+00  0.00000000E+00  0.00000000E+00  0.00000000E+00  0.00000000E+00
  0.00000000E+00  0.00000000E+00  0.00000000E+00  0.00000000E+00  0.00000000E+00
  0.00000000E+00 -0.49046339E-02 -0.61018170E-02 -0.35670113E-01 -0.10229201E+00
 -0.16313821E+00 -0.34314084E+00 -0.13027146E+01 -0.20150713E+01 -0.48266685E+01
 -0.10870073E+02 -0.26760523E+02 -0.59460258E+02 -0.53495858E+02 -0.23582070E+02
 -0.89987603E+01 -0.41063298E+01 -0.23513399E+01 -0.15295626E+01 -0.10788765E+01
 -0.80729207E+00 -0.64101546E+00 -0.51652497E+00 -0.42685206E+00 -0.36113964E+00
 -0.29543171E+00 -0.25759266E+00 -0.21981751E+00 -0.18501016E+00 -0.15452719E+00
 -0.12619241E+00 -0.97335412E-01 -0.62715283E-01 -0.19566520E-01
  0.00000000E+00  0.00000000E+00  0.00000000E+00  0.00000000E+00  0.00000000E+00
  0.00000000E+00  0.00000000E+00  0.00000000E+00  0.00000000E+00  0.00000000E+00
  0.00000000E+00  0.00000000E+00  0.00000000E+00  0.00000000E+00  0.00000000E+00
  0.00000000E+00  0.00000000E+00  0.00000000E+00  0.00000000E+00  0.00000000E+00
  0.00000000E+00  0.00000000E+00  0.00000000E+00  0.00000000E+00  0.00000000E+00
  0.00000000E+00  0.00000000E+00  0.00000000E+00  0.00000000E+00  0.00000000E+00
  0.00000000E+00 -0.12706434E-01 -0.59993279E-02 -0.38656684E-01 -0.10599142E+00
 -0.20499398E+00 -0.37333921E+00 -0.10062828E+01 -0.21666958E+01 -0.42953681E+01
 -0.10061643E+02 -0.25129051E+02 -0.57895411E+02 -0.56367408E+02 -0.24906426E+02
 -0.95534193E+01 -0.41779425E+01 -0.23770208E+01 -0.15224224E+01 -0.10779243E+01
 -0.80003494E+00 -0.63302364E+00 -0.50678110E+00 -0.42631221E+00 -0.35668746E+00
 -0.29508839E+00 -0.24761683E+00 -0.22165962E+00 -0.17872230E+00 -0.14614196E+00
 -0.12256606E+00 -0.95099043E-01 -0.59461241E-01 -0.19480087E-01
  0.00000000E+00  0.00000000E+00  0.00000000E+00  0.00000000E+00  0.00000000E+00
  0.00000000E+00  0.00000000E+00  0.00000000E+00  0.00000000E+00  0.00000000E+00
  0.00000000E+00  0.00000000E+00  0.00000000E+00  0.00000000E+00  0.00000000E+00
  0.00000000E+00  0.00000000E+00  0.00000000E+00  0.00000000E+00  0.00000000E+00
  0.00000000E+00  0.00000000E+00  0.00000000E+00  0.00000000E+00  0.00000000E+00
  0.00000000E+00  0.00000000E+00  0.00000000E+00  0.00000000E+00  0.00000000E+00
  0.00000000E+00 -0.11032815E-01 -0.46353635E-02 -0.38660519E-01 -0.75392970E-01
 -0.99706684E-01 -0.38426195E+00 -0.92084813E+00 -0.17578079E+01 -0.35167113E+01
 -0.71359000E+01 -0.18700114E+02 -0.43748459E+02 -0.44431203E+02 -0.20477539E+02
 -0.77064390E+01 -0.33681829E+01 -0.18877135E+01 -0.12204619E+01 -0.84109139E+00
 -0.62468189E+00 -0.49188139E+00 -0.39082043E+00 -0.33018926E+00 -0.27273608E+00
 -0.22488929E+00 -0.18748130E+00 -0.16176854E+00 -0.13709185E+00 -0.11373385E+00
 -0.94099118E-01 -0.72496285E-01 -0.46937065E-01 -0.14974721E-01
  0.00000000E+00  0.00000000E+00  0.00000000E+00  0.00000000E+00  0.00000000E+00
  0.00000000E+00  0.00000000E+00  0.00000000E+00  0.00000000E+00  0.00000000E+00
  0.00000000E+00  0.00000000E+00  0.00000000E+00  0.00000000E+00  0.00000000E+00
  0.00000000E+00  0.00000000E+00  0.00000000E+00  0.00000000E+00  0.00000000E+00
  0.00000000E+00  0.00000000E+00  0.00000000E+00  0.00000000E+00  0.00000000E+00
  0.00000000E+00  0.00000000E+00  0.00000000E+00  0.00000000E+00  0.00000000E+00
  0.00000000E+00 -0.12309740E-01 -0.51694824E-02 -0.75848260E-01 -0.69329730E-01
 -0.13701825E+00 -0.42967960E+00 -0.11960741E+01 -0.18514379E+01 -0.38346481E+01
 -0.79014072E+01 -0.20721701E+02 -0.48980282E+02 -0.50376548E+02 -0.23330214E+02
 -0.88469699E+01 -0.38087234E+01 -0.21398245E+01 -0.13627473E+01 -0.93678672E+00
 -0.70444656E+00 -0.54735413E+00 -0.44430575E+00 -0.36507759E+00 -0.30654239E+00
 -0.25107712E+00 -0.20535280E+00 -0.17692550E+00 -0.15096478E+00 -0.12797862E+00
 -0.10350723E+00 -0.79997187E-01 -0.52020147E-01 -0.16898928E-01
  0.00000000E+00  0.00000000E+00  0.00000000E+00  0.00000000E+00  0.00000000E+00
  0.00000000E+00  0.00000000E+00  0.00000000E+00  0.00000000E+00  0.00000000E+00
  0.00000000E+00  0.00000000E+00  0.00000000E+00  0.00000000E+00  0.00000000E+00
  0.00000000E+00  0.00000000E+00  0.00000000E+00  0.00000000E+00  0.00000000E+00
  0.00000000E+00  0.00000000E+00  0.00000000E+00  0.00000000E+00  0.00000000E+00
  0.00000000E+00  0.00000000E+00  0.00000000E+00  0.00000000E+00  0.00000000E+00
  0.00000000E+00 -0.13672329E-01 -0.15513055E-01 -0.20380206E-01 -0.74711628E-01
 -0.24618323E+00 -0.60003688E+00 -0.11829193E+01 -0.19343806E+01 -0.43522126E+01
 -0.92575190E+01 -0.22765085E+02 -0.54349738E+02 -0.57384601E+02 -0.26791378E+02
 -0.99951005E+01 -0.42530208E+01 -0.23830687E+01 -0.15061655E+01 -0.10353920E+01
 -0.79544715E+00 -0.60799704E+00 -0.50017531E+00 -0.40811617E+00 -0.34242792E+00
 -0.27852605E+00 -0.23192463E+00 -0.22376562E+00 -0.16733445E+00 -0.14090054E+00
 -0.11315397E+00 -0.87656617E-01 -0.56074511E-01 -0.17912428E-01
  0.00000000E+00  0.00000000E+00  0.00000000E+00  0.00000000E+00  0.00000000E+00
  0.00000000E+00  0.00000000E+00  0.00000000E+00  0.00000000E+00  0.00000000E+00
  0.00000000E+00  0.00000000E+00  0.00000000E+00  0.00000000E+00  0.00000000E+00
  0.00000000E+00  0.00000000E+00  0.00000000E+00  0.00000000E+00  0.00000000E+00
  0.00000000E+00  0.00000000E+00  0.00000000E+00  0.00000000E+00  0.00000000E+00
  0.00000000E+00  0.00000000E+00  0.00000000E+00  0.00000000E+00  0.00000000E+00
 -0.17108635E-01 -0.21599385E-01 -0.28366525E-01 -0.11955311E-01 -0.11071515E+00
 -0.25099488E+00 -0.74845378E+00 -0.12594501E+01 -0.25925420E+01 -0.46425945E+01
 -0.10210445E+02 -0.25747363E+02 -0.60442595E+02 -0.63454381E+02 -0.29547847E+02
 -0.11068084E+02 -0.47554180E+01 -0.26832865E+01 -0.16330251E+01 -0.11499614E+01
 -0.86694788E+00 -0.67916954E+00 -0.54045954E+00 -0.45261198E+00 -0.38426852E+00
 -0.31117221E+00 -0.26097611E+00 -0.22133396E+00 -0.18593165E+00 -0.15495601E+00
 -0.12657613E+00 -0.96555762E-01 -0.60674257E-01 -0.19332060E-01
  0.00000000E+00  0.00000000E+00  0.00000000E+00  0.00000000E+00  0.00000000E+00
  0.00000000E+00  0.00000000E+00  0.00000000E+00  0.00000000E+00  0.00000000E+00
  0.00000000E+00  0.00000000E+00  0.00000000E+00  0.00000000E+00  0.00000000E+00
  0.00000000E+00  0.00000000E+00  0.00000000E+00  0.00000000E+00  0.00000000E+00
  0.00000000E+00  0.00000000E+00  0.00000000E+00  0.00000000E+00  0.00000000E+00
  0.00000000E+00  0.00000000E+00  0.00000000E+00  0.00000000E+00  0.00000000E+00
 -0.70779060E-02 -0.55878543E-02 -0.31036587E-01 -0.37381244E-01 -0.11043078E+00
 -0.30129686E+00 -0.56811710E+00 -0.14089859E+01 -0.30698448E+01 -0.55706162E+01
 -0.12288015E+02 -0.29193056E+02 -0.67816684E+02 -0.68413485E+02 -0.31666824E+02
 -0.12365637E+02 -0.52555558E+01 -0.29923565E+01 -0.17892136E+01 -0.12513601E+01
 -0.95778295E+00 -0.74381936E+00 -0.58805753E+00 -0.50191419E+00 -0.41093498E+00
 -0.34234183E+00 -0.28490355E+00 -0.23731917E+00 -0.20236892E+00 -0.17138643E+00
 -0.13790880E+00 -0.10690465E+00 -0.67917407E-01 -0.21306260E-01
  0.00000000E+00  0.00000000E+00  0.00000000E+00  0.00000000E+00  0.00000000E+00
  0.00000000E+00  0.00000000E+00  0.00000000E+00  0.00000000E+00  0.00000000E+00
  0.00000000E+00  0.00000000E+00  0.00000000E+00  0.00000000E+00  0.00000000E+00
  0.00000000E+00  0.00000000E+00  0.00000000E+00  0.00000000E+00  0.00000000E+00
  0.00000000E+00  0.00000000E+00  0.00000000E+00  0.00000000E+00  0.00000000E+00
  0.00000000E+00  0.00000000E+00  0.00000000E+00  0.00000000E+00  0.00000000E+00
 -0.76737282E-02 -0.60654174E-02 -0.33035181E-01 -0.56378291E-01 -0.12986250E+00
 -0.30429916E+00 -0.98582111E+00 -0.19545304E+01 -0.37885626E+01 -0.68829590E+01
 -0.14755912E+02 -0.36057377E+02 -0.79122319E+02 -0.74472416E+02 -0.33172286E+02
 -0.13061555E+02 -0.56195898E+01 -0.32320174E+01 -0.19504332E+01 -0.13732071E+01
 -0.10646645E+01 -0.81447885E+00 -0.65560754E+00 -0.53811571E+00 -0.44675149E+00
 -0.37203842E+00 -0.31021473E+00 -0.25846273E+00 -0.21760019E+00 -0.18463490E+00
 -0.14971731E+00 -0.11644752E+00 -0.73068618E-01 -0.23711894E-01
  0.00000000E+00  0.00000000E+00  0.00000000E+00  0.00000000E+00  0.00000000E+00
  0.00000000E+00  0.00000000E+00  0.00000000E+00  0.00000000E+00  0.00000000E+00
  0.00000000E+00  0.00000000E+00  0.00000000E+00  0.00000000E+00  0.00000000E+00
  0.00000000E+00  0.00000000E+00  0.00000000E+00  0.00000000E+00  0.00000000E+00
  0.00000000E+00  0.00000000E+00  0.00000000E+00  0.00000000E+00  0.00000000E+00
  0.00000000E+00  0.00000000E+00  0.00000000E+00  0.00000000E+00  0.00000000E+00
 -0.82539790E-02 -0.33480977E-02 -0.46723418E-01 -0.45181458E-01 -0.22922629E+00
 -0.51135165E+00 -0.11718773E+01 -0.22669722E+01 -0.45156488E+01 -0.94212862E+01
 -0.18649271E+02 -0.44289561E+02 -0.88842029E+02 -0.76477841E+02 -0.33348676E+02
 -0.13232657E+02 -0.60232136E+01 -0.34580846E+01 -0.21245753E+01 -0.14853144E+01
 -0.11391923E+01 -0.88365964E+00 -0.70261905E+00 -0.58600242E+00 -0.48654300E+00
 -0.40009190E+00 -0.34231055E+00 -0.28687945E+00 -0.23435547E+00 -0.19654074E+00
 -0.16175205E+00 -0.12257045E+00 -0.77597532E-01 -0.25332205E-01
  0.00000000E+00  0.00000000E+00  0.00000000E+00  0.00000000E+00  0.00000000E+00
  0.00000000E+00  0.00000000E+00  0.00000000E+00  0.00000000E+00  0.00000000E+00
  0.00000000E+00  0.00000000E+00  0.00000000E+00  0.00000000E+00  0.00000000E+00
  0.00000000E+00  0.00000000E+00  0.00000000E+00  0.00000000E+00  0.00000000E+00
  0.00000000E+00  0.00000000E+00  0.00000000E+00  0.00000000E+00  0.00000000E+00
  0.00000000E+00  0.00000000E+00  0.00000000E+00  0.00000000E+00  0.00000000E+00
 -0.12549583E-01 -0.31610285E-02 -0.62293346E-01 -0.60267241E-01 -0.34416049E+00
 -0.71727866E+00 -0.15593656E+01 -0.26525472E+01 -0.56096089E+01 -0.11281387E+02
 -0.23096467E+02 -0.55353789E+02 -0.96485135E+02 -0.73258747E+02 -0.31132188E+02
 -0.12705963E+02 -0.61161203E+01 -0.36279543E+01 -0.22506193E+01 -0.16038498E+01
 -0.12220422E+01 -0.94560573E+00 -0.75859956E+00 -0.61790880E+00 -0.51625076E+00
 -0.42096743E+00 -0.35484162E+00 -0.30917125E+00 -0.25472225E+00 -0.21078078E+00
 -0.17167796E+00 -0.13485863E+00 -0.86343549E-01 -0.27401333E-01
  0.00000000E+00  0.00000000E+00  0.00000000E+00  0.00000000E+00  0.00000000E+00
  0.00000000E+00  0.00000000E+00  0.00000000E+00  0.00000000E+00  0.00000000E+00
  0.00000000E+00  0.00000000E+00  0.00000000E+00  0.00000000E+00  0.00000000E+00
  0.00000000E+00  0.00000000E+00  0.00000000E+00  0.00000000E+00  0.00000000E+00
  0.00000000E+00  0.00000000E+00  0.00000000E+00  0.00000000E+00  0.00000000E+00
  0.00000000E+00  0.00000000E+00  0.00000000E+00  0.00000000E+00  0.00000000E+00
 -0.21613597E-01  0.00000000E+00 -0.74161490E-01 -0.11123826E+00 -0.41422169E+00
 -0.86970776E+00 -0.17373208E+01 -0.30828553E+01 -0.66195835E+01 -0.13632988E+02
 -0.30235739E+02 -0.67593191E+02 -0.10350224E+03 -0.66292976E+02 -0.28074202E+02
 -0.11704999E+02 -0.59785832E+01 -0.36170926E+01 -0.23433252E+01 -0.16583769E+01
 -0.12705832E+01 -0.10074858E+01 -0.80089603E+00 -0.65287307E+00 -0.53260520E+00
 -0.44299032E+00 -0.37844506E+00 -0.32789370E+00 -0.27071526E+00 -0.22678028E+00
 -0.18435512E+00 -0.13911092E+00 -0.90375069E-01 -0.28902032E-01
  0.00000000E+00  0.00000000E+00  0.00000000E+00  0.00000000E+00  0.00000000E+00
  0.00000000E+00  0.00000000E+00  0.00000000E+00  0.00000000E+00  0.00000000E+00
  0.00000000E+00  0.00000000E+00  0.00000000E+00  0.00000000E+00  0.00000000E+00
  0.00000000E+00  0.00000000E+00  0.00000000E+00  0.00000000E+00  0.00000000E+00
  0.00000000E+00  0.00000000E+00  0.00000000E+00  0.00000000E+00  0.00000000E+00
  0.00000000E+00  0.00000000E+00  0.00000000E+00  0.00000000E+00  0.00000000E+00
 -0.22805476E-01 -0.31655118E-01 -0.73467714E-01 -0.13865842E+00 -0.39013958E+00
 -0.95550088E+00 -0.20396606E+01 -0.44571121E+01 -0.83497155E+01 -0.17284469E+02
 -0.39386124E+02 -0.85755687E+02 -0.10385754E+03 -0.57030700E+02 -0.24164610E+02
 -0.10535837E+02 -0.56579824E+01 -0.35575584E+01 -0.23110436E+01 -0.16515081E+01
 -0.13008186E+01 -0.10246985E+01 -0.83258887E+00 -0.68543595E+00 -0.56460110E+00
 -0.47288851E+00 -0.39854135E+00 -0.33845731E+00 -0.28373318E+00 -0.23691342E+00
 -0.19368206E+00 -0.14425173E+00 -0.90827032E-01 -0.29933904E-01
  0.00000000E+00  0.00000000E+00  0.00000000E+00  0.00000000E+00  0.00000000E+00
  0.00000000E+00  0.00000000E+00  0.00000000E+00  0.00000000E+00  0.00000000E+00
  0.00000000E+00  0.00000000E+00  0.00000000E+00  0.00000000E+00  0.00000000E+00
  0.00000000E+00  0.00000000E+00  0.00000000E+00  0.00000000E+00  0.00000000E+00
  0.00000000E+00  0.00000000E+00  0.00000000E+00  0.00000000E+00  0.00000000E+00
  0.00000000E+00  0.00000000E+00  0.00000000E+00  0.00000000E+00  0.00000000E+00
 -0.36569895E-01 -0.97149334E-01 -0.14097460E+00 -0.24587711E+00 -0.74058124E+00
 -0.10789128E+01 -0.23906876E+01 -0.60513408E+01 -0.12148611E+02 -0.23280405E+02
 -0.54644667E+02 -0.10351984E+03 -0.97148876E+02 -0.48110279E+02 -0.20266559E+02
 -0.92320763E+01 -0.52738474E+01 -0.33456372E+01 -0.23059785E+01 -0.16712877E+01
 -0.13108780E+01 -0.10491610E+01 -0.84565578E+00 -0.70383460E+00 -0.58954702E+00
 -0.50885567E+00 -0.41199647E+00 -0.34232387E+00 -0.28702995E+00 -0.24015651E+00
 -0.19391819E+00 -0.14506157E+00 -0.90445629E-01 -0.29862517E-01
  0.00000000E+00  0.00000000E+00  0.00000000E+00  0.00000000E+00  0.00000000E+00
  0.00000000E+00  0.00000000E+00  0.00000000E+00  0.00000000E+00  0.00000000E+00
  0.00000000E+00  0.00000000E+00  0.00000000E+00  0.00000000E+00  0.00000000E+00
  0.00000000E+00  0.00000000E+00  0.00000000E+00  0.00000000E+00  0.00000000E+00
  0.00000000E+00  0.00000000E+00  0.00000000E+00  0.00000000E+00  0.00000000E+00
  0.00000000E+00  0.00000000E+00  0.00000000E+00 -0.35300554E-02  0.00000000E+00
 -0.59474180E-01 -0.75843891E-01 -0.18563266E+00 -0.42873963E+00 -0.83939486E+00
 -0.20655513E+01 -0.33616706E+01 -0.81326470E+01 -0.16240117E+02 -0.34217619E+02
 -0.72015217E+02 -0.11261538E+03 -0.80750033E+02 -0.35844449E+02 -0.16000673E+02
 -0.78594222E+01 -0.47569759E+01 -0.31255384E+01 -0.21797939E+01 -0.16675352E+01
 -0.12877422E+01 -0.10463349E+01 -0.84539446E+00 -0.69918070E+00 -0.58094968E+00
 -0.48223038E+00 -0.40434659E+00 -0.34829530E+00 -0.29470943E+00 -0.24718586E+00
 -0.19656200E+00 -0.14498343E+00 -0.89878161E-01 -0.30660917E-01
  0.00000000E+00  0.00000000E+00  0.00000000E+00  0.00000000E+00  0.00000000E+00
  0.00000000E+00  0.00000000E+00  0.00000000E+00  0.00000000E+00  0.00000000E+00
  0.00000000E+00  0.00000000E+00  0.00000000E+00  0.00000000E+00  0.00000000E+00
  0.00000000E+00  0.00000000E+00  0.00000000E+00  0.00000000E+00  0.00000000E+00
  0.00000000E+00  0.00000000E+00  0.00000000E+00  0.00000000E+00  0.00000000E+00
  0.00000000E+00  0.00000000E+00  0.00000000E+00 -0.24688523E-01  0.00000000E+00
 -0.37230807E-01 -0.12010001E+00 -0.26132249E+00 -0.55300212E+00 -0.11604270E+01
 -0.24138832E+01 -0.50002058E+01 -0.10042097E+02 -0.23109238E+02 -0.49580802E+02
 -0.97806285E+02 -0.11163797E+03 -0.61635226E+02 -0.26185827E+02 -0.12215455E+02
 -0.65839891E+01 -0.42104352E+01 -0.28533716E+01 -0.20272655E+01 -0.15808252E+01
 -0.12370718E+01 -0.10104165E+01 -0.82606545E+00 -0.69669354E+00 -0.56762381E+00
 -0.47247456E+00 -0.40198269E+00 -0.34182023E+00 -0.29125950E+00 -0.23805218E+00
 -0.18897093E+00 -0.14152435E+00 -0.88170049E-01 -0.29911550E-01
  0.00000000E+00  0.00000000E+00  0.00000000E+00  0.00000000E+00  0.00000000E+00
  0.00000000E+00  0.00000000E+00  0.00000000E+00  0.00000000E+00  0.00000000E+00
  0.00000000E+00  0.00000000E+00  0.00000000E+00  0.00000000E+00  0.00000000E+00
  0.00000000E+00  0.00000000E+00  0.00000000E+00  0.00000000E+00  0.00000000E+00
  0.00000000E+00  0.00000000E+00  0.00000000E+00  0.00000000E+00  0.00000000E+00
  0.00000000E+00  0.00000000E+00 -0.24089198E-01 -0.24430225E-01  0.00000000E+00
 -0.83332103E-01 -0.16747373E+00 -0.28865170E+00 -0.67142648E+00 -0.12872186E+01
 -0.29097402E+01 -0.64285801E+01 -0.13607958E+02 -0.32638622E+02 -0.69735462E+02
 -0.11545960E+03 -0.94954460E+02 -0.45677920E+02 -0.20329318E+02 -0.94935238E+01
 -0.56588321E+01 -0.36076618E+01 -0.25233998E+01 -0.18955673E+01 -0.14750132E+01
 -0.12130559E+01 -0.97072010E+00 -0.80238306E+00 -0.67548403E+00 -0.54770015E+00
 -0.45923958E+00 -0.38729409E+00 -0.33036834E+00 -0.27343353E+00 -0.22401612E+00
 -0.18076069E+00 -0.13296832E+00 -0.83194006E-01 -0.29654998E-01
  0.00000000E+00  0.00000000E+00  0.00000000E+00  0.00000000E+00  0.00000000E+00
  0.00000000E+00  0.00000000E+00  0.00000000E+00  0.00000000E+00  0.00000000E+00
  0.00000000E+00  0.00000000E+00  0.00000000E+00  0.00000000E+00  0.00000000E+00
  0.00000000E+00  0.00000000E+00  0.00000000E+00  0.00000000E+00  0.00000000E+00
  0.00000000E+00  0.00000000E+00  0.00000000E+00  0.00000000E+00  0.00000000E+00
  0.00000000E+00  0.00000000E+00 -0.29781148E-01 -0.20278897E-01  0.00000000E+00
 -0.36737581E-01 -0.95664765E-01 -0.47829277E+00 -0.99948175E+00 -0.16871869E+01
 -0.40320381E+01 -0.89770020E+01 -0.21225259E+02 -0.46408822E+02 -0.93281858E+02
 -0.12165036E+03 -0.75378133E+02 -0.32157864E+02 -0.14240156E+02 -0.73630784E+01
 -0.46886799E+01 -0.31133133E+01 -0.22703178E+01 -0.17426628E+01 -0.13859946E+01
 -0.11145377E+01 -0.91340406E+00 -0.76792038E+00 -0.62345197E+00 -0.52805718E+00
 -0.44091051E+00 -0.37298243E+00 -0.31631027E+00 -0.25808533E+00 -0.21916548E+00
 -0.17388688E+00 -0.12904129E+00 -0.79025707E-01 -0.28436260E-01
  0.00000000E+00  0.00000000E+00  0.00000000E+00  0.00000000E+00  0.00000000E+00
  0.00000000E+00  0.00000000E+00  0.00000000E+00  0.00000000E+00  0.00000000E+00
  0.00000000E+00  0.00000000E+00  0.00000000E+00  0.00000000E+00  0.00000000E+00
  0.00000000E+00  0.00000000E+00  0.00000000E+00  0.00000000E+00  0.00000000E+00
  0.00000000E+00  0.00000000E+00  0.00000000E+00  0.00000000E+00  0.00000000E+00
  0.00000000E+00  0.00000000E+00 -0.11331269E-01 -0.44189478E-01 -0.69195959E-01
 -0.64857225E-01 -0.95389394E-01 -0.58146591E+00 -0.13307589E+01 -0.26118683E+01
 -0.53369483E+01 -0.12762451E+02 -0.28880946E+02 -0.63673569E+02 -0.11436279E+03
 -0.11423241E+03 -0.55900237E+02 -0.23114463E+02 -0.10549733E+02 -0.59848646E+01
 -0.38905183E+01 -0.26972056E+01 -0.20312560E+01 -0.15885059E+01 -0.12563429E+01
 -0.10258986E+01 -0.83554282E+00 -0.70181188E+00 -0.57208602E+00 -0.50690140E+00
 -0.40672606E+00 -0.34745263E+00 -0.29299256E+00 -0.24520221E+00 -0.20022541E+00
 -0.15799603E+00 -0.11751700E+00 -0.72869702E-01 -0.26747066E-01
  0.00000000E+00  0.00000000E+00  0.00000000E+00  0.00000000E+00  0.00000000E+00
  0.00000000E+00  0.00000000E+00  0.00000000E+00  0.00000000E+00  0.00000000E+00
  0.00000000E+00  0.00000000E+00  0.00000000E+00  0.00000000E+00  0.00000000E+00
  0.00000000E+00  0.00000000E+00  0.00000000E+00  0.00000000E+00  0.00000000E+00
  0.00000000E+00  0.00000000E+00  0.00000000E+00  0.00000000E+00  0.00000000E+00
  0.00000000E+00  0.00000000E+00  0.00000000E+00 -0.10609326E+00 -0.13007586E+00
 -0.42677091E-01 -0.18969390E+00 -0.50867887E+00 -0.12171492E+01 -0.36491644E+01
 -0.79443579E+01 -0.17126589E+02 -0.39426227E+02 -0.86958900E+02 -0.13214517E+03
 -0.94634803E+02 -0.39867850E+02 -0.16530614E+02 -0.80613569E+01 -0.49868014E+01
 -0.32763464E+01 -0.23686594E+01 -0.18111619E+01 -0.14201808E+01 -0.11288136E+01
 -0.92898059E+00 -0.77136554E+00 -0.64395371E+00 -0.53175652E+00 -0.44919443E+00
 -0.38332921E+00 -0.32000241E+00 -0.26537578E+00 -0.22642624E+00 -0.18644848E+00
 -0.14506536E+00 -0.10877750E+00 -0.67164702E-01 -0.25017945E-01
  0.00000000E+00  0.00000000E+00  0.00000000E+00  0.00000000E+00  0.00000000E+00
  0.00000000E+00  0.00000000E+00  0.00000000E+00  0.00000000E+00  0.00000000E+00
  0.00000000E+00  0.00000000E+00  0.00000000E+00  0.00000000E+00  0.00000000E+00
  0.00000000E+00  0.00000000E+00  0.00000000E+00  0.00000000E+00  0.00000000E+00
  0.00000000E+00  0.00000000E+00  0.00000000E+00  0.00000000E+00  0.00000000E+00
  0.00000000E+00  0.00000000E+00  0.00000000E+00 -0.30021780E-01 -0.11663344E+00
 -0.31473942E-01 -0.38951816E+00 -0.60010549E+00 -0.16322376E+01 -0.40519706E+01
 -0.10022633E+02 -0.21880194E+02 -0.52877373E+02 -0.11172489E+03 -0.13618440E+03
 -0.73340625E+02 -0.28370727E+02 -0.12097335E+02 -0.65355824E+01 -0.40585385E+01
 -0.27756107E+01 -0.20478709E+01 -0.16200265E+01 -0.12690417E+01 -0.10252636E+01
 -0.84669537E+00 -0.70546701E+00 -0.59033195E+00 -0.51310622E+00 -0.41281579E+00
 -0.35060313E+00 -0.29140318E+00 -0.24918611E+00 -0.20745199E+00 -0.17241586E+00
 -0.14035840E+00 -0.10065357E+00 -0.83355966E-01 -0.23095503E-01
  0.00000000E+00  0.00000000E+00  0.00000000E+00  0.00000000E+00  0.00000000E+00
  0.00000000E+00  0.00000000E+00  0.00000000E+00  0.00000000E+00  0.00000000E+00
  0.00000000E+00  0.00000000E+00  0.00000000E+00  0.00000000E+00  0.00000000E+00
  0.00000000E+00  0.00000000E+00  0.00000000E+00  0.00000000E+00  0.00000000E+00
  0.00000000E+00  0.00000000E+00  0.00000000E+00  0.00000000E+00  0.00000000E+00
  0.00000000E+00  0.00000000E+00  0.00000000E+00 -0.31336253E-02 -0.38256680E-01
 -0.50995561E-01 -0.28351120E+00 -0.92204884E+00 -0.22725296E+01 -0.46968256E+01
 -0.12492537E+02 -0.31750654E+02 -0.69095331E+02 -0.13428157E+03 -0.12251764E+03
 -0.54897499E+02 -0.21186583E+02 -0.93368873E+01 -0.54225163E+01 -0.34427082E+01
 -0.24279838E+01 -0.18506038E+01 -0.14281553E+01 -0.11482445E+01 -0.92337665E+00
 -0.77588395E+00 -0.64015245E+00 -0.54102710E+00 -0.44765405E+00 -0.37652555E+00
 -0.31968729E+00 -0.27042653E+00 -0.22862149E+00 -0.19362331E+00 -0.16141471E+00
 -0.12803034E+00 -0.95606486E-01 -0.56299956E-01 -0.22552578E-01
  0.00000000E+00  0.00000000E+00  0.00000000E+00  0.00000000E+00  0.00000000E+00
  0.00000000E+00  0.00000000E+00  0.00000000E+00  0.00000000E+00  0.00000000E+00
  0.00000000E+00  0.00000000E+00  0.00000000E+00  0.00000000E+00  0.00000000E+00
  0.00000000E+00  0.00000000E+00  0.00000000E+00  0.00000000E+00  0.00000000E+00
  0.00000000E+00  0.00000000E+00  0.00000000E+00  0.00000000E+00  0.00000000E+00
  0.00000000E+00  0.00000000E+00  0.00000000E+00 -0.93056932E-02 -0.56843195E-01
 -0.13955996E+00 -0.30827702E+00 -0.88699306E+00 -0.25104630E+01 -0.58532137E+01
 -0.15115923E+02 -0.37816816E+02 -0.84658528E+02 -0.14886709E+03 -0.10824337E+03
 -0.42005794E+02 -0.16439533E+02 -0.77549490E+01 -0.45008497E+01 -0.29707713E+01
 -0.21657616E+01 -0.16402612E+01 -0.12952151E+01 -0.10488398E+01 -0.85613632E+00
 -0.71327585E+00 -0.59303377E+00 -0.49162825E+00 -0.41701641E+00 -0.34935328E+00
 -0.29987755E+00 -0.25810061E+00 -0.21910515E+00 -0.18094037E+00 -0.14947236E+00
 -0.11851685E+00 -0.86648111E-01 -0.52373896E-01 -0.21919258E-01
  0.00000000E+00  0.00000000E+00  0.00000000E+00  0.00000000E+00  0.00000000E+00
  0.00000000E+00  0.00000000E+00  0.00000000E+00  0.00000000E+00  0.00000000E+00
  0.00000000E+00  0.00000000E+00  0.00000000E+00  0.00000000E+00  0.00000000E+00
  0.00000000E+00  0.00000000E+00  0.00000000E+00  0.00000000E+00  0.00000000E+00
  0.00000000E+00  0.00000000E+00  0.00000000E+00  0.00000000E+00  0.00000000E+00
  0.00000000E+00  0.00000000E+00  0.00000000E+00  0.00000000E+00 -0.53880393E-01
 -0.18285934E+00 -0.59580714E+00 -0.99457539E+00 -0.31092196E+01 -0.70914131E+01
 -0.17915084E+02 -0.46133838E+02 -0.10734410E+03 -0.15490067E+03 -0.94742593E+02
 -0.35192569E+02 -0.13695353E+02 -0.68119629E+01 -0.39297582E+01 -0.25904193E+01
 -0.19106196E+01 -0.14942702E+01 -0.11991281E+01 -0.96684799E+00 -0.78464115E+00
 -0.64725151E+00 -0.54433880E+00 -0.46525190E+00 -0.39771207E+00 -0.33455658E+00
 -0.28478422E+00 -0.24207816E+00 -0.20916611E+00 -0.17220993E+00 -0.14664086E+00
 -0.11627030E+00 -0.83782267E-01 -0.50986247E-01 -0.21723200E-01
  0.00000000E+00  0.00000000E+00  0.00000000E+00  0.00000000E+00  0.00000000E+00
  0.00000000E+00  0.00000000E+00  0.00000000E+00  0.00000000E+00  0.00000000E+00
  0.00000000E+00  0.00000000E+00  0.00000000E+00  0.00000000E+00  0.00000000E+00
  0.00000000E+00  0.00000000E+00  0.00000000E+00  0.00000000E+00  0.00000000E+00
  0.00000000E+00  0.00000000E+00  0.00000000E+00  0.00000000E+00  0.00000000E+00
  0.00000000E+00  0.00000000E+00  0.00000000E+00  0.00000000E+00 -0.67483657E-01
 -0.15503301E+00 -0.32152652E+00 -0.21179841E+01 -0.46594350E+01 -0.10411242E+02
 -0.26068083E+02 -0.65570486E+02 -0.15576114E+03 -0.20197920E+03 -0.10251266E+03
 -0.34178443E+02 -0.12250270E+02 -0.61122627E+01 -0.35056809E+01 -0.23957585E+01
 -0.17626415E+01 -0.13649590E+01 -0.10905910E+01 -0.89810712E+00 -0.72690661E+00
 -0.61326789E+00 -0.51868353E+00 -0.43418571E+00 -0.38329249E+00 -0.32736238E+00
 -0.28183595E+00 -0.24093356E+00 -0.20781644E+00 -0.17719385E+00 -0.14978632E+00
 -0.11709510E+00 -0.83494280E-01 -0.52391245E-01 -0.22759665E-01
  0.00000000E+00  0.00000000E+00  0.00000000E+00  0.00000000E+00  0.00000000E+00
  0.00000000E+00  0.00000000E+00  0.00000000E+00  0.00000000E+00  0.00000000E+00
  0.00000000E+00  0.00000000E+00  0.00000000E+00  0.00000000E+00  0.00000000E+00
  0.00000000E+00  0.00000000E+00  0.00000000E+00  0.00000000E+00  0.00000000E+00
  0.00000000E+00  0.00000000E+00  0.00000000E+00  0.00000000E+00  0.00000000E+00
  0.00000000E+00  0.00000000E+00  0.00000000E+00  0.00000000E+00  0.00000000E+00
  0.30912658E-01  0.64401142E-01 -0.26952128E-01 -0.38278722E-04  0.94246766E-01
  0.64416129E-01  0.92046973E-01  0.52729097E+00  0.10685076E+01  0.97707705E+00
  0.40573467E+00 -0.75939410E+01 -0.11626250E+02  0.13573755E+01  0.72804999E+01
  0.42538638E+01  0.18038355E+01  0.72747003E+00  0.11111443E+01  0.16507521E+01
  0.79671330E+00  0.67941622E+00 -0.90487627E-01  0.38589923E+00 -0.23012331E+00
  0.23942903E+00  0.20540681E+00 -0.10016665E+00  0.57384114E+00  0.74580794E+00
  0.11349585E+01  0.25434156E+01  0.33378358E+01  0.28183165E+01
  0.00000000E+00  0.00000000E+00  0.00000000E+00  0.00000000E+00  0.00000000E+00
  0.00000000E+00  0.00000000E+00  0.00000000E+00  0.00000000E+00  0.00000000E+00
  0.00000000E+00  0.00000000E+00  0.00000000E+00  0.00000000E+00  0.00000000E+00
  0.00000000E+00  0.00000000E+00  0.00000000E+00  0.00000000E+00  0.00000000E+00
  0.00000000E+00  0.00000000E+00  0.00000000E+00  0.00000000E+00  0.00000000E+00
  0.00000000E+00  0.00000000E+00  0.00000000E+00  0.00000000E+00  0.00000000E+00
  0.23191142E-01  0.45851183E-01  0.11481039E-01  0.42954455E-02  0.54949233E-01
  0.20222331E+00  0.14419361E+00  0.72174516E+00  0.11629580E+01  0.18615752E+01
  0.16157740E+01 -0.46446460E+01 -0.80336660E+01  0.20221686E+01  0.62510147E+01
  0.25133416E+01  0.20548043E+01  0.30290481E+00 -0.39010225E+00 -0.10639455E+01
  0.41333294E+00  0.11727005E+01  0.36724384E+00 -0.24220385E+00  0.52272097E-01
 -0.16514663E+00 -0.97178927E+00  0.11688510E+00  0.40330198E+00  0.64620428E+00
  0.13197426E+01  0.28219220E+01  0.39866713E+01  0.27697897E+01
  0.00000000E+00  0.00000000E+00  0.00000000E+00  0.00000000E+00  0.00000000E+00
  0.00000000E+00  0.00000000E+00  0.00000000E+00  0.00000000E+00  0.00000000E+00
  0.00000000E+00  0.00000000E+00  0.00000000E+00  0.00000000E+00  0.00000000E+00
  0.00000000E+00  0.00000000E+00  0.00000000E+00  0.00000000E+00  0.00000000E+00
  0.00000000E+00  0.00000000E+00  0.00000000E+00  0.00000000E+00  0.00000000E+00
  0.00000000E+00  0.00000000E+00  0.00000000E+00  0.00000000E+00  0.00000000E+00
  0.23670856E-01  0.49646571E-01  0.20617992E-01  0.11747850E-01  0.35369407E-01
  0.12011253E+00  0.30151508E+00  0.66168455E+00  0.11493009E+01  0.21071176E+01
  0.24200749E+01 -0.28519052E+01 -0.58581282E+01  0.89922396E+00  0.59940304E+01
  0.38639311E+01  0.12944522E+01 -0.71093009E+00  0.13925572E+01 -0.95142291E+00
 -0.49691079E-01  0.10570808E+01  0.35873040E+00  0.21188412E+00 -0.14203397E+00
 -0.16154243E+00  0.14970343E-01  0.58568323E+00  0.38380316E+00  0.12348370E+01
  0.13620818E+01  0.25404918E+01  0.39579912E+01  0.28573861E+01
  0.00000000E+00  0.00000000E+00  0.00000000E+00  0.00000000E+00  0.00000000E+00
  0.00000000E+00  0.00000000E+00  0.00000000E+00  0.00000000E+00  0.00000000E+00
  0.00000000E+00  0.00000000E+00  0.00000000E+00  0.00000000E+00  0.00000000E+00
  0.00000000E+00  0.00000000E+00  0.00000000E+00  0.00000000E+00  0.00000000E+00
  0.00000000E+00  0.00000000E+00  0.00000000E+00  0.00000000E+00  0.00000000E+00
  0.00000000E+00  0.00000000E+00  0.00000000E+00  0.00000000E+00  0.00000000E+00
  0.22733100E-01  0.56824089E-01  0.44554909E-01 -0.19601745E-02  0.74910598E-01
  0.24498139E+00  0.26444785E+00  0.61410757E+00  0.12121542E+01  0.22558419E+01
  0.15582827E+01 -0.37743147E+00 -0.55954758E+01  0.15290516E+01  0.54668367E+01
  0.57610576E+01  0.30906695E+01  0.11975731E+01  0.18009594E+01  0.86607622E+00
  0.81618247E+00  0.77804808E+00 -0.58605872E+00  0.55935187E+00  0.45825040E+00
 -0.53337918E+00 -0.29459636E-01  0.57270024E+00  0.50657989E+00  0.39774463E+00
  0.12127681E+01  0.28657229E+01  0.35221434E+01  0.27252125E+01
  0.00000000E+00  0.00000000E+00  0.00000000E+00  0.00000000E+00  0.00000000E+00
  0.00000000E+00  0.00000000E+00  0.00000000E+00  0.00000000E+00  0.00000000E+00
  0.00000000E+00  0.00000000E+00  0.00000000E+00  0.00000000E+00  0.00000000E+00
  0.00000000E+00  0.00000000E+00  0.00000000E+00  0.00000000E+00  0.00000000E+00
  0.00000000E+00  0.00000000E+00  0.00000000E+00  0.00000000E+00  0.00000000E+00
  0.00000000E+00  0.00000000E+00  0.00000000E+00  0.00000000E+00  0.00000000E+00
 -0.38132682E-02  0.54547413E-01  0.43074021E-01 -0.10239747E-01  0.13712820E+00
  0.28094409E+00  0.26553803E+00  0.52850576E+00  0.12293707E+01  0.29765549E+01
  0.32437431E+01  0.21736897E+01 -0.45713577E+01  0.15004904E+01  0.79793461E+01
  0.46717325E+01  0.37589041E+01  0.47299033E+00  0.34778570E+00  0.15823590E+01
  0.66840527E+00  0.94868098E+00  0.62104730E-01 -0.30820052E+00 -0.42009005E-01
  0.39591971E-01 -0.19076197E+00 -0.64936730E-02 -0.23449991E+00  0.91925339E+00
  0.10494564E+01  0.25592702E+01  0.37182810E+01  0.27906109E+01
  0.00000000E+00  0.00000000E+00  0.00000000E+00  0.00000000E+00  0.00000000E+00
  0.00000000E+00  0.00000000E+00  0.00000000E+00  0.00000000E+00  0.00000000E+00
  0.00000000E+00  0.00000000E+00  0.00000000E+00  0.00000000E+00  0.00000000E+00
  0.00000000E+00  0.00000000E+00  0.00000000E+00  0.00000000E+00  0.00000000E+00
  0.00000000E+00  0.00000000E+00  0.00000000E+00  0.00000000E+00  0.00000000E+00
  0.00000000E+00  0.00000000E+00  0.00000000E+00  0.00000000E+00  0.00000000E+00
  0.00000000E+00  0.17302693E-01  0.41404051E-01  0.12935668E-01  0.10291801E+00
  0.14868519E+00  0.14476509E+00  0.75196508E+00  0.13618486E+01  0.26815892E+01
  0.33083401E+01  0.42595842E+01 -0.31403722E+01 -0.24999004E+01  0.34014272E+01
  0.50513073E+01  0.22820528E+01  0.85725528E+00  0.11808096E+01  0.77445829E+00
  0.69048502E+00  0.88868994E+00  0.10869810E+01 -0.18849243E+00  0.12463964E+00
  0.24240704E+00  0.69747004E+00  0.23302063E+00  0.91965972E+00  0.16621868E+01
  0.12440942E+01  0.21137886E+01  0.38142149E+01  0.26960535E+01
  0.00000000E+00  0.00000000E+00  0.00000000E+00  0.00000000E+00  0.00000000E+00
  0.00000000E+00  0.00000000E+00  0.00000000E+00  0.00000000E+00  0.00000000E+00
  0.00000000E+00  0.00000000E+00  0.00000000E+00  0.00000000E+00  0.00000000E+00
  0.00000000E+00  0.00000000E+00  0.00000000E+00  0.00000000E+00  0.00000000E+00
  0.00000000E+00  0.00000000E+00  0.00000000E+00  0.00000000E+00  0.00000000E+00
  0.00000000E+00  0.00000000E+00  0.00000000E+00  0.00000000E+00  0.00000000E+00
  0.00000000E+00  0.16793928E-01  0.35795196E-01  0.89945408E-01  0.13293915E+00
  0.61117992E-01  0.19392465E+00  0.96002800E+00  0.17532155E+01  0.25361652E+01
  0.28966094E+01  0.25244557E+01 -0.40318023E+01 -0.12913266E+01  0.48961636E+01
  0.62947560E+01  0.11632124E+01  0.18400225E+01  0.35004675E+00  0.57360208E+00
  0.38987480E+00  0.54416527E+00  0.48882695E+00 -0.40369324E-01  0.69394075E-02
  0.17964519E+00  0.85142500E+00  0.17879723E+00 -0.17606312E+00 -0.89303572E-01
  0.87577012E+00  0.29245224E+01  0.38423496E+01  0.25308551E+01
  0.00000000E+00  0.00000000E+00  0.00000000E+00  0.00000000E+00  0.00000000E+00
  0.00000000E+00  0.00000000E+00  0.00000000E+00  0.00000000E+00  0.00000000E+00
  0.00000000E+00  0.00000000E+00  0.00000000E+00  0.00000000E+00  0.00000000E+00
  0.00000000E+00  0.00000000E+00  0.00000000E+00  0.00000000E+00  0.00000000E+00
  0.00000000E+00  0.00000000E+00  0.00000000E+00  0.00000000E+00  0.00000000E+00
  0.00000000E+00  0.00000000E+00  0.00000000E+00  0.00000000E+00  0.00000000E+00
  0.00000000E+00  0.16254872E-01  0.34760270E-01  0.48101439E-01  0.13758332E+00
  0.56517145E-01  0.16889317E+00  0.85115534E+00  0.14495394E+01  0.29718732E+01
  0.38334445E+01  0.36417778E+01 -0.62878692E+01  0.12147987E+00  0.43610207E+01
  0.42730685E+01  0.25372761E+01  0.80107905E+00  0.70052958E+00  0.33240908E+00
 -0.73880333E+00  0.10063570E+01  0.14492258E+01  0.42224047E+00  0.52021381E+00
  0.65090621E-01  0.19622820E-01 -0.85202889E+00  0.33423525E+00  0.54733320E+00
  0.11359463E+01  0.25369685E+01  0.32741035E+01  0.24950503E+01
  0.00000000E+00  0.00000000E+00  0.00000000E+00  0.00000000E+00  0.00000000E+00
  0.00000000E+00  0.00000000E+00  0.00000000E+00  0.00000000E+00  0.00000000E+00
  0.00000000E+00  0.00000000E+00  0.00000000E+00  0.00000000E+00  0.00000000E+00
  0.00000000E+00  0.00000000E+00  0.00000000E+00  0.00000000E+00  0.00000000E+00
  0.00000000E+00  0.00000000E+00  0.00000000E+00  0.00000000E+00  0.00000000E+00
  0.00000000E+00  0.00000000E+00  0.00000000E+00  0.00000000E+00  0.00000000E+00
  0.00000000E+00  0.15743950E-01  0.33658238E-01  0.19229611E-01  0.16168890E+00
  0.16483142E+00  0.26662204E+00  0.31946963E+00  0.14270117E+01  0.26563054E+01
  0.33602871E+01  0.44157032E+01 -0.22776299E+01 -0.29319818E+01  0.53799644E+01
  0.19651004E+01  0.22541912E+01  0.88303536E+00 -0.53143472E-01 -0.52712283E+00
 -0.73587202E+00 -0.24234449E+00  0.61429756E+00  0.41613173E+00  0.17567526E+01
  0.96179008E-01  0.30038511E-01 -0.47854772E+00 -0.50921323E-01  0.58172979E+00
  0.11031115E+01  0.20136266E+01  0.31581030E+01  0.23616554E+01
  0.00000000E+00  0.00000000E+00  0.00000000E+00  0.00000000E+00  0.00000000E+00
  0.00000000E+00  0.00000000E+00  0.00000000E+00  0.00000000E+00  0.00000000E+00
  0.00000000E+00  0.00000000E+00  0.00000000E+00  0.00000000E+00  0.00000000E+00
  0.00000000E+00  0.00000000E+00  0.00000000E+00  0.00000000E+00  0.00000000E+00
  0.00000000E+00  0.00000000E+00  0.00000000E+00  0.00000000E+00  0.00000000E+00
  0.00000000E+00  0.00000000E+00  0.00000000E+00  0.00000000E+00  0.00000000E+00
  0.00000000E+00  0.11146030E-01  0.32525918E-01  0.28994623E-01  0.26552976E+00
  0.21698019E+00  0.44812263E+00  0.66116216E+00  0.13829056E+01  0.20380725E+01
  0.31773762E+01  0.37699811E+01 -0.21056318E+01 -0.44293674E+01  0.54370842E+01
  0.41362889E+01 -0.43531926E+00 -0.11501991E+01  0.15874986E+01  0.71980803E+00
 -0.33231033E+00 -0.42224740E+00 -0.21333401E+00  0.86253861E-01  0.85209690E-01
 -0.64572849E+00 -0.21769258E+00  0.40982332E-01 -0.81935101E-01 -0.67766293E-01
  0.11917458E+01  0.22655645E+01  0.33806899E+01  0.22931876E+01
  0.00000000E+00  0.00000000E+00  0.00000000E+00  0.00000000E+00  0.00000000E+00
  0.00000000E+00  0.00000000E+00  0.00000000E+00  0.00000000E+00  0.00000000E+00
  0.00000000E+00  0.00000000E+00  0.00000000E+00  0.00000000E+00  0.00000000E+00
  0.00000000E+00  0.00000000E+00  0.00000000E+00  0.00000000E+00  0.00000000E+00
  0.00000000E+00  0.00000000E+00  0.00000000E+00  0.00000000E+00  0.00000000E+00
  0.00000000E+00  0.00000000E+00  0.00000000E+00  0.00000000E+00  0.00000000E+00
  0.00000000E+00  0.78762891E-02  0.24814160E-01  0.72815717E-01  0.21506807E+00
  0.39494065E-01  0.26866039E+00  0.80202386E+00  0.10349290E+01  0.13826087E+01
  0.28357993E+01  0.38045147E+01 -0.29733969E+01 -0.39930968E+01  0.50339881E+01
  0.38293712E+01 -0.10299980E+00  0.16965869E+01 -0.29920769E+00  0.12988942E+01
  0.87226037E+00 -0.62856581E+00 -0.31147087E+00  0.32712144E+00  0.47605547E+00
 -0.12762019E+00 -0.36312206E+00  0.32472122E+00 -0.36663408E+00 -0.24192571E+00
  0.48824172E+00  0.17533863E+01  0.25471221E+01  0.17126774E+01
  0.00000000E+00  0.00000000E+00  0.00000000E+00  0.00000000E+00  0.00000000E+00
  0.00000000E+00  0.00000000E+00  0.00000000E+00  0.00000000E+00  0.00000000E+00
  0.00000000E+00  0.00000000E+00  0.00000000E+00  0.00000000E+00  0.00000000E+00
  0.00000000E+00  0.00000000E+00  0.00000000E+00  0.00000000E+00  0.00000000E+00
  0.00000000E+00  0.00000000E+00  0.00000000E+00  0.00000000E+00  0.00000000E+00
  0.00000000E+00  0.00000000E+00  0.00000000E+00  0.00000000E+00  0.00000000E+00
  0.00000000E+00  0.86891936E-02  0.27414628E-01  0.12517458E-01  0.12869335E+00
  0.69924520E-01  0.31107272E+00  0.10032335E+01  0.13966038E+01  0.17543215E+01
  0.29029841E+01  0.30501801E+01 -0.17883546E+01 -0.35212467E+01  0.28388126E+01
  0.54412956E+01 -0.46397597E+00  0.19168407E+01  0.12054751E+01  0.74338503E+00
  0.12734591E+01 -0.55270832E-01 -0.10856798E+00  0.59675420E+00  0.89009849E+00
 -0.22522371E-01  0.46307995E+00  0.95817316E+00 -0.17328785E+00  0.47395889E-01
  0.10989043E+01  0.19156989E+01  0.27855094E+01  0.20029922E+01
  0.00000000E+00  0.00000000E+00  0.00000000E+00  0.00000000E+00  0.00000000E+00
  0.00000000E+00  0.00000000E+00  0.00000000E+00  0.00000000E+00  0.00000000E+00
  0.00000000E+00  0.00000000E+00  0.00000000E+00  0.00000000E+00  0.00000000E+00
  0.00000000E+00  0.00000000E+00  0.00000000E+00  0.00000000E+00  0.00000000E+00
  0.00000000E+00  0.00000000E+00  0.00000000E+00  0.00000000E+00  0.00000000E+00
  0.00000000E+00  0.00000000E+00  0.00000000E+00  0.00000000E+00  0.00000000E+00
  0.00000000E+00  0.95513021E-02  0.30766816E-01  0.10328450E-01  0.13118374E+00
  0.15275565E+00  0.54646456E+00  0.11205197E+01  0.15293809E+01  0.24920679E+01
  0.31533969E+01  0.42709639E+01 -0.21320362E+00 -0.19620009E+01  0.47293543E+01
  0.48314623E+01  0.19290658E+01  0.28922903E+01  0.20324917E-01  0.24180732E+00
  0.46536594E+00 -0.29278834E-01  0.41667744E+00  0.43464694E+00  0.18456680E-01
 -0.60415047E-01  0.30494072E+00  0.19220242E+00  0.79918095E+00  0.75098929E+00
  0.16302017E+01  0.22581466E+01  0.24925389E+01  0.20683879E+01
  0.00000000E+00  0.00000000E+00  0.00000000E+00  0.00000000E+00  0.00000000E+00
  0.00000000E+00  0.00000000E+00  0.00000000E+00  0.00000000E+00  0.00000000E+00
  0.00000000E+00  0.00000000E+00  0.00000000E+00  0.00000000E+00  0.00000000E+00
  0.00000000E+00  0.00000000E+00  0.00000000E+00  0.00000000E+00  0.00000000E+00
  0.00000000E+00  0.00000000E+00  0.00000000E+00  0.00000000E+00  0.00000000E+00
  0.00000000E+00  0.00000000E+00  0.00000000E+00  0.00000000E+00  0.00000000E+00
  0.24434594E-01  0.95971666E-01  0.34357769E-01  0.12370785E-01  0.15812257E+00
  0.37764041E+00  0.86354001E+00  0.98208913E+00  0.14039887E+01  0.25900063E+01
  0.33426763E+01  0.56402270E+01 -0.11880763E+01 -0.18199348E+01  0.34638015E+01
  0.22107601E+01  0.32236790E+01  0.33730691E+01  0.34101511E+01  0.87738481E+00
  0.42540735E+00  0.77887354E-01 -0.40968020E+00 -0.49451921E+00 -0.69640744E+00
 -0.38797099E+00  0.78868512E+00  0.19573393E-01  0.56594006E+00  0.12247334E+01
  0.16811544E+01  0.25142517E+01  0.33121623E+01  0.23986797E+01
  0.00000000E+00  0.00000000E+00  0.00000000E+00  0.00000000E+00  0.00000000E+00
  0.00000000E+00  0.00000000E+00  0.00000000E+00  0.00000000E+00  0.00000000E+00
  0.00000000E+00  0.00000000E+00  0.00000000E+00  0.00000000E+00  0.00000000E+00
  0.00000000E+00  0.00000000E+00  0.00000000E+00  0.00000000E+00  0.00000000E+00
  0.00000000E+00  0.00000000E+00  0.00000000E+00  0.00000000E+00  0.00000000E+00
  0.00000000E+00  0.00000000E+00  0.00000000E+00  0.00000000E+00  0.00000000E+00
  0.52382470E-02  0.17015951E-01  0.35679993E-01  0.10617651E-01  0.16074014E+00
  0.39022491E+00  0.46858423E+00  0.96720467E+00  0.13301063E+01  0.27213221E+01
  0.42013553E+01  0.60393981E+01  0.57652658E+00 -0.26564214E+01  0.16915970E+01
  0.26162118E+01  0.41701089E+01  0.26049579E+01  0.16419764E+01  0.21612805E+01
  0.11742395E+01  0.30329929E+00 -0.51242301E+00  0.89348292E+00  0.27735054E+00
  0.14104550E+00 -0.38156733E+00  0.18543915E+00  0.35065009E+00  0.55825316E+00
  0.15481997E+01  0.20965143E+01  0.34314623E+01  0.26676683E+01
  0.00000000E+00  0.00000000E+00  0.00000000E+00  0.00000000E+00  0.00000000E+00
  0.00000000E+00  0.00000000E+00  0.00000000E+00  0.00000000E+00  0.00000000E+00
  0.00000000E+00  0.00000000E+00  0.00000000E+00  0.00000000E+00  0.00000000E+00
  0.00000000E+00  0.00000000E+00  0.00000000E+00  0.00000000E+00  0.00000000E+00
  0.00000000E+00  0.00000000E+00  0.00000000E+00  0.00000000E+00  0.00000000E+00
  0.00000000E+00  0.00000000E+00  0.00000000E+00  0.00000000E+00  0.00000000E+00
  0.56508439E-02  0.18497947E-01  0.72456995E-02  0.20395288E-01  0.18835269E+00
  0.30807255E+00  0.68045748E+00  0.14993466E+01  0.24168449E+01  0.33050950E+01
  0.46433441E+01  0.60051449E+01 -0.15534690E+01 -0.17436461E+01  0.33657529E+01
  0.29844329E+01  0.20367969E+01  0.23259400E+01  0.69618962E+00  0.90834680E+00
  0.10225440E+01  0.17099119E+00  0.24335269E+00  0.14892752E+00 -0.18099981E+00
 -0.77630705E+00 -0.32896832E+00  0.29468194E-01  0.30040122E+00  0.99115453E+00
  0.14496910E+01  0.30217806E+01  0.34741652E+01  0.28038338E+01
  0.00000000E+00  0.00000000E+00  0.00000000E+00  0.00000000E+00  0.00000000E+00
  0.00000000E+00  0.00000000E+00  0.00000000E+00  0.00000000E+00  0.00000000E+00
  0.00000000E+00  0.00000000E+00  0.00000000E+00  0.00000000E+00  0.00000000E+00
  0.00000000E+00  0.00000000E+00  0.00000000E+00  0.00000000E+00  0.00000000E+00
  0.00000000E+00  0.00000000E+00  0.00000000E+00  0.00000000E+00  0.00000000E+00
  0.00000000E+00  0.00000000E+00  0.00000000E+00  0.00000000E+00  0.00000000E+00
  0.60712423E-02  0.10262711E-01  0.21066115E-01  0.31895348E-01  0.23814223E+00
  0.33373738E+00  0.89724761E+00  0.17280260E+01  0.22972108E+01  0.34644065E+01
  0.57427721E+01  0.61674250E+01 -0.22676540E-01 -0.15016081E+01  0.30393456E+01
  0.38949668E+01  0.15476241E+01  0.18876958E+01  0.12865477E+01 -0.10070176E+01
  0.15950927E+01  0.33538543E+00  0.48421349E+00 -0.19721725E+00 -0.10044024E+01
  0.42710425E+00  0.24880824E-02  0.44578257E+00  0.85899618E+00  0.19905161E+01
  0.17875132E+01  0.37331029E+01  0.49027526E+01  0.35038825E+01
  0.00000000E+00  0.00000000E+00  0.00000000E+00  0.00000000E+00  0.00000000E+00
  0.00000000E+00  0.00000000E+00  0.00000000E+00  0.00000000E+00  0.00000000E+00
  0.00000000E+00  0.00000000E+00  0.00000000E+00  0.00000000E+00  0.00000000E+00
  0.00000000E+00  0.00000000E+00  0.00000000E+00  0.00000000E+00  0.00000000E+00
  0.00000000E+00  0.00000000E+00  0.00000000E+00  0.00000000E+00  0.00000000E+00
  0.00000000E+00  0.00000000E+00  0.00000000E+00  0.00000000E+00  0.00000000E+00
  0.82913532E-02  0.50708456E-03  0.33735974E-01  0.50727341E-01  0.22867179E+00
  0.49629676E+00  0.12411322E+01  0.17973764E+01  0.33309599E+01  0.40381755E+01
  0.69254738E+01  0.46196994E+01 -0.32066997E+01  0.99709712E+00  0.49140100E+01
  0.45207192E+01  0.68636175E+00  0.95458045E+00  0.20860242E+01 -0.15535764E+01
  0.25581750E+01  0.16714953E+01 -0.14365852E+00  0.53758308E+00 -0.48933501E+00
  0.41539031E+00  0.16321168E+00  0.16214517E+00  0.80612535E+00  0.94634393E+00
  0.18376977E+01  0.24064987E+01  0.46060563E+01  0.36993537E+01
  0.00000000E+00  0.00000000E+00  0.00000000E+00  0.00000000E+00  0.00000000E+00
  0.00000000E+00  0.00000000E+00  0.00000000E+00  0.00000000E+00  0.00000000E+00
  0.00000000E+00  0.00000000E+00  0.00000000E+00  0.00000000E+00  0.00000000E+00
  0.00000000E+00  0.00000000E+00  0.00000000E+00  0.00000000E+00  0.00000000E+00
  0.00000000E+00  0.00000000E+00  0.00000000E+00  0.00000000E+00  0.00000000E+00
  0.00000000E+00  0.00000000E+00  0.00000000E+00  0.00000000E+00  0.00000000E+00
  0.12895064E-01  0.00000000E+00  0.25361102E-01  0.12666118E+00  0.38138093E+00
  0.47587764E+00  0.12429226E+01  0.22194634E+01  0.45939509E+01  0.53393434E+01
  0.70984656E+01  0.46894838E+01 -0.61817600E+01  0.50334325E+01  0.67411378E+01
  0.71071760E+01  0.19533129E+01  0.45668721E+01  0.52944708E+00  0.30455756E+01
  0.11871839E+01 -0.16459876E+00 -0.24365938E+00  0.86200152E+00 -0.15875544E+00
  0.59956486E+00  0.92569622E+00  0.58956682E+00  0.94293125E-02  0.63019127E+00
  0.19315852E+01  0.37329793E+01  0.53923438E+01  0.40253584E+01
  0.00000000E+00  0.00000000E+00  0.00000000E+00  0.00000000E+00  0.00000000E+00
  0.00000000E+00  0.00000000E+00  0.00000000E+00  0.00000000E+00  0.00000000E+00
  0.00000000E+00  0.00000000E+00  0.00000000E+00  0.00000000E+00  0.00000000E+00
  0.00000000E+00  0.00000000E+00  0.00000000E+00  0.00000000E+00  0.00000000E+00
  0.00000000E+00  0.00000000E+00  0.00000000E+00  0.00000000E+00  0.00000000E+00
  0.00000000E+00  0.00000000E+00  0.00000000E+00  0.00000000E+00  0.00000000E+00
  0.13882868E-01 -0.20867908E-01  0.94906502E-01  0.11152187E+00  0.60385781E+00
  0.72050755E+00  0.13468636E+01  0.24874805E+01  0.55791143E+01  0.53668276E+01
  0.58011236E+01 -0.13370347E+01 -0.93864362E+01  0.41533099E+01  0.72856800E+01
  0.38911005E+01  0.50657345E+01  0.66023262E+00  0.19779161E+01  0.17965641E+01
  0.54369927E+00  0.14225739E+00 -0.14377161E+00  0.13563275E+00  0.18571222E+01
  0.27646515E+00 -0.10423282E+01  0.65015603E+00 -0.23082199E+00  0.31940397E+00
  0.22245597E+01  0.40678370E+01  0.55675727E+01  0.39844962E+01
  0.00000000E+00  0.00000000E+00  0.00000000E+00  0.00000000E+00  0.00000000E+00
  0.00000000E+00  0.00000000E+00  0.00000000E+00  0.00000000E+00  0.00000000E+00
  0.00000000E+00  0.00000000E+00  0.00000000E+00  0.00000000E+00  0.00000000E+00
  0.00000000E+00  0.00000000E+00  0.00000000E+00  0.00000000E+00  0.00000000E+00
  0.00000000E+00  0.00000000E+00  0.00000000E+00  0.00000000E+00  0.00000000E+00
  0.00000000E+00  0.00000000E+00  0.00000000E+00  0.00000000E+00  0.00000000E+00
  0.46627889E-01 -0.22393325E-02  0.29755897E+00  0.18048839E+00  0.77565944E+00
  0.98154953E+00  0.20979887E+01  0.33973490E+01  0.61126450E+01  0.54084815E+01
  0.56480596E+01 -0.26649386E+01 -0.62411715E+01  0.40160578E+01  0.10796858E+02
  0.21712826E+01  0.28939477E+00  0.55173130E+00  0.28464048E+00 -0.19362194E+01
  0.41498938E+00 -0.26901648E+01 -0.49994940E+00  0.19636760E+01  0.22949957E+01
 -0.77723534E-01 -0.76707305E+00  0.26272660E+00  0.42594787E+00  0.91125599E+00
  0.29660669E+01  0.37978216E+01  0.57989811E+01  0.41506573E+01
  0.00000000E+00  0.00000000E+00  0.00000000E+00  0.00000000E+00  0.00000000E+00
  0.00000000E+00  0.00000000E+00  0.00000000E+00  0.00000000E+00  0.00000000E+00
  0.00000000E+00  0.00000000E+00  0.00000000E+00  0.00000000E+00  0.00000000E+00
  0.00000000E+00  0.00000000E+00  0.00000000E+00  0.00000000E+00  0.00000000E+00
  0.00000000E+00  0.00000000E+00  0.00000000E+00  0.00000000E+00  0.00000000E+00
  0.00000000E+00  0.00000000E+00  0.00000000E+00 -0.21888005E-02  0.00000000E+00
  0.71846455E-01  0.26766998E-01  0.16645463E+00  0.28614522E+00  0.78653650E+00
  0.14995390E+01  0.23586805E+01  0.35409264E+01  0.66351316E+01  0.68179871E+01
  0.44383917E+01 -0.64499436E+01 -0.11736438E+01  0.37886198E+01  0.10847595E+02
  0.46144040E+01  0.37336942E+01  0.52495023E-01 -0.33949141E+00 -0.20052837E-01
  0.10633490E+00 -0.55177918E+00 -0.35699611E+00  0.20449232E+00  0.14104150E+01
  0.69390697E-02 -0.25428939E+00  0.18832213E-01  0.35557873E+00  0.86060113E+00
  0.34932577E+01  0.45569120E+01  0.57679245E+01  0.42909149E+01
  0.00000000E+00  0.00000000E+00  0.00000000E+00  0.00000000E+00  0.00000000E+00
  0.00000000E+00  0.00000000E+00  0.00000000E+00  0.00000000E+00  0.00000000E+00
  0.00000000E+00  0.00000000E+00  0.00000000E+00  0.00000000E+00  0.00000000E+00
  0.00000000E+00  0.00000000E+00  0.00000000E+00  0.00000000E+00  0.00000000E+00
  0.00000000E+00  0.00000000E+00  0.00000000E+00  0.00000000E+00  0.00000000E+00
  0.00000000E+00  0.00000000E+00  0.00000000E+00 -0.15079320E-01  0.00000000E+00
  0.78740332E-01  0.11556690E+00  0.93029271E-01  0.42773934E+00  0.13987326E+01
  0.21879565E+01  0.32144938E+01  0.43621171E+01  0.66234127E+01  0.80325502E+01
 -0.19613634E+01 -0.62418060E+01  0.30675700E+01  0.89817635E+01  0.67147226E+01
  0.45195113E+01 -0.58041765E+00 -0.91269753E-01  0.25750238E+01  0.33804010E+01
  0.45772875E+00  0.38070903E+00 -0.58731097E+00 -0.25816632E-03  0.20723848E+00
  0.10119332E+01  0.40649271E+00  0.53075311E+00  0.87204855E+00  0.11365287E+01
  0.29778142E+01  0.52804642E+01  0.64205971E+01  0.43289370E+01
  0.00000000E+00  0.00000000E+00  0.00000000E+00  0.00000000E+00  0.00000000E+00
  0.00000000E+00  0.00000000E+00  0.00000000E+00  0.00000000E+00  0.00000000E+00
  0.00000000E+00  0.00000000E+00  0.00000000E+00  0.00000000E+00  0.00000000E+00
  0.00000000E+00  0.00000000E+00  0.00000000E+00  0.00000000E+00  0.00000000E+00
  0.00000000E+00  0.00000000E+00  0.00000000E+00  0.00000000E+00  0.00000000E+00
  0.00000000E+00  0.00000000E+00  0.16443899E-01 -0.14605571E-01  0.00000000E+00
  0.99600034E-01  0.69584435E-01  0.34398735E+00  0.71692293E+00  0.11230616E+01
  0.19686013E+01  0.37770214E+01  0.46699742E+01  0.69720620E+01  0.36565858E+01
 -0.59176243E+01 -0.36301351E+01  0.78739200E+01  0.79796311E+01  0.32733191E+01
  0.13118450E+01  0.46400945E+01 -0.54083902E+00 -0.33660700E+00 -0.21631371E+01
  0.59795677E+00  0.19781939E+01  0.36949564E+00 -0.56368952E+00 -0.13881258E+00
 -0.79319852E+00  0.35196210E-01 -0.15121572E+00  0.59064515E+00  0.13982059E+01
  0.26449515E+01  0.49643928E+01  0.57881738E+01  0.40133515E+01
  0.00000000E+00  0.00000000E+00  0.00000000E+00  0.00000000E+00  0.00000000E+00
  0.00000000E+00  0.00000000E+00  0.00000000E+00  0.00000000E+00  0.00000000E+00
  0.00000000E+00  0.00000000E+00  0.00000000E+00  0.00000000E+00  0.00000000E+00
  0.00000000E+00  0.00000000E+00  0.00000000E+00  0.00000000E+00  0.00000000E+00
  0.00000000E+00  0.00000000E+00  0.00000000E+00  0.00000000E+00  0.00000000E+00
  0.00000000E+00  0.00000000E+00 -0.97570143E-02  0.17060732E-01  0.00000000E+00
  0.10965279E+00  0.48447502E-01  0.16207004E+00  0.71606258E+00  0.12627558E+01
  0.25369982E+01  0.39511900E+01  0.52984350E+01  0.69766605E+01  0.20503429E+01
 -0.89735540E+01  0.44176698E+01  0.10763121E+02  0.87563008E+01  0.42363487E+01
  0.20338784E+01  0.54459499E+01  0.19993019E+01 -0.13485648E+01  0.48508731E+00
  0.10820723E+01  0.58071755E+00 -0.28572158E+00  0.95982424E-01  0.72329398E+00
 -0.62033992E+00 -0.23457138E+00 -0.22736285E+00  0.33660336E-01  0.15916441E+01
  0.27470921E+01  0.48431768E+01  0.59855263E+01  0.42230503E+01
  0.00000000E+00  0.00000000E+00  0.00000000E+00  0.00000000E+00  0.00000000E+00
  0.00000000E+00  0.00000000E+00  0.00000000E+00  0.00000000E+00  0.00000000E+00
  0.00000000E+00  0.00000000E+00  0.00000000E+00  0.00000000E+00  0.00000000E+00
  0.00000000E+00  0.00000000E+00  0.00000000E+00  0.00000000E+00  0.00000000E+00
  0.00000000E+00  0.00000000E+00  0.00000000E+00  0.00000000E+00  0.00000000E+00
  0.00000000E+00  0.00000000E+00  0.15533648E-01  0.50130738E-01  0.61532967E-01
  0.11499130E+00  0.89773829E-01  0.66918369E+00  0.10169494E+01  0.19614884E+01
  0.25481008E+01  0.51097063E+01  0.65576949E+01  0.51833649E+01 -0.63898435E+01
 -0.83785301E+01  0.13040677E+02  0.13497445E+02  0.10454419E+02  0.70781129E+01
  0.53777709E+01  0.30150415E+01  0.22501794E+00  0.23022493E+01 -0.27816284E-01
 -0.54147709E+00  0.10390081E+01 -0.78760016E+00  0.54067631E+00  0.56241066E+00
 -0.36578479E+00 -0.31894818E+00 -0.19048133E-01  0.11744174E+01  0.22033615E+01
  0.31013180E+01  0.45173860E+01  0.53306910E+01  0.34730694E+01
  0.00000000E+00  0.00000000E+00  0.00000000E+00  0.00000000E+00  0.00000000E+00
  0.00000000E+00  0.00000000E+00  0.00000000E+00  0.00000000E+00  0.00000000E+00
  0.00000000E+00  0.00000000E+00  0.00000000E+00  0.00000000E+00  0.00000000E+00
  0.00000000E+00  0.00000000E+00  0.00000000E+00  0.00000000E+00  0.00000000E+00
  0.00000000E+00  0.00000000E+00  0.00000000E+00  0.00000000E+00  0.00000000E+00
  0.00000000E+00  0.00000000E+00  0.00000000E+00  0.19057679E-01  0.13585820E+00
  0.12002623E+00  0.23123545E+00  0.44639053E+00  0.93463637E+00  0.15838293E+01
  0.30561439E+01  0.47724697E+01  0.78058961E+01  0.29611742E+01 -0.10597724E+02
 -0.49946449E+01  0.13320197E+02  0.12653721E+02  0.54087650E+01  0.67167412E+01
 -0.60611593E-01  0.96576955E-01 -0.59462968E+00  0.23751389E+00  0.11839761E+01
  0.57587331E-01 -0.19413003E+00 -0.86375450E+00 -0.12924705E+01  0.11104352E+00
 -0.42382250E+00 -0.55186184E-01  0.66844757E+00  0.48394766E+00  0.22701894E+01
  0.27746957E+01  0.39466367E+01  0.47867514E+01  0.33108340E+01
  0.00000000E+00  0.00000000E+00  0.00000000E+00  0.00000000E+00  0.00000000E+00
  0.00000000E+00  0.00000000E+00  0.00000000E+00  0.00000000E+00  0.00000000E+00
  0.00000000E+00  0.00000000E+00  0.00000000E+00  0.00000000E+00  0.00000000E+00
  0.00000000E+00  0.00000000E+00  0.00000000E+00  0.00000000E+00  0.00000000E+00
  0.00000000E+00  0.00000000E+00  0.00000000E+00  0.00000000E+00  0.00000000E+00
  0.00000000E+00  0.00000000E+00  0.00000000E+00  0.44332522E-02  0.67237725E-01
  0.13193131E+00  0.21873588E+00  0.29259347E+00  0.84140578E+00  0.14176998E+01
  0.39971019E+01  0.68029378E+01  0.34048683E+01 -0.37764184E+01 -0.12745949E+02
  0.28417217E+01  0.13974043E+02  0.68470801E+01  0.53582111E+01  0.54494182E+01
  0.21581514E+01  0.87088779E+00  0.28587939E+01 -0.60975357E+00  0.73286722E+00
  0.51140209E-01  0.37220746E+00 -0.52682941E+00 -0.43245952E+00  0.68221518E+00
  0.11163126E+01 -0.84154778E+00  0.12497784E+00  0.16783030E+01  0.20300656E+01
  0.32605413E+01  0.49024357E+01  0.52043374E+01  0.32058098E+01
  0.00000000E+00  0.00000000E+00  0.00000000E+00  0.00000000E+00  0.00000000E+00
  0.00000000E+00  0.00000000E+00  0.00000000E+00  0.00000000E+00  0.00000000E+00
  0.00000000E+00  0.00000000E+00  0.00000000E+00  0.00000000E+00  0.00000000E+00
  0.00000000E+00  0.00000000E+00  0.00000000E+00  0.00000000E+00  0.00000000E+00
  0.00000000E+00  0.00000000E+00  0.00000000E+00  0.00000000E+00  0.00000000E+00
  0.00000000E+00  0.00000000E+00  0.00000000E+00  0.86304620E-02  0.44783156E-01
  0.16411115E+00  0.23769782E+00  0.28182716E+00  0.59170009E+00  0.18985852E+01
  0.43771162E+01  0.59680025E+01  0.41848287E+01 -0.13065089E+02 -0.87616770E+01
  0.12631407E+02  0.13627121E+02  0.10831029E+02  0.55572528E+01  0.36603317E+01
 -0.70195808E+00 -0.85250679E+00  0.24296541E+01  0.22734534E+00  0.12248618E+01
  0.63371307E-01  0.22086516E+00 -0.19568591E+00  0.81232479E+00  0.60228246E+00
  0.77452918E+00  0.26619584E+00  0.46086740E+00  0.13275722E+01  0.26454673E+01
  0.40638088E+01  0.54558898E+01  0.49132224E+01  0.30409217E+01
  0.00000000E+00  0.00000000E+00  0.00000000E+00  0.00000000E+00  0.00000000E+00
  0.00000000E+00  0.00000000E+00  0.00000000E+00  0.00000000E+00  0.00000000E+00
  0.00000000E+00  0.00000000E+00  0.00000000E+00  0.00000000E+00  0.00000000E+00
  0.00000000E+00  0.00000000E+00  0.00000000E+00  0.00000000E+00  0.00000000E+00
  0.00000000E+00  0.00000000E+00  0.00000000E+00  0.00000000E+00  0.00000000E+00
  0.00000000E+00  0.00000000E+00  0.00000000E+00  0.30471766E-01  0.11783429E+00
  0.34427830E+00  0.87198118E-01  0.80818262E+00  0.13737952E+01  0.34073688E+01
  0.47605600E+01  0.56039431E+01  0.77683982E+00 -0.14575342E+02 -0.64293574E+00
  0.13009711E+02  0.15942845E+02  0.74593025E+01  0.15833416E+01  0.24883851E+01
 -0.32601034E+00  0.82866935E+00  0.29913252E+00 -0.10143356E+00  0.68123545E+00
 -0.28744922E+00  0.13760231E+01  0.11953928E+01 -0.96787506E+00  0.59076025E-01
  0.22413707E+00  0.18795909E+00  0.56456579E+00  0.22752917E+01  0.27095598E+01
  0.33077229E+01  0.43901941E+01  0.44280704E+01  0.27589177E+01
  0.00000000E+00  0.00000000E+00  0.00000000E+00  0.00000000E+00  0.00000000E+00
  0.00000000E+00  0.00000000E+00  0.00000000E+00  0.00000000E+00  0.00000000E+00
  0.00000000E+00  0.00000000E+00  0.00000000E+00  0.00000000E+00  0.00000000E+00
  0.00000000E+00  0.00000000E+00  0.00000000E+00  0.00000000E+00  0.00000000E+00
  0.00000000E+00  0.00000000E+00  0.00000000E+00  0.00000000E+00  0.00000000E+00
  0.00000000E+00  0.00000000E+00  0.00000000E+00  0.00000000E+00  0.12164100E+00
  0.33010937E+00  0.23601942E+00  0.74712418E+00  0.11514572E+01  0.29855390E+01
  0.69674737E+01  0.67426057E+01 -0.44281531E+01 -0.13626855E+02  0.57221414E+01
  0.18073047E+02  0.11778388E+02  0.40033334E+01  0.16465262E+01  0.17981396E+01
 -0.11588009E+01 -0.17245480E+00 -0.37039691E+00  0.10962495E+01  0.12615009E+01
  0.11185164E+01  0.17248684E+00 -0.60175686E+00 -0.45557245E+00 -0.18783782E+00
  0.54651102E+00  0.25397069E+00  0.53603785E+00  0.15998765E+01  0.19435737E+01
  0.29382196E+01  0.40376752E+01  0.44138023E+01  0.26995997E+01
  0.00000000E+00  0.00000000E+00  0.00000000E+00  0.00000000E+00  0.00000000E+00
  0.00000000E+00  0.00000000E+00  0.00000000E+00  0.00000000E+00  0.00000000E+00
  0.00000000E+00  0.00000000E+00  0.00000000E+00  0.00000000E+00  0.00000000E+00
  0.00000000E+00  0.00000000E+00  0.00000000E+00  0.00000000E+00  0.00000000E+00
  0.00000000E+00  0.00000000E+00  0.00000000E+00  0.00000000E+00  0.00000000E+00
  0.00000000E+00  0.00000000E+00  0.00000000E+00  0.00000000E+00  0.15623581E+00
  0.19826040E+00  0.50166514E+00  0.97153450E+00  0.15727199E+01  0.28933122E+01
  0.35753820E+01  0.39535512E+01 -0.16256399E+02 -0.30525739E+02  0.35221329E+01
  0.15187659E+02  0.63206549E+01  0.32576710E+01  0.32723630E+01  0.15041550E+01
 -0.84747345E+00  0.17448800E+01  0.13185945E+00 -0.75385054E-01  0.81551890E+00
  0.40224248E+00  0.39756299E+00  0.17383062E+00 -0.12129623E+00 -0.17997687E+00
  0.84371862E+00  0.12435518E+01  0.11202149E+01  0.18899902E+01  0.23706545E+01
  0.34368884E+01  0.39734176E+01  0.43436107E+01  0.26899694E+01
-.789056E+22
  0.38423054E+16 -0.19789411E+16 -0.19792085E+16 -0.19796154E+16 -0.19801681E+16
  0.57957264E+16  0.64814623E+16 -0.19827933E+16 -0.19840328E+16  0.82491397E+16
 -0.19871624E+16 -0.19890967E+16  0.45218476E+16 -0.19938286E+16 -0.19966715E+16
 -0.19998395E+16 -0.20032943E+16 -0.20069251E+16  0.24506386E+16 -0.20138044E+16
 -0.12424290E+17  0.96542379E+15 -0.11073468E+17 -0.10687836E+17 -0.10409706E+17
 -0.10212775E+17  0.20216020E+17 -0.10018763E+17 -0.10016420E+17 -0.10079294E+17
 -0.10214790E+17  0.28956149E+16  0.87084659E+16  0.11064435E+18  0.13034916E+18
  0.36006046E+18  0.81817499E+18  0.17365779E+19  0.36483948E+19  0.87516508E+19
  0.21469662E+20  0.44614772E+20  0.39007613E+20  0.10004049E+20 -0.29474753E+19
 -0.10280022E+20 -0.14891202E+20 -0.17122011E+20 -0.17646086E+20 -0.17139609E+20
 -0.16266453E+20 -0.15151323E+20 -0.13999069E+20 -0.12831606E+20 -0.11838701E+20
 -0.10879749E+20 -0.10010251E+20 -0.92216598E+19 -0.84803768E+19 -0.76932643E+19
 -0.66088071E+19 -0.47691923E+19 -0.21651153E+19 -0.36891846E+18
  0.35057148E+16 -0.19601435E+16 -0.19609090E+16 -0.19620744E+16 -0.19636579E+16
  0.53429227E+16 -0.19681810E+16 -0.19711875E+16 -0.19747478E+16  0.76611510E+16
 -0.19837525E+16 -0.19893303E+16  0.41567436E+16 -0.20030179E+16 -0.20112798E+16
 -0.20205360E+16 -0.20307072E+16 -0.20415116E+16  0.22038121E+16 -0.20624602E+16
 -0.11643769E+17 -0.14616372E+16 -0.10412991E+17 -0.10062516E+17 -0.98091549E+16
 -0.96301131E+16  0.45354540E+15 -0.94571798E+16 -0.94597302E+16 -0.95237314E+16
 -0.96562761E+16 -0.15451369E+16  0.12529167E+17  0.18236981E+17  0.14367463E+18
  0.34547128E+18  0.48750090E+18  0.10258676E+19  0.33342594E+19  0.70444581E+19
  0.16682923E+20  0.36965941E+20  0.38700483E+20  0.12874854E+20 -0.10360550E+19
 -0.90293517E+19 -0.13827539E+20 -0.16175959E+20 -0.16771921E+20 -0.16381660E+20
 -0.15537895E+20 -0.14482580E+20 -0.13384518E+20 -0.12315152E+20 -0.11272513E+20
 -0.10406893E+20 -0.95778944E+19 -0.88233785E+19 -0.81173721E+19 -0.73680312E+19
 -0.63341948E+19 -0.45776124E+19 -0.20818444E+19 -0.35504701E+18
  0.25382439E+16 -0.12917274E+16 -0.19446696E+16 -0.19465435E+16 -0.19490902E+16
  0.49175345E+16 -0.19563663E+16 -0.19612046E+16 -0.19669365E+16  0.71066614E+16
 -0.19814495E+16 -0.19904544E+16  0.38100934E+16 -0.20126233E+16 -0.20260746E+16
 -0.20412387E+16 -0.20580645E+16 -0.20762066E+16  0.19641764E+16 -0.21126466E+16
 -0.10768801E+17 -0.36105237E+16 -0.96930724E+16 -0.93874025E+16 -0.91655240E+16
 -0.90095129E+16 -0.31127096E+16 -0.63786824E+16 -0.88761139E+16 -0.89443635E+16
 -0.90768678E+16 -0.42969541E+16  0.38832643E+16  0.30267581E+17  0.92168700E+17
  0.39514699E+18  0.64289787E+18  0.12128493E+19  0.30323859E+19  0.68664413E+19
  0.15713352E+20  0.35385708E+20  0.39286164E+20  0.15728248E+20  0.64647713E+18
 -0.78695424E+19 -0.12917305E+20 -0.15414469E+20 -0.16114036E+20 -0.15797530E+20
 -0.14986167E+20 -0.13975095E+20 -0.12911727E+20 -0.11877455E+20 -0.10911186E+20
 -0.10027063E+20 -0.92268031E+19 -0.84981361E+19 -0.78172844E+19 -0.70982439E+19
 -0.61110466E+19 -0.44279977E+19 -0.20199587E+19 -0.34505697E+18
 -0.19269007E+16  0.28846883E+16 -0.19294129E+16 -0.19319723E+16 -0.19354500E+16
  0.45050006E+16 -0.19453823E+16 -0.19519842E+16 -0.19598037E+16  0.65648870E+16
 -0.19796009E+16 -0.19918907E+16  0.34681362E+16 -0.20222113E+16 -0.20406922E+16
 -0.20616584E+16 -0.20851748E+16 -0.21109885E+16  0.17214453E+16 -0.21653468E+16
 -0.98387410E+16 -0.20599452E+16 -0.89397515E+16 -0.86835874E+16 -0.84967495E+16
 -0.83667807E+16  0.47417632E+17 -0.82581675E+16 -0.82780022E+16 -0.83522480E+16
 -0.84867565E+16 -0.86917882E+16  0.70529113E+16  0.41621331E+17  0.13421459E+18
  0.19495498E+18  0.49815229E+18  0.10359102E+19  0.27763180E+19  0.58389236E+19
  0.15073273E+20  0.33717873E+20  0.41982076E+20  0.18776546E+20  0.22529375E+19
 -0.67075093E+19 -0.12101207E+20 -0.14773322E+20 -0.15587802E+20 -0.15350498E+20
 -0.14567212E+20 -0.13575406E+20 -0.12485832E+20 -0.11523901E+20 -0.10574122E+20
 -0.97115642E+19 -0.89317155E+19 -0.82230000E+19 -0.75635693E+19 -0.68710244E+19
 -0.59234502E+19 -0.43055209E+19 -0.19720895E+19 -0.33755427E+18
 -0.19111270E+16  0.25870707E+16 -0.19143289E+16 -0.19175898E+16 -0.19220187E+16
  0.41018435E+16 -0.19346538E+16 -0.19430418E+16 -0.19529670E+16  0.60324215E+16
 -0.19780601E+16 -0.19936222E+16  0.31294913E+16 -0.20320319E+16 -0.20555101E+16
 -0.20822883E+16 -0.21126337E+16 -0.21465677E+16  0.14749323E+16 -0.22221479E+16
 -0.88846672E+16 -0.22071274E+16 -0.81723946E+16 -0.79667081E+16 -0.78162382E+16
 -0.77138841E+16  0.20726544E+17 -0.76433735E+16 -0.76755067E+16 -0.77564445E+16
 -0.78941840E+16  0.45884256E+16  0.54480350E+16  0.51606729E+17  0.69033932E+17
  0.21105195E+18  0.43046592E+18  0.10853362E+19  0.22484081E+19  0.58241172E+19
  0.14274025E+20  0.32818937E+20  0.45003159E+20  0.21748754E+20  0.40938485E+19
 -0.55591764E+19 -0.11236736E+20 -0.14189447E+20 -0.15152295E+20 -0.14982678E+20
 -0.14229552E+20 -0.13248110E+20 -0.12215116E+20 -0.11210400E+20 -0.10279606E+20
 -0.94347743E+19 -0.86720385E+19 -0.79803256E+19 -0.73382285E+19 -0.66683461E+19
 -0.57579238E+19 -0.41998897E+19 -0.19324573E+19 -0.33165416E+18
 -0.18954374E+16  0.23112971E+16 -0.18993797E+16 -0.19033937E+16 -0.19088430E+16
  0.37265267E+16 -0.19243732E+16 -0.19346695E+16 -0.19468390E+16  0.55326375E+16
 -0.19775444E+16 -0.19965513E+16  0.28080213E+16 -0.20434102E+16 -0.20720760E+16
 -0.21048875E+16 -0.21423795E+16 -0.21850184E+16  0.12321914E+16 -0.22859140E+16
 -0.67026974E+16 -0.14662931E+16 -0.74046177E+16 -0.72481438E+16 -0.71342243E+16
 -0.70603972E+16  0.21007772E+17 -0.70304340E+16 -0.70760641E+16 -0.71662503E+16
 -0.73070582E+16  0.18809970E+17  0.15397829E+17  0.60943457E+17  0.57113132E+17
  0.24468375E+18  0.53267715E+18  0.11001419E+19  0.25299118E+19  0.57734571E+19
  0.13151178E+20  0.31564581E+20  0.48014235E+20  0.25804081E+20  0.60229830E+19
 -0.43078613E+19 -0.10566159E+20 -0.13678341E+20 -0.14792106E+20 -0.14655227E+20
 -0.13924144E+20 -0.12906093E+20 -0.11923753E+20 -0.10933086E+20 -0.10010709E+20
 -0.91746934E+19 -0.84242487E+19 -0.77500843E+19 -0.71243501E+19 -0.64762408E+19
 -0.56009064E+19 -0.41018379E+19 -0.18961991E+19 -0.32638748E+18
 -0.18787270E+16  0.20573760E+16 -0.18834829E+16 -0.18883264E+16 -0.18949029E+16
  0.33786624E+16 -0.19136479E+16 -0.19260751E+16 -0.19407600E+16  0.50644241E+16
 -0.19777853E+16 -0.20006808E+16  0.25024079E+16 -0.20570622E+16  0.73146493E+16
 -0.21310603E+16 -0.21764538E+16 -0.22287389E+16  0.75424673E+15 -0.23599190E+16
 -0.15858327E+16 -0.72763794E+15 -0.66454557E+16 -0.65364777E+16 -0.64593611E+16
 -0.64151213E+16 -0.49179936E+16 -0.64281724E+16 -0.47040847E+16 -0.65889687E+16
 -0.67356729E+16 -0.28461057E+16  0.70538095E+16  0.43467868E+17  0.91637288E+17
  0.22223289E+18  0.64036423E+18  0.11478636E+19  0.22156377E+19  0.60775582E+19
  0.13228828E+20  0.30900096E+20  0.49205705E+20  0.30290575E+20  0.82733871E+19
 -0.31793670E+19 -0.98095424E+19 -0.13159805E+20 -0.14422043E+20 -0.14324488E+20
 -0.13627097E+20 -0.12661324E+20 -0.11644653E+20 -0.10657140E+20 -0.97449811E+19
 -0.89174086E+19 -0.81823575E+19 -0.75236680E+19 -0.69159316E+19 -0.62886216E+19
 -0.54467363E+19 -0.40026953E+19 -0.18603955E+19 -0.32111892E+18
 -0.18597426E+16  0.13225438E+17 -0.18653717E+16 -0.18711106E+16 -0.18789114E+16
  0.30584089E+16 -0.19011963E+16 -0.19160075E+16 -0.19335442E+16  0.46277877E+16
  0.19498743E+16 -0.20054207E+16  0.22122089E+16 -0.20733860E+16  0.63765716E+16
 -0.21627545E+16 -0.22177801E+16 -0.22816428E+16 -0.23569414E+16 -0.24497237E+16
 -0.11608612E+16  0.43873365E+16 -0.59010561E+16 -0.58394326E+16 -0.58007477E+16
 -0.57880628E+16 -0.58030445E+16 -0.58473727E+16 -0.36525472E+16 -0.60352536E+16
 -0.61886608E+16  0.33013726E+16  0.24731098E+16  0.49110997E+17  0.21427278E+18
  0.16207527E+18  0.36943115E+18  0.10396625E+19  0.23009949E+19  0.54439712E+19
  0.12295131E+20  0.29407421E+20  0.50938307E+20  0.35005321E+20  0.10339001E+20
 -0.19718293E+19 -0.91069490E+19 -0.12653203E+20 -0.14020321E+20 -0.13986199E+20
 -0.13305212E+20 -0.12354196E+20 -0.11342712E+20 -0.10367653E+20 -0.94676879E+19
 -0.86604910E+19 -0.79366500E+19 -0.72941853E+19 -0.67041536E+19 -0.60981725E+19
 -0.52888079E+19 -0.38997248E+19 -0.18220631E+19 -0.31538194E+18
 -0.18369249E+16  0.18218945E+17 -0.18434018E+16 -0.18500163E+16 -0.18590246E+16
  0.27542416E+16 -0.18848650E+16 -0.19021262E+16 -0.19226537E+16  0.41996172E+16
  0.10651126E+17 -0.20078206E+16  0.19175404E+16 -0.20898732E+16  0.47930450E+16
 -0.21999748E+16 -0.22687222E+16 -0.23491797E+16 -0.24450409E+16  0.36583759E+16
  0.27310946E+16  0.26199042E+17 -0.51773194E+16 -0.51674248E+16 -0.51714415E+16
 -0.51935682E+16 -0.52364000E+16 -0.53024222E+16 -0.31321220E+16  0.12691273E+17
 -0.56786316E+16 -0.14905256E+15  0.66245943E+16  0.48793805E+17  0.17753593E+18
  0.18243572E+18  0.29039954E+18  0.75117120E+18  0.27780168E+19  0.46309357E+19
  0.10852489E+20  0.28269524E+20  0.52161387E+20  0.38084006E+20  0.12363941E+20
 -0.91466696E+18 -0.84087280E+19 -0.12175186E+20 -0.13585724E+20 -0.13634227E+20
 -0.12957069E+20 -0.12025684E+20 -0.11027799E+20 -0.10067597E+20 -0.91856822E+19
 -0.83887847E+19 -0.76835679E+19 -0.70070846E+19 -0.64868531E+19 -0.59011264E+19
 -0.51245438E+19 -0.37901216E+19 -0.17796301E+19 -0.30886236E+18
 -0.18093329E+16 -0.18117341E+16 -0.18166015E+16 -0.18240378E+16 -0.18341853E+16
  0.24702303E+16 -0.18634231E+16 -0.18830643E+16 -0.19065436E+16  0.38022877E+16
  0.98156611E+16 -0.20055335E+16  0.16462332E+16 -0.21037730E+16  0.42951602E+16
 -0.22411987E+16 -0.23308774E+16 -0.24398821E+16 -0.25746613E+16  0.46561474E+16
  0.36863267E+17  0.36135022E+17 -0.44884362E+16  0.36727991E+17 -0.45949331E+16
 -0.46543119E+16 -0.47253342E+16 -0.48123504E+16 -0.26732181E+16  0.18346619E+17
 -0.52192371E+16 -0.54261025E+16  0.16309758E+17  0.51650510E+17  0.16294806E+18
  0.15455729E+18  0.28165706E+18  0.77028199E+18  0.23869316E+19  0.53432085E+19
  0.11947362E+20  0.26349762E+20  0.49871837E+20  0.40353708E+20  0.14382966E+20
  0.45874369E+17 -0.78720540E+19 -0.11707809E+20 -0.13217725E+20 -0.13240301E+20
 -0.12589542E+20 -0.11674582E+20 -0.10691367E+20 -0.96983024E+19 -0.88882755E+19
 -0.81110566E+19 -0.74219305E+19 -0.68121953E+19 -0.62573982E+19 -0.56952575E+19
 -0.49520992E+19 -0.36713103E+19 -0.17315118E+19 -0.30140473E+18
 -0.14039098E+16 -0.14059562E+16 -0.14101076E+16 -0.14164563E+16 -0.14251318E+16
  0.17682584E+16 -0.14502074E+16 -0.14671204E+16 -0.14874140E+16  0.27457398E+16
  0.72032327E+16 -0.15739996E+16  0.11281115E+16 -0.16619827E+16  0.30691999E+16
 -0.17900953E+16 -0.18785191E+16 -0.19943090E+16 -0.21584541E+16  0.28430594E+16
  0.73870961E+16  0.22360088E+17 -0.31118177E+16  0.52844846E+16  0.26095952E+17
 -0.33488878E+16 -0.34199749E+16 -0.34990579E+16 -0.20455101E+16  0.14487241E+17
 -0.27857716E+16 -0.39943816E+16  0.10288576E+17  0.47340431E+17  0.12438995E+18
  0.17239874E+18  0.19312375E+18  0.70890848E+18  0.22626826E+19  0.37132366E+19
  0.86127307E+19  0.20046881E+20  0.39635720E+20  0.32819194E+20  0.12209150E+20
  0.55463938E+18 -0.57542131E+19 -0.88771236E+19 -0.10081734E+20 -0.10137397E+20
 -0.96327303E+19 -0.89222440E+19 -0.81652562E+19 -0.74447812E+19 -0.67797378E+19
 -0.61850538E+19 -0.56558680E+19 -0.51924554E+19 -0.47675325E+19 -0.43400969E+19
 -0.37757516E+19 -0.28048829E+19 -0.13267869E+19 -0.23160560E+18
 -0.15768243E+16 -0.15792954E+16 -0.15843105E+16 -0.15919855E+16 -0.16024832E+16
  0.18458638E+16 -0.16328886E+16 -0.16534502E+16 -0.16781805E+16  0.10312264E+17
  0.25263689E+15 -0.17844679E+16  0.11275945E+16 -0.18938950E+16  0.32037979E+16
 -0.20560876E+16 -0.21696928E+16 -0.23199876E+16 -0.25345738E+16  0.27792249E+16
 -0.28963944E+16  0.24996314E+17 -0.32698373E+16 -0.33783655E+16 -0.34689682E+16
 -0.35532227E+16 -0.36394784E+16 -0.37334501E+16 -0.22481785E+16  0.64837496E+16
 -0.27491173E+16 -0.42969392E+16  0.38717065E+17  0.44636552E+17  0.14674139E+18
  0.14194988E+18  0.23687990E+18  0.73041867E+18  0.18089452E+19  0.41295122E+19
  0.94570614E+19  0.22195153E+20  0.44966628E+20  0.38738326E+20  0.14656984E+20
  0.10180559E+19 -0.62373562E+19 -0.97836846E+19 -0.11165075E+20 -0.11227654E+20
 -0.10673368E+20 -0.98791194E+19 -0.90361831E+19 -0.82289404E+19 -0.74958482E+19
 -0.68310904E+19 -0.62474831E+19 -0.57328172E+19 -0.52622037E+19 -0.47911669E+19
 -0.41707915E+19 -0.31030308E+19 -0.14716647E+19 -0.25748078E+18
 -0.17733154E+16 -0.17762856E+16 -0.17823156E+16 -0.17915479E+16 -0.18041842E+16
  0.19165777E+16 -0.18408351E+16 -0.18656633E+16 -0.18955707E+16  0.13192153E+17
 -0.19739137E+16 -0.20246642E+16  0.11128184E+16 -0.21584452E+16  0.33279506E+16
 -0.23570748E+16 -0.24967365E+16 -0.26812712E+16 -0.29410978E+16  0.27945620E+16
 -0.31622678E+16  0.27178507E+17 -0.35218072E+16 -0.36283981E+16 -0.10513675E+15
 -0.38125241E+16 -0.39074574E+16 -0.40120297E+16 -0.23664072E+16 -0.42712452E+16
 -0.44377329E+16 -0.46393662E+16  0.72858015E+17  0.63373827E+17  0.22329491E+18
  0.18817398E+18  0.27072770E+18  0.10223462E+19  0.19899867E+19  0.42759826E+19
  0.10188659E+20  0.24814249E+20  0.50451475E+20  0.45385655E+20  0.17111175E+20
  0.16593912E+19 -0.67190013E+19 -0.10746254E+20 -0.12329209E+20 -0.12416292E+20
 -0.11789477E+20 -0.10913711E+20 -0.99827571E+19 -0.90833336E+19 -0.82684665E+19
 -0.75350453E+19 -0.68890554E+19 -0.63181517E+19 -0.58006684E+19 -0.52803783E+19
 -0.45993433E+19 -0.34265041E+19 -0.16290912E+19 -0.28591561E+18
 -0.19964742E+16 -0.20000241E+16 -0.20072324E+16 -0.20182718E+16 -0.20333869E+16
  0.19785551E+16 -0.20772623E+16 -0.21070121E+16 -0.21428761E+16  0.14135153E+17
 -0.22369538E+16 -0.22978606E+16  0.10745480E+16 -0.24581772E+16  0.34275187E+16
 -0.26972136E+16 -0.28650012E+16 -0.30856007E+16 -0.33934122E+16  0.28186470E+16
 -0.34787714E+16  0.29169617E+17 -0.38489439E+16 -0.39529798E+16  0.27568426E+16
 -0.41381030E+16 -0.42375691E+16 -0.43494022E+16 -0.25377848E+16 -0.46315789E+16
 -0.48142707E+16 -0.50361316E+16  0.27537208E+17  0.90156303E+17  0.21586149E+18
  0.39658723E+18  0.42037874E+18  0.11349221E+19  0.28466272E+19  0.50636092E+19
  0.12416660E+20  0.28503780E+20  0.56068609E+20  0.50833892E+20  0.19607788E+20
  0.20501240E+19 -0.73213392E+19 -0.11832214E+20 -0.13594767E+20 -0.13689706E+20
 -0.12995308E+20 -0.11977453E+20 -0.11000123E+20 -0.10000114E+20 -0.91003017E+19
 -0.82938490E+19 -0.75790405E+19 -0.69490838E+19 -0.63802524E+19 -0.58084169E+19
 -0.50611694E+19 -0.37741178E+19 -0.17981918E+19 -0.31663931E+18
 -0.22497167E+16 -0.22539349E+16 -0.22625003E+16 -0.22756197E+16 -0.22935854E+16
  0.20297526E+16 -0.23457523E+16 -0.23810193E+16 -0.24234883E+16  0.15085727E+17
 -0.25349317E+16 -0.26072461E+16  0.10077512E+16 -0.27981230E+16  0.35197702E+16
 -0.30824902E+16 -0.32817211E+16 -0.35430856E+16 -0.39071143E+16  0.28041392E+16
 -0.38394505E+16  0.26570905E+17  0.30567096E+16 -0.43442549E+16  0.29241449E+16
 -0.45324087E+16 -0.46357711E+16 -0.47540548E+16  0.11858482E+17 -0.50582211E+16
 -0.52574587E+16 -0.55006193E+16  0.13503511E+17  0.66217528E+17  0.19703958E+18
  0.42362379E+18  0.42394745E+18  0.13268823E+19  0.33770347E+19  0.62057659E+19
  0.13871456E+20  0.32129335E+20  0.64763458E+20  0.56198571E+20  0.21385109E+20
  0.23058617E+19 -0.79771558E+19 -0.12957936E+20 -0.14887650E+20 -0.14954362E+20
 -0.14257760E+20 -0.13180764E+20 -0.12062134E+20 -0.10975679E+20 -0.99761334E+19
 -0.90948701E+19 -0.83114170E+19 -0.76167556E+19 -0.69913640E+19 -0.63667098E+19
 -0.55497410E+19 -0.41400093E+19 -0.19754290E+19 -0.34922418E+18
 -0.25363857E+16 -0.25413470E+16 -0.25514211E+16 -0.25668508E+16 -0.25879803E+16
  0.20507548E+16 -0.26493357E+16 -0.26909557E+16  0.19405968E+16  0.16046020E+17
 -0.28728765E+16 -0.29583688E+16  0.22823948E+15 -0.31840554E+16  0.36007189E+16
 -0.35202815E+16 -0.37558716E+16 -0.40651443E+16 -0.44968700E+16  0.90471291E+15
 -0.42480308E+16  0.70750637E+16  0.16356270E+17 -0.47971390E+16  0.30199097E+16
  0.16977515E+17 -0.51033653E+16 -0.52294403E+16  0.17360905E+17 -0.55581896E+16
 -0.57758261E+16  0.85449741E+16  0.17074626E+17  0.12726752E+18  0.11269180E+18
  0.50831792E+18  0.89920720E+18  0.16515869E+19  0.41052555E+19  0.73962064E+19
  0.16888808E+20  0.38553727E+20  0.72643035E+20  0.58547531E+20  0.22430056E+20
  0.19570905E+19 -0.87659705E+19 -0.14162359E+20 -0.16211043E+20 -0.16349027E+20
 -0.15526895E+20 -0.14367901E+20 -0.13144234E+20 -0.11972382E+20 -0.10883495E+20
 -0.99162576E+19 -0.90652201E+19 -0.83101881E+19 -0.76307463E+19 -0.69476344E+19
 -0.60542114E+19 -0.45160605E+19 -0.21551884E+19 -0.38272132E+18
 -0.28605013E+16 -0.28663377E+16 -0.28781873E+16 -0.28963354E+16 -0.29211866E+16
  0.20485622E+16 -0.29933501E+16 -0.30423053E+16  0.56816775E+16  0.17051289E+17
 -0.32563495E+16 -0.33569813E+16 -0.34774915E+16 -0.36227969E+16  0.36648484E+16
 -0.40193504E+16 -0.42977377E+16 -0.46639623E+16 -0.51757445E+16  0.46910456E+17
 -0.47130590E+16  0.27481308E+16  0.10229315E+17 -0.53097719E+16  0.30256426E+16
  0.77647507E+16 -0.28753683E+16 -0.57762195E+16  0.12455855E+17 -0.61346492E+16
 -0.63738786E+16  0.17761832E+17  0.12667503E+18  0.20375707E+18  0.27751118E+18
  0.75396749E+18  0.71409364E+18  0.17670508E+19  0.47966471E+19  0.96019840E+19
  0.20731335E+20  0.45087008E+20  0.80039252E+20  0.56876204E+20  0.21129861E+20
  0.11563492E+19 -0.99110154E+19 -0.15403781E+20 -0.17544264E+20 -0.17671076E+20
 -0.16784340E+20 -0.15539591E+20 -0.14216755E+20 -0.12953864E+20 -0.11788194E+20
 -0.10742976E+20 -0.97716002E+19 -0.90100315E+19 -0.82751617E+19 -0.75341552E+19
 -0.65604297E+19 -0.48870864E+19 -0.23298301E+19 -0.41590873E+18
 -0.32274584E+16 -0.32343022E+16 -0.32481953E+16 -0.32694712E+16 -0.32986043E+16
  0.20232219E+16 -0.33832063E+16 -0.34406088E+16  0.59085248E+16  0.18101729E+17
 -0.36917281E+16  0.57747675E+16 -0.39514956E+16  0.14988738E+17  0.74780727E+16
 -0.35631074E+16 -0.49183527E+16 -0.53510299E+16 -0.43942201E+16  0.68944417E+17
 -0.52451876E+16  0.26872817E+16  0.67522956E+16 -0.58817528E+16  0.29626715E+16
 -0.61158520E+16  0.10998133E+17 -0.63937800E+16 -0.39470125E+16 -0.67882545E+16
 -0.70530744E+16  0.25949849E+17  0.16565464E+18  0.13808078E+18  0.44595214E+18
  0.81262233E+18  0.11769811E+19  0.24212366E+19  0.55155174E+19  0.12577501E+20
  0.25858373E+20  0.55341951E+20  0.86681089E+20  0.55994659E+20  0.18792073E+20
 -0.30651088E+18 -0.11316672E+20 -0.16721712E+20 -0.18863464E+20 -0.18905554E+20
 -0.17946234E+20 -0.16627070E+20 -0.15228634E+20 -0.13878700E+20 -0.12642568E+20
 -0.11527158E+20 -0.10546913E+20 -0.96847980E+19 -0.88997672E+19 -0.81013693E+19
 -0.70459091E+19 -0.52338333E+19 -0.24884493E+19 -0.44683288E+18
 -0.36429684E+16 -0.27979841E+15 -0.36672301E+16 -0.36921187E+16 -0.37261981E+16
  0.19701490E+16 -0.38251762E+16 -0.38923516E+16  0.61233151E+16  0.12442430E+17
 -0.41864785E+16  0.12089598E+17 -0.44912665E+16  0.26066159E+16  0.82406664E+16
 -0.96414397E+15 -0.56289868E+16 -0.61410832E+16 -0.13150691E+16 -0.44556314E+16
 -0.58553809E+16  0.25787100E+16  0.14033697E+17 -0.12722017E+16 -0.24935633E+16
 -0.67739745E+16  0.11355885E+17 -0.70808955E+16 -0.44912795E+16 -0.65984178E+16
  0.20065155E+17  0.12303197E+18  0.46465979E+17  0.13803351E+18  0.30698186E+18
  0.13141285E+19  0.14606715E+19  0.33525309E+19  0.68228477E+19  0.15644913E+20
  0.31329247E+20  0.70496636E+20  0.88119076E+20  0.48984123E+20  0.14924843E+20
 -0.27767925E+19 -0.13002583E+20 -0.18058056E+20 -0.20047947E+20 -0.19981341E+20
 -0.18960263E+20 -0.17585158E+20 -0.16114039E+20 -0.14704419E+20 -0.13405097E+20
 -0.12245337E+20 -0.11212809E+20 -0.10253876E+20 -0.94716783E+19 -0.86185991E+19
 -0.74831549E+19 -0.55336399E+19 -0.26176627E+19 -0.47322421E+18
 -0.41137692E+16  0.55919957E+16  0.80489911E+14 -0.15155464E+16  0.33287865E+16
 -0.27365976E+16 -0.43266484E+16 -0.44051648E+16  0.63208375E+16  0.35769942E+16
 -0.47493085E+16  0.12708501E+17 -0.51064484E+16  0.19914872E+16  0.19418367E+16
 -0.14032649E+16 -0.64437574E+16 -0.70477315E+16 -0.19172432E+16 -0.53768568E+16
 -0.65539969E+16  0.48155874E+15  0.14741923E+17 -0.69647869E+16 -0.73544875E+16
 -0.74968631E+16  0.11623945E+17 -0.78361597E+16 -0.51266555E+16 -0.83221738E+16
  0.69162122E+17  0.12455107E+18  0.11717336E+18  0.13445701E+18  0.44632434E+18
  0.11392444E+19  0.18652750E+19  0.41205407E+19  0.89018922E+19  0.20697065E+20
  0.43072207E+20  0.81956331E+20  0.83036167E+20  0.38862922E+20  0.10222090E+20
 -0.55777499E+19 -0.14824517E+20 -0.19414347E+20 -0.21073122E+20 -0.20847246E+20
 -0.19748994E+20 -0.18327434E+20 -0.16822909E+20 -0.15370342E+20 -0.14037077E+20
 -0.12842987E+20 -0.11776107E+20 -0.10777012E+20 -0.99567076E+19 -0.90580968E+19
 -0.78397586E+19 -0.57592634E+19 -0.27024135E+19 -0.49251668E+18
 -0.46477915E+16  0.26432339E+17  0.15679752E+17 -0.47148120E+16  0.10948329E+17
 -0.48212998E+16 -0.48962619E+16 -0.49879447E+16  0.64945823E+16  0.35400924E+16
  0.70078964E+16  0.79088404E+15 -0.58063403E+16  0.10260743E+16 -0.12367953E+16
 -0.19303029E+16 -0.73758795E+16 -0.80838999E+16 -0.26384844E+16 -0.64300531E+16
 -0.73485674E+16 -0.43598065E+16  0.26169075E+17 -0.79784250E+16 -0.81303629E+16
 -0.82851678E+16  0.11798341E+17 -0.86585205E+16 -0.58423649E+16 -0.91992288E+16
  0.95122414E+17  0.14272625E+17  0.15171573E+18  0.37173216E+18  0.63571249E+18
  0.14564166E+19  0.28510594E+19  0.56872663E+19  0.12278256E+20  0.27488915E+20
  0.59741036E+20  0.91663958E+20  0.72382579E+20  0.29228154E+20  0.53987802E+19
 -0.88256246E+19 -0.16687814E+20 -0.20629467E+20 -0.21851165E+20 -0.21429997E+20
 -0.20265731E+20 -0.18809089E+20 -0.17294886E+20 -0.15826551E+20 -0.14489431E+20
 -0.13276949E+20 -0.12188951E+20 -0.11219562E+20 -0.10319994E+20 -0.93751742E+19
 -0.80794027E+19 -0.58800416E+19 -0.27337735E+19 -0.50187978E+18
 -0.52542139E+16  0.88233376E+16  0.16783386E+17 -0.53320961E+16  0.13036119E+17
  0.29264013E+17  0.31691822E+17  0.67142303E+16  0.65708248E+16  0.34103978E+16
  0.13850452E+17 -0.63385096E+16 -0.66044408E+16  0.66477856E+15  0.57033103E+16
 -0.25588609E+16 -0.84380342E+16 -0.92604104E+16 -0.34900396E+16  0.12610309E+15
 -0.82445613E+16  0.85499296E+16  0.33286392E+17 -0.88184971E+16 -0.89758386E+16
 -0.91407960E+16 -0.26272882E+16  0.49743640E+16 -0.66367342E+16 -0.10149408E+17
 -0.10566359E+17  0.10240566E+17  0.19293863E+18  0.33265133E+18  0.84699326E+18
  0.25213147E+19  0.41936876E+19  0.82469771E+19  0.17176812E+20  0.36759308E+20
  0.73234892E+20  0.94143769E+20  0.56342019E+20  0.18905252E+20 -0.31557250E+18
 -0.12087311E+20 -0.18563756E+20 -0.21662482E+20 -0.22372478E+20 -0.21775632E+20
 -0.20510385E+20 -0.19030700E+20 -0.17503241E+20 -0.16056221E+20 -0.14721670E+20
 -0.13510786E+20 -0.12425067E+20 -0.11448126E+20 -0.10530977E+20 -0.95490333E+19
 -0.81772072E+19 -0.58760372E+19 -0.27002023E+19 -0.49998470E+18
 -0.59418714E+16  0.20078259E+15  0.13879776E+17 -0.53511215E+16  0.23501181E+17
 -0.61764977E+16 -0.52094264E+16  0.13160556E+17  0.65910130E+16  0.32162074E+16
  0.45363675E+16 -0.72039487E+16 -0.75135331E+16  0.21295395E+15  0.95421261E+16
 -0.69353903E+16 -0.96412831E+16 -0.10585057E+17 -0.58388157E+16  0.11541519E+17
 -0.92448483E+16  0.30807258E+17  0.29723345E+17 -0.97388217E+16 -0.98958635E+16
 -0.10067453E+17 -0.10266839E+17  0.11513384E+17 -0.75122271E+16  0.26855429E+17
 -0.11647699E+17  0.20014812E+17  0.16006178E+18  0.43500971E+18  0.10187475E+19
  0.27649997E+19  0.50508308E+19  0.10919341E+20  0.24481943E+20  0.48243014E+20
  0.88540524E+20  0.82951216E+20  0.38223997E+20  0.97152974E+19 -0.58579137E+19
 -0.15291211E+20 -0.20244738E+20 -0.22472570E+20 -0.22676220E+20 -0.21816174E+20
 -0.20487983E+20 -0.18972631E+20 -0.17474120E+20 -0.16051421E+20 -0.14735630E+20
 -0.13544970E+20 -0.12472441E+20 -0.11499096E+20 -0.10576304E+20 -0.95574648E+19
 -0.81150607E+19 -0.57383301E+19 -0.25987603E+19 -0.48601456E+18
 -0.67244818E+16 -0.19971821E+15  0.89764128E+16 -0.68297531E+16  0.13484566E+17
 -0.69968463E+16  0.81489419E+16 -0.72583071E+16  0.33003574E+15  0.91951987E+16
 -0.78897677E+16 -0.81881210E+16 -0.85465214E+16 -0.34226550E+15  0.95740192E+16
  0.91306155E+16 -0.10993652E+17 -0.10188203E+17 -0.13475255E+17  0.15676410E+17
 -0.10349349E+17  0.35568358E+17  0.42337142E+17 -0.10746356E+17 -0.10897082E+17
  0.68101167E+16 -0.10394643E+17  0.11184778E+17 -0.84747742E+16  0.26415161E+17
  0.17965454E+17  0.47064500E+17  0.16976063E+18  0.54543571E+18  0.12866974E+19
  0.25895680E+19  0.67734441E+19  0.15013961E+20  0.30855971E+20  0.63965630E+20
  0.97049537E+20  0.64422524E+20  0.24442966E+20  0.25217808E+19 -0.10686382E+20
 -0.18075048E+20 -0.21862871E+20 -0.23068492E+20 -0.22735851E+20 -0.21643313E+20
 -0.20213102E+20 -0.18695963E+20 -0.17218942E+20 -0.15825575E+20 -0.14546776E+20
 -0.13384286E+20 -0.12339311E+20 -0.11381062E+20 -0.10453150E+20 -0.94036540E+19
 -0.78967891E+19 -0.54727771E+19 -0.24365580E+19 -0.46090221E+18
 -0.76151469E+16 -0.68493007E+15  0.90614663E+16 -0.77369439E+16  0.18506554E+17
 -0.79301023E+16  0.14802292E+17 -0.72167439E+16 -0.84326190E+16  0.17533783E+17
 -0.89602005E+16 -0.93035415E+16 -0.97153045E+16 -0.10118722E+16 -0.34701288E+16
  0.11148338E+17  0.19510113E+16 -0.51177486E+15 -0.15243925E+17  0.38260388E+17
 -0.11557076E+17  0.20129639E+17  0.37985469E+17  0.31420522E+17 -0.11988283E+17
  0.34621199E+17 -0.11664676E+17  0.42797289E+16  0.79784704E+16  0.23602286E+17
  0.19616182E+17  0.48012115E+17  0.21595143E+18  0.68020222E+18  0.18231939E+19
  0.36452820E+19  0.89677056E+19  0.19996811E+20  0.44043689E+20  0.82133579E+20
  0.88587884E+20  0.44938583E+20  0.12631198E+20 -0.48531692E+19 -0.14976230E+20
 -0.20485151E+20 -0.22997589E+20 -0.23349895E+20 -0.22575180E+20 -0.21273044E+20
 -0.19730848E+20 -0.18257821E+20 -0.16796851E+20 -0.15436437E+20 -0.14194071E+20
 -0.13070118E+20 -0.12051259E+20 -0.11109305E+20 -0.10181614E+20 -0.91037061E+19
 -0.75409717E+19 -0.51051778E+19 -0.22302845E+19 -0.42735113E+18
 -0.86271964E+16 -0.23736361E+16  0.30234163E+17 -0.87673805E+16  0.19118474E+17
 -0.89894276E+16 -0.83198335E+16  0.24259745E+16 -0.95659320E+16  0.18032890E+17
 -0.10169423E+17 -0.10561129E+17 -0.11029518E+17 -0.18331540E+16 -0.51636626E+16
 -0.34138072E+16 -0.14150672E+17 -0.15696789E+16 -0.17160834E+17  0.61645022E+17
 -0.12868325E+17  0.20246245E+17  0.12109566E+17  0.59917268E+17 -0.13180903E+17
 -0.56520427E+16 -0.23992186E+16  0.25906736E+17  0.13416429E+17  0.99502696E+15
  0.24094514E+17  0.11053028E+18  0.33808110E+18  0.36771636E+18  0.22685853E+19
  0.58107773E+19  0.12308980E+20  0.27258755E+20  0.60224023E+20  0.94542646E+20
  0.72105281E+20  0.28984924E+20  0.36313367E+19 -0.10679665E+20 -0.18546002E+20
 -0.22524937E+20 -0.23771440E+20 -0.23448857E+20 -0.22276667E+20 -0.20816233E+20
 -0.19241902E+20 -0.17716962E+20 -0.16254850E+20 -0.14952050E+20 -0.13747018E+20
 -0.12654301E+20 -0.11660698E+20 -0.10737702E+20 -0.98090476E+19 -0.87004812E+19
 -0.70862557E+19 -0.46851520E+19 -0.20015374E+19 -0.38906971E+18
 -0.97726175E+16 -0.97988127E+16  0.43627027E+17 -0.99328600E+16  0.23087914E+17
 -0.10186271E+17 -0.10364095E+17  0.19297420E+16 -0.10842301E+17  0.10376645E+17
 -0.11524858E+17 -0.11966231E+17 -0.12492594E+17 -0.28172085E+16 -0.63779890E+16
  0.10913800E+16 -0.15956901E+17 -0.16786592E+17 -0.50283933E+16  0.64536253E+17
 -0.14285881E+17  0.57466805E+16  0.14558127E+16  0.43644823E+17 -0.14488794E+17
 -0.14664576E+17  0.67674867E+15  0.19234372E+17  0.22412271E+17  0.33621422E+17
  0.64455266E+17  0.12809103E+18  0.61721601E+18  0.11040360E+19  0.31820798E+19
  0.66405572E+19  0.16144042E+20  0.38209731E+20  0.76343529E+20  0.93523656E+20
  0.52208877E+20  0.14757599E+20 -0.43867836E+19 -0.15496838E+20 -0.21317707E+20
 -0.23968934E+20 -0.24258275E+20 -0.23348610E+20 -0.21922918E+20 -0.20307499E+20
 -0.18706318E+20 -0.17168252E+20 -0.15740177E+20 -0.14438269E+20 -0.13260564E+20
 -0.12195557E+20 -0.11228907E+20 -0.10320464E+20 -0.93837024E+19 -0.82400084E+19
 -0.65855188E+19 -0.42534551E+19 -0.17735770E+19 -0.35014411E+18
 -0.11059330E+17 -0.11088982E+17  0.45725087E+17 -0.11240571E+17  0.49199888E+17
 -0.11526620E+17 -0.11726983E+17  0.12815794E+16 -0.12097093E+17  0.52425817E+16
 -0.13029578E+17 -0.13522422E+17  0.24195655E+17  0.21100273E+17 -0.77227979E+16
 -0.86862488E+16 -0.17912815E+17 -0.19468646E+17 -0.58921639E+16  0.35698660E+17
  0.77294105E+16 -0.60257291E+16  0.19966032E+17  0.28527445E+16 -0.15924388E+17
 -0.16105880E+17 -0.27390370E+15  0.39503766E+16 -0.30644120E+16  0.34483868E+16
  0.18116405E+18  0.21542848E+18  0.74027173E+18  0.16374333E+19  0.39023648E+19
  0.86340369E+19  0.21082256E+20  0.48297093E+20  0.88802289E+20  0.83481952E+20
  0.34022752E+20  0.48001209E+19 -0.10656830E+20 -0.19356612E+20 -0.23698545E+20
 -0.24973950E+20 -0.24538128E+20 -0.23252598E+20 -0.21590541E+20 -0.19873179E+20
 -0.18217663E+20 -0.16666040E+20 -0.15249201E+20 -0.13962482E+20 -0.12809602E+20
 -0.11768042E+20 -0.10819395E+20 -0.99178997E+19 -0.89675070E+19 -0.77848400E+19
 -0.61148762E+19 -0.38449002E+19 -0.15672577E+19 -0.31563011E+18
 -0.12485538E+17 -0.12518859E+17 -0.41176629E+16 -0.12689027E+17 -0.26939741E+16
 -0.53541886E+16 -0.11621334E+16  0.54373932E+15 -0.35076625E+16 -0.15857805E+16
 -0.14681451E+17 -0.70164872E+16  0.94904507E+16  0.61202907E+17  0.17230855E+17
 -0.18662070E+17  0.18085828E+17  0.23738641E+17 -0.60965017E+16  0.53540891E+17
  0.12284932E+17 -0.72460519E+16  0.40793484E+17  0.45702863E+14 -0.17502171E+17
 -0.17695761E+17  0.18534726E+17  0.73339265E+16  0.57481899E+17  0.93469131E+17
  0.12096504E+18  0.23557185E+18  0.69445871E+18  0.18852137E+19  0.49341780E+19
  0.10841960E+20  0.26694522E+20  0.57272449E+20  0.92900439E+20  0.65531131E+20
  0.21269890E+20 -0.24930983E+19 -0.15539977E+20 -0.22476104E+20 -0.25511899E+20
 -0.25858058E+20 -0.24824432E+20 -0.23194628E+20 -0.21385843E+20 -0.19588291E+20
 -0.17877001E+20 -0.16308689E+20 -0.14888447E+20 -0.13614069E+20 -0.12470720E+20
 -0.11442401E+20 -0.10499025E+20 -0.95948111E+19 -0.86269383E+19 -0.74129435E+19
 -0.57118016E+19 -0.34980394E+19 -0.13973701E+19 -0.28784835E+18
 -0.14041866E+17 -0.14078962E+17 -0.14153939E+17 -0.14268213E+17 -0.14423893E+17
 -0.14623868E+17  0.25246865E+17  0.11324627E+17 -0.45460782E+16 -0.15961282E+17
 -0.16466650E+17 -0.60122884E+16 -0.17766915E+17  0.44970203E+17  0.56342394E+17
 -0.16622363E+17  0.74767188E+17  0.23082634E+17 -0.13203746E+17  0.35463668E+17
  0.25753491E+17  0.80703047E+16  0.43395819E+17 -0.19122790E+17 -0.19234869E+17
  0.38614792E+17  0.59220154E+17  0.33747277E+17 -0.15040718E+17  0.34904503E+17
  0.65845826E+17  0.59600783E+18  0.10781466E+19  0.21667558E+19  0.50073670E+19
  0.13632858E+20  0.31860553E+20  0.69925695E+20  0.93418478E+20  0.49835898E+20
  0.10520844E+20 -0.88070736E+19 -0.19618735E+20 -0.25247875E+20 -0.27110794E+20
 -0.26680637E+20 -0.25287253E+20 -0.23401906E+20 -0.21440199E+20 -0.19545198E+20
 -0.17792001E+20 -0.16202063E+20 -0.14774594E+20 -0.13494356E+20 -0.12349353E+20
 -0.11315279E+20 -0.10365300E+20 -0.94424755E+19 -0.84388007E+19 -0.71687221E+19
 -0.54226600E+19 -0.32447130E+19 -0.12757640E+19 -0.26804062E+18
 -0.15697905E+17 -0.15738874E+17 -0.15821640E+17 -0.15947702E+17 -0.16119285E+17
 -0.16339445E+17 -0.16612207E+17  0.12211073E+17  0.29767224E+17 -0.17805706E+17
 -0.18357415E+17 -0.26368339E+16 -0.19772540E+17  0.10981026E+18  0.94386484E+17
  0.16082735E+17  0.14301819E+17  0.61270987E+17 -0.29422563E+16  0.13412664E+18
  0.33746968E+17  0.46858104E+17  0.13989541E+17  0.37963782E+17  0.14301947E+17
 -0.20462886E+17  0.34635669E+17  0.75392950E+17 -0.23022618E+17  0.10067258E+17
  0.10165370E+18  0.54585343E+18  0.12461982E+19  0.29734383E+19  0.59527237E+19
  0.15949182E+20  0.37746437E+20  0.78298625E+20  0.87987552E+20  0.35408956E+20
  0.27880858E+19 -0.13865864E+20 -0.23287249E+20 -0.27874968E+20 -0.28875280E+20
 -0.27951226E+20 -0.26168742E+20 -0.24067368E+20 -0.21962969E+20 -0.19968041E+20
 -0.18144542E+20 -0.16444133E+20 -0.15016367E+20 -0.13698128E+20 -0.12520614E+20
 -0.11458565E+20 -0.10478356E+20 -0.95173018E+19 -0.84595519E+19 -0.71176988E+19
 -0.53051168E+19 -0.31186263E+19 -0.12124577E+19 -0.25859645E+18
 -0.17397694E+17 -0.17442696E+17 -0.17533584E+17 -0.17671957E+17 -0.17860193E+17
 -0.18101553E+17 -0.18400336E+17 -0.98846934E+16  0.42469193E+16 -0.19704936E+17
 -0.20306749E+17 -0.14631414E+17 -0.21847885E+17  0.18871964E+18  0.72110448E+17
  0.16176346E+18 -0.27141061E+17  0.58879356E+17  0.16968176E+16  0.40550346E+17
  0.72024582E+15  0.36317777E+17 -0.45427984E+16 -0.23052856E+17 -0.23186956E+17
 -0.23446611E+17 -0.41298065E+16  0.12042953E+18 -0.25286852E+17  0.60039960E+17
  0.30242555E+18  0.62964753E+18  0.16820810E+19  0.35210324E+19  0.81095319E+19
  0.18822604E+20  0.46387118E+20  0.90869023E+20  0.83822610E+20  0.24004679E+20
 -0.38460831E+19 -0.18457213E+20 -0.27019818E+20 -0.30826044E+20 -0.31267673E+20
 -0.29885382E+20 -0.27840801E+20 -0.25517381E+20 -0.23217653E+20 -0.21064201E+20
 -0.19107558E+20 -0.17345930E+20 -0.15774667E+20 -0.14377514E+20 -0.13129905E+20
 -0.12005264E+20 -0.10963830E+20 -0.99375299E+19 -0.88019885E+19 -0.73627794E+19
 -0.54393353E+19 -0.31652162E+19 -0.12227526E+19 -0.26305920E+18
 -0.24934497E-05 -0.14021108E-10 -0.13704280E-10 -0.13220704E-10 -0.12561477E-10
 -0.23478149E-05 -0.92180611E-06 -0.93977106E-11 -0.78869566E-11 -0.22614392E-05
 -0.40302812E-11 -0.16192408E-11 -0.23370311E-05  0.43548371E-11  0.79928457E-11
  0.12090139E-10  0.16611967E-10  0.21430432E-10 -0.24913592E-05  0.30801970E-10
 -0.25593755E-10 -0.56004775E-07 -0.99835016E-11 -0.53067623E-11 -0.22298821E-11
 -0.47250524E-14 -0.58602835E-06  0.33809043E-11  0.48790979E-11  0.63585805E-11
  0.78636133E-11  0.15936743E-05 -0.59793056E-06 -0.27383197E-05  0.68528931E-06
 -0.22240198E-05 -0.10625232E-04 -0.19188655E-04 -0.43433232E-04 -0.10683134E-03
 -0.26072768E-03 -0.94251502E-03 -0.34101021E-02 -0.73575849E-02 -0.10076990E-01
 -0.11552757E-01 -0.10922167E-01 -0.11428151E-01 -0.10613398E-01 -0.94704634E-02
 -0.90758729E-02 -0.79480900E-02 -0.67843913E-02 -0.57356697E-02 -0.48301253E-02
 -0.40803800E-02 -0.34163082E-02 -0.25603288E-02 -0.20490866E-02 -0.16247403E-02
 -0.12511388E-02 -0.82049065E-03 -0.46157672E-03 -0.18158364E-03
 -0.23433561E-05 -0.13836217E-10 -0.13527305E-10 -0.13055534E-10 -0.12411951E-10
 -0.22052258E-05 -0.10559259E-10 -0.93168566E-11 -0.78351775E-11 -0.21256511E-05
 -0.40409678E-11 -0.16593721E-11 -0.22042000E-05  0.42797412E-11  0.79298991E-11
  0.12084055E-10  0.16741772E-10  0.21823785E-10 -0.23747259E-05  0.32251299E-10
 -0.70983906E-10  0.10739025E-05 -0.27227382E-10 -0.14554064E-10 -0.62234755E-11
 -0.18226140E-12 -0.21793919E-05  0.90449867E-11  0.13137704E-10  0.17183735E-10
  0.21303909E-10  0.24422934E-05 -0.14173914E-05 -0.26711555E-05 -0.36731384E-05
  0.25070833E-05 -0.57254835E-05 -0.17925405E-04 -0.16881973E-04 -0.62749037E-04
 -0.10118374E-03 -0.28000514E-03 -0.15142002E-02 -0.48100920E-02 -0.76389341E-02
 -0.93334983E-02 -0.93475021E-02 -0.95266575E-02 -0.87127506E-02 -0.81972405E-02
 -0.73761362E-02 -0.66035600E-02 -0.56867201E-02 -0.52449722E-02 -0.40124749E-02
 -0.34855689E-02 -0.26882728E-02 -0.21722876E-02 -0.17756869E-02 -0.12174060E-02
 -0.77501913E-03 -0.65418238E-03 -0.45574276E-03 -0.16743422E-03
 -0.19236604E-05 -0.27977890E-06 -0.13384954E-10 -0.12928022E-10 -0.12304297E-10
 -0.20726510E-05 -0.10506806E-10 -0.92998609E-11 -0.78587354E-11 -0.19999730E-05
 -0.41583788E-11 -0.18265782E-11 -0.20808855E-05  0.40332065E-11  0.76803882E-11
  0.11895291E-10  0.16737234E-10  0.22223399E-10 -0.22654804E-05  0.34558059E-10
 -0.10738971E-09  0.21371947E-05 -0.39958168E-10 -0.21609157E-10 -0.95591270E-11
 -0.77303942E-12 -0.24309618E-05  0.97588004E-07  0.18761105E-10  0.24724554E-10
  0.30809435E-10  0.14484682E-05  0.19684172E-05 -0.52827645E-05 -0.29816029E-05
 -0.34270157E-05 -0.18380897E-06 -0.26377299E-04 -0.16343737E-05 -0.38652258E-04
 -0.19566670E-04 -0.70232301E-04 -0.75352128E-03 -0.34139907E-02 -0.55913424E-02
 -0.75239684E-02 -0.80260618E-02 -0.76453380E-02 -0.75318016E-02 -0.72552207E-02
 -0.63059106E-02 -0.53418915E-02 -0.43886966E-02 -0.48997464E-02 -0.34829653E-02
 -0.28330875E-02 -0.21613143E-02 -0.18347254E-02 -0.13223678E-02 -0.10126741E-02
 -0.70667050E-03 -0.51530581E-03 -0.33444934E-03 -0.16880249E-03
 -0.13670903E-10 -0.20721821E-05 -0.13242526E-10 -0.12803744E-10 -0.12204385E-10
 -0.19482688E-05 -0.10475084E-10 -0.93124032E-11 -0.79224259E-11 -0.18815155E-05
 -0.43429647E-11 -0.20776606E-11 -0.19629962E-05  0.36645844E-11  0.72896932E-11
  0.11552416E-10  0.16587483E-10  0.22550658E-10 -0.21578556E-05  0.37608194E-10
 -0.13452631E-09  0.17868749E-05 -0.48179809E-10 -0.26547662E-10 -0.12332141E-10
 -0.18814896E-11 -0.16510024E-06  0.14347921E-10  0.21615222E-10  0.28834877E-10
  0.36225219E-10  0.43967964E-10  0.34385397E-05 -0.37380842E-05 -0.39734945E-05
  0.49243715E-05 -0.26416734E-05 -0.25187211E-04 -0.38846907E-04  0.12203213E-04
  0.17967024E-04  0.14333894E-03 -0.34005829E-03 -0.22239846E-02 -0.42478421E-02
 -0.57836722E-02 -0.71772839E-02 -0.65833957E-02 -0.63608437E-02 -0.64644478E-02
 -0.53827505E-02 -0.48281057E-02 -0.39025948E-02 -0.36334257E-02 -0.31161675E-02
 -0.23651447E-02 -0.18989501E-02 -0.18300916E-02 -0.12850842E-02 -0.54406291E-03
 -0.68858134E-03 -0.50717068E-03 -0.23055810E-03 -0.15742910E-03
 -0.13493640E-10 -0.19459021E-05 -0.13085757E-10 -0.12667508E-10 -0.12095734E-10
 -0.18283966E-05 -0.10443698E-10 -0.93312179E-11 -0.79993833E-11 -0.17665802E-05
 -0.45586705E-11 -0.23708474E-11 -0.18480837E-05  0.32261275E-11  0.68108059E-11
  0.11098935E-10  0.16304472E-10  0.22748215E-10 -0.20512017E-05  0.41258788E-10
 -0.15214014E-09  0.12322246E-06 -0.52410151E-10 -0.29670819E-10 -0.14665387E-10
 -0.35097287E-11 -0.39798293E-06  0.14009062E-10  0.21907467E-10  0.29772786E-10
  0.37859724E-10 -0.11630188E-05  0.34349709E-05 -0.43829946E-05 -0.39235058E-05
  0.71529669E-05 -0.11182918E-04 -0.83120864E-05 -0.59313479E-04  0.51757641E-04
  0.27871026E-04  0.28322906E-03 -0.74813551E-04 -0.14431582E-02 -0.33448600E-02
 -0.49259099E-02 -0.64033026E-02 -0.55172621E-02 -0.58528434E-02 -0.53152992E-02
 -0.45960438E-02 -0.45809985E-02 -0.32713532E-02 -0.30236020E-02 -0.23612594E-02
 -0.24213134E-02 -0.18252387E-02 -0.12979981E-02 -0.13281521E-02 -0.61855557E-03
 -0.54524680E-03 -0.27114791E-03 -0.29106552E-03 -0.83535881E-04
 -0.13293262E-10 -0.18277500E-05 -0.12907233E-10 -0.12510901E-10 -0.11968565E-10
 -0.17159885E-05 -0.10398851E-10 -0.93396610E-11 -0.80693428E-11 -0.16581842E-05
 -0.47754188E-11 -0.26699110E-11 -0.17391083E-05  0.27687088E-11  0.63011777E-11
  0.10593899E-10  0.15933367E-10  0.22808529E-10 -0.19483211E-05  0.45339242E-10
  0.39178227E-06  0.11609159E-06 -0.53465367E-10 -0.31384979E-10 -0.16678162E-10
 -0.55878506E-11 -0.37430870E-06  0.12043648E-10  0.20052570E-10  0.28055872E-10
  0.36313230E-10 -0.67463840E-06  0.70225090E-06 -0.61105804E-05 -0.54994470E-05
  0.64654975E-05 -0.14060229E-04 -0.56546386E-05 -0.48477839E-04  0.61518417E-04
  0.66856710E-04  0.26961118E-03  0.19133554E-03 -0.11801162E-02 -0.25024208E-02
 -0.42362128E-02 -0.56408611E-02 -0.43190764E-02 -0.53038287E-02 -0.46133774E-02
 -0.33396845E-02 -0.40008902E-02 -0.31206996E-02 -0.25273129E-02 -0.20447451E-02
 -0.20660880E-02 -0.14963428E-02 -0.10824936E-02 -0.11658321E-02 -0.57951521E-03
 -0.46064275E-03 -0.29845806E-03 -0.25775898E-03 -0.92862875E-04
 -0.13058466E-10 -0.17173300E-05 -0.12694985E-10 -0.12321299E-10 -0.11809379E-10
 -0.16107437E-05 -0.10324524E-10 -0.93200324E-11 -0.81125420E-11 -0.15561535E-05
 -0.49667235E-11 -0.29436287E-11 -0.16358979E-05  0.23356073E-11  0.40017525E-08
  0.10098543E-10  0.15539506E-10  0.22773226E-10 -0.17163962E-05  0.49626223E-10
  0.16956953E-05  0.10938586E-06 -0.52264932E-10 -0.32102516E-10 -0.18463140E-10
 -0.79995883E-11 -0.18777527E-07  0.88582661E-11 -0.83268762E-06  0.24320380E-10
  0.32344664E-10 -0.15472119E-05 -0.94950889E-06 -0.42868749E-05 -0.87256490E-05
  0.15709331E-05 -0.63040640E-05 -0.22582927E-04 -0.29069659E-04  0.44518116E-04
  0.79375833E-04  0.28429264E-03  0.24604607E-03 -0.54829900E-03 -0.21751976E-02
 -0.42131561E-02 -0.41036980E-02 -0.38313831E-02 -0.41613230E-02 -0.35393670E-02
 -0.33253225E-02 -0.33883039E-02 -0.27683473E-02 -0.22812003E-02 -0.17419282E-02
 -0.13470546E-02 -0.11257646E-02 -0.11800692E-02 -0.87040292E-03 -0.68635515E-03
 -0.26208865E-03 -0.26491621E-03 -0.26263907E-03 -0.11865542E-03
 -0.12780005E-10 -0.15398329E-05 -0.12439082E-10 -0.12088118E-10 -0.11606743E-10
 -0.15123871E-05 -0.10207045E-10 -0.92572726E-11 -0.81123591E-11 -0.14603523E-05
 -0.48087317E-06 -0.31680656E-11 -0.15383302E-05  0.19622383E-11 -0.12785308E-05
  0.96731663E-11  0.15205484E-10  0.22743060E-10  0.33984897E-10  0.53874775E-10
  0.15101759E-05  0.93390956E-06 -0.49675828E-10 -0.32179148E-10 -0.20078178E-10
 -0.10605253E-10 -0.25122742E-11  0.48842029E-11 -0.10349970E-05  0.19239562E-10
  0.26735392E-10 -0.14747628E-05 -0.18712501E-05 -0.58487331E-05 -0.11704737E-04
 -0.31186513E-05  0.15627000E-05 -0.44917544E-04 -0.16163886E-04  0.38479063E-04
  0.69318613E-05  0.27053116E-03  0.39515955E-03 -0.46119964E-03 -0.15805595E-02
 -0.34895899E-02 -0.32986277E-02 -0.33120071E-02 -0.36999429E-02 -0.25940975E-02
 -0.31892859E-02 -0.25975504E-02 -0.21732493E-02 -0.23129912E-02 -0.15570161E-02
 -0.11305811E-02 -0.12245830E-02 -0.78202499E-03 -0.67233667E-03 -0.54200092E-03
 -0.24575945E-03 -0.22710616E-03 -0.19258075E-03 -0.65178986E-04
 -0.12449729E-10 -0.84573168E-06 -0.12130530E-10 -0.11801548E-10 -0.11349801E-10
 -0.14186190E-05 -0.10032935E-10 -0.91364611E-11 -0.80524744E-11 -0.13679461E-05
 -0.15560487E-05 -0.33245203E-11 -0.14436453E-05  0.16716648E-11 -0.14782901E-05
  0.93632383E-11  0.15010966E-10  0.22864422E-10  0.34922513E-10 -0.12076443E-05
 -0.72777966E-06  0.44841884E-05 -0.46390337E-10 -0.31896587E-10 -0.21558308E-10
 -0.13266633E-10 -0.60747865E-11  0.52726130E-12 -0.10066539E-05 -0.35135933E-09
  0.20229130E-10 -0.20791643E-05 -0.30295840E-05 -0.49503161E-05 -0.14216269E-04
 -0.79317478E-05 -0.50573103E-05 -0.53025055E-04  0.43899101E-05 -0.21994494E-04
  0.43496149E-05  0.26444859E-03  0.10101417E-03 -0.35103038E-03 -0.12064326E-02
 -0.26271362E-02 -0.33142664E-02 -0.24169089E-02 -0.33334324E-02 -0.20332749E-02
 -0.26960388E-02 -0.21592513E-02 -0.19267575E-02 -0.18103116E-02 -0.12101954E-02
 -0.13136818E-02 -0.11919155E-02 -0.49187233E-03 -0.59896523E-03 -0.42903881E-03
 -0.26365301E-03 -0.22992226E-03 -0.79686701E-04 -0.49624257E-04
 -0.12066517E-10 -0.11968241E-10 -0.11767880E-10 -0.11459790E-10 -0.11036256E-10
 -0.13310755E-05 -0.97984028E-11 -0.89527982E-11 -0.79269322E-11 -0.12832541E-05
 -0.14630648E-05 -0.34036855E-11 -0.13554886E-05  0.14741968E-11 -0.13878381E-05
  0.91959198E-11  0.15025393E-10  0.23330839E-10  0.36427731E-10 -0.14512738E-05
 -0.12645473E-05  0.46841228E-05 -0.42946163E-10 -0.12508800E-05 -0.22929267E-10
 -0.15880009E-10 -0.96290962E-11 -0.38720774E-11 -0.97749630E-06 -0.58808905E-09
  0.13454278E-10  0.19882954E-10 -0.58508615E-05 -0.51151905E-05 -0.13766893E-04
 -0.80776549E-05 -0.10628757E-04 -0.49254563E-04 -0.80126027E-05 -0.60783201E-04
 -0.22732695E-04  0.11213663E-03  0.19373533E-03 -0.32743981E-03 -0.11127078E-02
 -0.25909878E-02 -0.25064419E-02 -0.19239063E-02 -0.25141103E-02 -0.21804564E-02
 -0.25007125E-02 -0.18778418E-02 -0.13036725E-02 -0.17207657E-02 -0.11399280E-02
 -0.79932677E-03 -0.88294426E-03 -0.58289795E-03 -0.40935870E-03 -0.64203628E-04
 -0.25120031E-03 -0.23666169E-03 -0.98898770E-04 -0.46171298E-04
 -0.92147585E-11 -0.91416638E-11 -0.89926059E-11 -0.87632682E-11 -0.84477089E-11
 -0.99236755E-06 -0.75233448E-11 -0.68899625E-11 -0.61192971E-11 -0.95605938E-06
 -0.10923177E-05 -0.26885046E-11 -0.10107218E-05  0.10774587E-11 -0.10346685E-05
  0.71914602E-11  0.11937195E-10  0.18906569E-10  0.30447023E-10 -0.10616067E-05
  0.65196332E-08  0.25563443E-05 -0.31776761E-10 -0.25263257E-06 -0.88281192E-06
 -0.14290927E-10 -0.99851125E-11 -0.60121556E-11 -0.77443747E-06 -0.52122951E-09
  0.12965642E-06  0.10430500E-10 -0.35608746E-05 -0.26766412E-05 -0.12781711E-04
 -0.31796151E-05 -0.16371056E-04 -0.27293404E-04 -0.32890953E-04 -0.51662689E-04
 -0.52133660E-04 -0.15291883E-04  0.96081038E-04 -0.33758668E-03 -0.64523695E-03
 -0.18146545E-02 -0.10522363E-02 -0.15927535E-02 -0.16431582E-02 -0.17372763E-02
 -0.15355134E-02 -0.10644493E-02 -0.95585095E-03 -0.10673796E-02 -0.10341948E-02
 -0.37688803E-03 -0.34191651E-03 -0.36199875E-03 -0.35399129E-03 -0.78823789E-04
 -0.18547496E-03 -0.11753667E-03 -0.37334271E-04 -0.48002014E-04
 -0.10180091E-10 -0.10100902E-10 -0.99394077E-11 -0.96908300E-11 -0.93485233E-11
 -0.10760754E-05 -0.83437060E-11 -0.76532186E-11 -0.68107537E-11 -0.19672385E-05
 -0.25058965E-06 -0.30270965E-11 -0.10962885E-05  0.11909974E-11 -0.11223439E-05
  0.81767705E-11  0.13700693E-10  0.21939216E-10  0.35828957E-10 -0.11504082E-05
 -0.65315071E-10  0.28163082E-05 -0.35572363E-10 -0.28486488E-10 -0.22918323E-10
 -0.18180560E-10 -0.13866466E-10 -0.98783326E-11 -0.87400773E-06  0.54448309E-06
  0.16728355E-06  0.65144184E-11 -0.44564696E-05 -0.20528925E-05 -0.12313279E-04
 -0.12432169E-04 -0.20198572E-04 -0.15018036E-04 -0.58419703E-04 -0.66076146E-04
 -0.11746069E-03 -0.54203038E-04 -0.13722610E-03 -0.33066020E-03 -0.56317752E-03
 -0.18592344E-02 -0.77534652E-03 -0.17328799E-02 -0.18383536E-02 -0.16095801E-02
 -0.13632905E-02 -0.70468238E-03 -0.12440175E-02 -0.85555732E-03 -0.83567451E-03
 -0.59101798E-03 -0.57747235E-03 -0.28556593E-03 -0.20290981E-03 -0.11962791E-03
 -0.35097142E-03 -0.78106463E-04 -0.12226991E-03 -0.41286619E-04
 -0.11216487E-10 -0.11130695E-10 -0.10955754E-10 -0.10686378E-10 -0.10315126E-10
 -0.11659874E-05 -0.92228298E-11 -0.84698423E-11 -0.75483342E-11 -0.24031088E-05
 -0.50540446E-11 -0.33705148E-11 -0.11885500E-05  0.13595864E-11 -0.12163104E-05
  0.93276232E-11  0.15714285E-10  0.25324564E-10  0.41610070E-10 -0.12547389E-05
 -0.68188268E-10  0.30663964E-05 -0.40843410E-10 -0.33640058E-10  0.99584497E-06
 -0.23186286E-10 -0.18923317E-10 -0.14972279E-10 -0.96225334E-06 -0.73131183E-11
 -0.33294244E-11  0.94653254E-12 -0.45189130E-05 -0.43581211E-05 -0.10509770E-04
 -0.19021778E-04 -0.20083700E-04 -0.23061477E-04 -0.86079686E-04 -0.99010490E-04
 -0.17300620E-03 -0.20086638E-03 -0.41970251E-03 -0.38728540E-03 -0.80970516E-03
 -0.15239202E-02 -0.96784226E-03 -0.11654276E-02 -0.17021971E-02 -0.17508171E-02
 -0.12878667E-02 -0.53806987E-03 -0.94096988E-03 -0.99127733E-03 -0.84822606E-03
 -0.76508805E-03 -0.33455520E-03 -0.32308863E-03 -0.19235981E-03 -0.31056193E-03
 -0.13397305E-03 -0.13512149E-03 -0.11162599E-03 -0.79807587E-04
 -0.12316781E-10 -0.12223760E-10 -0.12034145E-10 -0.11742099E-10 -0.11339286E-10
 -0.12624902E-05 -0.10151327E-10 -0.93296844E-11 -0.83210050E-11 -0.26037017E-05
 -0.55732398E-11 -0.37044545E-11 -0.12864574E-05  0.15969736E-11 -0.13155272E-05
  0.10650957E-10  0.17973884E-10  0.29028514E-10  0.47700531E-10 -0.13709809E-05
 -0.70181731E-10  0.33187658E-05 -0.47390657E-10 -0.40137122E-10  0.18743391E-05
 -0.29576228E-10 -0.25432169E-10 -0.21592479E-10 -0.10552422E-05 -0.14329181E-10
 -0.10623907E-10 -0.66678985E-11 -0.56350954E-05 -0.59690371E-05 -0.12784620E-04
 -0.26198368E-04 -0.18913897E-04 -0.45749086E-04 -0.11506197E-03 -0.13754795E-03
 -0.25388075E-03 -0.45674983E-03 -0.72709906E-03 -0.51275701E-03 -0.11775547E-02
 -0.94036888E-03 -0.16022100E-02 -0.90975581E-03 -0.18500133E-02 -0.13872190E-02
 -0.87426588E-03 -0.47337094E-03 -0.10422380E-02 -0.11502321E-02 -0.60209491E-03
 -0.59889237E-03 -0.17484898E-03 -0.40820800E-03 -0.11523042E-03  0.89844307E-05
 -0.21374326E-03 -0.10766737E-03 -0.11731687E-03 -0.78717105E-04
 -0.13465244E-10 -0.13364329E-10 -0.13158741E-10 -0.12842072E-10 -0.12404999E-10
 -0.13659878E-05 -0.11113056E-10 -0.10216085E-10 -0.91114888E-11 -0.28155776E-05
 -0.60850608E-11 -0.40135329E-11 -0.13899763E-05  0.19109147E-11 -0.14229354E-05
  0.12132027E-10  0.20435327E-10  0.32947943E-10  0.53837494E-10 -0.14967636E-05
 -0.70577007E-10  0.29155513E-05  0.67084501E-06 -0.47975495E-10  0.20370065E-05
 -0.37619532E-10 -0.33675962E-10 -0.30066814E-10 -0.30394845E-05 -0.23485288E-10
 -0.20229629E-10 -0.16782820E-10 -0.43043942E-05 -0.90099913E-05 -0.86254983E-05
 -0.41078127E-04 -0.27001187E-04 -0.55562131E-04 -0.15967356E-03 -0.25001979E-03
 -0.33256222E-03 -0.69142093E-03 -0.96391886E-03 -0.90955561E-03 -0.12618001E-02
 -0.14368542E-02 -0.12360778E-02 -0.53636318E-03 -0.19443188E-02 -0.74616883E-03
 -0.31900339E-03 -0.26733260E-03 -0.15553464E-02 -0.99420869E-03 -0.27749102E-03
 -0.33688262E-03  0.65477277E-05 -0.39386882E-03 -0.21421091E-03  0.19461364E-04
 -0.10973608E-03 -0.12478521E-03 -0.56414180E-04 -0.15648629E-04
 -0.14636250E-10 -0.14526694E-10 -0.14303698E-10 -0.13960290E-10 -0.13486118E-10
 -0.14739832E-05 -0.12081948E-10 -0.11104943E-10 -0.79001178E-06 -0.30396475E-05
 -0.65760967E-11 -0.42885523E-11 -0.12419464E-05  0.22948676E-11 -0.15413634E-05
  0.13717439E-10  0.22991626E-10  0.36866897E-10  0.59532063E-10 -0.12558047E-05
 -0.68756102E-10  0.62264387E-06  0.19501477E-05 -0.57113016E-10  0.22051816E-05
 -0.46066345E-06 -0.43921249E-10 -0.40719646E-10 -0.34172255E-05 -0.35194512E-10
 -0.32592291E-10 -0.11610067E-05 -0.48938039E-05 -0.63169484E-05 -0.57694746E-05
 -0.56290315E-04 -0.47185976E-04 -0.80806289E-04 -0.20805989E-03 -0.35172114E-03
 -0.52639005E-03 -0.10112750E-02 -0.15998457E-02 -0.14430146E-02 -0.80063203E-03
 -0.19404856E-02 -0.12703740E-02 -0.60162833E-03 -0.11337637E-02 -0.47930427E-03
 -0.86462437E-04  0.10664884E-03 -0.12053730E-02 -0.12944496E-02  0.15999569E-03
 -0.54806970E-04 -0.12303222E-03 -0.43085297E-03  0.18734130E-03 -0.74365660E-04
 -0.69311684E-04 -0.45958278E-05  0.67659094E-04 -0.16363178E-04
 -0.15797951E-10 -0.15679421E-10 -0.15438424E-10 -0.15067455E-10 -0.14555120E-10
 -0.15885646E-05 -0.13035589E-10 -0.11975754E-10 -0.14871263E-05 -0.32820501E-05
 -0.70363209E-11 -0.45278185E-11 -0.13561474E-11  0.27181576E-11 -0.16694086E-05
  0.15295366E-10  0.25442737E-10  0.40415380E-10  0.64034289E-10 -0.98611173E-07
 -0.64563099E-10  0.11140710E-06  0.18857569E-05 -0.67499035E-10  0.23760533E-05
 -0.18720675E-05 -0.39369736E-06 -0.53815443E-10 -0.13507461E-05 -0.49803321E-10
 -0.48080443E-10 -0.19595391E-05 -0.48447936E-05 -0.11460092E-04 -0.17634823E-04
 -0.66168316E-04 -0.65735757E-04 -0.10309719E-03 -0.26961753E-03 -0.49505982E-03
 -0.78827916E-03 -0.14886530E-02 -0.26009955E-02 -0.20970970E-02 -0.77871321E-03
 -0.20912762E-02 -0.63779863E-03 -0.87213818E-03  0.37496457E-03 -0.48472504E-04
 -0.79563475E-03  0.34656494E-03 -0.79339109E-03 -0.70274648E-03  0.66297083E-03
 -0.54358103E-04  0.75143310E-04 -0.72833561E-04 -0.26553055E-04 -0.14489082E-03
 -0.84611097E-05  0.90127375E-04  0.93519485E-04 -0.20680602E-04
 -0.16915199E-10 -0.16787559E-10 -0.16528387E-10 -0.16129739E-10 -0.15579259E-10
 -0.17131223E-05 -0.13945203E-10 -0.12803662E-10 -0.16024283E-05 -0.35450835E-05
 -0.74648571E-11 -0.10765673E-05 -0.13045229E-11 -0.56070583E-07 -0.34217031E-05
  0.47556640E-06  0.27462577E-10  0.43027154E-10  0.58926959E-06  0.13238601E-06
 -0.59044692E-10  0.12046853E-06  0.19367710E-05 -0.78889963E-10  0.25523668E-05
 -0.73236444E-10 -0.24801636E-05 -0.69471196E-10 -0.14639131E-05 -0.67470270E-10
 -0.66843557E-10 -0.33797495E-05 -0.63325820E-05 -0.10304012E-04 -0.36161588E-04
 -0.88002187E-04 -0.10107699E-03 -0.15859967E-03 -0.37091650E-03 -0.71873888E-03
 -0.11608905E-02 -0.21245661E-02 -0.34770907E-02 -0.26983150E-02 -0.12352720E-02
 -0.69149939E-03 -0.45820178E-03 -0.51254997E-03  0.54197589E-03  0.35799343E-03
 -0.12203172E-03  0.80771181E-03 -0.80904673E-03 -0.31717570E-03  0.72372202E-03
  0.32797080E-03  0.49948865E-04  0.31186050E-03  0.19977780E-04 -0.24297279E-04
 -0.51134512E-04  0.81261407E-05  0.10646329E-03 -0.72924404E-04
 -0.17943390E-10 -0.11549656E-05 -0.17530782E-10 -0.17106242E-10 -0.16520374E-10
 -0.18468706E-05 -0.14781459E-10 -0.13566124E-10 -0.17249535E-05 -0.29374054E-05
 -0.78775481E-11 -0.18535643E-05 -0.13220847E-11  0.18057237E-05 -0.39032491E-05
  0.19949139E-05  0.28573362E-10  0.43965800E-10  0.21050356E-05  0.23666395E-05
 -0.53836509E-10  0.13038970E-06 -0.97778230E-07  0.14986617E-05  0.11976932E-05
 -0.88785328E-10 -0.26586362E-05 -0.87539905E-10 -0.15740150E-05 -0.42060708E-07
 -0.12951333E-05 -0.25174701E-05 -0.85343891E-05 -0.17755786E-04 -0.23357600E-04
 -0.11553881E-03 -0.14688697E-03 -0.20144087E-03 -0.46930923E-03 -0.95790459E-03
 -0.17187051E-02 -0.29230724E-02 -0.40685090E-02 -0.30840789E-02 -0.15918999E-02
 -0.41989508E-03 -0.24868538E-03 -0.19941151E-03  0.70606481E-03  0.16449498E-02
  0.31709150E-03  0.77162583E-03  0.29641851E-03 -0.16853972E-03  0.16787387E-03
  0.74040711E-03  0.46349128E-03  0.29275923E-03 -0.37189416E-05  0.99468878E-04
  0.91146132E-04  0.12190775E-03 -0.88592330E-04 -0.17588000E-05
 -0.18833550E-10 -0.19371538E-05  0.12366827E-05  0.77803221E-06 -0.15321968E-05
 -0.49398467E-06 -0.15518817E-10 -0.14247852E-10 -0.18549024E-05 -0.19038669E-05
 -0.83157632E-11 -0.19993976E-05 -0.15314045E-11  0.20449448E-05 -0.27208745E-05
  0.21551051E-05  0.28155527E-10  0.42308770E-10  0.22865097E-05  0.25762486E-05
 -0.50704161E-10  0.12671311E-05 -0.10219676E-06  0.71674962E-07 -0.10470779E-09
 -0.10557323E-09 -0.28406334E-05 -0.10748742E-09 -0.16829519E-05 -0.11073865E-09
 -0.23089580E-05 -0.62686107E-06 -0.16514502E-04 -0.13668149E-04 -0.41559344E-04
 -0.12496243E-03 -0.18277415E-03 -0.29489377E-03 -0.59680675E-03 -0.13005094E-02
 -0.23936394E-02 -0.37817102E-02 -0.45871804E-02 -0.38891585E-02 -0.13628849E-02
  0.40886791E-03 -0.31504172E-03  0.78395429E-03  0.20892162E-02  0.95791028E-03
  0.10723794E-02  0.12516105E-02  0.10120830E-02  0.12309801E-03  0.53960405E-03
  0.10951731E-02  0.33130303E-03  0.70073339E-03  0.18877220E-03  0.36359704E-03
  0.10929325E-03  0.32696919E-03  0.15494067E-03  0.35166944E-05
 -0.19535397E-10 -0.19434600E-05  0.30855997E-06 -0.18630374E-10 -0.22659666E-05
 -0.17179761E-10 -0.16140608E-10 -0.14846622E-10 -0.19924733E-05 -0.20467503E-05
 -0.14133940E-05 -0.72751475E-06 -0.21143018E-11  0.23581207E-05 -0.22658348E-05
  0.23300359E-05  0.25461266E-10  0.36941829E-10  0.24790224E-05  0.27964582E-05
 -0.51253668E-10  0.22305748E-05 -0.19124867E-07 -0.11467576E-09 -0.11956533E-09
 -0.12279893E-09 -0.30254694E-05 -0.12830205E-09 -0.17926867E-05 -0.13436617E-09
 -0.24748093E-05 -0.29524418E-05 -0.19133261E-04 -0.26553950E-04 -0.52160825E-04
 -0.13208378E-03 -0.23970376E-03 -0.39873475E-03 -0.86639983E-03 -0.18304424E-02
 -0.30608686E-02 -0.51679756E-02 -0.51373929E-02 -0.30857992E-02 -0.20623723E-02
  0.51568899E-03  0.93050173E-03  0.23374978E-02  0.13391530E-02  0.15360323E-02
  0.20664597E-02  0.67927225E-03  0.19614589E-02  0.10759324E-02  0.14051246E-02
  0.99010878E-03  0.62840940E-03  0.61454428E-03  0.65407088E-03  0.51570250E-03
  0.26602808E-03  0.21398998E-03  0.16867523E-03  0.69912734E-04
 -0.20001362E-10 -0.22508475E-05  0.29223218E-06 -0.19098897E-10 -0.24329861E-05
  0.53795981E-06  0.57752800E-06 -0.53638992E-08 -0.21318598E-05 -0.21939872E-05
 -0.22951319E-05 -0.67766305E-11 -0.33139007E-11  0.25461600E-05 -0.89035529E-06
  0.25166930E-05  0.19703491E-10  0.26821234E-10  0.26814671E-05  0.11977448E-05
 -0.56487179E-10 -0.17404409E-05  0.61819546E-06 -0.12575454E-09 -0.13369654E-09
 -0.13937717E-09 -0.10171960E-05 -0.22352301E-05 -0.19034310E-05 -0.15702277E-09
 -0.16092580E-09 -0.33605301E-05 -0.18070140E-04 -0.35202279E-04 -0.69688964E-04
 -0.16899616E-03 -0.33289623E-03 -0.51107035E-03 -0.10983656E-02 -0.24738027E-02
 -0.38967910E-02 -0.60559075E-02 -0.42069500E-02 -0.33094896E-02 -0.46061102E-03
  0.31509371E-03  0.17827548E-02  0.18570779E-02  0.24610463E-02  0.17631891E-02
  0.29708525E-02  0.14895448E-02  0.18943830E-02  0.20186515E-02  0.13196656E-02
  0.10982032E-02  0.10566295E-02  0.96773797E-03  0.71470486E-03  0.48436910E-03
  0.25681298E-03  0.21703177E-03  0.22242663E-03  0.54746583E-04
 -0.20186152E-10 -0.24938342E-05 -0.75648165E-06 -0.26558630E-07 -0.22767433E-05
 -0.17985454E-10 -0.19585242E-06 -0.22388962E-05 -0.22855684E-05 -0.23549677E-05
 -0.13320243E-05 -0.82978133E-11 -0.54155349E-11  0.27471430E-05 -0.13019869E-06
  0.95826967E-06  0.10140432E-10  0.11498118E-10  0.23667277E-05 -0.21236925E-05
 -0.66439841E-10 -0.56598860E-06  0.73118773E-06 -0.13583099E-09 -0.14623439E-09
 -0.15402965E-09 -0.16046068E-09 -0.34542796E-05 -0.20152752E-05 -0.53483961E-06
 -0.18070440E-09 -0.63929985E-05 -0.11232137E-04 -0.61474312E-04 -0.77268265E-04
 -0.22121691E-03 -0.42710769E-03 -0.62034382E-03 -0.15562156E-02 -0.31796135E-02
 -0.46932116E-02 -0.63863051E-02 -0.37495617E-02 -0.24938738E-02 -0.14035308E-03
  0.77854966E-03  0.24820276E-02  0.17095959E-02  0.30668555E-02  0.33265685E-02
  0.31400885E-02  0.26902327E-02  0.18357306E-02  0.25869076E-02  0.11425470E-02
  0.12932029E-02  0.18445779E-02  0.12423584E-02  0.79917743E-03  0.46831872E-03
  0.55713560E-03  0.30608194E-03  0.11383092E-03  0.10399793E-03
 -0.20071272E-10 -0.26781695E-05 -0.24320097E-05 -0.19320770E-10 -0.20792985E-05
 -0.18166187E-10 -0.28306589E-05 -0.16407252E-10 -0.13588621E-05 -0.36205830E-05
 -0.12388006E-10 -0.10635810E-10 -0.86972657E-11  0.29613653E-05 -0.14558388E-06
  0.12416315E-05 -0.35834002E-11  0.44957875E-06 -0.24773471E-10  0.50678768E-06
 -0.80049308E-10 -0.42142033E-06  0.11613918E-06 -0.14451321E-09 -0.15628191E-09
 -0.50162143E-06  0.13388124E-06 -0.36366608E-05 -0.21300369E-05 -0.25008735E-06
 -0.76416036E-05 -0.85166449E-05 -0.10028056E-04 -0.67894554E-04 -0.11851058E-03
 -0.21806326E-03 -0.52651234E-03 -0.94351726E-03 -0.20349252E-02 -0.41573281E-02
 -0.55605397E-02 -0.58845569E-02 -0.25855480E-02 -0.16063773E-02  0.90733893E-03
  0.14502327E-02  0.26993544E-02  0.10378809E-02  0.51806087E-02  0.37222770E-02
  0.36723812E-02  0.34901664E-02  0.29874635E-02  0.25415630E-02  0.17341352E-02
  0.12384096E-02  0.13753792E-02  0.12906261E-02  0.80093107E-03  0.82131943E-03
  0.85423758E-03  0.26330769E-03  0.56818454E-04  0.45394601E-04
 -0.19647037E-10 -0.28755296E-05 -0.26024789E-05 -0.19075073E-10  0.46636948E-06
 -0.18233462E-10 -0.48259665E-05 -0.27270144E-06 -0.16314483E-10 -0.53403366E-05
 -0.14724116E-10 -0.13952184E-10 -0.13334553E-10  0.31891278E-05 -0.29181248E-05
  0.15837675E-05  0.26168132E-05  0.32087051E-05 -0.55772588E-10  0.26591525E-05
 -0.95287579E-10 -0.33198752E-06 -0.20119409E-05 -0.20179966E-05 -0.16290294E-09
  0.32414025E-05  0.11030483E-06 -0.11411963E-05 -0.51589630E-05  0.33939254E-05
 -0.86776957E-05 -0.39855916E-05 -0.83541048E-05 -0.59599834E-04 -0.18794091E-03
 -0.25100480E-03 -0.60263248E-03 -0.12449073E-02 -0.28069753E-02 -0.48465984E-02
 -0.57011427E-02 -0.37032242E-02 -0.19916761E-02 -0.44411394E-03  0.20243856E-02
  0.18713794E-02  0.28679663E-02  0.37152747E-02  0.44400246E-02  0.45806896E-02
  0.44735318E-02  0.34547400E-02  0.33216948E-02  0.20817418E-02  0.24979784E-02
  0.22095668E-02  0.18269826E-02  0.13328120E-02  0.84762076E-03  0.73849161E-03
  0.80432786E-03  0.45186746E-03  0.27535232E-03  0.25475817E-04
 -0.18915185E-10 -0.26238924E-05 -0.27208517E-05 -0.18602621E-10  0.51592358E-06
 -0.18206942E-10 -0.15673818E-06 -0.31924476E-05 -0.17641243E-10 -0.57144869E-05
 -0.17754991E-10 -0.18234972E-10 -0.19252080E-10  0.34305652E-05 -0.32714770E-05
  0.34569448E-05 -0.40339604E-10  0.34326031E-05 -0.85503828E-10 -0.22172928E-05
 -0.10948427E-09 -0.36346571E-06 -0.36238319E-05 -0.34578360E-05 -0.16507987E-09
  0.85714960E-06 -0.26117061E-05  0.18183214E-05 -0.64801853E-05  0.55555668E-05
 -0.94588135E-05 -0.62247504E-05 -0.18926657E-04 -0.48214282E-04 -0.19728950E-03
 -0.27457355E-03 -0.75847836E-03 -0.16262329E-02 -0.31838243E-02 -0.52464754E-02
 -0.51514097E-02 -0.27331808E-02 -0.42024441E-03  0.50366434E-03  0.14991794E-02
  0.34025355E-02  0.39217373E-02  0.53145757E-02  0.47599401E-02  0.44463127E-02
  0.44268301E-02  0.39593162E-02  0.26633231E-02  0.31294280E-02  0.26699219E-02
  0.19559214E-02  0.19059616E-02  0.10984611E-02  0.13490847E-02  0.11502612E-02
  0.76208566E-03  0.44168104E-03  0.22011188E-03  0.11815376E-03
 -0.17872999E-10 -0.17870384E-10 -0.28880474E-05 -0.17892448E-10 -0.19966284E-07
 -0.18058266E-10 -0.18261371E-10 -0.34330290E-05 -0.19145087E-10 -0.41496558E-05
 -0.21247924E-10 -0.23134695E-10 -0.25927130E-10  0.36818226E-05 -0.35037718E-05
  0.36152647E-05 -0.59156169E-10  0.15169245E-06  0.35894277E-05  0.49092834E-06
 -0.11974566E-09 -0.24009913E-05 -0.42066357E-05 -0.39151429E-05 -0.16212726E-09
 -0.16904667E-09 -0.37274276E-05  0.37134088E-05 -0.38014258E-05  0.38720782E-05
 -0.11099492E-05 -0.24147314E-05 -0.36148304E-04 -0.37557135E-04 -0.18871098E-03
 -0.32516456E-03 -0.92957079E-03 -0.17683089E-02 -0.35904952E-02 -0.49633978E-02
 -0.33651909E-02 -0.20523271E-02  0.10448195E-02  0.22306384E-02  0.24810076E-02
  0.47783977E-02  0.52822711E-02  0.67536464E-02  0.60608772E-02  0.47333619E-02
  0.47196606E-02  0.42818109E-02  0.31561723E-02  0.24865930E-02  0.28910996E-02
  0.22728502E-02  0.13765845E-02  0.15123124E-02  0.14560940E-02  0.97537497E-03
  0.72607147E-03  0.50633065E-03  0.18214027E-03  0.13965807E-03
 -0.16481411E-10 -0.16538063E-10 -0.30921857E-05 -0.16868971E-10  0.11017692E-06
 -0.17646788E-10 -0.18300699E-10 -0.36886835E-05 -0.60529104E-07 -0.32231042E-05
 -0.24569876E-10 -0.27802697E-10 -0.28971624E-05  0.17010720E-05 -0.37506442E-05
  0.72262415E-06 -0.74025176E-10 -0.95958020E-10  0.39936517E-05  0.42682145E-07
 -0.33696936E-05 -0.41116475E-05 -0.19492560E-05 -0.48445564E-05 -0.15309219E-09
 -0.15803818E-09  0.17417745E-05  0.23903765E-05  0.20998565E-05  0.30883275E-05
  0.33161534E-05 -0.12548694E-04 -0.43910702E-04 -0.62823262E-04 -0.13301885E-03
 -0.37937986E-03 -0.92344038E-03 -0.17228443E-02 -0.39357874E-02 -0.40057000E-02
 -0.10474533E-02  0.75851802E-03  0.28191398E-02  0.35010598E-02  0.33647749E-02
  0.56566458E-02  0.70898506E-02  0.67705988E-02  0.67489658E-02  0.52923667E-02
  0.47321636E-02  0.42026158E-02  0.45819711E-02  0.31010159E-02  0.24672618E-02
  0.27970027E-02  0.15955773E-02  0.11280822E-02  0.70051113E-03  0.10534937E-02
  0.65322836E-03  0.52946478E-03  0.22604243E-03  0.93407111E-04
 -0.14616236E-10 -0.14726748E-10 -0.46434954E-06 -0.15335341E-10  0.23493536E-06
  0.57917251E-06  0.91505928E-06 -0.39657772E-05 -0.37820202E-05 -0.23024690E-05
 -0.26574943E-10 -0.36666019E-05 -0.19384259E-05  0.58716309E-05 -0.64207932E-05
 -0.65231801E-10  0.17217946E-05 -0.17675004E-06  0.43477552E-05  0.52160829E-06
 -0.43406470E-05 -0.43579936E-05 -0.86514026E-06 -0.46239203E-05 -0.13658012E-09
 -0.13966171E-09  0.40277817E-05  0.40567551E-05  0.10537350E-05  0.22664615E-05
 -0.11339271E-04 -0.42068269E-05 -0.32766360E-04 -0.41496689E-04 -0.18799968E-03
 -0.40942024E-03 -0.82382167E-03 -0.17216540E-02 -0.32132059E-02 -0.19851218E-02
  0.12017826E-02  0.41367380E-02  0.40298209E-02  0.57454910E-02  0.86826174E-02
  0.67602055E-02  0.72789773E-02  0.80207986E-02  0.73235049E-02  0.63185154E-02
  0.59570531E-02  0.44507745E-02  0.34273633E-02  0.32347150E-02  0.35802926E-02
  0.18742986E-02  0.16701590E-02  0.13498498E-02  0.10751804E-02  0.67068743E-03
  0.82813405E-03  0.65423986E-03  0.23528551E-03  0.81403103E-04
 -0.12035574E-10 -0.12176396E-10 -0.12469758E-10 -0.12936718E-10 -0.13608729E-10
 -0.14529421E-10  0.30817123E-05 -0.41484034E-05 -0.40694674E-05 -0.22157286E-10
 -0.25618859E-10 -0.42709689E-05 -0.35670235E-10  0.84358610E-05 -0.67777753E-05
  0.12542991E-05  0.18179007E-05 -0.26775208E-06  0.43944050E-05 -0.22914437E-05
 -0.72220827E-06 -0.31357698E-05 -0.72958892E-05 -0.10947584E-09 -0.11142201E-09
  0.22955361E-06  0.43531834E-05  0.64172354E-05  0.39090146E-06  0.43306096E-05
 -0.11394808E-04 -0.60119711E-05  0.54906791E-06 -0.29672909E-04 -0.17533043E-03
 -0.20678952E-03 -0.60754283E-03 -0.14736801E-02 -0.22261409E-02  0.17727961E-02
  0.38281435E-02  0.73449059E-02  0.90582169E-02  0.83703282E-02  0.10206159E-01
  0.91514569E-02  0.92101245E-02  0.84183635E-02  0.81533146E-02  0.72058054E-02
  0.62403294E-02  0.55509005E-02  0.39695418E-02  0.33566027E-02  0.31377822E-02
  0.26030595E-02  0.19739332E-02  0.11222292E-02  0.12265677E-02  0.78597396E-03
  0.74170495E-03  0.51352240E-03  0.31627687E-03  0.13451172E-03
 -0.83655910E-11 -0.84923385E-11 -0.87550248E-11 -0.91703219E-11 -0.97631581E-11
 -0.10567917E-10 -0.11630002E-10 -0.44751246E-05 -0.28589910E-05 -0.17022439E-10
 -0.19861925E-10 -0.43798673E-05 -0.27872959E-10  0.29289284E-05  0.33518296E-05
  0.14388642E-05  0.57274479E-06  0.23923531E-05  0.39526950E-05 -0.13333541E-06
 -0.22431080E-06  0.17207441E-05 -0.10715654E-04  0.18252839E-05  0.37154920E-06
  0.96235490E-08  0.26792039E-05  0.28943768E-05 -0.78821057E-10 -0.96208692E-06
 -0.31431082E-05  0.10363059E-04  0.26458341E-04 -0.22107183E-04 -0.73958030E-04
 -0.18684334E-04 -0.30421955E-03 -0.59006956E-03  0.48023107E-04  0.51490097E-02
  0.90496284E-02  0.11977182E-01  0.13718125E-01  0.14363033E-01  0.13379104E-01
  0.12099406E-01  0.11298020E-01  0.10467300E-01  0.10574756E-01  0.82405539E-02
  0.76111493E-02  0.63377153E-02  0.51146940E-02  0.35437061E-02  0.36771498E-02
  0.25334101E-02  0.20929473E-02  0.18805266E-02  0.12355408E-02  0.11182693E-02
  0.68490973E-03  0.52338617E-03  0.29886645E-03  0.13869175E-03
 -0.31832110E-11 -0.32377647E-11 -0.33505789E-11 -0.35284000E-11 -0.37813143E-11
 -0.41231782E-11 -0.45721697E-11 -0.13697561E-05  0.11466219E-06 -0.68223143E-11
 -0.79909999E-11 -0.17159520E-05 -0.11238400E-10  0.74062834E-06  0.14495512E-05
  0.36163362E-05 -0.23050854E-10  0.34682179E-05  0.61785757E-06  0.11940636E-06
  0.77334329E-06  0.14622878E-05 -0.44422536E-05 -0.28353722E-10 -0.28594774E-10
 -0.28810496E-10  0.48711165E-05  0.65690309E-05 -0.29448044E-10 -0.12428826E-05
  0.32911837E-06  0.12140865E-04  0.20044947E-04 -0.78991169E-05  0.73804885E-04
  0.23354906E-03  0.51655810E-03  0.11596020E-02  0.58041006E-02  0.13061834E-01
  0.17805975E-01  0.19639252E-01  0.20479638E-01  0.20179151E-01  0.19366782E-01
  0.17187874E-01  0.15340446E-01  0.14341032E-01  0.12159336E-01  0.11204660E-01
  0.93890264E-02  0.78861656E-02  0.64295993E-02  0.54919718E-02  0.44165697E-02
  0.34802408E-02  0.27579242E-02  0.22288784E-02  0.17810855E-02  0.12293933E-02
  0.85453681E-03  0.58022850E-03  0.32328392E-03  0.18378101E-03
 -0.10508154E-05 -0.25225155E-11 -0.32975269E-11 -0.27096267E-11 -0.18915170E-12
  0.13060455E-05  0.32526502E-05  0.25296284E-10  0.42144991E-10  0.13132606E-05
  0.93095130E-10  0.12863712E-09 -0.73596257E-06  0.22099666E-09  0.27509609E-09
  0.32772555E-09  0.36637284E-09  0.36844864E-09  0.32429810E-06  0.12148992E-09
  0.75135022E-08  0.14757927E-06  0.24068069E-07  0.26220537E-07  0.26502112E-07
  0.25756392E-07 -0.50865505E-06  0.22726549E-07  0.20812405E-07  0.18755202E-07
  0.16605349E-07 -0.39789283E-05 -0.27616337E-05  0.31477440E-05  0.80728893E-05
 -0.26349054E-04  0.27081421E-04 -0.34976108E-04 -0.34908603E-04 -0.50316520E-04
  0.16622049E-04 -0.25453183E-03 -0.83746032E-03 -0.13834404E-02  0.13522434E-03
  0.30445024E-03 -0.42704589E-03  0.11532658E-03 -0.29876658E-03  0.24922383E-03
  0.46956127E-04  0.39531699E-03 -0.57480297E-03 -0.61931258E-04 -0.25333372E-03
 -0.84409345E-04 -0.19151844E-03  0.34893998E-04 -0.24393507E-03 -0.23686988E-03
  0.15434566E-05  0.98996100E-04 -0.15096544E-04 -0.48803020E-04
 -0.98757067E-06 -0.96470007E-11 -0.13497164E-10 -0.13461768E-10 -0.79102141E-11
  0.12267261E-05  0.26862271E-10  0.60040677E-10  0.10668048E-09  0.12349128E-05
  0.24988441E-09  0.35094180E-09 -0.69304079E-06  0.61662994E-09  0.77470819E-09
  0.93201878E-09  0.10541934E-08  0.10759156E-08  0.31087711E-06  0.36638123E-09
  0.70748565E-08 -0.48999798E-06  0.22196001E-07  0.24096709E-07  0.24364748E-07
  0.23736204E-07  0.69593524E-06  0.21119559E-07  0.19454688E-07  0.17660269E-07
  0.15781301E-07 -0.22381092E-05 -0.41839409E-05  0.33890204E-05  0.47255178E-05
  0.15928030E-05  0.25007833E-04 -0.16213547E-04 -0.34025362E-04 -0.23080611E-04
  0.18483525E-04  0.88229780E-04 -0.77323302E-03 -0.83759833E-03 -0.38869602E-03
  0.40818626E-03 -0.33739932E-03  0.47780834E-03  0.72604309E-04  0.13323360E-03
  0.40882390E-03 -0.17733405E-03 -0.39989746E-03 -0.18606522E-03 -0.43578668E-03
  0.18955236E-03 -0.12809883E-03  0.16775093E-03 -0.17502665E-03 -0.39112314E-04
 -0.26784908E-04  0.13433900E-04 -0.12110772E-03 -0.14754904E-03
 -0.81071021E-06 -0.11793124E-06 -0.32946018E-10 -0.37756057E-10 -0.34058631E-10
  0.11528809E-05  0.98946325E-11  0.56302772E-10  0.12358274E-09  0.11621220E-05
  0.33590202E-09  0.48834048E-09 -0.65355275E-06  0.89585782E-09  0.11438208E-08
  0.13983049E-08  0.16109105E-08  0.16824473E-08  0.29812929E-06  0.60285040E-09
  0.65444447E-08 -0.10903331E-05  0.19795225E-07  0.21375593E-07  0.21647670E-07
  0.21197078E-07  0.19482829E-05  0.14837007E-05  0.17854131E-07  0.16426265E-07
  0.14923997E-07 -0.13219868E-05 -0.74229245E-06  0.26412128E-05  0.62442579E-05
 -0.24180781E-04 -0.37378355E-04  0.86294676E-05 -0.34595187E-04 -0.51500220E-05
  0.15331457E-03  0.30303659E-03 -0.17389341E-03 -0.51450297E-03 -0.58072760E-04
  0.10211463E-03  0.10328261E-02  0.70362492E-03 -0.29877280E-03  0.20060552E-04
  0.88566792E-04 -0.10872538E-03 -0.36640400E-03  0.20246059E-03  0.11033014E-03
  0.17548706E-03  0.20527385E-03 -0.36552406E-03  0.58766901E-04 -0.10977861E-04
  0.45656664E-04 -0.58663627E-04 -0.11650853E-03 -0.68118268E-04
 -0.14450006E-10 -0.87342130E-06 -0.64718613E-10 -0.80009860E-10 -0.84510325E-10
  0.10834790E-05 -0.47073806E-10  0.27219815E-11  0.79114811E-10  0.10931798E-05
  0.33135674E-09  0.51712543E-09 -0.61624986E-06  0.10246027E-08  0.13414844E-08
  0.16778059E-08  0.19807707E-08  0.21319032E-08  0.28522591E-06  0.81755726E-09
  0.58629550E-08 -0.71366227E-06  0.16929489E-07  0.18194413E-07  0.18507395E-07
  0.18281919E-07  0.28097372E-04  0.16952718E-07  0.16039100E-07  0.15033514E-07
  0.13965102E-07  0.12851686E-07 -0.82703486E-06  0.36197200E-05  0.23927382E-05
 -0.15119346E-04  0.40020608E-06  0.75868040E-05 -0.31192856E-04 -0.50284569E-04
  0.13572547E-04  0.16727151E-03 -0.33763862E-03 -0.14298178E-03  0.51477150E-03
  0.40932991E-03  0.27988991E-03  0.19936184E-03  0.49954301E-03  0.51841871E-04
  0.60242695E-03  0.87990599E-04  0.24961840E-03 -0.29836229E-03 -0.25586354E-04
 -0.12229179E-03  0.32039099E-04 -0.55258959E-04  0.81872377E-04 -0.48889881E-04
  0.79174267E-04  0.22252045E-03  0.95099796E-04 -0.25508961E-04
 -0.23596020E-10 -0.82028868E-06 -0.10942142E-09 -0.14112498E-09 -0.16051593E-09
  0.10164794E-05 -0.14622021E-09 -0.10349913E-09 -0.30283821E-10  0.10259624E-05
  0.23052992E-09  0.42997845E-09 -0.58033779E-06  0.99006770E-09  0.13497202E-08
  0.17442106E-08  0.21251657E-08  0.23728948E-08  0.27199085E-06  0.98957309E-09
  0.49787483E-08  0.60536725E-06  0.13675774E-07  0.14690499E-07  0.15093879E-07
  0.15127519E-07  0.50325068E-05  0.14540412E-07  0.14050305E-07  0.13482435E-07
  0.12863699E-07  0.28575614E-05  0.35406262E-06  0.12007365E-05  0.79976742E-05
 -0.10832995E-04 -0.17451908E-04  0.25926615E-04 -0.25175356E-04 -0.20915603E-04
  0.22802221E-03  0.21108153E-03 -0.79121509E-03 -0.79415264E-03  0.10322755E-04
  0.50328143E-03  0.34180278E-04  0.31130553E-03  0.32499832E-03  0.77583664E-03
  0.10982046E-02  0.10284395E-03  0.16177149E-03  0.43079626E-04 -0.12509752E-03
  0.23725269E-03  0.39304502E-04  0.42117168E-04 -0.73272501E-04 -0.14716668E-03
 -0.12036478E-03 -0.10379683E-03 -0.43479592E-04 -0.11527578E-03
 -0.34933894E-10 -0.77059698E-06 -0.16563533E-09 -0.21912161E-09 -0.25954205E-09
  0.95354911E-06 -0.28393686E-09 -0.25823893E-09 -0.20000376E-09  0.96228470E-06
  0.38843056E-10  0.23252470E-09 -0.54667936E-06  0.79657983E-09  0.11700321E-08
  0.15923938E-08  0.20254447E-08  0.23651086E-08  0.25869725E-06  0.10895115E-08
  0.26473165E-07  0.57789958E-06  0.10155752E-07  0.11024605E-07  0.11569684E-07
  0.11881772E-07  0.48641517E-05  0.12032017E-07  0.11953664E-07  0.11811191E-07
  0.11623636E-07 -0.24389215E-05  0.14760237E-06  0.36156823E-05  0.13097453E-05
 -0.20352177E-04 -0.46989699E-05 -0.13324430E-05 -0.86952866E-04  0.58471109E-05
  0.19663884E-03  0.26814678E-03 -0.36925811E-04 -0.47142978E-03 -0.83069993E-03
  0.52587321E-03  0.14098172E-02  0.68219236E-03 -0.91490572E-03  0.29226941E-03
  0.40380200E-03 -0.19857863E-03  0.37756204E-03  0.15913389E-03 -0.14870338E-03
 -0.19194820E-03 -0.12330355E-03  0.93364299E-04 -0.40323766E-03 -0.43975604E-04
  0.27034040E-04 -0.76993870E-04 -0.63072147E-04 -0.11142829E-03
 -0.47845260E-10 -0.72417211E-06 -0.23024812E-09 -0.30961499E-09 -0.37590687E-09
  0.89455490E-06 -0.45186383E-09 -0.45175678E-09 -0.41889938E-09  0.90213058E-06
 -0.22974538E-09 -0.59969927E-10 -0.51512470E-06  0.46097552E-09  0.10561682E-05
  0.12342386E-08  0.16819892E-08  0.20835510E-08  0.22780941E-06  0.10786739E-08
  0.99581400E-07  0.55090729E-06  0.65455058E-08  0.73869032E-08  0.81156234E-08
  0.87090355E-08  0.26018986E-06  0.95500486E-08  0.42296110E-06  0.10092586E-07
  0.10298776E-07 -0.10466513E-05  0.30026287E-05  0.27730525E-05 -0.54086216E-05
 -0.18235250E-05 -0.17290357E-04  0.37425352E-04  0.55094239E-04  0.67762502E-04
  0.28590138E-03  0.35153734E-03  0.37180995E-03 -0.96400033E-03 -0.38326944E-03
  0.56257819E-03  0.11973685E-02  0.23186672E-03 -0.11824351E-02 -0.12507039E-02
  0.10656682E-02  0.31833807E-03  0.32295193E-04  0.16085966E-03  0.82472052E-04
 -0.17308018E-03 -0.23143763E-03  0.14517098E-03  0.30231688E-04  0.14518781E-03
  0.60123292E-04 -0.16697864E-03 -0.49669366E-04 -0.13423643E-03
 -0.61486245E-10 -0.26919917E-05 -0.29897484E-09 -0.40651848E-09 -0.50164152E-09
  0.83938155E-06 -0.63797439E-09 -0.66983977E-09 -0.67047448E-09  0.84551533E-06
  0.24129103E-05 -0.42390765E-09 -0.48552526E-06  0.10762531E-10  0.23909963E-05
  0.69646812E-09  0.11139071E-08  0.15239381E-08  0.17518320E-08  0.91124276E-09
  0.86508315E-07  0.10045529E-05  0.30711440E-08  0.39919783E-08  0.49271471E-08
  0.57861573E-08  0.65515184E-08  0.72362304E-08  0.52069162E-06  0.84338546E-08
  0.89760620E-08 -0.63525733E-07  0.10111739E-05  0.25017539E-05  0.26265596E-05
 -0.39152897E-05 -0.25188620E-05 -0.13257111E-05 -0.11259742E-04  0.80756325E-04
  0.16853231E-03  0.24312655E-03  0.24015503E-03 -0.53262482E-03 -0.15677991E-03
  0.30628444E-03 -0.86143652E-03 -0.29758033E-03  0.41463253E-03  0.40606048E-03
  0.58130530E-03 -0.21536874E-03 -0.69886388E-05  0.59769701E-04 -0.13993472E-03
 -0.22494594E-03  0.56067730E-04  0.39754738E-03  0.47205323E-03  0.10988106E-03
  0.35467697E-03  0.24609547E-04  0.11818430E-03 -0.10514466E-03
 -0.74921647E-10 -0.35620030E-05 -0.36701155E-09 -0.50293357E-09 -0.62758694E-09
  0.78678605E-06 -0.82793491E-09 -0.89517915E-09 -0.93416689E-09  0.79088563E-06
  0.78064695E-05 -0.82765660E-09 -0.45689579E-06 -0.51542246E-09  0.24427666E-05
  0.20601650E-10  0.35889098E-09  0.70632564E-09  0.96281701E-09 -0.16571937E-05
 -0.13175057E-05  0.17850730E-05 -0.27674357E-11  0.10681426E-08  0.22044812E-08
  0.32920288E-08  0.43009204E-08  0.52376983E-08  0.50429008E-06  0.36436292E-05
  0.77655241E-08 -0.14127849E-05  0.27012254E-06  0.27233346E-05  0.45696558E-05
 -0.12158925E-04  0.82694781E-05  0.98517804E-05  0.13494309E-03  0.11768656E-03
  0.18574358E-03  0.39977740E-03  0.23008972E-04 -0.76051467E-03  0.14189972E-03
 -0.20015004E-03 -0.66187539E-03  0.50724254E-03  0.13851686E-04 -0.26494946E-05
  0.10287915E-02 -0.30466327E-03 -0.50751046E-03  0.22717176E-04 -0.61211204E-04
  0.34494506E-03 -0.16956462E-03 -0.20407961E-03 -0.24472646E-03  0.22513826E-03
  0.55658461E-04  0.15078437E-03  0.65819462E-04 -0.67803960E-04
 -0.87312253E-10 -0.26064405E-09 -0.43000577E-09 -0.59255051E-09 -0.74525707E-09
  0.73770347E-06 -0.10079507E-08 -0.11106748E-08 -0.11890075E-08  0.74081892E-06
  0.73373117E-05 -0.12343427E-08 -0.43026976E-06 -0.10665780E-08  0.22909172E-05
 -0.72943131E-09 -0.51732288E-09 -0.31386741E-09 -0.18722990E-09 -0.19937180E-05
 -0.13745965E-05  0.19947891E-05 -0.23862766E-08 -0.80572815E-06  0.13510983E-09
  0.13876966E-08  0.25688285E-08  0.36831622E-08  0.48797361E-06  0.45894349E-05
  0.67710323E-08  0.77607683E-08 -0.14713524E-05  0.32483473E-05  0.42752980E-05
 -0.46687603E-05  0.84119668E-05  0.30425249E-06  0.47407914E-04  0.12295519E-03
  0.24238877E-03  0.30232975E-03  0.60567411E-03 -0.62311447E-03  0.20122701E-03
 -0.60164872E-03 -0.57745976E-03  0.28190474E-03 -0.23950683E-03  0.17987851E-03
 -0.82020837E-03 -0.43959823E-03  0.16434669E-03  0.59796818E-03  0.54324299E-04
  0.12981463E-03 -0.36600730E-03  0.93347261E-04  0.78078818E-04 -0.19213901E-03
 -0.89731258E-04 -0.15844007E-03 -0.61559126E-04 -0.10974995E-03
 -0.76489964E-10 -0.22860273E-09 -0.37803107E-09 -0.52281831E-09 -0.66088968E-09
  0.54964339E-06 -0.90790602E-09 -0.10119990E-08 -0.10996964E-08  0.55121458E-06
  0.54762860E-05 -0.12382851E-08 -0.32167546E-06 -0.12077075E-08  0.17063629E-05
 -0.10907208E-08 -0.10283416E-08 -0.10118714E-08 -0.11555065E-08 -0.14642247E-05
  0.33250293E-06  0.13030963E-05 -0.28979469E-08 -0.16673139E-06 -0.56840115E-06
  0.22851141E-09  0.12196636E-08  0.21649039E-08  0.36428919E-06  0.35163375E-05
  0.60348923E-06  0.56999852E-08 -0.50006189E-06  0.27267611E-05  0.24331559E-05
 -0.52129082E-06 -0.61560414E-06 -0.21067657E-04  0.57149983E-04  0.14064131E-04
  0.77516839E-04  0.39451070E-03  0.35556151E-03 -0.10873490E-03 -0.74348592E-03
 -0.41776589E-03 -0.46981126E-03 -0.10633677E-02  0.28180959E-03  0.45984956E-03
 -0.80656769E-03  0.19111958E-03 -0.11454716E-03 -0.48155444E-03 -0.67702440E-03
  0.52867583E-04  0.14576362E-03 -0.37452277E-03 -0.43608020E-04 -0.81082143E-05
 -0.26627652E-05 -0.25586065E-04  0.11404478E-03 -0.62960362E-04
 -0.94384791E-10 -0.28231658E-09 -0.46763090E-09 -0.64838439E-09 -0.82251748E-09
  0.59567545E-06 -0.11420994E-08 -0.12828695E-08 -0.14077281E-08  0.52653226E-05
  0.12546948E-05 -0.16645025E-08 -0.34972203E-06 -0.17263862E-08  0.18494762E-05
 -0.17299055E-08 -0.17488312E-08 -0.18392448E-08 -0.21319077E-08 -0.15890333E-05
 -0.42044173E-08  0.14294748E-05 -0.37275791E-08 -0.26087046E-08 -0.14223598E-08
 -0.24520386E-09  0.89331704E-09  0.19928941E-08  0.39672527E-06  0.31876553E-05
  0.77754533E-06  0.61978568E-08  0.17456550E-05  0.19058901E-05  0.59594470E-05
 -0.70464409E-05  0.10427686E-04 -0.30827157E-04  0.56426870E-04 -0.61526743E-05
  0.16545462E-03  0.40606474E-03  0.49453937E-03 -0.73692682E-03 -0.69385659E-03
 -0.33982053E-03 -0.78373326E-03 -0.86159467E-04  0.12311734E-03  0.48424566E-05
  0.45868066E-04 -0.12337644E-03 -0.61025505E-03 -0.22979848E-03  0.18214291E-03
 -0.66618870E-04 -0.14979641E-04 -0.12144537E-03  0.96049505E-04  0.18467417E-03
  0.92728037E-04  0.38705354E-04  0.65401477E-04 -0.41718055E-04
 -0.11587062E-09 -0.34682473E-09 -0.57528834E-09 -0.79936513E-09 -0.10170438E-08
  0.64506960E-06 -0.14246740E-08 -0.16101862E-08 -0.17805256E-08  0.70676738E-05
 -0.20677420E-08 -0.21819043E-08 -0.38006148E-06 -0.23534551E-08  0.20027342E-05
 -0.24847004E-08 -0.25749702E-08 -0.27327743E-08 -0.30385368E-08 -0.17331948E-05
 -0.42498874E-08  0.15558420E-05 -0.41835400E-08 -0.30176350E-08  0.42265649E-06
 -0.46588175E-09  0.79679290E-09  0.20341565E-08  0.43662686E-06  0.44624326E-08
  0.56701183E-08  0.68889020E-08  0.44433761E-05  0.41937647E-05 -0.26500659E-04
 -0.14296984E-04  0.10745927E-04 -0.14791432E-04  0.68552459E-05  0.15633162E-04
  0.13901023E-03  0.37049799E-03  0.46940826E-03 -0.44128245E-03 -0.56350355E-03
 -0.11747740E-02 -0.73946086E-04  0.90382550E-04 -0.58964375E-03 -0.78585543E-03
  0.42379556E-03 -0.19406087E-03 -0.30434342E-03 -0.73668997E-03  0.27812775E-03
  0.36310489E-04 -0.25864404E-03  0.20313284E-03  0.14872328E-03  0.24098628E-03
  0.67459267E-04  0.11959171E-03  0.44437918E-04 -0.86674525E-04
 -0.14125194E-09 -0.42303358E-09 -0.70249025E-09 -0.97779067E-09 -0.12469848E-08
  0.69804102E-06 -0.17588233E-08 -0.19972377E-08 -0.22212054E-08  0.76626006E-05
 -0.26186508E-08 -0.27896911E-08 -0.41233793E-06 -0.30781989E-08  0.21645027E-05
 -0.33225078E-08 -0.34517927E-08 -0.36012398E-08 -0.37349697E-08 -0.18917321E-05
 -0.34813698E-08  0.16896692E-05 -0.41403127E-08 -0.29831331E-08  0.79752953E-06
 -0.31013938E-09  0.10516590E-08  0.24059578E-08  0.47912640E-06  0.51100313E-08
  0.64731575E-08  0.78582590E-08  0.15058592E-05  0.87642940E-05 -0.26300393E-05
 -0.18295081E-04  0.53042337E-05  0.28560876E-04 -0.21925260E-04  0.71464053E-04
  0.93945338E-04  0.44747324E-03  0.85239207E-03 -0.35520302E-03 -0.13510866E-02
 -0.36316585E-03 -0.38055363E-03 -0.63530454E-03 -0.85592405E-03 -0.82892972E-03
 -0.44897270E-03  0.41569143E-03 -0.13285339E-02 -0.19063141E-03  0.71024986E-05
  0.10864667E-03  0.42178971E-04  0.20021874E-03 -0.35085209E-03 -0.25701413E-03
 -0.24276060E-03 -0.14467782E-03 -0.18568367E-04 -0.98067918E-04
 -0.17067080E-09 -0.51135624E-09 -0.84988196E-09 -0.11844725E-08 -0.15132192E-08
  0.75482115E-06 -0.21450796E-08 -0.24438849E-08 -0.27284507E-08  0.82932675E-05
 -0.32473241E-08 -0.34785758E-08 -0.44649637E-06 -0.38805020E-08  0.23397583E-05
 -0.41965372E-08 -0.43093820E-08 -0.43422064E-08 -0.40811044E-08 -0.20613732E-05
 -0.19004853E-08  0.10527764E-05  0.58829575E-07 -0.23919625E-08  0.86879131E-06
  0.32376507E-09  0.17567024E-08  0.32034262E-08 -0.55141585E-05  0.61396985E-08
  0.76383112E-08  0.91701789E-08  0.64151339E-06  0.90998722E-05  0.22804153E-05
 -0.24990296E-04  0.18726306E-05  0.12725866E-04 -0.24918186E-04 -0.17024904E-06
  0.56799924E-04  0.37500008E-03  0.10262677E-02  0.56059726E-03 -0.13493644E-02
 -0.10251039E-03  0.35824228E-03  0.14164208E-03 -0.43180817E-04 -0.34458843E-03
 -0.73203744E-05  0.63933229E-03 -0.69027881E-03 -0.27314219E-03  0.28611084E-03
  0.70658976E-03  0.27974236E-03 -0.61259836E-04  0.68934300E-04 -0.39073163E-04
  0.66723477E-04  0.18935854E-03  0.74573255E-04 -0.14669659E-03
 -0.20399424E-09 -0.61136931E-09 -0.10166765E-08 -0.14181364E-08 -0.18138051E-08
  0.81403596E-06 -0.25793357E-08 -0.29446926E-08 -0.34619367E-06  0.89630028E-05
 -0.39418134E-08 -0.42321982E-08 -0.40047600E-06 -0.47277228E-08  0.25332935E-05
 -0.50441470E-08 -0.50611478E-08 -0.48371785E-08 -0.39270686E-08 -0.17252902E-05
  0.44690102E-09  0.49286814E-06  0.18609321E-06 -0.11431222E-08  0.94403703E-06
  0.26632513E-05  0.29764863E-08  0.44822220E-08 -0.80031974E-05  0.75873513E-08
  0.91896105E-08  0.44602715E-06  0.10743618E-05  0.10814956E-04 -0.20338511E-05
 -0.26787280E-04 -0.24932753E-04  0.30706096E-04 -0.79893728E-05  0.60577184E-04
  0.49780257E-04  0.21180176E-03  0.11376813E-02 -0.12185560E-02 -0.14203766E-02
 -0.26005762E-03 -0.18915709E-02  0.75550645E-03  0.69767002E-04  0.21360596E-03
  0.57225912E-03  0.56652433E-03 -0.26702886E-03  0.21677052E-03 -0.67651666E-03
  0.82898897E-03 -0.12932106E-03 -0.54426435E-03 -0.25208695E-03  0.31454843E-03
 -0.10655884E-03  0.70117687E-04  0.11444790E-03 -0.11796233E-03
 -0.24078220E-09 -0.72173812E-09 -0.12006010E-08 -0.16754976E-08 -0.21443364E-08
  0.87687030E-06 -0.30544080E-08 -0.34903005E-08 -0.64984262E-06  0.96880974E-05
 -0.46809607E-08 -0.50230235E-08 -0.53252385E-08 -0.55734530E-08  0.27429884E-05
 -0.57859697E-08 -0.56032005E-08 -0.49527472E-08 -0.31215848E-08  0.27498928E-04
  0.34557504E-08  0.62356952E-06  0.82833373E-06  0.83165576E-09  0.10221266E-05
 -0.25663114E-06 -0.49245523E-07  0.62410265E-08 -0.64654970E-05  0.94174521E-08
  0.11072814E-07  0.75111531E-06 -0.16823751E-05  0.38397925E-05 -0.67514372E-05
 -0.37785894E-04 -0.35857207E-05  0.21610374E-04 -0.18439951E-04  0.73781306E-04
  0.99155354E-04  0.56352515E-03  0.99964403E-03 -0.18036606E-02 -0.11099290E-02
 -0.10989640E-02 -0.12446208E-02 -0.13271336E-02 -0.93127037E-03  0.59496047E-03
 -0.23394947E-03  0.58942191E-03  0.24997030E-03 -0.29965399E-03 -0.15566410E-03
  0.11174373E-02  0.46161157E-03  0.22175621E-03  0.65156367E-04  0.47186881E-04
  0.26949803E-03  0.17852889E-03 -0.85782768E-04 -0.70429824E-04
 -0.28026904E-09 -0.84013162E-09 -0.13976570E-08 -0.19507178E-08 -0.24968854E-08
  0.94522996E-06 -0.35570647E-08 -0.40641427E-08 -0.70090106E-06  0.10475166E-04
 -0.54333742E-08  0.11768518E-05 -0.61289253E-08 -0.10081760E-05  0.28614029E-05
  0.16904703E-07 -0.58185512E-08 -0.45510560E-08 -0.10744169E-06  0.13139236E-04
  0.69576562E-08  0.67940685E-06  0.16474622E-05  0.35331362E-08  0.11041164E-05
  0.56028077E-08 -0.32817516E-06  0.84010090E-08  0.67172620E-06  0.11502125E-07
  0.13133749E-07 -0.10556923E-04 -0.71535917E-06  0.41409270E-05 -0.14229258E-04
  0.29647951E-05  0.83866048E-05  0.25248119E-04  0.97353914E-05  0.16634580E-03
  0.57243639E-03  0.46345610E-03  0.51178827E-03 -0.57438310E-03 -0.17878158E-02
 -0.30308426E-03 -0.58991935E-03  0.31450766E-03  0.14516739E-03  0.47394593E-03
  0.21552339E-03  0.15746116E-03 -0.47001809E-03 -0.41682472E-03 -0.24147381E-03
  0.19791823E-03  0.51130583E-03  0.17657697E-03  0.13365756E-06  0.54569412E-04
 -0.28138491E-06  0.70973295E-04  0.11908578E-03 -0.17194924E-03
 -0.32120479E-09  0.51833707E-06 -0.16014331E-08 -0.22345910E-08 -0.28592130E-08
  0.10187269E-05 -0.40679296E-08 -0.46425144E-08 -0.75491913E-06  0.68665957E-05
 -0.61573468E-08  0.20297302E-05 -0.68467769E-08  0.28095026E-06  0.30845797E-05
  0.91404901E-07 -0.55902413E-08 -0.35184489E-08 -0.37525321E-06 -0.23259912E-07
  0.10719228E-07  0.73922327E-06  0.77568108E-06  0.65444930E-06  0.52531091E-06
  0.83489882E-08 -0.34461154E-06  0.10784177E-07  0.72438471E-06 -0.19102964E-06
 -0.62935555E-05 -0.35120403E-05  0.24864965E-05 -0.15958630E-05 -0.15646860E-04
  0.34929492E-04  0.40672759E-04  0.12182554E-03  0.44042292E-04  0.12096938E-03
  0.73340838E-03  0.61474636E-03 -0.32248469E-03 -0.92653387E-03 -0.18937508E-02
 -0.22870769E-02 -0.73613675E-03 -0.83337361E-03  0.12424546E-02  0.11879780E-02
 -0.62934085E-03 -0.82513896E-03  0.24903084E-03 -0.16677094E-03  0.25659204E-03
 -0.30780218E-03  0.34941552E-03  0.93348255E-04  0.26945889E-03 -0.43171549E-03
  0.74711641E-04 -0.60518838E-04  0.31287263E-04 -0.26196294E-03
 -0.36186700E-09  0.69268270E-06  0.90734097E-06  0.56897183E-06  0.17808756E-05
  0.26950341E-06 -0.45615389E-08 -0.51947513E-08 -0.81187281E-06  0.10891397E-05
 -0.68023765E-08  0.21900761E-05 -0.74103202E-08  0.15303427E-05  0.87638612E-06
  0.10025802E-06 -0.48291127E-08 -0.17993938E-08 -0.40206061E-06 -0.19898951E-07
  0.14442189E-07  0.30245086E-06  0.97329465E-06  0.41657893E-07  0.10686392E-07
  0.11264405E-07 -0.36169960E-06  0.13096573E-07  0.77616831E-06  0.15384989E-07
 -0.38796077E-05 -0.10601416E-05 -0.64195416E-05  0.34716043E-06 -0.36963105E-05
  0.13737470E-04  0.52466244E-05  0.14495215E-03  0.15462366E-03  0.62992457E-04
  0.89081584E-03  0.55262302E-03  0.35782618E-03 -0.15063893E-02 -0.80866696E-03
 -0.34293046E-03 -0.39830204E-03  0.77069994E-03  0.10919012E-04  0.14254059E-02
 -0.65830217E-03  0.54446596E-03 -0.87235704E-03 -0.33082698E-03 -0.63216314E-03
 -0.49038155E-03  0.65668253E-03  0.27893826E-03  0.56749423E-03  0.50716468E-03
 -0.15592453E-03  0.17243660E-03 -0.50446564E-05 -0.29113808E-03
 -0.40008850E-09 -0.23252164E-06 -0.60675481E-06 -0.27752288E-08  0.41969012E-05
 -0.42901653E-08 -0.50073383E-08 -0.56846879E-08 -0.87173615E-06  0.11712522E-05
  0.15470872E-05  0.79238861E-06 -0.77500220E-08  0.34896908E-05 -0.15741502E-06
  0.11064967E-06 -0.35072323E-08  0.55027562E-09 -0.43016470E-06 -0.17043588E-07
  0.17760275E-07 -0.33343854E-06  0.63184072E-06  0.14106452E-07  0.13820876E-07
  0.13946214E-07 -0.38080354E-06  0.14924961E-07  0.82733381E-06  0.16401915E-07
  0.16022719E-05 -0.14965342E-05  0.42146790E-07 -0.42544596E-04  0.60997905E-05
  0.38553411E-04  0.13047093E-04  0.74474095E-04  0.17821572E-03  0.17256935E-03
  0.71556709E-03  0.33468083E-03  0.63730824E-03 -0.71280740E-03 -0.22350623E-03
  0.37447087E-03  0.22424291E-02 -0.10428250E-02  0.55971402E-03 -0.33617974E-03
 -0.72575493E-03  0.10075993E-03  0.63916934E-03 -0.57837702E-03  0.16770158E-03
  0.74347764E-03 -0.68076604E-03  0.78606784E-04  0.41745681E-04 -0.59188887E-03
  0.14421304E-03  0.67185866E-04  0.49049158E-04 -0.25885113E-03
 -0.43337634E-09 -0.80019089E-06 -0.69954964E-06 -0.29987351E-08  0.36652611E-05
  0.47532938E-05  0.50974749E-05  0.13499238E-05 -0.93192911E-06  0.12563193E-05
  0.25183661E-05 -0.78545979E-08 -0.78175521E-08  0.37701987E-05 -0.19155590E-05
  0.12237304E-06 -0.17082371E-08  0.33074862E-08 -0.46018701E-06  0.15963155E-05
  0.20242957E-07  0.15146973E-05 -0.25474054E-05  0.16986339E-07  0.16240335E-07
  0.15846002E-07 -0.11703102E-06 -0.27618855E-06  0.87726094E-06  0.16169664E-07
  0.16465192E-07 -0.36945929E-06 -0.85423433E-05 -0.79272319E-05  0.13803008E-04
  0.82834088E-04  0.81276460E-04  0.18908397E-03  0.19891904E-03  0.48728570E-03
  0.92033568E-03 -0.16907777E-03 -0.34132026E-03 -0.11575188E-02  0.41392063E-04
 -0.54180024E-03  0.88429011E-03  0.10787975E-03  0.84278633E-03 -0.92519844E-03
  0.10981412E-02  0.80531930E-03 -0.35056652E-03  0.42764270E-03 -0.92072334E-03
  0.25240109E-03  0.63775098E-03  0.53091075E-03 -0.27717371E-03 -0.19612308E-03
  0.16078532E-04 -0.24409542E-03  0.18041339E-04 -0.22559777E-03
 -0.45906125E-09 -0.11149984E-05 -0.15337954E-05  0.90328009E-07 -0.44980769E-05
 -0.48515274E-08  0.43492341E-06  0.50474814E-05 -0.99783859E-06  0.13498033E-05
  0.14596597E-05 -0.78310715E-08 -0.76017370E-08  0.40706217E-05 -0.29922095E-05
  0.45546465E-07  0.32004032E-09  0.60375876E-08 -0.40069111E-06  0.31379786E-05
  0.21396179E-07  0.42233419E-05 -0.41660645E-05  0.18429068E-07  0.17246166E-07
  0.16310265E-07  0.15587583E-07 -0.44120105E-06  0.92526651E-06 -0.16935633E-06
  0.13888788E-07 -0.46211204E-05 -0.12280087E-04  0.21547094E-04  0.11047847E-04
  0.39277339E-04  0.25173549E-04  0.14624238E-03  0.40865933E-03  0.69987576E-03
  0.93722949E-03 -0.55905402E-03 -0.18523869E-02  0.49183720E-03  0.43951638E-03
  0.10960447E-02  0.19145934E-02 -0.51491448E-03 -0.24934252E-02 -0.13535228E-03
  0.61438373E-03  0.10558413E-02  0.94194722E-03 -0.10642376E-02 -0.44393992E-05
  0.56587386E-03 -0.22006989E-03 -0.71782429E-03 -0.71472598E-04  0.18237226E-03
  0.45396903E-03  0.23578398E-03  0.16702028E-03 -0.16488188E-03
 -0.47520876E-09 -0.11972386E-05 -0.28345245E-05 -0.32676514E-08  0.18126162E-06
 -0.49779568E-08  0.63634469E-05 -0.64293390E-08 -0.59538610E-06  0.97491958E-06
 -0.76373872E-08 -0.75840798E-08 -0.71607733E-08  0.43911193E-05 -0.32097850E-05
 -0.49669932E-06  0.21277491E-08 -0.10432982E-06  0.16434267E-07  0.64789445E-06
  0.20679421E-07  0.41482740E-05  0.71258768E-06  0.17682945E-07  0.16112337E-07
  0.19286757E-05 -0.47402650E-07 -0.47790767E-06  0.97154606E-06 -0.19152340E-05
 -0.81461163E-05  0.18059828E-05  0.63664201E-05  0.45764869E-04 -0.16229823E-04
 -0.20716466E-04  0.77824172E-05  0.16595083E-03  0.35421196E-03  0.56659849E-03
  0.24502320E-03 -0.13944285E-02 -0.21595437E-03 -0.38200237E-04 -0.41610513E-04
 -0.11773611E-02 -0.39075222E-04 -0.13223984E-02 -0.61877846E-03  0.11324075E-02
  0.81477124E-04 -0.48628082E-03 -0.61518350E-03 -0.73516654E-03  0.18798456E-03
  0.12626272E-03  0.36683195E-03  0.48935378E-03 -0.29767232E-03  0.57783235E-03
 -0.18700244E-03 -0.11032426E-03 -0.98375439E-04 -0.20906527E-03
 -0.48088242E-09 -0.12852212E-05 -0.30325476E-05 -0.32960919E-08 -0.12106476E-05
 -0.49946807E-08  0.42927508E-05 -0.39735154E-06 -0.69134261E-08  0.41560394E-06
 -0.73907057E-08 -0.72201791E-08 -0.66538799E-08  0.47316195E-05 -0.34927075E-06
 -0.58015104E-06 -0.19143198E-05 -0.79420361E-06  0.15756591E-07 -0.85705494E-06
  0.17563818E-07  0.22722442E-05  0.42913812E-06  0.92047464E-05  0.12219343E-07
  0.80554007E-05 -0.41883033E-07 -0.24088755E-06  0.60965980E-06  0.18238797E-05
 -0.87499128E-05 -0.57944042E-05  0.25552934E-04  0.47934078E-04  0.16121010E-04
 -0.32391868E-04 -0.41480276E-04  0.12914393E-03  0.33975844E-03  0.16276551E-03
 -0.10967118E-02 -0.22677027E-02  0.14730812E-03  0.20619083E-02  0.18677470E-02
 -0.75102953E-04  0.43910145E-03 -0.10396363E-02  0.43704419E-03  0.16727734E-02
  0.50923411E-04 -0.11637667E-02  0.29031496E-03  0.70199826E-04 -0.51207953E-03
  0.23480959E-03 -0.14059579E-03  0.10605867E-03  0.21948063E-03 -0.28235149E-03
 -0.13693458E-04  0.85909986E-05 -0.15277525E-03 -0.18223492E-03
 -0.47716032E-09 -0.11727126E-05  0.60473519E-07 -0.32634744E-08 -0.12997042E-05
 -0.49282096E-08  0.34716085E-06 -0.45820475E-05 -0.67593079E-08  0.45050929E-06
 -0.71567263E-08 -0.69501624E-08 -0.63651593E-08  0.50915374E-05 -0.21470555E-06
 -0.11913648E-06  0.23267913E-08 -0.85519885E-06  0.11759524E-07 -0.86252799E-05
  0.11617614E-07  0.23718771E-05 -0.10099937E-05  0.15709877E-04  0.51972317E-08
  0.20167982E-05  0.25032707E-05  0.24198409E-05  0.46426591E-06  0.14088396E-05
 -0.10881331E-04 -0.99568094E-05  0.11664674E-04  0.99677400E-05 -0.68590919E-04
  0.42304491E-04 -0.64634113E-05  0.35771717E-03  0.46256667E-03 -0.43553205E-03
 -0.20396255E-02  0.15470997E-03 -0.26294675E-03 -0.19159011E-02 -0.23451946E-03
 -0.10971525E-02  0.22125331E-03  0.10244724E-02  0.80904055E-03  0.80683000E-03
 -0.18777920E-02 -0.90040239E-03  0.67595906E-03 -0.13137192E-03  0.59180501E-03
  0.72564639E-03 -0.11658302E-03  0.98910560E-04  0.78681396E-04 -0.73838223E-04
 -0.17785233E-03  0.19402964E-04 -0.21301318E-04 -0.22621527E-03
 -0.46796105E-09 -0.13988777E-08  0.57622577E-05 -0.32020565E-08 -0.69951696E-06
 -0.48414317E-08 -0.55598952E-08 -0.49255703E-05 -0.66846849E-08 -0.65315488E-06
 -0.71828252E-08 -0.70904455E-08 -0.66957380E-08  0.54641945E-05 -0.23129112E-06
 -0.12217874E-06 -0.88616803E-09 -0.36819938E-07 -0.90147308E-06 -0.58960655E-05
  0.26177945E-08  0.76269427E-06 -0.11218378E-05  0.14027264E-04 -0.49637625E-08
 -0.73072265E-08  0.35443293E-05  0.62572937E-06  0.77484843E-05  0.98969513E-05
 -0.17691226E-04 -0.74468273E-05 -0.25047536E-04 -0.11106622E-04 -0.55488972E-04
 -0.42330000E-04  0.65951585E-04  0.57505350E-03  0.73428019E-03 -0.53623553E-03
 -0.24744774E-02 -0.84970611E-03 -0.12142887E-03  0.65353272E-03  0.48124547E-03
  0.10780945E-02 -0.95989964E-04 -0.47887312E-03  0.11772339E-02  0.29217838E-03
  0.49845490E-03  0.15708014E-03 -0.84990829E-03  0.10889148E-02  0.49988958E-03
  0.14630604E-03  0.17054234E-04 -0.17800747E-03  0.42709009E-03  0.20817688E-04
  0.13970643E-03  0.17207075E-04 -0.11238762E-03 -0.23412116E-03
 -0.46033846E-09 -0.13772237E-08  0.61712162E-05 -0.31664895E-08  0.15347045E-04
 -0.48332540E-08 -0.55927842E-08 -0.52911628E-05  0.22028318E-08 -0.13976026E-05
 -0.77831269E-08 -0.80238455E-08  0.47959423E-05  0.85593557E-05 -0.25180363E-06
 -0.28410768E-07 -0.71751267E-08 -0.73345475E-08 -0.10271112E-05  0.15775060E-05
 -0.99576226E-05 -0.54651119E-06 -0.26182087E-05  0.90019545E-05 -0.17867913E-07
 -0.20236803E-07  0.26585031E-06  0.38239856E-06  0.76907760E-06  0.15294516E-05
 -0.11484782E-04 -0.82581389E-05 -0.12962881E-04  0.37427206E-04  0.41410558E-04
  0.68571254E-04  0.16218250E-03  0.12529816E-02  0.78648415E-03 -0.45425268E-03
 -0.86220973E-03  0.79348744E-03 -0.86463863E-03  0.10392612E-02 -0.13547478E-02
  0.19691465E-02  0.34326020E-03  0.56395729E-03 -0.26788926E-04  0.80848421E-03
 -0.27826799E-03 -0.56779752E-03 -0.26344156E-03  0.47695941E-03 -0.20476241E-03
 -0.97141167E-03 -0.28400710E-03  0.17692836E-03  0.47863112E-03  0.25511903E-03
 -0.27066599E-04 -0.12702250E-03 -0.61716096E-04 -0.19093198E-03
 -0.46343629E-09 -0.13890695E-08  0.92488158E-06 -0.32251100E-08  0.54104683E-06
 -0.35006106E-05 -0.55296713E-05 -0.56883102E-05  0.56100841E-06 -0.10016841E-05
 -0.92525795E-08  0.22313967E-05  0.32001215E-05  0.37694116E-06  0.26036155E-05
 -0.14555777E-07  0.68478370E-05 -0.66842143E-05 -0.10168318E-05  0.70806517E-05
 -0.12869058E-04 -0.60384949E-06 -0.24517138E-05  0.85528910E-05 -0.32742757E-07
 -0.35022490E-07  0.59979169E-06  0.45478226E-06 -0.14380133E-04 -0.66258572E-05
  0.48863166E-05  0.11739600E-04 -0.81211544E-05  0.16897167E-04 -0.73408588E-04
  0.11747661E-03  0.35979370E-03  0.10020382E-02  0.52292670E-03 -0.41727150E-03
 -0.10986920E-02  0.52113717E-03  0.19851463E-03  0.19121716E-02 -0.11674514E-02
 -0.19750636E-02  0.24685928E-03 -0.21579763E-03  0.38507205E-03  0.90368518E-03
  0.16364746E-02 -0.17333605E-03  0.95853557E-03  0.10202085E-02 -0.24710513E-03
 -0.21895695E-03 -0.18081229E-03  0.28207200E-03  0.30435481E-05  0.14825385E-03
 -0.16220545E-03 -0.12663717E-03 -0.33206790E-04 -0.19707931E-03
 -0.48572844E-09 -0.14598151E-08 -0.24416645E-08 -0.34367870E-08 -0.44519639E-08
 -0.54958242E-08 -0.18609099E-04  0.96829544E-05  0.60249866E-06 -0.10248962E-07
 -0.11707037E-07  0.17664521E-05 -0.15284867E-07 -0.18908932E-05  0.78997004E-05
  0.31837789E-06  0.16913822E-04 -0.35420526E-05 -0.12387521E-05  0.13323628E-04
 -0.23411021E-04 -0.11874904E-05  0.68310982E-05 -0.46295480E-07 -0.48481110E-07
  0.11649746E-04  0.54978781E-06 -0.71950021E-05 -0.17008145E-05 -0.31140318E-05
 -0.10698508E-04  0.19104011E-04  0.10988007E-05 -0.45044084E-04 -0.10516231E-03
  0.23085420E-03  0.31315952E-03  0.53959698E-03  0.69260835E-04  0.36806704E-03
 -0.20671535E-02 -0.53789294E-04  0.67321980E-03 -0.24297596E-02  0.73226923E-03
  0.83095315E-03 -0.12409954E-02  0.75284716E-03  0.16862596E-02  0.85686820E-03
  0.13376450E-03  0.63425762E-04 -0.88112579E-03 -0.17157624E-03  0.29907099E-03
  0.37033571E-03 -0.14172032E-03 -0.27820033E-03 -0.23139656E-03 -0.35939057E-03
 -0.57365845E-04  0.36144049E-04 -0.11755717E-03 -0.14403473E-03
 -0.52969786E-09 -0.15963089E-08 -0.26846405E-08 -0.38102240E-08 -0.49909937E-08
 -0.62483621E-08 -0.76085428E-08  0.11528449E-04  0.15033301E-04 -0.12678653E-07
 -0.14877914E-07 -0.87180009E-06 -0.20545467E-07  0.14553336E-04  0.72818500E-05
 -0.16293677E-05  0.57337109E-05 -0.16731153E-04 -0.82475944E-06 -0.24901507E-04
 -0.18367311E-04  0.12535635E-04  0.83012350E-05  0.91942631E-05  0.10959482E-04
  0.22195193E-06  0.23290217E-06  0.89310463E-05 -0.71897670E-07  0.84255209E-06
 -0.45934620E-06  0.20977229E-04  0.11970071E-04 -0.56044680E-04  0.11819877E-04
  0.85640912E-04  0.22131142E-03  0.66364135E-03 -0.17091503E-02 -0.16576877E-02
 -0.95394758E-03  0.62131834E-03  0.16986649E-02 -0.23874669E-03  0.10651744E-03
  0.13145709E-03 -0.11236321E-03  0.75368605E-03 -0.11276441E-02  0.34707995E-03
 -0.23890936E-03 -0.43033909E-04 -0.51533942E-04 -0.32132519E-03  0.34912377E-03
  0.12985915E-03 -0.22410273E-03 -0.50359987E-04 -0.21245592E-03  0.45835899E-04
 -0.14693239E-03 -0.16675019E-03 -0.14062013E-03 -0.11716249E-03
 -0.58746219E-09 -0.17734928E-08 -0.29930600E-08 -0.42701172E-08 -0.56319075E-08
 -0.71104110E-08 -0.87440488E-08  0.35205523E-05  0.31815037E-05 -0.15102934E-07
 -0.17952162E-07 -0.35680221E-06 -0.25392346E-07  0.19864961E-04  0.32243904E-05
 -0.86994677E-05 -0.52636747E-07 -0.27795034E-04  0.37790518E-06 -0.32556587E-04
 -0.43572178E-05  0.43879985E-04 -0.22684072E-06 -0.74234372E-07 -0.76251247E-07
 -0.78194370E-07  0.18093494E-05  0.94911668E-05 -0.84574566E-07  0.27049881E-05
 -0.26316652E-05  0.73368993E-06 -0.36689599E-04 -0.43334933E-04 -0.13631560E-04
 -0.64899189E-04  0.80456507E-05 -0.19897140E-03 -0.18560874E-02 -0.30902200E-02
 -0.10882124E-02 -0.11779749E-02  0.79013218E-04 -0.72794842E-03  0.55899696E-03
 -0.91958261E-03 -0.69579696E-03 -0.53439976E-03  0.19826005E-03  0.83743397E-04
 -0.15107878E-03 -0.11298307E-03 -0.26632356E-03  0.15476364E-03  0.37699827E-03
  0.74967189E-04  0.14881445E-03 -0.10475763E-03 -0.41638887E-04 -0.99585351E-04
 -0.74632222E-04 -0.91732866E-04 -0.86293458E-04 -0.83572143E-04
 -0.28557814E-05 -0.15162410E-12 -0.19820871E-12 -0.16287104E-12 -0.11369586E-13
  0.17521585E-05 -0.23995191E-05  0.15205164E-11  0.25332637E-11 -0.31996918E-06
  0.55957893E-11  0.77321575E-11 -0.47744335E-06  0.13283732E-10  0.16535557E-10
  0.19699024E-10  0.22022047E-10  0.22146819E-10  0.13011074E-05  0.73025519E-11
  0.45162378E-09 -0.41179853E-05  0.14466905E-08  0.15760716E-08  0.15929967E-08
  0.15481727E-08 -0.29866954E-05  0.13660540E-08  0.12509980E-08  0.11273433E-08
  0.99811914E-09 -0.41565570E-06 -0.20746273E-05 -0.35598672E-05  0.98212889E-06
 -0.18176978E-04 -0.88390978E-04 -0.14733729E-03 -0.32336986E-03 -0.63276073E-03
 -0.15270254E-02 -0.31307988E-02 -0.34633196E-02 -0.99087453E-03  0.76037638E-03
 -0.26111289E-03 -0.32126877E-03 -0.28039522E-03  0.45253006E-03  0.49122948E-04
  0.68044681E-04  0.41413554E-03  0.60768724E-03  0.71727010E-03  0.81624703E-03
  0.82552603E-03  0.97241970E-03  0.97699657E-03  0.96212598E-03  0.99163639E-03
  0.88262082E-03  0.69378654E-03  0.50803888E-03  0.22616791E-03
 -0.26838771E-05 -0.57986472E-12 -0.81129145E-12 -0.80916393E-12 -0.47546948E-12
  0.16457450E-05  0.16146452E-11  0.36089426E-11  0.64123808E-11 -0.30072611E-06
  0.15020124E-10  0.21094513E-10 -0.45024101E-06  0.37064574E-10  0.46566384E-10
  0.56022061E-10  0.63365766E-10  0.64671454E-10  0.12403031E-05  0.22022551E-10
  0.42525756E-09 -0.31781475E-05  0.13341637E-08  0.14484121E-08  0.14645234E-08
  0.14267427E-08 -0.17511717E-05  0.12694606E-08  0.11693882E-08  0.10615285E-08
  0.94858702E-09  0.26115282E-06 -0.26227643E-05 -0.46623838E-05 -0.37301285E-05
 -0.33978293E-04 -0.36814980E-04 -0.10435697E-03 -0.32483171E-03 -0.82605030E-03
 -0.17197683E-02 -0.37918022E-02 -0.41448395E-02 -0.16708989E-02 -0.93954650E-03
 -0.10865415E-02 -0.52910044E-03 -0.39087838E-03 -0.15449701E-03  0.39929853E-03
  0.72976619E-03  0.62924484E-03  0.49804952E-03  0.10165026E-02  0.13914416E-02
  0.15183886E-02  0.12713608E-02  0.12460123E-02  0.13452485E-02  0.13455494E-02
  0.11979974E-02  0.10364862E-02  0.74694952E-03  0.33412217E-03
 -0.22031922E-05 -0.32042249E-06 -0.19803288E-11 -0.22694522E-11 -0.20472060E-11
  0.15467991E-05  0.59474947E-12  0.33842637E-11  0.74283474E-11 -0.28293232E-06
  0.20190497E-10  0.29353314E-10 -0.42500901E-06  0.53848483E-10  0.68753114E-10
  0.84049719E-10  0.96829083E-10  0.10112903E-09  0.11833400E-05  0.36236308E-10
  0.39337539E-09 -0.22993683E-05  0.11898571E-08  0.12848504E-08  0.13012045E-08
  0.12741201E-08 -0.18156433E-05 -0.67593280E-06  0.10731813E-08  0.98735473E-09
  0.89705598E-09  0.15520222E-06 -0.69531718E-06  0.23328430E-05 -0.11391424E-05
 -0.37926186E-04 -0.96358767E-04 -0.16081012E-03 -0.34909118E-03 -0.77062599E-03
 -0.17132340E-02 -0.36844438E-02 -0.54829981E-02 -0.33579139E-02 -0.15229297E-02
 -0.16504022E-02 -0.19672762E-02 -0.13295559E-02 -0.13640016E-02  0.30439453E-03
  0.70248207E-03  0.94623973E-03  0.11266951E-02  0.11181290E-02  0.12202121E-02
  0.13261627E-02  0.14685070E-02  0.18823824E-02  0.18766374E-02  0.14896319E-02
  0.15542831E-02  0.14503462E-02  0.95106624E-03  0.42422512E-03
 -0.86856521E-12 -0.23733051E-05 -0.38901254E-11 -0.48092561E-11 -0.50797713E-11
  0.14539603E-05 -0.28295259E-11  0.16361367E-12  0.47554560E-11 -0.26618082E-06
  0.19917287E-10  0.31083528E-10 -0.40091397E-06  0.61587119E-10  0.80634330E-10
  0.10085004E-09  0.11906074E-09  0.12814506E-09  0.11272016E-05  0.49141972E-10
  0.35241220E-09 -0.10983517E-05  0.10176026E-08  0.10936351E-08  0.11124478E-08
  0.10988950E-08 -0.13566809E-04  0.10189989E-08  0.96408292E-09  0.90363892E-09
  0.83941845E-09  0.77249289E-09 -0.88360990E-06  0.12177729E-04  0.23565189E-05
 -0.23613472E-04 -0.56742399E-04 -0.13671794E-03 -0.36046552E-03 -0.65070025E-03
 -0.16960636E-02 -0.35521436E-02 -0.53664782E-02 -0.41313727E-02 -0.25688469E-02
 -0.22872428E-02 -0.19769446E-02 -0.18549480E-02 -0.93597917E-03 -0.39867974E-03
  0.15455931E-03  0.12819327E-02  0.13848508E-02  0.12296075E-02  0.12365123E-02
  0.13442725E-02  0.17469746E-02  0.16245219E-02  0.17399156E-02  0.20845234E-02
  0.19665950E-02  0.17630891E-02  0.11888018E-02  0.51437133E-03
 -0.14183165E-11 -0.22286794E-05 -0.65771343E-11 -0.84827818E-11 -0.96483384E-11
  0.13644810E-05 -0.87890468E-11 -0.62211561E-11 -0.18203087E-11 -0.24994693E-06
  0.13856761E-10  0.25845272E-10 -0.37745432E-06  0.59511279E-10  0.81129376E-10
  0.10484152E-09  0.12774009E-09  0.14263064E-09  0.10715426E-05  0.59481544E-10
  0.29926406E-09  0.26117480E-05  0.82202746E-09  0.88302083E-09  0.90726726E-09
  0.90928936E-09  0.89295909E-08  0.87399933E-09  0.84453985E-09  0.81040616E-09
  0.77321499E-09 -0.16709137E-05 -0.12022250E-05  0.23298912E-05 -0.25969340E-05
 -0.18001127E-04 -0.45890685E-04 -0.15655675E-03 -0.26612604E-03 -0.68114524E-03
 -0.16854183E-02 -0.33399007E-02 -0.58585075E-02 -0.49937624E-02 -0.33987879E-02
 -0.26060096E-02 -0.19989413E-02 -0.17156846E-02 -0.47089886E-03 -0.38830366E-03
  0.10553504E-03  0.25291746E-03  0.13087120E-02  0.17768526E-02  0.16918539E-02
  0.19343289E-02  0.21931798E-02  0.20507698E-02  0.19853213E-02  0.21187835E-02
  0.20058369E-02  0.17461923E-02  0.12972557E-02  0.57001961E-03
 -0.20998169E-11 -0.20933638E-05 -0.99560570E-11 -0.13171025E-10 -0.15600629E-10
  0.12805672E-05 -0.17066959E-10 -0.15522300E-10 -0.12021885E-10 -0.23465380E-06
  0.23347896E-11  0.13976664E-10 -0.35523066E-06  0.47881052E-10  0.70328628E-10
  0.95716074E-10  0.12174603E-09  0.14216264E-09  0.10178209E-05  0.65488674E-10
  0.21356638E-06  0.25089357E-05  0.61044492E-09  0.66267017E-09  0.69543397E-09
  0.71419305E-09 -0.20944192E-08  0.72322401E-09  0.71851433E-09  0.70995052E-09
  0.69867691E-09 -0.95489306E-06 -0.48335332E-05 -0.18845312E-05 -0.15284019E-05
 -0.15986756E-04 -0.55384209E-04 -0.14604852E-03 -0.32071608E-03 -0.68733384E-03
 -0.14339660E-02 -0.31506215E-02 -0.55987321E-02 -0.59613886E-02 -0.42802639E-02
 -0.27631955E-02 -0.15316345E-02 -0.12237051E-02 -0.55938118E-03  0.33452943E-03
  0.27967095E-03  0.76545626E-03  0.13543011E-02  0.19153540E-02  0.21972382E-02
  0.21416984E-02  0.19743778E-02  0.21370813E-02  0.21789653E-02  0.21436701E-02
  0.21236508E-02  0.18783664E-02  0.12886213E-02  0.59686336E-03
 -0.28758968E-11 -0.19669045E-05 -0.13839820E-10 -0.18610427E-10 -0.22595120E-10
  0.12019965E-05 -0.27160764E-10 -0.27154330E-10 -0.25179326E-10 -0.22027172E-06
 -0.13809603E-10 -0.36046898E-11 -0.33420211E-06  0.27708450E-10  0.55428832E-06
  0.74187977E-10  0.10110150E-09  0.12523869E-09  0.89665828E-06  0.64837248E-10
  0.92316521E-06  0.24124928E-05  0.39343916E-09  0.44401414E-09  0.48781629E-09
  0.52348525E-09 -0.18594644E-09  0.57403715E-09  0.17374538E-06  0.60664810E-09
  0.61904187E-09 -0.90527214E-06 -0.29098987E-05  0.19547852E-05 -0.38227958E-05
 -0.21227478E-04 -0.82093422E-04 -0.14624973E-03 -0.25905428E-03 -0.64582969E-03
 -0.14004846E-02 -0.29335753E-02 -0.55564076E-02 -0.61027666E-02 -0.44157313E-02
 -0.32267346E-02 -0.20236000E-02 -0.13554800E-02 -0.47502414E-03 -0.73882880E-03
  0.65155100E-03  0.12231239E-02  0.19005727E-02  0.18585519E-02  0.22288251E-02
  0.24566887E-02  0.25127375E-02  0.25475788E-02  0.25521551E-02  0.25546150E-02
  0.23039038E-02  0.18978233E-02  0.14630097E-02  0.64845903E-03
 -0.36958331E-11 -0.20943232E-05 -0.17970867E-10 -0.24435131E-10 -0.30152814E-10
  0.11285659E-05 -0.38347552E-10 -0.40262924E-10 -0.40301077E-10 -0.20677582E-06
  0.13490950E-05 -0.25480366E-10 -0.31433711E-06  0.64691738E-12 -0.39697160E-06
  0.41863509E-10  0.66955057E-10  0.91601317E-10  0.10529963E-09  0.54773246E-10
  0.82204135E-06  0.28968981E-05  0.18460123E-09  0.23995099E-09  0.29616241E-09
  0.34779603E-09  0.39380059E-09  0.43495743E-09  0.21565418E-06  0.50694459E-09
  0.53953576E-09 -0.21099664E-05 -0.16942729E-05  0.12317596E-05 -0.15965370E-04
 -0.28046222E-04 -0.32059141E-04 -0.10353349E-03 -0.30949581E-03 -0.62986132E-03
 -0.11674201E-02 -0.29724864E-02 -0.54048477E-02 -0.62663728E-02 -0.42801237E-02
 -0.45567579E-02 -0.32850007E-02 -0.21076108E-02 -0.18368670E-02 -0.25990941E-03
  0.39694035E-03  0.95572561E-03  0.99644471E-03  0.17224168E-02  0.20426707E-02
  0.22715831E-02  0.27735055E-02  0.27844507E-02  0.23069586E-02  0.22382472E-02
  0.23271696E-02  0.21526117E-02  0.14401375E-02  0.61288242E-03
 -0.45034122E-11 -0.14875551E-05 -0.22060438E-10 -0.30230479E-10 -0.37723178E-10
  0.10585612E-05 -0.49765752E-10 -0.53807689E-10 -0.56151173E-10 -0.19375944E-06
  0.43654529E-05 -0.49749027E-10 -0.29506483E-06 -0.30981163E-10 -0.62560987E-06
  0.12383300E-11  0.21572324E-10  0.42456028E-10  0.57873286E-10  0.18945583E-06
  0.86808967E-06  0.80995827E-05 -0.16634583E-12  0.64204229E-10  0.13250760E-09
  0.19787822E-09  0.25852097E-09  0.31482912E-09  0.20961852E-06 -0.19094259E-05
  0.46677241E-09 -0.12168738E-05 -0.12537584E-05  0.29519306E-06 -0.10311239E-04
 -0.37189825E-04 -0.24165847E-04 -0.82336199E-04 -0.33884419E-03 -0.58692758E-03
 -0.11647540E-02 -0.27671355E-02 -0.50888936E-02 -0.61965434E-02 -0.43565986E-02
 -0.34228098E-02 -0.32411887E-02 -0.25633821E-02 -0.58384884E-03 -0.87775386E-03
  0.51975610E-03  0.11770156E-02  0.18030386E-02  0.22372149E-02  0.21490216E-02
  0.22855203E-02  0.26198781E-02  0.22984659E-02  0.25278720E-02  0.24577066E-02
  0.21522402E-02  0.19657139E-02  0.14058219E-02  0.63955110E-03
 -0.52481905E-11 -0.15666869E-10 -0.25846914E-10 -0.35617199E-10 -0.44796131E-10
  0.99320503E-06 -0.60586195E-10 -0.66760766E-10 -0.71469215E-10 -0.18182959E-06
  0.41044265E-05 -0.74194232E-10 -0.27712312E-06 -0.64110187E-10 -0.58747372E-06
 -0.43844872E-10 -0.31095395E-10 -0.18866034E-10 -0.11254070E-10  0.22754280E-06
 -0.87443251E-05  0.76204935E-05 -0.14343501E-09 -0.11220249E-04  0.81212217E-11
  0.83412065E-10  0.15440789E-09  0.22138859E-09  0.20344284E-06 -0.24088376E-05
  0.40699518E-09  0.46648653E-09 -0.22367506E-05  0.27258526E-05 -0.25023261E-04
 -0.16531741E-04 -0.54583746E-04 -0.95533895E-04 -0.30443006E-03 -0.53678304E-03
 -0.12386451E-02 -0.26878470E-02 -0.47190448E-02 -0.60127421E-02 -0.53668399E-02
 -0.30675586E-02 -0.26545459E-02 -0.33231458E-02 -0.20915120E-02 -0.21819577E-03
  0.47042369E-03  0.14685683E-02  0.17000557E-02  0.16977937E-02  0.25130720E-02
  0.24184163E-02  0.20946491E-02  0.24310970E-02  0.23795749E-02  0.23641485E-02
  0.21808244E-02  0.20134605E-02  0.13736416E-02  0.63174888E-03
 -0.45976811E-11 -0.13740920E-10 -0.22722802E-10 -0.31425714E-10 -0.39724952E-10
  0.74045158E-06 -0.54572681E-10 -0.60829532E-10 -0.66100868E-10 -0.13551101E-06
  0.30642430E-05 -0.74431203E-10 -0.20668791E-06 -0.72593240E-10 -0.43807113E-06
 -0.65561361E-10 -0.61811860E-10 -0.60821862E-10 -0.69455522E-10  0.16610081E-06
 -0.37041675E-05  0.67597350E-05 -0.17419064E-09 -0.22661232E-05 -0.79190085E-05
  0.13735431E-10  0.73311900E-10  0.13012868E-09 -0.13242876E-06 -0.18468138E-05
 -0.45239275E-06  0.34261639E-09 -0.11747871E-05  0.27767134E-05 -0.19548941E-04
 -0.27555443E-04 -0.25392964E-04 -0.85398314E-04 -0.22437082E-03 -0.33718901E-03
 -0.77920575E-03 -0.18224658E-02 -0.36974577E-02 -0.47584795E-02 -0.41704209E-02
 -0.27174881E-02 -0.35507077E-02 -0.16590722E-02 -0.14509083E-02 -0.52275310E-04
  0.98313647E-03  0.77689753E-03  0.12600969E-02  0.16683210E-02  0.14117143E-02
  0.19780279E-02  0.20241697E-02  0.19054112E-02  0.18179342E-02  0.16972527E-02
  0.18070952E-02  0.15608908E-02  0.11341221E-02  0.51033413E-03
 -0.56733083E-11 -0.16969567E-10 -0.28108494E-10 -0.38973277E-10 -0.49440118E-10
  0.80288996E-06 -0.68649646E-10 -0.77111097E-10 -0.84616128E-10  0.24653406E-05
  0.70286424E-06 -0.10005040E-09 -0.22423481E-06 -0.10377012E-09 -0.47528124E-06
 -0.10398167E-09 -0.10511925E-09 -0.11055387E-09 -0.12814533E-09  0.17985707E-06
 -0.25272034E-09  0.74446442E-05 -0.22405842E-09 -0.15680477E-09 -0.85495616E-10
 -0.14738785E-10  0.53695765E-10  0.11978945E-09 -0.33978141E-06 -0.19905955E-05
 -0.58377391E-06  0.37254261E-09 -0.19326997E-05  0.11557822E-05 -0.26019767E-04
 -0.96027554E-05 -0.37852155E-04 -0.10373192E-03 -0.14073598E-03 -0.44081674E-03
 -0.95564895E-03 -0.18546866E-02 -0.38643885E-02 -0.51275502E-02 -0.44489847E-02
 -0.37172325E-02 -0.24486428E-02 -0.18064702E-02 -0.11158221E-02  0.37100266E-03
  0.29781183E-03  0.93052611E-03  0.10935492E-02  0.13585716E-02  0.17957792E-02
  0.17797204E-02  0.19914168E-02  0.20094022E-02  0.20978919E-02  0.20902557E-02
  0.20538670E-02  0.17884113E-02  0.13095763E-02  0.60049959E-03
 -0.69647849E-11 -0.20847042E-10 -0.34579601E-10 -0.48048475E-10 -0.61132767E-10
  0.86995323E-06 -0.85634723E-10 -0.96785548E-10 -0.10702434E-09  0.34350134E-05
 -0.12428844E-09 -0.13115055E-09 -0.24316052E-06 -0.14146217E-09 -0.51516889E-06
 -0.14935110E-09 -0.15477707E-09 -0.16426239E-09 -0.18264126E-09  0.19616664E-06
 -0.25545347E-09  0.81050947E-05 -0.25146544E-09 -0.18138489E-09 -0.14203536E-05
 -0.28003355E-10  0.47893861E-10  0.12226967E-09 -0.37409432E-06  0.26822921E-09
  0.34082112E-09  0.41408013E-09 -0.12320032E-05 -0.49305502E-05 -0.22100579E-04
 -0.16213498E-04 -0.34095004E-04 -0.12279907E-03 -0.20782389E-03 -0.42896522E-03
 -0.10665713E-02 -0.21525461E-02 -0.46619202E-02 -0.58515352E-02 -0.54403236E-02
 -0.40864721E-02 -0.31216155E-02 -0.21345431E-02 -0.64088753E-03 -0.13318560E-03
  0.85108201E-03  0.13356102E-02  0.10979350E-02  0.18670829E-02  0.24179383E-02
  0.24332065E-02  0.23430241E-02  0.24488773E-02  0.23937121E-02  0.25406727E-02
  0.24265141E-02  0.19347639E-02  0.13673827E-02  0.64094027E-03
 -0.84904129E-11 -0.25427827E-10 -0.42225490E-10 -0.58773327E-10 -0.74954126E-10
  0.94192983E-06 -0.10571986E-09 -0.12005056E-09 -0.13351287E-09  0.37263827E-05
 -0.15740263E-09 -0.16768357E-09 -0.26324924E-06 -0.18502527E-09 -0.55728851E-06
 -0.19971027E-09 -0.20748136E-09 -0.21646438E-09 -0.22450266E-09  0.21446226E-06
 -0.20925918E-09  0.87728890E-05 -0.24886713E-09 -0.17931103E-09 -0.26731941E-05
 -0.18641950E-10  0.63213432E-10  0.14461802E-09 -0.41022346E-06  0.30715525E-09
  0.38909043E-09  0.47234656E-09 -0.10935566E-05 -0.69316617E-05 -0.33103535E-04
 -0.46050588E-04 -0.75605631E-04 -0.10410767E-03 -0.26575821E-03 -0.47607464E-03
 -0.11075616E-02 -0.24435449E-02 -0.52494773E-02 -0.75222137E-02 -0.62545853E-02
 -0.46630174E-02 -0.32918812E-02 -0.18622083E-02 -0.92043208E-03  0.22110436E-03
  0.45122283E-03  0.76107686E-03  0.17938924E-02  0.31392208E-02  0.25880451E-02
  0.25642486E-02  0.27894283E-02  0.26766016E-02  0.27157987E-02  0.25469172E-02
  0.23453653E-02  0.22508327E-02  0.16117530E-02  0.70170325E-03
 -0.10258730E-10 -0.30736750E-10 -0.51084951E-10 -0.71196618E-10 -0.90957021E-10
  0.10191219E-05 -0.12893707E-09 -0.14689775E-09 -0.16400251E-09  0.40357191E-05
 -0.19519111E-09 -0.20909125E-09 -0.28449128E-06 -0.23325035E-09 -0.60287770E-06
 -0.25224669E-09 -0.25902959E-09 -0.26100262E-09 -0.24530822E-09  0.23437258E-06
 -0.11423492E-09  0.51567595E-05  0.21852888E-05 -0.14377679E-09 -0.29050875E-05
  0.19460966E-10  0.10559238E-09  0.19255248E-09  0.17517056E-06  0.36904679E-09
  0.45912585E-09  0.55120379E-09  0.30993333E-06 -0.44819198E-05 -0.30266085E-04
 -0.57720734E-04 -0.54388280E-04 -0.14245443E-03 -0.36931114E-03 -0.65024679E-03
 -0.11610266E-02 -0.28332238E-02 -0.60056598E-02 -0.77253913E-02 -0.69661702E-02
 -0.58790767E-02 -0.26306148E-02 -0.22591720E-02 -0.80080065E-03 -0.16856722E-03
  0.69490764E-03  0.15233874E-02  0.20530492E-02  0.24714402E-02  0.27332190E-02
  0.29390889E-02  0.29655466E-02  0.31499541E-02  0.30712086E-02  0.31600614E-02
  0.29793056E-02  0.24579994E-02  0.17133283E-02  0.76683315E-03
 -0.12261745E-10 -0.36748366E-10 -0.61110692E-10 -0.85241754E-10 -0.10902473E-09
  0.10996666E-05 -0.15503947E-09 -0.17700044E-09 -0.36539900E-06  0.43646757E-05
 -0.23693568E-09 -0.25439022E-09 -0.25428551E-06 -0.28417535E-09 -0.65312625E-06
 -0.30319506E-09 -0.30421695E-09 -0.29075454E-09 -0.23604939E-09  0.19689871E-06
  0.26862458E-10  0.16794213E-05  0.63532723E-05 -0.68711122E-10 -0.31447423E-05
 -0.59036592E-05  0.17891150E-09  0.26941871E-09  0.32458175E-06  0.45606275E-09
  0.55237179E-09 -0.57696067E-05  0.42562851E-06 -0.10383853E-04 -0.99857001E-05
 -0.37968617E-04 -0.91005402E-04 -0.19267500E-03 -0.37548505E-03 -0.67043006E-03
 -0.13933249E-02 -0.32311618E-02 -0.67323010E-02 -0.80345039E-02 -0.74876399E-02
 -0.62946432E-02 -0.53285787E-02 -0.24144641E-02 -0.87939847E-03 -0.74139112E-03
  0.88540826E-03  0.17941347E-02  0.26061544E-02  0.27292341E-02  0.29876975E-02
  0.32659697E-02  0.32675116E-02  0.35412761E-02  0.33761530E-02  0.32857742E-02
  0.32531384E-02  0.27363197E-02  0.19300373E-02  0.87257614E-03
 -0.14473007E-10 -0.43382446E-10 -0.72166076E-10 -0.10071130E-09 -0.12889240E-09
  0.11851241E-05 -0.18359524E-09 -0.20979601E-09 -0.68772447E-06  0.47207481E-05
 -0.28136456E-09 -0.30192537E-09 -0.32009101E-09 -0.33501075E-09 -0.70742857E-06
 -0.34778476E-09 -0.33679884E-09 -0.29770117E-09 -0.18763312E-09 -0.33811014E-04
  0.20771925E-09  0.27651803E-05  0.32214283E-05  0.49989408E-10 -0.33881463E-05
 -0.40843749E-05 -0.85857196E-06  0.37513746E-09 -0.11283241E-06  0.56606698E-09
  0.66556793E-09 -0.97377355E-05 -0.13671569E-04 -0.26953126E-04 -0.14417434E-04
 -0.58120571E-04 -0.29173541E-04 -0.17117095E-03 -0.44679224E-03 -0.87992334E-03
 -0.17547287E-02 -0.39188985E-02 -0.68546366E-02 -0.89287984E-02 -0.68994742E-02
 -0.63597271E-02 -0.47924924E-02 -0.28685005E-02 -0.15268882E-02 -0.61903987E-03
  0.70814632E-03  0.19741129E-02  0.32353023E-02  0.32696099E-02  0.32917059E-02
  0.33316807E-02  0.34418638E-02  0.32635328E-02  0.33566022E-02  0.33795696E-02
  0.32085620E-02  0.28680328E-02  0.20610599E-02  0.94081277E-03
 -0.16846493E-10 -0.50498879E-10 -0.84010779E-10 -0.11725432E-09 -0.15008352E-09
  0.12780256E-05 -0.21380908E-09 -0.24428869E-09 -0.74108723E-06  0.51069988E-05
 -0.32659085E-09  0.31390280E-05 -0.36839924E-09  0.11342239E-04 -0.82343739E-06
  0.31120922E-07 -0.34974318E-09 -0.27355621E-09  0.37647804E-06 -0.21532061E-04
  0.41821282E-09  0.29713188E-05  0.29022224E-07  0.21237078E-09 -0.36392204E-05
  0.33677523E-09 -0.54103601E-05  0.50497031E-09 -0.56864275E-06  0.69137312E-09
  0.78944719E-09  0.35508485E-05 -0.10411335E-04 -0.12869578E-04 -0.51148810E-04
 -0.46013454E-04 -0.84292555E-04 -0.19282293E-03 -0.49723127E-03 -0.10652784E-02
 -0.22384882E-02 -0.44512591E-02 -0.82088328E-02 -0.10284915E-01 -0.81566064E-02
 -0.57554824E-02 -0.63540470E-02 -0.37088993E-02 -0.22777429E-02 -0.34684100E-03
  0.59791499E-03  0.18518607E-02  0.25644268E-02  0.30280986E-02  0.37656998E-02
  0.42791146E-02  0.45092890E-02  0.43291751E-02  0.40851940E-02  0.39494979E-02
  0.35774922E-02  0.31736712E-02  0.22734456E-02  0.10373373E-02
 -0.19307072E-10 -0.62572671E-06 -0.96259407E-10 -0.13431745E-09 -0.17186241E-09
  0.13777878E-05 -0.24451630E-09 -0.27905363E-09 -0.79777878E-06  0.30276589E-05
 -0.37010760E-09  0.54047998E-05 -0.41154807E-09 -0.14835995E-06 -0.89829438E-06
  0.13178174E-06 -0.33601986E-09 -0.21148795E-09  0.13455167E-05  0.65659320E-06
  0.64431449E-09  0.31899930E-05 -0.35362002E-06 -0.21365335E-05 -0.17073500E-05
  0.50184342E-09 -0.57991732E-05  0.64821846E-09 -0.61127367E-06 -0.40883014E-06
 -0.12638308E-04 -0.52749161E-05 -0.76045596E-05 -0.25823877E-04 -0.20433124E-04
 -0.12641807E-03 -0.14009465E-03 -0.31478329E-03 -0.59527130E-03 -0.12115086E-02
 -0.25115312E-02 -0.57209886E-02 -0.96320982E-02 -0.10830568E-01 -0.84397538E-02
 -0.80301470E-02 -0.61983744E-02 -0.38971673E-02 -0.16270888E-02  0.84737693E-03
  0.21010406E-02  0.29994903E-02  0.34485940E-02  0.37802316E-02  0.42663851E-02
  0.42575008E-02  0.43242368E-02  0.46987140E-02  0.45906881E-02  0.43614714E-02
  0.40701758E-02  0.35091849E-02  0.24622291E-02  0.11366215E-02
 -0.21751206E-10 -0.58687298E-07 -0.20480316E-05 -0.12885970E-05  0.79454581E-06
  0.36833111E-06 -0.27418630E-09 -0.31224765E-09 -0.85788510E-06 -0.27036640E-06
 -0.40887922E-09  0.58300769E-05 -0.44542169E-09 -0.20495133E-06 -0.33824857E-06
  0.14245497E-06 -0.29026973E-09 -0.10815848E-09  0.14618618E-05  0.71508461E-06
  0.86809532E-09  0.29842685E-05 -0.17767769E-06 -0.10170250E-06  0.64234078E-09
  0.67708416E-09 -0.61956792E-05  0.78721269E-09 -0.65347138E-06  0.92476545E-09
 -0.86954062E-05 -0.27746118E-04 -0.26561274E-04 -0.25587999E-04  0.76605375E-05
 -0.14975730E-03 -0.18263238E-03 -0.37244043E-03 -0.78815310E-03 -0.16483557E-02
 -0.35409851E-02 -0.70294139E-02 -0.10281715E-01 -0.99741058E-02 -0.82368977E-02
 -0.63403621E-02 -0.51387169E-02 -0.33789111E-02 -0.21119799E-02 -0.13790482E-03
  0.17689686E-02  0.28322503E-02  0.36972606E-02  0.44062195E-02  0.42033924E-02
  0.46155940E-02  0.47470713E-02  0.49428308E-02  0.50077146E-02  0.45459065E-02
  0.43185904E-02  0.37031108E-02  0.26113204E-02  0.11764170E-02
 -0.24048637E-10  0.51262466E-05 -0.43330341E-05 -0.16681427E-09  0.58940954E-06
 -0.25787450E-09 -0.30098255E-09 -0.34169690E-09 -0.92149110E-06 -0.29063496E-06
  0.41212393E-05  0.21210908E-05 -0.46584061E-09 -0.28886543E-06 -0.80937684E-07
  0.15415393E-06 -0.21081375E-09  0.33076128E-10  0.15853099E-05  0.77649542E-06
  0.10675398E-08  0.17375709E-05  0.12334468E-05  0.84791479E-09  0.83074924E-09
  0.83828314E-09 -0.65984770E-05  0.89711394E-09 -0.69603785E-06  0.98589116E-09
  0.15414802E-05 -0.42813764E-06 -0.23779902E-04 -0.46325350E-04 -0.66495628E-04
 -0.12593413E-03 -0.31227417E-03 -0.47903382E-03 -0.11396573E-02 -0.21998966E-02
 -0.46467513E-02 -0.82295447E-02 -0.10825151E-01 -0.10354647E-01 -0.94279727E-02
 -0.73621058E-02 -0.50854612E-02 -0.34613303E-02 -0.16216729E-02  0.63731359E-03
  0.14355368E-02  0.29498586E-02  0.43302493E-02  0.41170424E-02  0.47086512E-02
  0.52003365E-02  0.52579304E-02  0.50392107E-02  0.47751784E-02  0.47644486E-02
  0.45073749E-02  0.38836072E-02  0.27310185E-02  0.12530521E-02
 -0.26049512E-10  0.25800782E-05 -0.46780726E-05 -0.18024885E-09  0.44148872E-06
 -0.17431045E-04 -0.18713085E-04 -0.10972771E-05 -0.98590892E-06 -0.31149382E-06
  0.66926371E-05 -0.47212648E-09 -0.46989970E-09 -0.31176641E-06 -0.71101371E-07
  0.16667550E-06 -0.10267921E-09  0.19880734E-09  0.17151044E-05  0.24878948E-05
  0.12167696E-08 -0.23193523E-05  0.16833311E-05  0.10210197E-08  0.97617878E-09
  0.95247618E-09 -0.22175845E-05 -0.48745133E-05 -0.73909947E-06  0.97193086E-09
  0.98969450E-09  0.37777572E-05 -0.13056876E-04 -0.41251703E-04 -0.10172485E-03
 -0.20200293E-03 -0.48129765E-03 -0.87508595E-03 -0.14885698E-02 -0.30045258E-02
 -0.59487500E-02 -0.10084906E-01 -0.11018741E-01 -0.10292268E-01 -0.97393250E-02
 -0.85875462E-02 -0.63453997E-02 -0.45277454E-02 -0.48149151E-03  0.46087562E-03
  0.17874209E-02  0.35676592E-02  0.42864656E-02  0.49675979E-02  0.53692385E-02
  0.53773715E-02  0.53624450E-02  0.52068165E-02  0.50242329E-02  0.50566489E-02
  0.46438592E-02  0.39779744E-02  0.28164867E-02  0.12843180E-02
 -0.27593388E-10  0.14143263E-05 -0.32334395E-05  0.10952706E-06  0.11454349E-05
 -0.29161704E-09  0.47604558E-06  0.41480696E-05 -0.10569175E-05 -0.33427102E-06
  0.38840719E-05 -0.47071231E-09 -0.45692744E-09 -0.33620786E-06 -0.67741637E-07
  0.63401253E-07  0.19237077E-10  0.36290909E-09  0.15141460E-05  0.50305280E-05
  0.12860878E-08 -0.24667000E-05  0.11035349E-05  0.11077398E-08  0.10366375E-08
  0.98038213E-09  0.93694306E-09 -0.75339474E-05 -0.78273607E-06 -0.33383901E-05
  0.83483136E-09  0.69701739E-05 -0.18676792E-04 -0.37166880E-04 -0.90729818E-04
 -0.21274033E-03 -0.53886799E-03 -0.10502338E-02 -0.21342314E-02 -0.39241878E-02
 -0.76041151E-02 -0.10574886E-01 -0.98426957E-02 -0.90719854E-02 -0.92962630E-02
 -0.76293987E-02 -0.52671808E-02 -0.12251309E-02 -0.41207857E-03  0.14536684E-02
  0.35307960E-02  0.32739152E-02  0.36299113E-02  0.45267443E-02  0.50737233E-02
  0.55521194E-02  0.58608959E-02  0.57712952E-02  0.56192832E-02  0.50795142E-02
  0.46863931E-02  0.38897295E-02  0.27469502E-02  0.12925641E-02
 -0.28563988E-10  0.15188813E-05 -0.77642012E-06 -0.19641295E-09  0.31306218E-05
 -0.29921648E-09  0.68854900E-05 -0.38645658E-09 -0.62850545E-06 -0.86456065E-06
 -0.45907027E-09 -0.45586609E-09 -0.43042186E-09 -0.36224281E-06 -0.72674157E-07
 -0.27654840E-05  0.12789537E-09  0.69590059E-06  0.98783572E-09  0.46303305E-05
  0.12430047E-08  0.22798978E-05  0.10282466E-05  0.10628917E-08  0.96848504E-09
 -0.78951765E-06 -0.51097102E-07 -0.79325267E-05 -0.82769343E-06  0.13984778E-05
 -0.30716701E-05 -0.10631522E-04 -0.18861668E-04 -0.87001583E-04 -0.14872920E-03
 -0.27128008E-03 -0.64511052E-03 -0.14810604E-02 -0.26533566E-02 -0.55087255E-02
 -0.95895922E-02 -0.11292105E-01 -0.11462331E-01 -0.10414895E-01 -0.88166654E-02
 -0.72772741E-02 -0.51761564E-02 -0.25187213E-02 -0.28286924E-03  0.15726675E-02
  0.22594486E-02  0.37396057E-02  0.47524431E-02  0.53547615E-02  0.55020221E-02
  0.52826908E-02  0.52544580E-02  0.52658791E-02  0.52604514E-02  0.51628458E-02
  0.47602175E-02  0.39806551E-02  0.27173431E-02  0.12429086E-02
 -0.28905021E-10  0.16308285E-05 -0.83080458E-06 -0.19812245E-09  0.31481348E-05
 -0.30022175E-09  0.54373143E-05 -0.30170858E-06 -0.41555424E-09 -0.16013964E-05
 -0.44424273E-09 -0.43399264E-09 -0.39995333E-09 -0.38993923E-06 -0.10691193E-06
 -0.33944326E-05 -0.16804064E-05  0.49637496E-05  0.94710176E-09  0.64046858E-05
  0.10557311E-08  0.64773664E-06  0.87290416E-06  0.87449505E-06  0.73448379E-09
 -0.13780749E-05 -0.42282302E-07  0.83358597E-06 -0.72237073E-05 -0.82623618E-05
 -0.39916658E-05 -0.71658313E-05 -0.40545295E-04 -0.11674066E-03 -0.26875057E-03
 -0.33110327E-03 -0.87423688E-03 -0.20588443E-02 -0.43266966E-02 -0.81048117E-02
 -0.11927894E-01 -0.11787188E-01 -0.11548109E-01 -0.10528327E-01 -0.84374152E-02
 -0.56578690E-02 -0.36537240E-02 -0.24446963E-02 -0.17940261E-03  0.21358834E-02
  0.35647806E-02  0.43391150E-02  0.52668767E-02  0.55593149E-02  0.58640525E-02
  0.59852982E-02  0.57332083E-02  0.56684302E-02  0.54762761E-02  0.52167276E-02
  0.46821203E-02  0.39417605E-02  0.26569546E-02  0.12336012E-02
 -0.28681292E-10  0.14881181E-05 -0.20287697E-06 -0.19616187E-09  0.33812756E-05
 -0.29622625E-09  0.38091049E-06 -0.35280277E-05 -0.40629046E-09 -0.17126878E-05
 -0.43017858E-09 -0.41776242E-09 -0.38259884E-09 -0.41936065E-06 -0.11610231E-06
 -0.43423484E-05  0.13985945E-09  0.53098461E-05  0.70684490E-09  0.15574103E-04
  0.69831488E-09  0.68117057E-06 -0.97734792E-07  0.14947182E-05  0.31239673E-09
 -0.24674304E-07  0.59654884E-05  0.20154877E-05 -0.98889683E-05 -0.18391922E-05
 -0.44924813E-05 -0.35680622E-04 -0.35637344E-04 -0.49057373E-04 -0.28362482E-03
 -0.79068525E-03 -0.13138077E-02 -0.26387450E-02 -0.54436544E-02 -0.10126181E-01
 -0.12894928E-01 -0.11255069E-01 -0.96908996E-02 -0.89686939E-02 -0.73325229E-02
 -0.53278212E-02 -0.35668770E-02 -0.92335939E-03  0.28840464E-03  0.16303176E-02
  0.25427794E-02  0.43348827E-02  0.47404986E-02  0.53004767E-02  0.53656699E-02
  0.55842214E-02  0.59642670E-02  0.60012553E-02  0.55568584E-02  0.49794591E-02
  0.44352458E-02  0.35936582E-02  0.24357259E-02  0.11450401E-02
 -0.28128340E-10 -0.84084151E-10 -0.38970822E-06 -0.19247016E-09  0.37511512E-05
 -0.29101018E-09 -0.33419581E-09 -0.37937939E-05 -0.40180499E-09 -0.15547819E-05
 -0.43174737E-09 -0.42619457E-09 -0.40246939E-09 -0.45009300E-06 -0.12442635E-06
 -0.58036059E-05 -0.53266045E-10  0.23483102E-06  0.55521380E-05  0.15697765E-04
  0.15735116E-09 -0.22372807E-07 -0.13057248E-05  0.41920650E-05 -0.29836329E-09
 -0.43922494E-09  0.85125039E-05 -0.21083151E-05 -0.12548326E-04 -0.14700361E-04
  0.10336007E-05 -0.11107644E-04 -0.35154281E-04 -0.16232335E-03 -0.37221401E-03
 -0.82633446E-03 -0.18529552E-02 -0.40569691E-02 -0.78447124E-02 -0.12567903E-01
 -0.12552103E-01 -0.11069084E-01 -0.89021184E-02 -0.82355522E-02 -0.59251194E-02
 -0.38792187E-02 -0.16629852E-02 -0.14079415E-02  0.11238988E-02  0.27527562E-02
  0.37106137E-02  0.42804077E-02  0.47156186E-02  0.52736272E-02  0.54348094E-02
  0.55310870E-02  0.51721263E-02  0.51149487E-02  0.51749611E-02  0.48708702E-02
  0.43548525E-02  0.35552599E-02  0.23745998E-02  0.11073555E-02
 -0.27670158E-10 -0.82782572E-10 -0.41715907E-06 -0.19033227E-09  0.31569311E-06
 -0.29051864E-09 -0.33617272E-09 -0.40762444E-05 -0.40689908E-07 -0.14898909E-05
 -0.46783047E-09 -0.48229964E-09  0.94540036E-05 -0.47668629E-05 -0.13344635E-06
 -0.22032489E-05 -0.43128462E-09 -0.44086711E-09  0.61759545E-05  0.48168034E-05
 -0.15867034E-06 -0.60195812E-06 -0.55152763E-05  0.10837372E-04 -0.10740098E-08
 -0.12163997E-08 -0.99059331E-06 -0.13385283E-05 -0.14853480E-05 -0.50834554E-05
 -0.43844178E-04 -0.59453050E-04 -0.89226391E-04 -0.20632145E-03 -0.48390572E-03
 -0.10779945E-02 -0.24967579E-02 -0.53335210E-02 -0.97480905E-02 -0.12985859E-01
 -0.10720449E-01 -0.88438437E-02 -0.83965732E-02 -0.62037003E-02 -0.57726844E-02
 -0.45038377E-02 -0.18870767E-02  0.58249355E-03  0.17122845E-02  0.26651813E-02
  0.33211694E-02  0.39106036E-02  0.42814371E-02  0.45607694E-02  0.45844781E-02
  0.49391392E-02  0.49965129E-02  0.48217979E-02  0.45064129E-02  0.42983922E-02
  0.38800279E-02  0.31350670E-02  0.20207949E-02  0.96319210E-03
 -0.27856364E-10 -0.83494598E-10 -0.62752351E-07 -0.19385586E-09 -0.70296586E-06
  0.42756808E-05  0.67553363E-05 -0.43824369E-05 -0.25178162E-05 -0.10645190E-05
 -0.55615680E-09 -0.17781008E-05  0.63248866E-05 -0.30839991E-05 -0.47226764E-05
 -0.87492292E-09 -0.39463870E-05 -0.29229309E-05  0.66650802E-05  0.46461667E-05
 -0.20691751E-06 -0.63950676E-06 -0.85358663E-05  0.10341571E-04 -0.19681112E-08
 -0.21051420E-08 -0.22914276E-05 -0.38337494E-05 -0.31457459E-04 -0.34653830E-04
 -0.16976972E-04 -0.38185961E-04 -0.13463001E-03 -0.29221662E-03 -0.65438720E-03
 -0.13589629E-02 -0.31231421E-02 -0.61245015E-02 -0.11526060E-01 -0.13154854E-01
 -0.92429072E-02 -0.70070801E-02 -0.62271731E-02 -0.54685747E-02 -0.40352081E-02
 -0.25891560E-02 -0.96074309E-03  0.87139933E-03  0.20187932E-02  0.28929537E-02
  0.36724155E-02  0.41463907E-02  0.47896736E-02  0.48737879E-02  0.48180969E-02
  0.47287747E-02  0.48252886E-02  0.48017422E-02  0.45885132E-02  0.41243955E-02
  0.36082968E-02  0.28029930E-02  0.18623831E-02  0.86785073E-03
 -0.29196307E-10 -0.87746994E-10 -0.14676428E-09 -0.20657940E-09 -0.26759994E-09
 -0.33034461E-09  0.22750804E-04 -0.74051325E-05 -0.27092525E-05 -0.61604765E-09
 -0.70369002E-09 -0.41609869E-06 -0.91874725E-09  0.10511524E-04  0.15970401E-05
  0.53275731E-06 -0.85584483E-05  0.92664319E-06  0.39268851E-05 -0.25429271E-05
 -0.37167031E-05 -0.40528984E-05  0.51837603E-05 -0.27827424E-08 -0.29141168E-08
  0.26951727E-06 -0.51693376E-05 -0.13694203E-04 -0.22945728E-05 -0.67152408E-06
 -0.14184065E-04 -0.42927363E-04 -0.16703324E-03 -0.35418074E-03 -0.68797440E-03
 -0.17613980E-02 -0.38642702E-02 -0.81177549E-02 -0.12311447E-01 -0.11361821E-01
 -0.73679490E-02 -0.57755644E-02 -0.58898832E-02 -0.54226209E-02 -0.35254192E-02
 -0.17418211E-02 -0.52321519E-03  0.12407690E-02  0.23318925E-02  0.32436170E-02
  0.37886799E-02  0.36818520E-02  0.40191786E-02  0.43168999E-02  0.44450398E-02
  0.44321839E-02  0.42260549E-02  0.40137262E-02  0.37390389E-02  0.35101093E-02
  0.30607424E-02  0.23954508E-02  0.15491335E-02  0.74513216E-03
 -0.31839234E-10 -0.95951404E-10 -0.16136916E-09 -0.22902607E-09 -0.30000009E-09
 -0.37557837E-09 -0.45733648E-09 -0.81842233E-05 -0.11258691E-04 -0.76209220E-09
 -0.89428600E-09  0.49140587E-05 -0.12349530E-08  0.26021206E-05  0.16461869E-05
 -0.68386086E-06 -0.34582522E-05  0.67769826E-05 -0.41448401E-05 -0.28506820E-04
 -0.58343678E-05 -0.84271581E-05  0.12051066E-04 -0.24333931E-04 -0.24338976E-04
 -0.63917376E-06 -0.48738810E-05 -0.64568750E-05 -0.43216459E-08  0.55517705E-06
 -0.14105149E-04 -0.69208246E-04 -0.18234756E-03 -0.41331947E-03 -0.86885258E-03
 -0.21137938E-02 -0.45171384E-02 -0.91221208E-02 -0.12828449E-01 -0.86054918E-02
 -0.38292678E-02 -0.20461271E-02 -0.24852669E-02 -0.15185642E-02 -0.19512078E-02
 -0.59280053E-03  0.78635385E-03  0.12479948E-02  0.17560906E-02  0.18165613E-02
  0.26788152E-02  0.31002990E-02  0.30474881E-02  0.30978460E-02  0.32967124E-02
  0.32809374E-02  0.32078899E-02  0.31572107E-02  0.29893895E-02  0.27394204E-02
  0.23368955E-02  0.18325861E-02  0.11925618E-02  0.56309918E-03
 -0.35311347E-10 -0.10660162E-09 -0.17990773E-09 -0.25666944E-09 -0.33852433E-09
 -0.42739467E-09 -0.52558982E-09 -0.25055406E-05 -0.38127749E-05 -0.90781161E-09
 -0.10790738E-08  0.19243283E-05 -0.15262906E-08 -0.25464512E-05  0.11847609E-05
 -0.74493361E-05 -0.31639051E-08  0.11510050E-04 -0.46202824E-05 -0.17840515E-04
 -0.39714543E-05  0.12670143E-04  0.24061354E-05 -0.44621014E-08 -0.45833320E-08
 -0.47001303E-08  0.19747766E-05 -0.15235262E-05 -0.50836327E-08 -0.22878270E-05
 -0.37525600E-04 -0.75483527E-04 -0.16668102E-03 -0.45603167E-03 -0.91944292E-03
 -0.18359175E-02 -0.43527887E-02 -0.83554636E-02 -0.92872119E-02 -0.19945101E-02
  0.12856759E-02  0.30628161E-03 -0.27121853E-03 -0.30786097E-03 -0.23313198E-05
  0.25168897E-04  0.24300922E-03  0.91019345E-03  0.12396538E-02  0.15200006E-02
  0.15320676E-02  0.16848123E-02  0.17525262E-02  0.15773715E-02  0.15957066E-02
  0.16007861E-02  0.15788691E-02  0.16530390E-02  0.16205671E-02  0.15528389E-02
  0.13689744E-02  0.10218291E-02  0.65349443E-03  0.31348194E-03
 -0.19989730E-01 -0.43879928E-03 -0.43885670E-03 -0.43894419E-03 -0.43906320E-03
 -0.26556818E-01 -0.28862451E-01 -0.43963079E-03 -0.43989999E-03 -0.34809732E-01
 -0.44058262E-03 -0.44100642E-03 -0.22311017E-01 -0.44204824E-03 -0.44267735E-03
 -0.44338099E-03 -0.44415111E-03 -0.44496342E-03 -0.15418898E-01 -0.44651165E-03
 -0.13596905E-02 -0.43574600E-01 -0.11969422E-02 -0.11425440E-02 -0.10974869E-02
 -0.10590569E-02 -0.10211754E+00 -0.99640116E-03 -0.97004479E-03 -0.94700886E-03
 -0.92707700E-03 -0.45170412E-01 -0.72486566E-01 -0.61766624E+00 -0.47729477E+00
 -0.14342265E+01 -0.28643457E+01 -0.66017065E+01 -0.13279078E+02 -0.35850651E+02
 -0.89136915E+02 -0.21400631E+03 -0.27860013E+03 -0.12893534E+03 -0.44431974E+02
 -0.15247968E+02 -0.46928144E+01 -0.16749881E+00  0.22159738E+01  0.32252486E+01
  0.38044167E+01  0.39955890E+01  0.39390381E+01  0.37927432E+01  0.37538784E+01
  0.35794046E+01  0.34254771E+01  0.33046506E+01  0.31102667E+01  0.28928811E+01
  0.25037899E+01  0.17581796E+01  0.69611783E+00  0.74988758E-01
 -0.18785943E-01 -0.42498025E-03 -0.42514232E-03 -0.42538934E-03 -0.42572549E-03
 -0.24976015E-01 -0.42668842E-03 -0.42733057E-03 -0.42809296E-03 -0.32801081E-01
 -0.43002971E-03 -0.43123478E-03 -0.21085523E-01 -0.43420642E-03 -0.43600857E-03
 -0.43803387E-03 -0.44026602E-03 -0.44264385E-03 -0.14714522E-01 -0.44727401E-03
 -0.12824311E-02 -0.32936711E-01 -0.11328571E-02 -0.10827582E-02 -0.10410500E-02
 -0.10053774E-02 -0.34203578E-01 -0.94753420E-03 -0.92310225E-03 -0.90181145E-03
 -0.88347059E-03 -0.28472056E-01 -0.76082500E-01 -0.96316688E-01 -0.51317064E+00
 -0.11839236E+01 -0.16582850E+01 -0.34449204E+01 -0.11100347E+02 -0.23714309E+02
 -0.57333611E+02 -0.14418692E+03 -0.21420682E+03 -0.11978874E+03 -0.46204930E+02
 -0.17096995E+02 -0.62202048E+01 -0.12018667E+01  0.12401172E+01  0.24495062E+01
  0.32229911E+01  0.34154992E+01  0.34285582E+01  0.34250046E+01  0.33226244E+01
  0.32989901E+01  0.31548384E+01  0.30649650E+01  0.29399624E+01  0.27540015E+01
  0.23884264E+01  0.16760312E+01  0.66054122E+00  0.69213589E-01
 -0.15468971E-01 -0.26015878E-02 -0.41198018E-03 -0.41236845E-03 -0.41289694E-03
 -0.23493118E-01 -0.41441152E-03 -0.41542213E-03 -0.41662263E-03 -0.30909416E-01
 -0.41967620E-03 -0.42157965E-03 -0.19924919E-01 -0.42628924E-03 -0.42916051E-03
 -0.43240759E-03 -0.43602134E-03 -0.43992893E-03 -0.14037698E-01 -0.44781102E-03
 -0.12004216E-02 -0.22980953E-01 -0.10674785E-02 -0.10226401E-02 -0.98494483E-03
 -0.95254202E-03 -0.20223661E-01 -0.91645065E-02 -0.87847050E-03 -0.85930841E-03
 -0.84294769E-03 -0.17333734E-01 -0.45336424E-01 -0.13375122E+00 -0.33968670E+00
 -0.13420717E+01 -0.21636739E+01 -0.40488983E+01 -0.10082851E+02 -0.22845333E+02
 -0.53257824E+02 -0.13249304E+03 -0.19890300E+03 -0.12225703E+03 -0.49497103E+02
 -0.19361835E+02 -0.76376791E+01 -0.22439130E+01  0.52470580E+00  0.18941419E+01
  0.26377903E+01  0.29399962E+01  0.31068977E+01  0.31423104E+01  0.31360043E+01
  0.30565364E+01  0.29476687E+01  0.28574605E+01  0.27719521E+01  0.25880018E+01
  0.22753964E+01  0.16030658E+01  0.63036634E+00  0.62763567E-01
 -0.39907983E-03 -0.16576201E-01 -0.39958749E-03 -0.40010545E-03 -0.40081038E-03
 -0.22060689E-01 -0.40282998E-03 -0.40417718E-03 -0.40577730E-03 -0.29069015E-01
 -0.40984774E-03 -0.41238681E-03 -0.18785806E-01 -0.41868396E-03 -0.42254140E-03
 -0.42693218E-03 -0.43187279E-03 -0.43731264E-03 -0.13358534E-01 -0.44881952E-03
 -0.11158049E-02 -0.25297948E-01 -0.10018473E-02 -0.96275569E-03 -0.92942225E-03
 -0.90057664E-03 -0.18588793E+00 -0.85388296E-03 -0.83532849E-03 -0.81880727E-03
 -0.80466964E-03 -0.79314446E-03 -0.53626419E-01 -0.16863709E+00 -0.47441511E+00
 -0.67666968E+00 -0.16769629E+01 -0.34489467E+01 -0.91869562E+01 -0.19338789E+02
 -0.50677282E+02 -0.12325010E+03 -0.19865658E+03 -0.12926881E+03 -0.53587186E+02
 -0.22061715E+02 -0.90583437E+01 -0.32045555E+01 -0.10319654E+00  0.15033146E+01
  0.22270613E+01  0.25696921E+01  0.27586352E+01  0.29038654E+01  0.29126796E+01
  0.28782338E+01  0.28140506E+01  0.27346303E+01  0.26511181E+01  0.24882749E+01
  0.21929100E+01  0.15499762E+01  0.60318254E+00  0.56142139E-01
 -0.38738618E-03 -0.15521839E-01 -0.38801106E-03 -0.38864858E-03 -0.38951606E-03
 -0.20665773E-01 -0.39200024E-03 -0.39365644E-03 -0.39562286E-03 -0.27268170E-01
 -0.40062356E-03 -0.40374357E-03 -0.17664048E-01 -0.41149579E-03 -0.41626505E-03
 -0.42172844E-03 -0.42794591E-03 -0.43492706E-03 -0.12677785E-01 -0.45056942E-03
 -0.10302495E-02 -0.21861736E-01 -0.93665378E-03 -0.90342391E-03 -0.87456569E-03
 -0.84940019E-03 -0.94832558E-01 -0.80873013E-03 -0.79276150E-03 -0.77953524E-03
 -0.76789553E-03 -0.42450613E-01 -0.46153843E-01 -0.19869764E+00 -0.25717949E+00
 -0.72379970E+00 -0.14451386E+01 -0.35915867E+01 -0.74025951E+01 -0.19172433E+02
 -0.47198129E+02 -0.11632409E+03 -0.20166898E+03 -0.13751496E+03 -0.58917619E+02
 -0.24803913E+02 -0.10666927E+02 -0.41826758E+01 -0.71549864E+00  0.10953453E+01
  0.19606958E+01  0.23379202E+01  0.26219522E+01  0.26817240E+01  0.27150263E+01
  0.27371689E+01  0.27164718E+01  0.26188241E+01  0.25323788E+01  0.24068464E+01
  0.21278463E+01  0.15094718E+01  0.59047017E+00  0.54141003E-01
 -0.37594952E-03 -0.14539936E-01 -0.37668691E-03 -0.37743918E-03 -0.37846261E-03
 -0.19363991E-01 -0.38139188E-03 -0.38334357E-03 -0.38565963E-03 -0.25578639E-01
 -0.39154501E-03 -0.39521558E-03 -0.16604357E-01 -0.40434381E-03 -0.40997685E-03
 -0.41646392E-03 -0.42392153E-03 -0.43245367E-03 -0.12024552E-01 -0.45282231E-03
 -0.50476780E-02 -0.21396637E-01 -0.87226919E-03 -0.84476632E-03 -0.82035206E-03
 -0.79889125E-03 -0.93316207E-01 -0.76434064E-03 -0.75100618E-03 -0.74021262E-03
 -0.73197125E-03 -0.86851404E-01 -0.76512085E-01 -0.22633329E+00 -0.21516855E+00
 -0.82731057E+00 -0.17675963E+01 -0.36182328E+01 -0.82697018E+01 -0.18878367E+02
 -0.43328745E+02 -0.10931098E+03 -0.20346241E+03 -0.15125936E+03 -0.65461531E+02
 -0.28229632E+02 -0.11688095E+02 -0.49072356E+01 -0.11956053E+01  0.71701700E+00
  0.17202921E+01  0.21298050E+01  0.24076014E+01  0.25648051E+01  0.25772944E+01
  0.26027930E+01  0.25742976E+01  0.25086656E+01  0.24288013E+01  0.22998992E+01
  0.20545571E+01  0.14729407E+01  0.58414839E+00  0.53021738E-01
 -0.36464470E-03 -0.13626858E-01 -0.36549211E-03 -0.36635681E-03 -0.36753332E-03
 -0.18150843E-01 -0.37090109E-03 -0.37314497E-03 -0.37580760E-03 -0.23995096E-01
 -0.38257251E-03 -0.38679135E-03 -0.15603431E-01 -0.39729023E-03 -0.31953663E-01
 -0.41128861E-03 -0.41998654E-03 -0.43009738E-03 -0.10609571E-01 -0.45582867E-03
 -0.18895385E-01 -0.20978322E-01 -0.80825366E-03 -0.78657464E-03 -0.76671809E-03
 -0.74895706E-03 -0.56210376E-02 -0.72055099E-03 -0.65566488E-02 -0.70148614E-03
 -0.69550016E-03 -0.14017808E-01 -0.47104054E-01 -0.16657425E+00 -0.32423808E+00
 -0.74884573E+00 -0.21037375E+01 -0.37500516E+01 -0.72061323E+01 -0.19730086E+02
 -0.43075777E+02 -0.10484011E+03 -0.20201158E+03 -0.16339089E+03 -0.73205871E+02
 -0.31145928E+02 -0.13073872E+02 -0.58057821E+01 -0.16197282E+01  0.36827721E+00
  0.14736310E+01  0.20139205E+01  0.22888316E+01  0.24269127E+01  0.24432871E+01
  0.24653460E+01  0.24642299E+01  0.24221578E+01  0.23478351E+01  0.22333871E+01
  0.19867711E+01  0.14333161E+01  0.56760403E+00  0.52578917E-01
 -0.35334915E-03 -0.51196291E-01 -0.35430238E-03 -0.35527573E-03 -0.35660096E-03
 -0.17022533E-01 -0.36039936E-03 -0.36293383E-03 -0.36594479E-03 -0.22513920E-01
 -0.13582849E-01 -0.37840053E-03 -0.14659131E-01 -0.39035428E-03 -0.28884470E-01
 -0.40643214E-03 -0.41650097E-03 -0.42833539E-03 -0.44248779E-03 -0.46019012E-03
 -0.17155329E-01 -0.35122547E-01 -0.74456797E-03 -0.72817838E-03 -0.71290018E-03
 -0.69936583E-03 -0.68752110E-03 -0.67740266E-03 -0.80807328E-02 -0.66332601E-03
 -0.65952457E-03 -0.32114000E-01 -0.30234559E-01 -0.18221321E+00 -0.71703784E+00
 -0.54952734E+00 -0.12183744E+01 -0.33787546E+01 -0.74388652E+01 -0.17555283E+02
 -0.39828139E+02 -0.98254739E+02 -0.19378723E+03 -0.17767746E+03 -0.80756779E+02
 -0.33944680E+02 -0.14351610E+02 -0.64910869E+01 -0.21143424E+01  0.14295436E+00
  0.12419203E+01  0.17989655E+01  0.21340749E+01  0.22283336E+01  0.23024830E+01
  0.23508267E+01  0.23435397E+01  0.23255409E+01  0.22652107E+01  0.21652933E+01
  0.19295877E+01  0.13922191E+01  0.55762159E+00  0.52436303E-01
 -0.34214324E-03 -0.67989031E-01 -0.34320477E-03 -0.34428980E-03 -0.34576865E-03
 -0.15938000E-01 -0.35001711E-03 -0.35285984E-03 -0.35624533E-03 -0.21056931E-01
 -0.42862998E-01 -0.37034794E-03 -0.13703009E-01 -0.38403222E-03 -0.23673652E-01
 -0.40259564E-03 -0.41434527E-03 -0.42830094E-03 -0.44528367E-03 -0.21223135E-01
 -0.26992645E-01 -0.10430184E+00 -0.68150614E-03 -0.67055469E-03 -0.65980853E-03
 -0.65011852E-03 -0.64187237E-03 -0.63526511E-03 -0.79848120E-02 -0.59723315E-01
 -0.62424215E-03 -0.19169823E-01 -0.41836101E-01 -0.17866350E+00 -0.59399406E+00
 -0.61072977E+00 -0.95809412E+00 -0.24354641E+01 -0.89242124E+01 -0.14841940E+02
 -0.34912032E+02 -0.92281663E+02 -0.19203203E+03 -0.18428250E+03 -0.86871228E+02
 -0.37251052E+02 -0.15534825E+02 -0.68762879E+01 -0.23887605E+01 -0.60253054E-01
  0.10664488E+01  0.16745626E+01  0.19932692E+01  0.21142329E+01  0.22188389E+01
  0.22466432E+01  0.22475149E+01  0.21364013E+01  0.21900527E+01  0.20870744E+01
  0.18754874E+01  0.13574714E+01  0.54638112E+00  0.52087438E-01
 -0.33104370E-03 -0.33142213E-03 -0.33218945E-03 -0.33336193E-03 -0.33496200E-03
 -0.14905691E-01 -0.33957158E-03 -0.34266694E-03 -0.34636538E-03 -0.19685865E-01
 -0.40052198E-01 -0.36193008E-03 -0.12810529E-01 -0.37732506E-03 -0.22101524E-01
 -0.39878813E-03 -0.41278049E-03 -0.42984527E-03 -0.45122683E-03 -0.25181208E-01
 -0.13655393E+00 -0.13386819E+00 -0.61933951E-03 -0.13552173E+00 -0.60881416E-03
 -0.60309070E-03 -0.59809385E-03 -0.59419642E-03 -0.78673083E-02 -0.76260808E-01
 -0.59012602E-03 -0.59217237E-03 -0.71339865E-01 -0.18561809E+00 -0.54333689E+00
 -0.51754643E+00 -0.92483614E+00 -0.24828776E+01 -0.76358681E+01 -0.17032144E+02
 -0.38124264E+02 -0.85950039E+02 -0.18315148E+03 -0.18878291E+03 -0.92522312E+02
 -0.39530063E+02 -0.16050015E+02 -0.70925304E+01 -0.24707651E+01 -0.22593001E+00
  0.95818276E+00  0.16206800E+01  0.18861592E+01  0.19438644E+01  0.21582203E+01
  0.21810619E+01  0.21619120E+01  0.21396064E+01  0.20910102E+01  0.20046596E+01
  0.18131165E+01  0.13159600E+01  0.53331976E+00  0.51325130E-01
 -0.25303809E-03 -0.25335134E-03 -0.25398680E-03 -0.25495843E-03 -0.25628561E-03
 -0.11080292E-01 -0.26011668E-03 -0.26269587E-03 -0.26578491E-03 -0.14629816E-01
 -0.29753238E-01 -0.27888560E-03 -0.95205063E-02 -0.29204610E-03 -0.16404889E-01
 -0.31088892E-03 -0.32364070E-03 -0.33997913E-03 -0.36259410E-03 -0.18076517E-01
 -0.33606607E-01 -0.83354058E-01 -0.44693238E-03 -0.28124957E-01 -0.96042362E-01
 -0.44521669E-03 -0.44320682E-03 -0.44169565E-03 -0.54358774E-02 -0.59100518E-01
 -0.38133556E-02 -0.44486388E-03 -0.46925755E-01 -0.16624153E+00 -0.41309079E+00
 -0.56706994E+00 -0.63386665E+00 -0.22726478E+01 -0.72066987E+01 -0.11799812E+02
 -0.27386978E+02 -0.64807227E+02 -0.14120490E+03 -0.15016240E+03 -0.75177113E+02
 -0.31615717E+02 -0.13187905E+02 -0.57687528E+01 -0.21231745E+01 -0.23495684E+00
  0.65194866E+00  0.11551355E+01  0.13781836E+01  0.15291200E+01  0.16166974E+01
  0.16378375E+01  0.16283630E+01  0.16313660E+01  0.15897224E+01  0.15347841E+01
  0.13801657E+01  0.10097541E+01  0.40701940E+00  0.38775932E-01
 -0.28043409E-03 -0.28080358E-03 -0.28155336E-03 -0.28270031E-03 -0.28426790E-03
 -0.11986113E-01 -0.28879892E-03 -0.29185439E-03 -0.29551947E-03 -0.40872475E-01
 -0.70373400E-02 -0.31113712E-03 -0.10299750E-01 -0.32696438E-03 -0.17734695E-01
 -0.34990576E-03 -0.36571522E-03 -0.38628102E-03 -0.41473736E-03 -0.19439590E-01
 -0.44769315E-03 -0.92450364E-01 -0.47775740E-03 -0.48068744E-03 -0.48102674E-03
 -0.48014219E-03 -0.47909817E-03 -0.47846516E-03 -0.56182207E-02 -0.34131288E-01
 -0.48744249E-02 -0.48566724E-03 -0.13899987E+00 -0.15849745E+00 -0.48471395E+00
 -0.47034919E+00 -0.77316664E+00 -0.23380066E+01 -0.57540081E+01 -0.13088732E+02
 -0.29960912E+02 -0.70967272E+02 -0.15756835E+03 -0.17103265E+03 -0.87485022E+02
 -0.36860364E+02 -0.15212263E+02 -0.66384966E+01 -0.24108363E+01 -0.39599453E+00
  0.68385549E+00  0.12432345E+01  0.14903269E+01  0.16454625E+01  0.17757278E+01
  0.17854818E+01  0.18006723E+01  0.18024279E+01  0.17554696E+01  0.16931551E+01
  0.15284407E+01  0.11166829E+01  0.45390738E+00  0.42259881E-01
 -0.31091171E-03 -0.31134599E-03 -0.31222744E-03 -0.31357625E-03 -0.31542048E-03
 -0.12957397E-01 -0.32075588E-03 -0.32435776E-03 -0.32868252E-03 -0.51418921E-01
 -0.33993548E-03 -0.34716430E-03 -0.11140791E-01 -0.36598170E-03 -0.19152503E-01
 -0.39362794E-03 -0.41267684E-03 -0.43734748E-03 -0.47129630E-03 -0.21120827E-01
 -0.48502336E-03 -0.10055612E+00 -0.51642836E-03 -0.51953273E-03 -0.12270001E-01
 -0.51985348E-03 -0.51934351E-03 -0.51931922E-03 -0.62127437E-02 -0.52231472E-03
 -0.52565435E-03 -0.53027886E-03 -0.24926354E+00 -0.21940744E+00 -0.72906634E+00
 -0.61800605E+00 -0.88098102E+00 -0.32595463E+01 -0.63158460E+01 -0.13525960E+02
 -0.32193416E+02 -0.78948854E+02 -0.17665984E+03 -0.19789848E+03 -0.99588804E+02
 -0.42602733E+02 -0.17410682E+02 -0.76515005E+01 -0.28044532E+01 -0.50812851E+00
  0.62194604E+00  0.12723354E+01  0.16335109E+01  0.17858807E+01  0.19226202E+01
  0.19599537E+01  0.19815677E+01  0.19679657E+01  0.19343638E+01  0.18524185E+01
  0.16791151E+01  0.12318782E+01  0.50452353E+00  0.48864476E-01
 -0.34478089E-03 -0.34528915E-03 -0.34632091E-03 -0.34789998E-03 -0.35005956E-03
 -0.13999203E-01 -0.35631043E-03 -0.36053292E-03 -0.36560555E-03 -0.55542735E-01
 -0.37881785E-03 -0.38735058E-03 -0.12025969E-01 -0.40972547E-03 -0.20626596E-01
 -0.44240133E-03 -0.46489398E-03 -0.49400426E-03 -0.53401850E-03 -0.23029733E-01
 -0.52731076E-03 -0.10835656E+00 -0.56175185E-03 -0.56485683E-03 -0.22674708E-01
 -0.56516364E-03 -0.56481982E-03 -0.56511505E-03 -0.68251768E-02 -0.56925271E-03
 -0.57357356E-03 -0.57922340E-03 -0.10559540E+00 -0.30615581E+00 -0.70646559E+00
 -0.12806828E+01 -0.13561338E+01 -0.36137921E+01 -0.90109865E+01 -0.16020779E+02
 -0.39152796E+02 -0.90965683E+02 -0.19425598E+03 -0.21544861E+03 -0.11182045E+03
 -0.47771818E+02 -0.19529011E+02 -0.85700562E+01 -0.31529017E+01 -0.59979425E+00
  0.65608480E+00  0.13193531E+01  0.18173913E+01  0.19449484E+01  0.20984196E+01
  0.21541286E+01  0.21761971E+01  0.21480996E+01  0.21193661E+01  0.20414856E+01
  0.18369639E+01  0.13572973E+01  0.56118805E+00  0.54398755E-01
 -0.38237303E-03 -0.38296529E-03 -0.38416761E-03 -0.38600785E-03 -0.38852489E-03
 -0.15117146E-01 -0.39581213E-03 -0.40077057E-03 -0.40674610E-03 -0.59836738E-01
 -0.42232313E-03 -0.43235109E-03 -0.12953323E-01 -0.45852713E-03 -0.22227090E-01
 -0.49680068E-03 -0.52317810E-03 -0.55736939E-03 -0.60455397E-03 -0.25093054E-01
 -0.57410550E-03 -0.10133015E+00 -0.24486043E-01 -0.61607686E-03 -0.24568913E-01
 -0.61622274E-03 -0.61587084E-03 -0.61630717E-03 -0.54652592E-01 -0.62127779E-03
 -0.62632721E-03 -0.63291709E-03 -0.62357546E-01 -0.23152583E+00 -0.64838323E+00
 -0.13681881E+01 -0.13693005E+01 -0.42212156E+01 -0.10681295E+02 -0.19620514E+02
 -0.43928830E+02 -0.10225784E+03 -0.22510552E+03 -0.23951155E+03 -0.12223532E+03
 -0.52262462E+02 -0.21701275E+02 -0.96814681E+01 -0.36812058E+01 -0.86036062E+00
  0.68171037E+00  0.14097661E+01  0.19590632E+01  0.21709907E+01  0.22407135E+01
  0.23867824E+01  0.23932531E+01  0.23480191E+01  0.23064856E+01  0.22245437E+01
  0.20173909E+01  0.14866009E+01  0.62047979E+00  0.62420256E-01
 -0.42418527E-03 -0.42487976E-03 -0.42628957E-03 -0.42844746E-03 -0.43139920E-03
 -0.16263559E-01 -0.43994704E-03 -0.44572491E-03 -0.16322199E-01 -0.64323957E-01
 -0.47078357E-03 -0.48245123E-03 -0.11624329E-01 -0.51293744E-03 -0.23962959E-01
 -0.55760741E-03 -0.58847882E-03 -0.62863520E-03 -0.68441187E-03 -0.21185515E-01
 -0.62583819E-03 -0.38843196E-01 -0.69656349E-01 -0.67268273E-03 -0.26465310E-01
 -0.72114787E-01 -0.67243230E-03 -0.67294316E-03 -0.74104652E-01 -0.67856545E-03
 -0.68407740E-03 -0.47468780E-01 -0.75724917E-01 -0.42852234E+00 -0.38258797E+00
 -0.16404664E+01 -0.28788315E+01 -0.52522710E+01 -0.12988395E+02 -0.23339259E+02
 -0.53514343E+02 -0.12373278E+03 -0.25723763E+03 -0.25058625E+03 -0.13043683E+03
 -0.55076825E+02 -0.23684882E+02 -0.10500002E+02 -0.42181864E+01 -0.93381918E+00
  0.62757219E+00  0.14784028E+01  0.20518354E+01  0.23723258E+01  0.24730584E+01
  0.25707954E+01  0.25927634E+01  0.25596777E+01  0.25209961E+01  0.24383095E+01
  0.21982745E+01  0.16269130E+01  0.67048924E+00  0.68137070E-01
 -0.47070386E-03 -0.47150803E-03 -0.47314036E-03 -0.47563873E-03 -0.47905624E-03
 -0.17475518E-01 -0.48895396E-03 -0.49564568E-03 -0.30316135E-01 -0.69131043E-01
 -0.52468725E-03 -0.53822317E-03 -0.55433909E-03 -0.57364276E-03 -0.25842654E-01
 -0.62570670E-03 -0.66182941E-03 -0.70902675E-03 -0.77511716E-03 -0.17819226E+00
 -0.68342109E-03 -0.26313584E-01 -0.51381789E-01 -0.73432154E-03 -0.28305767E-01
 -0.44030395E-01 -0.97211731E-02 -0.73477137E-03 -0.60233700E-01 -0.74094515E-03
 -0.74664795E-03 -0.79226813E-01 -0.42924353E+00 -0.67593180E+00 -0.91079423E+00
 -0.24274081E+01 -0.22990362E+01 -0.56288150E+01 -0.15201874E+02 -0.30336699E+02
 -0.65951708E+02 -0.14683634E+03 -0.28971246E+03 -0.25511059E+03 -0.12940433E+03
 -0.56802665E+02 -0.24598159E+02 -0.11317028E+02 -0.45668133E+01 -0.10064152E+01
  0.65774208E+00  0.16349483E+01  0.21649540E+01  0.25160925E+01  0.27050838E+01
  0.27710956E+01  0.27012431E+01  0.27789331E+01  0.27326415E+01  0.26389468E+01
  0.23847462E+01  0.17589199E+01  0.72051918E+00  0.72117922E-01
 -0.52225011E-03 -0.52317897E-03 -0.52506415E-03 -0.52794937E-03 -0.53189609E-03
 -0.18770826E-01 -0.54332832E-03 -0.55105986E-03 -0.32574141E-01 -0.74281155E-01
 -0.58464611E-03 -0.33129713E-01 -0.61900684E-03 -0.65404155E-01 -0.40646979E-01
 -0.41734689E-02 -0.74436186E-03 -0.79993145E-03 -0.61441511E-02 -0.25541474E+00
 -0.74791985E-03 -0.28032276E-01 -0.41958373E-01 -0.80055063E-03 -0.30150703E-01
 -0.80111430E-03 -0.56990402E-01 -0.80133360E-03 -0.93131341E-02 -0.80767355E-03
 -0.81355554E-03 -0.10814421E+00 -0.55794307E+00 -0.46975310E+00 -0.14544345E+01
 -0.26242669E+01 -0.37815038E+01 -0.77221300E+01 -0.17533685E+02 -0.39831809E+02
 -0.82273798E+02 -0.18275748E+03 -0.32659645E+03 -0.25905344E+03 -0.12412538E+03
 -0.55497396E+02 -0.24453215E+02 -0.11598374E+02 -0.45772456E+01 -0.10810134E+01
  0.71954677E+00  0.17609297E+01  0.23248867E+01  0.26651119E+01  0.28563152E+01
  0.29202546E+01  0.29481445E+01  0.29656535E+01  0.29462101E+01  0.28364949E+01
  0.25499131E+01  0.18725536E+01  0.76838605E+00  0.76069257E-01
 -0.57934907E-03 -0.12073964E-01 -0.58259310E-03 -0.58591880E-03 -0.59046812E-03
 -0.20155601E-01 -0.60364880E-03 -0.61256641E-03 -0.34991646E-01 -0.56818306E-01
 -0.65135075E-03 -0.56450030E-01 -0.69112224E-03 -0.25478201E-01 -0.45407555E-01
 -0.15270066E-01 -0.83730622E-03 -0.90235396E-03 -0.19674038E-01 -0.13017542E-01
 -0.82029698E-03 -0.29825830E-01 -0.68258521E-01 -0.18140718E-01 -0.14509815E-01
 -0.87192132E-03 -0.60587563E-01 -0.87201816E-03 -0.99325119E-02 -0.38611066E-02
 -0.91136787E-01 -0.42471568E+00 -0.17845384E+00 -0.47402182E+00 -0.10175529E+01
 -0.42428857E+01 -0.47049518E+01 -0.10730173E+02 -0.21714582E+02 -0.49745379E+02
 -0.10064866E+03 -0.23721454E+03 -0.35128026E+03 -0.24238261E+03 -0.11084051E+03
 -0.50625843E+02 -0.23258927E+02 -0.11334704E+02 -0.44944932E+01 -0.98432779E+00
  0.84390624E+00  0.19361927E+01  0.24635355E+01  0.28190217E+01  0.29633655E+01
  0.30923222E+01  0.31322044E+01  0.30616370E+01  0.31146503E+01  0.29924841E+01
  0.27107740E+01  0.19592944E+01  0.80098046E+00  0.81237797E-01
 -0.64260716E-03 -0.33818954E-01 -0.15064369E-01 -0.97165881E-02 -0.26391569E-01
 -0.58691630E-02 -0.67057892E-03 -0.68084969E-03 -0.37579397E-01 -0.28613793E-01
 -0.72557538E-03 -0.60700738E-01 -0.77157106E-03 -0.25716202E-01 -0.26539473E-01
 -0.16428222E-01 -0.94158249E-03 -0.10172897E-02 -0.21273127E-01 -0.14106791E-01
 -0.90127146E-03 -0.25280876E-01 -0.73203160E-01 -0.17646313E-02 -0.94721741E-03
 -0.94650819E-03 -0.64158138E-01 -0.94612192E-03 -0.10503264E-01 -0.95099411E-03
 -0.25385124E+00 -0.43420028E+00 -0.41091383E+00 -0.46797834E+00 -0.14749875E+01
 -0.37040911E+01 -0.60281228E+01 -0.13258788E+02 -0.28670693E+02 -0.66540850E+02
 -0.14053499E+03 -0.28688814E+03 -0.34987291E+03 -0.20865028E+03 -0.96960872E+02
 -0.45657783E+02 -0.21504319E+02 -0.10442232E+02 -0.41121568E+01 -0.80609569E+00
  0.91978878E+00  0.20159187E+01  0.25921839E+01  0.29326074E+01  0.31121799E+01
  0.32839253E+01  0.33220917E+01  0.32150231E+01  0.32645851E+01  0.31444822E+01
  0.28268719E+01  0.20461892E+01  0.81894237E+00  0.81973221E-01
 -0.71271962E-03 -0.10705583E+00 -0.70350317E-01 -0.72141043E-03 -0.54435269E-01
 -0.73519085E-03 -0.74486852E-03 -0.75667858E-03 -0.40348252E-01 -0.30718095E-01
 -0.43092027E-01 -0.22545678E-01 -0.86150907E-03 -0.25091293E-01 -0.18562883E-01
 -0.17666849E-01 -0.10580935E-02 -0.11454505E-02 -0.22964183E-01 -0.15241744E-01
 -0.99097856E-03 -0.11844554E-01 -0.11412974E+00 -0.10257022E-02 -0.10257958E-02
 -0.10243955E-02 -0.67690037E-01 -0.10223533E-02 -0.11050417E-01 -0.10261505E-02
 -0.34280343E+00 -0.80209975E-01 -0.52842580E+00 -0.12441780E+01 -0.21007593E+01
 -0.47539957E+01 -0.92525002E+01 -0.18408549E+02 -0.39619315E+02 -0.89139291E+02
 -0.19916173E+03 -0.34660387E+03 -0.33256644E+03 -0.17581597E+03 -0.82925415E+02
 -0.38426704E+02 -0.19437420E+02 -0.92882088E+01 -0.36324858E+01 -0.64254257E+00
  0.10404222E+01  0.20464243E+01  0.26826962E+01  0.29899444E+01  0.32629723E+01
  0.33789378E+01  0.34119212E+01  0.34414740E+01  0.33706775E+01  0.32151414E+01
  0.28729536E+01  0.20573228E+01  0.81853810E+00  0.82556612E-01
 -0.79051146E-03 -0.49068485E-01 -0.76427394E-01 -0.80052258E-03 -0.63904535E-01
 -0.11971014E+00 -0.12830164E+00 -0.43155807E-01 -0.43106524E-01 -0.32827906E-01
 -0.69150132E-01 -0.92835540E-03 -0.96168336E-03 -0.26891459E-01 -0.45422644E-01
 -0.18985655E-01 -0.11874888E-02 -0.12870747E-02 -0.24735033E-01 -0.42520092E-01
 -0.10892100E-02 -0.58082499E-01 -0.14125214E+00 -0.11095637E-02 -0.11079337E-02
 -0.11052222E-02 -0.23256505E-01 -0.49036507E-01 -0.11577752E-01 -0.11026907E-02
 -0.11089411E-02 -0.70958019E-01 -0.67031095E+00 -0.11285701E+01 -0.28070671E+01
 -0.82509247E+01 -0.13696794E+02 -0.26871552E+02 -0.55967326E+02 -0.12069751E+03
 -0.25643479E+03 -0.38700253E+03 -0.28899318E+03 -0.13674756E+03 -0.65173153E+02
 -0.32027232E+02 -0.16471030E+02 -0.78432842E+01 -0.30553188E+01 -0.21339046E+00
  0.12086112E+01  0.21644943E+01  0.27065655E+01  0.30648335E+01  0.33023617E+01
  0.34245165E+01  0.34767529E+01  0.34634969E+01  0.34293335E+01  0.32807443E+01
  0.28817125E+01  0.20252953E+01  0.79520316E+00  0.80060621E-01
 -0.87719771E-03 -0.22026832E-01 -0.69108611E-01 -0.32284603E-02 -0.10250762E+00
 -0.90681094E-03 -0.45858914E-02 -0.68041274E-01 -0.46019907E-01 -0.35070163E-01
 -0.40336288E-01 -0.10348833E-02 -0.10729929E-02 -0.28802467E-01 -0.62235948E-01
 -0.79987967E-02 -0.13300323E-02 -0.14418448E-02 -0.21975443E-01 -0.86874964E-01
 -0.11953836E-02 -0.13642563E+00 -0.13306171E+00 -0.11979619E-02 -0.11936127E-02
 -0.11882906E-02 -0.11831481E-02 -0.74271751E-01 -0.12085787E-01 -0.12692968E+00
 -0.11863528E-02 -0.10751013E+00 -0.57095497E+00 -0.14774347E+01 -0.33949265E+01
 -0.91240239E+01 -0.16630673E+02 -0.35855427E+02 -0.80698830E+02 -0.16238255E+03
 -0.33298602E+03 -0.38526084E+03 -0.22620330E+03 -0.10363377E+03 -0.49681748E+02
 -0.25370887E+02 -0.13431246E+02 -0.62491394E+01 -0.22141947E+01  0.11994319E+00
  0.14810410E+01  0.22023173E+01  0.27841656E+01  0.31873216E+01  0.33307163E+01
  0.34584181E+01  0.34971835E+01  0.34791430E+01  0.34373885E+01  0.32624498E+01
  0.28386415E+01  0.19470754E+01  0.74069249E+00  0.74020189E-01
 -0.97355130E-03 -0.23498803E-01 -0.55210479E-01 -0.98661477E-03 -0.71157470E-01
 -0.10073011E-02 -0.53521850E-01 -0.10395428E-02 -0.27738135E-01 -0.58918391E-01
 -0.11167826E-02 -0.11529820E-02 -0.11962296E-02 -0.30825224E-01 -0.66578372E-01
 -0.67288048E-01 -0.14854726E-02 -0.79824226E-02 -0.17698126E-02 -0.10735047E+00
 -0.13085306E-02 -0.15668780E+00 -0.17963950E+00 -0.12910827E-02 -0.12823839E-02
 -0.61181417E-01 -0.42353442E-02 -0.77149189E-01 -0.12579006E-01 -0.12999293E+00
 -0.10352809E+00 -0.20235996E+00 -0.61202460E+00 -0.18591083E+01 -0.43129689E+01
 -0.86347454E+01 -0.22486456E+02 -0.49874756E+02 -0.10333510E+03 -0.22620284E+03
 -0.40519288E+03 -0.34505876E+03 -0.17239789E+03 -0.80500879E+02 -0.37731739E+02
 -0.19725980E+02 -0.99697222E+01 -0.44597603E+01 -0.13025803E+01  0.55991411E+00
  0.16072502E+01  0.23389791E+01  0.28379198E+01  0.31643822E+01  0.33515749E+01
  0.34250507E+01  0.34828558E+01  0.34702683E+01  0.33902006E+01  0.31949499E+01
  0.27324550E+01  0.18129380E+01  0.67179077E+00  0.62968556E-01
 -0.10806504E-02 -0.25069925E-01 -0.58846025E-01 -0.10954680E-02 -0.91930433E-01
 -0.11189069E-02 -0.79979969E-01 -0.46547172E-02 -0.11795228E-02 -0.91437160E-01
 -0.12426125E-02 -0.12833797E-02 -0.13319805E-02 -0.32961262E-01 -0.26640965E-01
 -0.79299122E-01 -0.51055499E-01 -0.46777359E-01 -0.19583668E-02 -0.19125697E+00
 -0.14276902E-02 -0.10904487E+00 -0.16958230E+00 -0.14763386E+00 -0.13748043E-02
 -0.15906025E+00 -0.37743233E-02 -0.58282891E-01 -0.71798756E-01 -0.12559502E+00
 -0.11424911E+00 -0.21185553E+00 -0.77631411E+00 -0.23287676E+01 -0.61521013E+01
 -0.12250948E+02 -0.30049059E+02 -0.67375659E+02 -0.15089009E+03 -0.30767429E+03
 -0.41387347E+03 -0.27218601E+03 -0.12393550E+03 -0.56551605E+02 -0.28117437E+02
 -0.15012839E+02 -0.72387790E+01 -0.30051394E+01 -0.51785292E+00  0.92695518E+00
  0.18436319E+01  0.25088160E+01  0.29100175E+01  0.31414783E+01  0.32945155E+01
  0.33656902E+01  0.34053816E+01  0.33617844E+01  0.32721296E+01  0.30436174E+01
  0.25656005E+01  0.16508874E+01  0.59790562E+00  0.52235546E-01
 -0.11995898E-02 -0.22916817E-01 -0.13588142E+00 -0.12162836E-02 -0.97993838E-01
 -0.12426506E-02 -0.41144686E-02 -0.41916293E-01 -0.13106636E-02 -0.97534123E-01
 -0.13811892E-02 -0.14266097E-02 -0.14805830E-02 -0.35122710E-01 -0.26067400E-01
 -0.35020181E-01 -0.18312247E-02 -0.49581428E-01 -0.21552246E-02 -0.27907689E+00
 -0.15522897E-02 -0.11432991E+00 -0.86776715E-01 -0.24952052E+00 -0.14721912E-02
 -0.27583159E-01 -0.39335918E-01 -0.13601293E+00 -0.95027053E-01 -0.54873079E-01
 -0.13515386E+00 -0.42956380E+00 -0.11994724E+01 -0.13055457E+01 -0.77212843E+01
 -0.19678995E+02 -0.41776520E+02 -0.93210216E+02 -0.21393853E+03 -0.39085441E+03
 -0.38509446E+03 -0.20868540E+03 -0.90768078E+02 -0.40711858E+02 -0.20838550E+02
 -0.10491836E+02 -0.47234018E+01 -0.14625417E+01  0.17674007E+00  0.14578907E+01
  0.21292581E+01  0.26503980E+01  0.29434553E+01  0.32093218E+01  0.32965107E+01
  0.33167541E+01  0.33186943E+01  0.32598745E+01  0.31381819E+01  0.28811527E+01
  0.23502538E+01  0.14794939E+01  0.51577011E+00  0.42327075E-01
 -0.13313915E-02 -0.13344434E-02 -0.18677987E+00 -0.13500430E-02 -0.11620356E+00
 -0.13794446E-02 -0.14000062E-02 -0.44745039E-01 -0.14550147E-02 -0.75976627E-01
 -0.15329437E-02 -0.15829005E-02 -0.16420340E-02 -0.37289112E-01 -0.27687909E-01
 -0.56702248E-01 -0.20199431E-02 -0.42535810E-02 -0.51105574E-01 -0.29793085E+00
 -0.16820466E-02 -0.70155762E-01 -0.55516087E-01 -0.19991516E+00 -0.15752979E-02
 -0.15554386E-02 -0.54666447E-01 -0.11891620E+00 -0.13124912E+00 -0.17139784E+00
 -0.27889120E+00 -0.49855051E+00 -0.21639806E+01 -0.38289129E+01 -0.10912784E+02
 -0.22727627E+02 -0.55434855E+02 -0.13304733E+03 -0.28629735E+03 -0.42924729E+03
 -0.32555083E+03 -0.14553598E+03 -0.63203871E+02 -0.29441110E+02 -0.15535493E+02
 -0.70534434E+01 -0.27369653E+01 -0.44270891E+00  0.96307092E+00  0.18414282E+01
  0.25420167E+01  0.28957729E+01  0.31083724E+01  0.32302062E+01  0.32762977E+01
  0.32062391E+01  0.32225337E+01  0.31405000E+01  0.29897689E+01  0.26870458E+01
  0.21455115E+01  0.13039032E+01  0.43092792E+00  0.27135652E-01
 -0.14769018E-02 -0.14802826E-02 -0.19917972E+00 -0.14975430E-02 -0.21198643E+00
 -0.15300011E-02 -0.15526481E-02 -0.47605531E-01 -0.21938858E-02 -0.63626201E-01
 -0.16981422E-02 -0.17524256E-02 -0.13456076E+00 -0.12625138E+00 -0.29404520E-01
 -0.29676001E-01 -0.22188545E-02 -0.23772852E-02 -0.56179358E-01 -0.20845912E+00
 -0.82834755E-01 -0.35286785E-01 -0.12460366E+00 -0.65874086E-01 -0.16860707E-02
 -0.16632467E-02 -0.56868622E-01 -0.72633207E-01 -0.50329955E-01 -0.75020580E-01
 -0.68680725E+00 -0.80783425E+00 -0.26134484E+01 -0.57031671E+01 -0.13496734E+02
 -0.29891477E+02 -0.73361603E+02 -0.17493393E+03 -0.36079997E+03 -0.43740486E+03
 -0.24848932E+03 -0.10464091E+03 -0.45434672E+02 -0.21599949E+02 -0.10342657E+02
 -0.46302068E+01 -0.12989263E+01  0.75412828E+00  0.17166042E+01  0.23769182E+01
  0.28157861E+01  0.30679508E+01  0.31985430E+01  0.32105979E+01  0.32364877E+01
  0.31707633E+01  0.31047364E+01  0.30133001E+01  0.28269632E+01  0.25114311E+01
  0.19514578E+01  0.11468190E+01  0.36529119E+00  0.18177149E-01
 -0.16366474E-02 -0.16403565E-02 -0.31171851E-01 -0.16592694E-02 -0.37001054E-01
 -0.28372686E-01 -0.43778127E-01 -0.50688347E-01 -0.37739177E-01 -0.45812143E-01
 -0.18769747E-02 -0.30488560E-01 -0.90167030E-01 -0.27252032E+00 -0.12295105E+00
 -0.22927990E-02 -0.13449209E+00 -0.15991702E+00 -0.64156257E-01 -0.28034309E+00
 -0.10484737E+00 -0.36968382E-01 -0.20284484E+00 -0.62088370E-01 -0.18073711E-02
 -0.17806170E-02 -0.12791056E+00 -0.90665490E-01 -0.26576313E+00 -0.39255855E+00
 -0.49084780E+00 -0.89190663E+00 -0.24861601E+01 -0.66188877E+01 -0.17214308E+02
 -0.37937224E+02 -0.94426155E+02 -0.21221410E+03 -0.41369054E+03 -0.39813502E+03
 -0.19362513E+03 -0.77160355E+02 -0.33705874E+02 -0.16164135E+02 -0.67087202E+01
 -0.21990714E+01  0.20940493E+00  0.15721559E+01  0.23813670E+01  0.29480440E+01
  0.31359621E+01  0.32626550E+01  0.32968555E+01  0.32762007E+01  0.32183637E+01
  0.31502760E+01  0.30549221E+01  0.29194210E+01  0.27187361E+01  0.23617520E+01
  0.17924047E+01  0.10171464E+01  0.30640787E+00  0.12793624E-01
 -0.18106846E-02 -0.18147212E-02 -0.18228729E-02 -0.18352789E-02 -0.18521438E-02
 -0.18737464E-02 -0.14204585E+00 -0.94474161E-01 -0.40333400E-01 -0.20164892E-02
 -0.20696652E-02 -0.40671795E-01 -0.22046477E-02 -0.22377970E+00 -0.26681063E+00
 -0.17036147E-01 -0.33999580E+00 -0.16669456E+00 -0.48825885E-01 -0.22865142E+00
 -0.15843655E+00 -0.96556580E-01 -0.21894709E+00 -0.19786972E-02 -0.19426648E-02
 -0.20351544E+00 -0.27634075E+00 -0.18945340E+00 -0.22277658E-01 -0.19876563E+00
 -0.31049555E+00 -0.21597536E+01 -0.38494347E+01 -0.76593839E+01 -0.17648452E+02
 -0.48369680E+02 -0.11477863E+03 -0.27170860E+03 -0.46173580E+03 -0.35239127E+03
 -0.14732851E+03 -0.58375066E+02 -0.25395710E+02 -0.11059117E+02 -0.37885993E+01
 -0.46409644E+00  0.15599847E+01  0.25055879E+01  0.30393565E+01  0.33325570E+01
  0.34942790E+01  0.35312718E+01  0.35247511E+01  0.34042991E+01  0.33240149E+01
  0.31767316E+01  0.30445495E+01  0.28963436E+01  0.26604744E+01  0.22861905E+01
  0.16933495E+01  0.91941004E+00  0.26918727E+00  0.95342155E-02
 -0.19983932E-02 -0.20027675E-02 -0.20115966E-02 -0.20250224E-02 -0.20432538E-02
 -0.20665751E-02 -0.20953576E-02 -0.10415584E+00 -0.16697608E+00 -0.22198908E-02
 -0.22767083E-02 -0.59558620E-01 -0.24203917E-02 -0.45816920E+00 -0.40796329E+00
 -0.13925638E+00 -0.13865853E+00 -0.30943400E+00 -0.94516915E-01 -0.58399696E+00
 -0.19372719E+00 -0.23883134E+00 -0.12401015E+00 -0.20748594E+00 -0.12555492E+00
 -0.52097744E-02 -0.19876941E+00 -0.34279617E+00 -0.19871011E-02 -0.12092953E+00
 -0.44569091E+00 -0.20059285E+01 -0.44697062E+01 -0.10540463E+02 -0.21123975E+02
 -0.57066576E+02 -0.13862559E+03 -0.31926751E+03 -0.47960906E+03 -0.30251727E+03
 -0.11804312E+03 -0.44497180E+02 -0.18616858E+02 -0.69980664E+01 -0.10419291E+01
  0.16173621E+01  0.29914770E+01  0.36032795E+01  0.38597238E+01  0.39536657E+01
  0.40484567E+01  0.38428820E+01  0.37784140E+01  0.36586408E+01  0.35286274E+01
  0.33437428E+01  0.31681930E+01  0.29660312E+01  0.26944015E+01  0.22796064E+01
  0.16548312E+01  0.88237393E+00  0.25168488E+00  0.75679487E-02
 -0.21982580E-02 -0.22030075E-02 -0.22125906E-02 -0.22271555E-02 -0.22469204E-02
 -0.22721817E-02 -0.23033274E-02 -0.33444801E-01 -0.84495744E-01 -0.24377364E-02
 -0.24989027E-02 -0.24908030E-01 -0.26532772E-02 -0.74246039E+00 -0.30162648E+00
 -0.80093101E+00 -0.31609840E-02 -0.31128466E+00 -0.12131511E+00 -0.26981327E+00
 -0.86229450E-01 -0.20987413E+00 -0.66895145E-01 -0.23220991E-02 -0.22755401E-02
 -0.22361942E-02 -0.71222466E-01 -0.44567747E+00 -0.21557446E-02 -0.30444116E+00
 -0.11591995E+01 -0.27231835E+01 -0.63662284E+01 -0.13547457E+02 -0.30569018E+02
 -0.72578609E+02 -0.19010085E+03 -0.43163268E+03 -0.59431284E+03 -0.30624639E+03
 -0.10611923E+03 -0.35805057E+02 -0.12832501E+02 -0.28400647E+01  0.19235686E+01
  0.38945084E+01  0.47837796E+01  0.50501492E+01  0.50256701E+01  0.49070535E+01
  0.47700378E+01  0.45481767E+01  0.42875760E+01  0.41019924E+01  0.39021763E+01
  0.36713197E+01  0.34427635E+01  0.31821814E+01  0.28376240E+01  0.23812812E+01
  0.17159354E+01  0.90501091E+00  0.25765326E+00  0.12111432E-01
  0.62414231E-01 -0.36116770E-01 -0.36119465E-01 -0.36123565E-01 -0.36129132E-01
 -0.50446104E-01 -0.13047357E-01 -0.36155578E-01 -0.36168098E-01 -0.12465900E+00
 -0.36199931E-01 -0.36219827E-01 -0.57890102E-01 -0.36269288E-01 -0.36300028E-01
 -0.36335670E-01 -0.36376606E-01 -0.36422501E-01  0.23728161E-01 -0.36521953E-01
 -0.57988222E-01  0.94067717E-01 -0.50205866E-01 -0.47414624E-01 -0.45070717E-01
 -0.43065474E-01 -0.30076209E-01 -0.39842628E-01 -0.38568499E-01 -0.37498198E-01
 -0.36631591E-01  0.32224031E-01 -0.19715253E-01  0.10640554E+00  0.22514802E+00
  0.42527744E+00  0.37534587E+00  0.12430391E+01  0.39539251E+01  0.45500158E+01
 -0.38001118E+01 -0.18191924E+02 -0.31383905E+02 -0.25714522E+01  0.12434476E+02
  0.89575178E+01  0.33798155E+01 -0.23019200E+01 -0.27346370E+01  0.32438940E+00
 -0.16100552E+01  0.12554903E+01 -0.38947133E+01 -0.48273229E+00 -0.21137354E+01
 -0.49331512E+00 -0.74892319E+00 -0.13551271E+01 -0.16939486E+00 -0.15201478E+01
 -0.23928658E+01 -0.10716736E+01  0.20315922E+00  0.43235057E+00
  0.61745104E-01 -0.34418849E-01 -0.34426082E-01 -0.34437087E-01 -0.34452031E-01
 -0.43557044E-01 -0.34494681E-01 -0.34523042E-01 -0.34556683E-01 -0.11212156E+00
 -0.34642349E-01 -0.34696082E-01 -0.51105564E-01 -0.34831299E-01 -0.34916077E-01
 -0.35014950E-01 -0.35129545E-01 -0.35259850E-01  0.25628523E-01 -0.35550995E-01
 -0.54877006E-01  0.54720502E-01 -0.47617701E-01 -0.45004855E-01 -0.42804416E-01
 -0.40919500E-01  0.42142385E-01 -0.37888244E-01 -0.36692338E-01 -0.35689409E-01
 -0.34879464E-01  0.44288289E-02  0.91389805E-02  0.20408235E+00  0.29076691E+00
  0.43119813E+00  0.12335779E+00  0.75320629E+00  0.23450534E+01  0.48550159E+01
  0.54338763E+01 -0.51277987E+01 -0.20226319E+02  0.42375255E+01  0.15954898E+02
 -0.12250195E+01  0.97058058E+00 -0.61452258E+01 -0.90734334E+01 -0.81180048E+01
 -0.68638613E+01 -0.74100581E+01 -0.69424442E+01 -0.58765180E+01 -0.30392323E+01
 -0.48091564E+01 -0.29720161E+01 -0.23529288E+01 -0.15801637E+01 -0.33329875E+00
 -0.18571579E+01 -0.16018691E+01 -0.79249820E+00  0.10020507E+00
  0.48833122E-01 -0.20974455E-01 -0.32866886E-01 -0.32883847E-01 -0.32906866E-01
 -0.37615466E-01 -0.32972503E-01 -0.33016108E-01 -0.33067794E-01 -0.10102691E+00
 -0.33199240E-01 -0.33281598E-01 -0.45197192E-01 -0.33488745E-01 -0.33618633E-01
 -0.33770481E-01 -0.33947783E-01 -0.34152654E-01  0.27039296E-01 -0.34631936E-01
 -0.51676407E-01  0.18117638E-01 -0.45026574E-01 -0.42613137E-01 -0.40570801E-01
 -0.38818029E-01  0.88215879E-01  0.82780212E-02 -0.34888939E-01 -0.33962689E-01
 -0.33218577E-01 -0.98639426E-02 -0.47318859E-01  0.20627943E+00  0.41385958E+00
  0.54803260E+00  0.80020687E+00  0.16118125E+01  0.20363657E+01  0.55634694E+01
  0.13092217E+02  0.26296814E+01 -0.11501891E+02  0.69089643E+01  0.16219629E+02
  0.11109535E+02  0.45395947E+01  0.30354677E+00 -0.70004452E+01 -0.49410124E+01
 -0.55390128E+01 -0.49322234E+01 -0.34013311E+01  0.25139775E+01  0.10705920E-01
 -0.21543141E+01 -0.17747340E+01 -0.27581372E+01 -0.19233371E+01 -0.18036531E+01
 -0.43251356E+00 -0.22428498E+01 -0.24822229E+00  0.33905150E-01
 -0.31395981E-01  0.59245239E-01 -0.31418102E-01 -0.31440574E-01 -0.31471035E-01
 -0.32583819E-01 -0.31557698E-01 -0.31615115E-01 -0.31683018E-01 -0.91261090E-01
 -0.31854978E-01 -0.31962211E-01 -0.40144802E-01 -0.32230516E-01 -0.32398015E-01
 -0.32593728E-01 -0.32823451E-01 -0.33093308E-01  0.27893327E-01 -0.33764296E-01
 -0.48409249E-01  0.76015124E-01 -0.42423437E-01 -0.40218587E-01 -0.38342690E-01
 -0.36730321E-01  0.83862607E+00 -0.34142721E-01 -0.33123605E-01 -0.32279933E-01
 -0.31609008E-01 -0.31117826E-01  0.21691879E-01  0.41915867E+00  0.39654356E+00
  0.50097430E+00  0.64556930E+00  0.11464759E+01  0.50058679E+01  0.56826483E+01
  0.13164267E+02  0.42012821E+01 -0.12586942E+02  0.50065141E+01  0.15152077E+02
  0.16488385E+02  0.14506751E+02 -0.10362870E+01 -0.61586194E+01 -0.82682026E+01
 -0.12913121E+01 -0.47706375E+01 -0.36427335E+01 -0.15266021E+01 -0.10823458E+02
 -0.42650742E+01 -0.60135583E+01 -0.28851074E+01 -0.60223648E+01 -0.42342910E+01
 -0.20449154E+01 -0.49925836E+00  0.72314582E+00  0.24715187E+00
 -0.30034512E-01  0.57323541E-01 -0.30062271E-01 -0.30090425E-01 -0.30128525E-01
 -0.28400968E-01 -0.30236538E-01 -0.30307795E-01 -0.30391751E-01 -0.82717895E-01
 -0.30602872E-01 -0.30733462E-01 -0.35879334E-01 -0.31057131E-01 -0.31257367E-01
 -0.31490268E-01 -0.31763837E-01 -0.32089327E-01  0.28247863E-01 -0.32957672E-01
 -0.45083416E-01  0.18193705E+00 -0.39785368E-01 -0.37790614E-01 -0.36086511E-01
 -0.34621752E-01  0.31123559E-01 -0.32279633E-01 -0.31363664E-01 -0.30606045E-01
 -0.30013909E-01  0.21501164E-01  0.63681767E-01  0.29551813E+00  0.48560343E+00
  0.28400375E+00  0.67929832E+00  0.17870406E+01  0.37177489E+01  0.69276525E+01
  0.13101976E+02  0.55345172E+01 -0.17768205E+02 -0.16731248E+01  0.11969799E+02
  0.16448630E+02 -0.52720979E+01  0.52707167E+01 -0.63327099E+01 -0.38032168E+01
 -0.18372814E+01 -0.36311689E+01 -0.83968307E+01 -0.46669869E+01 -0.79408138E+01
 -0.47812183E+01  0.14296521E+01 -0.13838860E+01 -0.35051917E+01 -0.23117676E+01
 -0.19675105E+01 -0.13033810E+01  0.65928309E+00 -0.48930820E-02
 -0.28761082E-01  0.55279437E-01 -0.28795125E-01 -0.28829612E-01 -0.28876215E-01
 -0.24831860E-01 -0.29007906E-01 -0.29094420E-01 -0.29195957E-01 -0.75194097E-01
 -0.29449290E-01 -0.29604505E-01 -0.32232658E-01 -0.29984402E-01 -0.30216280E-01
 -0.30483565E-01 -0.30795712E-01 -0.31168761E-01  0.28279558E-01 -0.32236888E-01
 -0.37578811E-01  0.17539392E+00 -0.37080690E-01 -0.35295655E-01 -0.33769834E-01
 -0.32461679E-01  0.29557430E-01 -0.30383226E-01 -0.29578248E-01 -0.28919109E-01
 -0.28406745E-01 -0.60001755E-02  0.10055663E+00  0.17141257E+00  0.58411732E+00
  0.43905066E+00  0.83292986E+00  0.19605940E+01  0.48026116E+01  0.76936095E+01
  0.11629986E+02  0.11941069E+02 -0.14128794E+02 -0.25568232E+01  0.94457381E+01
  0.16405947E+02  0.29392318E+01  0.53459673E+01  0.39419131E+00 -0.30391489E+01
  0.15738353E+01  0.17335909E+01 -0.28946928E+01 -0.44273889E+01 -0.98411980E+01
  0.86886415E-01 -0.12080898E+01 -0.24927394E+01 -0.23823215E+01 -0.32332363E+01
 -0.14820091E+01  0.33009943E+00  0.21097984E+00  0.24874511E-01
 -0.27555686E-01  0.53168644E-01 -0.27596913E-01 -0.27638673E-01 -0.27695091E-01
 -0.21782413E-01 -0.27854369E-01 -0.27958833E-01 -0.28081200E-01 -0.68564537E-01
 -0.28384992E-01 -0.28569782E-01 -0.29135401E-01 -0.29016740E-01 -0.94837941E-02
 -0.29591242E-01 -0.29943624E-01 -0.30361249E-01  0.23757196E-01 -0.31624926E-01
 -0.21154604E-01  0.16948306E+00 -0.34274566E-01 -0.32704915E-01 -0.31369978E-01
 -0.30232195E-01 -0.26170306E-01 -0.28440857E-01 -0.63937102E-02 -0.27202939E-01
 -0.26783482E-01  0.16866637E-01  0.46229641E-01  0.17147735E+00  0.61160185E+00
  0.69921527E+00  0.56986984E+00  0.22040353E+01  0.44651143E+01  0.70556751E+01
  0.10922652E+02  0.13297153E+02 -0.64314049E+01 -0.13340038E+02  0.82801538E+00
  0.11383422E+02  0.13631929E+02  0.21795698E+01 -0.19932228E+01 -0.68683315E+01
 -0.25328825E+01 -0.52052826E+01  0.50061202E+01  0.11637776E+01 -0.20147194E+01
 -0.19154030E+01 -0.16587875E+01 -0.17407804E+01  0.47568058E+00 -0.23960563E+01
 -0.58744739E+00  0.19174038E+00  0.27229291E+00  0.10584680E+01
 -0.26398098E-01 -0.75521306E-01 -0.26447148E-01 -0.26496899E-01 -0.26564208E-01
 -0.19163167E-01 -0.26754747E-01 -0.26880067E-01 -0.27027155E-01 -0.62708880E-01
  0.65233905E-01 -0.27616020E-01 -0.26517336E-01 -0.28153352E-01 -0.86904320E-02
 -0.28832661E-01 -0.29240106E-01 -0.29712746E-01 -0.30298937E-01 -0.31165232E-01
 -0.20098694E-01  0.17158846E+00 -0.31337813E-01 -0.30005180E-01 -0.28885492E-01
 -0.27939330E-01 -0.27138470E-01 -0.26465234E-01  0.58079390E-03 -0.25470147E-01
 -0.25148548E-01  0.68087861E-01  0.78403820E-03  0.18398119E+00  0.59380486E+00
  0.11717086E+01  0.56265502E+00  0.14532539E+01  0.44900613E+01  0.82536716E+01
  0.12790185E+02  0.13285216E+02 -0.46940971E+01 -0.64297475E+01  0.11201925E+02
  0.14645171E+02  0.51176977E+01 -0.44303314E+01 -0.58279175E+01 -0.28442975E+01
  0.23230961E+01  0.87987181E+00  0.14090572E+00 -0.76396940E+01 -0.60225234E+01
 -0.20978372E+01  0.16654055E+01  0.14779924E+01 -0.14360124E+01 -0.15731161E+01
 -0.14604472E+01 -0.14916346E+01 -0.27514409E-01  0.66142191E+00
 -0.25265696E-01 -0.17168427E+00 -0.25322030E-01 -0.25379304E-01 -0.25456992E-01
 -0.16976869E-01 -0.25678130E-01 -0.25824555E-01 -0.25997407E-01 -0.57571252E-01
  0.27826024E+00 -0.26700150E-01 -0.24412989E-01 -0.27355436E-01 -0.96327303E-02
 -0.28199363E-01 -0.28705661E-01 -0.29281899E-01 -0.29966649E-01 -0.36914587E-01
 -0.42752645E-01  0.21788881E+00 -0.28262194E-01 -0.27219260E-01 -0.26356113E-01
 -0.25630657E-01 -0.25017770E-01 -0.24504023E-01  0.16610028E-02  0.10931933E-02
 -0.23538179E-01  0.34559683E-01 -0.30580614E-02  0.17878001E+00  0.54766977E+00
  0.11834741E+01  0.90501363E+00  0.13960684E+01  0.50378067E+01  0.85176646E+01
  0.15072779E+02  0.14369754E+02 -0.10604657E+02 -0.98511239E+01  0.10701293E+02
  0.14996576E+02  0.15259573E+01 -0.13658014E+02 -0.51801699E+00  0.20789911E+01
 -0.26825112E+01 -0.56620463E+01 -0.18600820E+01 -0.63992955E+01 -0.10716552E+01
 -0.27212767E+01 -0.10983825E+00 -0.26506979E+01 -0.18309722E+01 -0.23350539E+01
 -0.15532826E+01 -0.19826982E-01  0.60461563E+00  0.61260460E+00
 -0.24146081E-01 -0.24166857E-01 -0.24208858E-01 -0.24272833E-01 -0.24359838E-01
 -0.15116217E-01 -0.24608936E-01 -0.24775093E-01 -0.24972564E-01 -0.52962590E-01
  0.26510643E+00 -0.25792257E-01 -0.22579166E-01 -0.26586481E-01 -0.79906667E-02
 -0.27665572E-01 -0.28348792E-01 -0.29155794E-01 -0.30119358E-01 -0.35462850E-01
  0.13776909E+00  0.26225277E+00 -0.25110333E-01  0.21897523E-01 -0.23899193E-01
 -0.23417694E-01 -0.23000464E-01 -0.22645868E-01  0.26483283E-02  0.93006186E-02
 -0.22009011E-01 -0.21973040E-01  0.57370614E-01  0.21744638E+00  0.79030151E+00
  0.51143378E+00  0.17640216E+01  0.21937769E+01  0.33258525E+01  0.83900266E+01
  0.13012072E+02  0.18131190E+02  0.42211529E+01 -0.12054905E+02  0.97739318E+01
  0.12439759E+02 -0.24692413E+01 -0.52200372E+01  0.36054454E+01  0.49629841E+01
 -0.15327717E+00  0.35019950E+01  0.33370658E+01  0.20582385E+01 -0.17842205E+01
  0.17666588E+01 -0.21535370E+01 -0.56275168E+01 -0.20900779E+01 -0.21105205E+01
 -0.39776617E+01 -0.24957247E+01 -0.28206289E+00  0.43879896E+00
 -0.18256624E-01 -0.18274106E-01 -0.18309478E-01 -0.18363425E-01 -0.18436918E-01
 -0.10732120E-01 -0.18648144E-01 -0.18789731E-01 -0.18958768E-01 -0.38792511E-01
  0.20017115E+00 -0.19670701E-01 -0.16604467E-01 -0.20380864E-01 -0.52938231E-02
 -0.21395793E-01 -0.22086584E-01 -0.22984903E-01 -0.24256807E-01 -0.28359056E-01
  0.49876922E-01  0.16903601E+00 -0.17731541E-01 -0.79728573E-02  0.19343754E-01
 -0.17092223E-01 -0.16877220E-01 -0.16687461E-01  0.93922112E-02  0.77681177E-02
  0.11182674E-01 -0.16379093E-01  0.18332533E-01  0.20694139E+00  0.65769433E+00
  0.72843123E+00  0.98110144E+00  0.15242157E+01  0.21401819E+01  0.51056160E+01
  0.10242506E+02  0.14952737E+02  0.35540924E+01 -0.56213315E+01  0.14885664E+02
  0.14013968E+02 -0.18994323E+01 -0.51600206E+01 -0.39174562E+01 -0.81725345E+01
  0.95720973E+00 -0.35559227E+01 -0.13647774E+01 -0.71077090E+00 -0.45266237E+01
 -0.22509699E+00 -0.30645894E+01 -0.35764842E+01 -0.47316931E-01 -0.17245506E+01
 -0.10072726E+01 -0.53206606E+00 -0.55141026E+00  0.14690627E+00
 -0.20030286E-01 -0.20051063E-01 -0.20093124E-01 -0.20157324E-01 -0.20244878E-01
 -0.11100345E-01 -0.20497099E-01 -0.20666654E-01 -0.20869611E-01  0.14720996E+00
  0.29517824E-01 -0.21731192E-01 -0.17746498E-01 -0.22602703E-01 -0.50206801E-02
 -0.23870865E-01 -0.24744145E-01 -0.25883191E-01 -0.27478122E-01 -0.30200362E-01
 -0.19364105E-01  0.18515604E+00 -0.18895440E-01 -0.18719174E-01 -0.18529463E-01
 -0.18334965E-01 -0.18150865E-01 -0.17988828E-01  0.15350892E-01  0.70647080E-01
  0.17784610E-01 -0.17789387E-01  0.17457497E-01  0.16345072E+00  0.84008765E+00
  0.50363580E+00  0.11055173E+01  0.15943075E+01  0.42999716E+01  0.60892675E+01
  0.12152177E+02  0.14426016E+02  0.55773729E+01 -0.12108082E+02  0.28684489E+01
  0.41031734E+01 -0.27033753E+01 -0.26156125E+01  0.98667779E+01 -0.42939696E+01
  0.17685151E+01 -0.89779496E+01  0.15164079E+01  0.50748723E+00  0.31084377E+01
 -0.16635381E+01 -0.36348339E+01 -0.27183030E+01 -0.29439814E+01  0.10912288E+01
 -0.42913869E+00 -0.16591135E-01 -0.70735600E-01  0.36113656E-01
 -0.21955468E-01 -0.21979904E-01 -0.22029394E-01 -0.22104968E-01 -0.22208097E-01
 -0.11369479E-01 -0.22505575E-01 -0.22705867E-01 -0.22945934E-01  0.21849623E+00
 -0.23569074E-01 -0.23968641E-01 -0.18858052E-01 -0.25007795E-01 -0.45232915E-02
 -0.26512631E-01 -0.27546275E-01 -0.28879453E-01 -0.30678369E-01 -0.31146970E-01
 -0.21578806E-01  0.19849612E+00 -0.20600140E-01 -0.20322355E-01  0.24020712E-01
 -0.19860441E-01 -0.19666094E-01 -0.19503497E-01  0.17148735E-01 -0.19308417E-01
 -0.19298111E-01 -0.19366132E-01  0.34653783E-01  0.20375920E+00  0.10400757E+01
  0.61713809E+00  0.14226219E+01  0.22188742E+01  0.55080766E+01  0.70451361E+01
  0.14221971E+02  0.16661694E+02  0.30222642E+01 -0.14076780E+02  0.89756938E+01
  0.50146867E+01 -0.15350458E+01  0.20640879E+00  0.38043159E+01 -0.19087038E+01
  0.11284313E+00 -0.13724875E+01 -0.13279108E+01 -0.30031628E+01 -0.21740936E+01
 -0.47952466E-01 -0.37082316E+01  0.16861000E+00  0.20691160E+01 -0.40768828E+01
 -0.90640797E+00 -0.14432361E+00  0.46483705E+00  0.29231835E+00
 -0.24034510E-01 -0.24062922E-01 -0.24120469E-01 -0.24208363E-01 -0.24328331E-01
 -0.11501391E-01 -0.24674517E-01 -0.24907700E-01 -0.25187267E-01  0.24169274E+00
 -0.25913128E-01 -0.26377095E-01 -0.19944630E-01 -0.27577086E-01 -0.38259187E-02
 -0.29315178E-01 -0.30497745E-01 -0.31999925E-01 -0.33971878E-01 -0.31724112E-01
 -0.24049858E-01  0.21099148E+00 -0.22728374E-01 -0.22327039E-01  0.60679381E-01
 -0.21714762E-01 -0.21477964E-01 -0.21288062E-01  0.18858704E-01 -0.21073503E-01
 -0.21068650E-01 -0.21152924E-01  0.40060915E-01  0.32285438E+00  0.68559969E+00
  0.13045278E+01  0.18816207E+01  0.26113696E+01  0.58683414E+01  0.98119383E+01
  0.17030441E+02  0.19188978E+02  0.50905391E+01 -0.19337322E+02  0.91406267E+00
  0.15373737E+02  0.45562178E+01  0.68514486E+01  0.42099451E+01 -0.17103341E+02
 -0.56586489E+01 -0.60401453E+01 -0.74874664E+01 -0.22737449E+01 -0.46223324E+01
 -0.41707792E+01  0.94977345E+00 -0.24263767E+01 -0.68851358E+00 -0.10116828E+01
 -0.19712759E+01 -0.15650434E+01 -0.35920496E+00  0.16814005E+00
 -0.26267170E-01 -0.26299824E-01 -0.26365959E-01 -0.26466963E-01 -0.26604815E-01
 -0.11452430E-01 -0.27002522E-01 -0.27268962E-01 -0.27587620E-01  0.26698869E+00
 -0.28414106E-01 -0.28943194E-01 -0.20982508E-01 -0.30313448E-01 -0.27194896E-02
 -0.32285134E-01 -0.33614952E-01 -0.35287686E-01 -0.37453784E-01 -0.32197463E-01
 -0.26689523E-01  0.20115813E+00 -0.64036860E-02 -0.24669724E-01  0.65227953E-01
 -0.23891478E-01 -0.23596845E-01 -0.23363604E-01  0.14332601E+00 -0.23100839E-01
 -0.23090367E-01 -0.23182118E-01  0.14924861E-01  0.33629476E+00  0.60334423E+00
  0.19188957E+01  0.17296809E+01  0.24185967E+01  0.68236645E+01  0.13217757E+02
  0.17112237E+02  0.20295214E+02  0.95344023E+01 -0.97608105E+01 -0.62089969E+01
  0.11178592E+02  0.11707151E+02  0.98079996E+01 -0.12335007E+01 -0.17819005E+01
 -0.29901127E+01 -0.24398935E+01 -0.93071652E+01 -0.11254400E+01 -0.44988010E+01
 -0.38213602E+00  0.15968330E-01 -0.40946400E+01 -0.58948489E+01 -0.34040764E+01
  0.41595183E+00 -0.11605645E+01  0.11609216E+01  0.31652834E+00
 -0.28645705E-01 -0.28682571E-01 -0.28757225E-01 -0.28871216E-01 -0.29026752E-01
 -0.11297959E-01 -0.29475221E-01 -0.29776982E-01 -0.56174782E-01  0.29469507E+00
 -0.31074671E-01 -0.31673132E-01 -0.23701372E-01 -0.33219461E-01 -0.11284686E-02
 -0.35434597E-01 -0.36921734E-01 -0.38785211E-01 -0.41190174E-01 -0.35372928E-01
 -0.29471959E-01  0.18398384E+00  0.25464340E-01 -0.27291376E-01  0.69711028E-01
  0.10404388E+00 -0.26001393E-01 -0.25718748E-01  0.19698526E+00 -0.25392773E-01
 -0.25370004E-01  0.70114552E-01  0.90867797E-02  0.40294960E+00  0.48046996E+00
  0.27700495E+01  0.15010035E+01  0.24984804E+01  0.84134039E+01  0.12600441E+02
  0.18657488E+02  0.21787072E+02  0.89327527E+01 -0.26305172E+02 -0.18808007E+00
  0.13052258E+02  0.12902357E+01  0.98440675E+01  0.33821537E+00  0.38763945E+01
 -0.64463483E+01 -0.35009788E+01 -0.28354555E+01  0.32397181E+01 -0.44931189E+01
 -0.47116290E+01 -0.23962065E+01 -0.72674107E-01 -0.74535260E+00 -0.36456474E+01
 -0.26463287E+00  0.12460452E+01  0.93200889E+00  0.72231998E+00
 -0.31163740E-01 -0.31205284E-01 -0.31289394E-01 -0.31417794E-01 -0.31592942E-01
 -0.10918800E-01 -0.32097694E-01 -0.32437123E-01 -0.79388254E-01  0.32558553E+00
 -0.33895137E-01 -0.34566723E-01 -0.35359767E-01 -0.36300073E-01  0.98891792E-03
 -0.38779551E-01 -0.40443155E-01 -0.42528255E-01 -0.45216291E-01  0.20335088E+01
 -0.32391518E-01  0.19919476E+00 -0.68953703E-02 -0.30140839E-01  0.74058955E-01
  0.19647893E-01 -0.18063915E-01 -0.28319878E-01  0.17131998E+00 -0.27925636E-01
 -0.27888092E-01  0.13303959E+00  0.11789084E+00  0.59786359E+00  0.92128763E+00
  0.23707062E+01  0.16172676E+01  0.29585727E+01  0.81803671E+01  0.13881324E+02
  0.23176658E+02  0.22779330E+02 -0.29747841E+01 -0.62044034E+01  0.58507881E+01
  0.79579449E+01 -0.57974924E+01 -0.81508427E+01 -0.10802826E+02  0.18682862E+01
  0.68941467E+01  0.51511467E+01  0.47601232E+01 -0.29632900E+01 -0.16001280E+01
  0.25362172E+01 -0.59324421E+00  0.31387220E+00 -0.63191524E+00 -0.37439992E+01
 -0.11081001E+01  0.17346382E+01 -0.11504832E+00  0.12539974E+01
 -0.33823177E-01 -0.33869683E-01 -0.33963816E-01 -0.34107485E-01 -0.34303417E-01
 -0.10230622E-01 -0.34867859E-01 -0.35247294E-01 -0.82937382E-01  0.35999343E+00
 -0.36876426E-01 -0.24835909E-01 -0.38512683E-01  0.30630131E+00  0.21215864E-01
 -0.35408700E-01 -0.44199721E-01 -0.46533767E-01 -0.39331533E-01  0.11618062E+01
 -0.35454769E-01  0.21321439E+00 -0.37659291E-01 -0.33167286E-01  0.78568682E-01
 -0.31971662E-01  0.34942012E-01 -0.31119438E-01  0.24451397E-01 -0.30656707E-01
 -0.30604093E-01  0.23889130E+00  0.37584843E+00  0.40572073E+00  0.13119556E+01
  0.25832427E+01  0.28653102E+01  0.31957824E+01  0.88313364E+01  0.14748175E+02
  0.23935775E+02  0.22649340E+02 -0.57455082E+01 -0.83770766E+01  0.32727980E+01
  0.11387175E+02  0.40686342E+01 -0.17318715E+01 -0.51948103E+01  0.55745513E+01
  0.36608951E+01 -0.31075881E+01 -0.67261586E+01 -0.43432200E+01 -0.12515131E+02
 -0.21013511E+01 -0.80204734E+01 -0.21471482E+00  0.42870866E+01 -0.13774037E+01
 -0.18973223E+01 -0.83260770E+00  0.34373578E+00  0.45612176E+00
 -0.36622066E-01 -0.24055331E-01 -0.36778755E-01 -0.36938783E-01 -0.37156994E-01
 -0.91929548E-02 -0.37785539E-01 -0.38208054E-01 -0.86322229E-01  0.20076057E+00
 -0.40022730E-01 -0.13089274E-01 -0.41847477E-01 -0.63571368E-01  0.29815403E-01
 -0.15467087E-01 -0.48204097E-01 -0.50836868E-01 -0.15712390E-01  0.24212133E-01
 -0.38674946E-01  0.22852883E+00 -0.19096098E-01  0.27889235E-01  0.16498847E-01
 -0.35016782E-01  0.36746399E-01 -0.34061445E-01  0.25749805E-01 -0.23157133E-01
  0.29076044E+00 -0.14892463E+00  0.33487466E+00  0.69253243E+00  0.11821371E+01
  0.20073101E+01  0.21442016E+01  0.49266798E+01  0.11368569E+02  0.20663065E+02
  0.29466413E+02  0.98470472E+01 -0.20942234E+02 -0.10454871E+02 -0.90272221E+00
  0.79525583E+01 -0.40398714E+01  0.31501714E+01 -0.11405764E+01 -0.48916797E+01
  0.91321031E+00 -0.28745922E+01 -0.41467630E+01 -0.35218536E+01 -0.48389268E+01
  0.46431811E+00 -0.63645008E+01 -0.44986594E+00  0.36688064E-01 -0.23788170E+01
 -0.27402732E-02 -0.37914355E+01  0.39704753E+00  0.60426190E+00
 -0.39562625E-01 -0.46673763E-01  0.26949471E-01  0.21011950E-02  0.67998926E-01
 -0.32351716E-01 -0.40855111E-01 -0.41324608E-01 -0.89532072E-01 -0.60677941E-01
 -0.43342946E-01 -0.79644092E-02 -0.45375128E-01 -0.16000570E-01 -0.45767275E-02
 -0.15346027E-01 -0.52485179E-01 -0.55453041E-01 -0.15342812E-01  0.27346601E-01
 -0.42065168E-01  0.19989432E+00 -0.19286073E-01 -0.36490495E-01 -0.38820419E-01
 -0.38148637E-01  0.38928204E-01 -0.37086990E-01  0.26954050E-01 -0.36487008E-01
  0.16707211E-02  0.57598656E+00  0.57292726E+00  0.52123366E+00  0.21975705E+01
  0.29316134E+01  0.29364805E+01  0.70394086E+01  0.15049013E+02  0.20626220E+02
  0.27566105E+02  0.95472554E+01 -0.12468128E+02  0.27229354E+01  0.82033522E+01
 -0.14153751E+01  0.27668772E+01  0.17848366E+02  0.17667299E+01  0.18808710E+01
 -0.71776406E+01 -0.62101201E+01  0.47698332E+01  0.32153827E+01 -0.50493429E+01
 -0.18939320E+01  0.69023328E+00  0.93924789E+00  0.47866857E+01  0.22681256E+00
 -0.14904363E+01  0.21664243E+01  0.23267981E+01  0.12912714E+01
 -0.42653082E-01 -0.19785589E+00  0.39451516E-01 -0.43043389E-01  0.26204543E+00
 -0.43657907E-01 -0.44087003E-01 -0.44608167E-01 -0.92574726E-01 -0.62488834E-01
 -0.17942327E-01 -0.32439163E-01 -0.49097920E-01  0.60585621E-01 -0.22006199E-01
 -0.15034335E-01 -0.57056990E-01 -0.60387463E-01 -0.14819187E-01  0.30734252E-01
 -0.45624618E-01  0.84723680E-01  0.53013976E-01 -0.42873715E-01 -0.42055093E-01
 -0.41317587E-01  0.41607137E-01 -0.40140817E-01  0.28239410E-01 -0.39469276E-01
 -0.42035362E+00 -0.89607799E-01  0.92877675E+00  0.19834569E+01  0.21803012E+01
  0.37115419E+01  0.51622077E+01  0.95663412E+01  0.17000688E+02  0.24368764E+02
  0.20049132E+02 -0.27907261E+01 -0.13183316E+02  0.19021432E+02  0.14527883E+02
  0.20431127E+02  0.93135792E+01  0.20721081E+01 -0.92979066E+01 -0.24674417E+01
 -0.10210470E+02 -0.92144883E+01 -0.10760057E+02 -0.34519281E+01 -0.61079858E+01
 -0.16159949E+01 -0.47124210E+01 -0.14656796E+01 -0.26900376E+01 -0.35356055E+01
 -0.31420767E+01  0.18432604E+00  0.58465336E+00  0.96444564E+00
 -0.45908777E-01 -0.57425302E-01  0.49747817E-01 -0.46339119E-01  0.31258801E+00
  0.31594734E+00  0.34382494E+00 -0.10182157E+00 -0.95585779E-01 -0.64273972E-01
  0.32785329E-02 -0.51690348E-01 -0.53050722E-01  0.68246584E-01 -0.20596171E-01
 -0.14542458E-01 -0.61927476E-01 -0.65632573E-01 -0.14136214E-01  0.72538801E-01
 -0.49344343E-01 -0.85852308E-01  0.22096434E+00 -0.46206625E-01 -0.45301577E-01
 -0.44485412E-01 -0.15767443E-01  0.20253463E-01  0.29676906E-01 -0.42434732E-01
 -0.42342218E-01 -0.31877757E-01  0.37770427E+00  0.11277939E+01  0.30883383E+01
  0.69599058E+01  0.79916999E+01  0.12059455E+02  0.22345484E+02  0.24836654E+02
  0.26712778E+02 -0.18070531E+02 -0.17559629E+01  0.19333139E+02  0.74529436E+01
 -0.29072200E+01  0.12959914E+01  0.17479673E+01  0.12027470E+01 -0.14930401E+02
 -0.19243380E+01 -0.22797825E+01 -0.68306398E+01 -0.95574936E+00 -0.69784420E+01
 -0.31090028E-01  0.18744922E+01 -0.37000155E+00 -0.47456310E+01 -0.12212710E+01
 -0.39963779E+00 -0.22795245E+01 -0.33273645E-01  0.38797409E+00
 -0.49340281E-01  0.75255285E-02 -0.97617977E-03 -0.52111160E-01  0.31155930E+00
 -0.50567216E-01 -0.31368162E-01  0.62655904E-01 -0.98478182E-01 -0.65932109E-01
 -0.19295138E-01 -0.55749428E-01 -0.57259468E-01  0.76697315E-01 -0.15689523E-01
 -0.46217071E-01 -0.67096202E-01 -0.71167663E-01 -0.24885661E-01  0.17781481E+00
 -0.53205710E-01 -0.10326501E+00  0.25201730E+00 -0.49560104E-01 -0.48543656E-01
 -0.47631319E-01 -0.46837004E-01  0.53265649E-01  0.31301484E-01  0.48209252E-01
 -0.45277349E-01  0.13340304E+00  0.87655183E+00  0.14934394E+01  0.27008776E+01
  0.51247933E+01  0.88932680E+01  0.16231617E+02  0.22085994E+02  0.23918046E+02
  0.75525133E+01 -0.29860296E+02 -0.18897870E+02  0.29330510E+02  0.20748676E+02
  0.18616230E+02  0.39864067E+01 -0.27826238E+00 -0.21662857E+02 -0.71984696E+01
  0.27303917E+01 -0.14291134E+02  0.18801083E+01 -0.19482043E+01 -0.55938108E+01
  0.36343077E-01  0.19464471E+01 -0.18701192E+01 -0.20954846E+01 -0.54290537E+01
 -0.35678757E+01 -0.16243417E+01  0.54482874E+00  0.13302002E+01
 -0.53000241E-01  0.10464021E-01 -0.90407422E-01 -0.53527254E-01  0.12523065E+00
 -0.54356896E-01  0.23614015E+00 -0.55640928E-01 -0.81407282E-01 -0.87274772E-01
 -0.58678930E-01 -0.60086004E-01 -0.61754037E-01  0.85920687E-01 -0.10953457E-01
 -0.14304621E+00 -0.72554045E-01 -0.63640228E-01 -0.82514003E-01  0.20199903E+00
 -0.57181792E-01 -0.19838079E-01  0.10942557E+00 -0.52938659E-01 -0.51784610E-01
 -0.22790623E-01 -0.51701974E-01  0.57389902E-01  0.33134881E-01  0.18193724E-01
  0.31441298E+00  0.24442520E+00  0.13747583E+01  0.26078395E+01  0.31101711E+01
  0.42460276E+01  0.11944207E+02  0.15016775E+02  0.27690451E+02  0.15562977E+02
 -0.17837042E+02 -0.23823882E+02  0.10751545E+02  0.18454313E+02  0.26279217E+01
  0.26557410E+01  0.45354266E+01  0.41384443E+01 -0.80798001E+01  0.73412308E+01
 -0.44587859E+01 -0.82393713E+01 -0.37464292E+01 -0.38597605E+01  0.24577149E+01
 -0.55777761E+01 -0.59064849E+01 -0.38442621E+00 -0.34669920E+01 -0.25918031E+01
 -0.14089729E+01  0.11709385E+01  0.54557558E+00  0.97988283E+00
 -0.56938133E-01  0.13723822E-01 -0.91802944E-01 -0.57519447E-01  0.23461493E+00
 -0.58434065E-01  0.34638706E+00 -0.46624577E-01 -0.60778690E-01 -0.11225758E+00
 -0.63191542E-01 -0.64737053E-01 -0.66566289E-01  0.95886814E-01 -0.20435103E-01
 -0.14944304E+00  0.31210219E-02  0.15588146E-01 -0.88838973E-01  0.13905413E+00
 -0.61252938E-01 -0.62552445E-01  0.93700355E-01 -0.11089849E+00 -0.55050579E-01
 -0.66602524E-01 -0.54367324E-01  0.76647066E-01  0.12454029E+00  0.23584644E+00
  0.35935870E+00  0.42184255E+00  0.15477381E+01  0.19972352E+01  0.43790590E+01
  0.61557828E+01  0.14024090E+02  0.20054537E+02  0.18237976E+02 -0.85674562E+01
 -0.20831571E+02 -0.91473813E+00  0.25971772E+02  0.38550935E+02  0.19419406E+02
 -0.86860595E+01  0.85985189E+01 -0.20690612E+01 -0.14960542E+02  0.11495709E+02
 -0.21840032E+00 -0.44075918E+01 -0.95070397E+01  0.37207797E+01  0.59414567E+00
 -0.53988389E+01 -0.24464620E+00 -0.71834776E+00 -0.21475045E+01 -0.37577355E+00
  0.45347846E+00  0.10374531E+01  0.69300268E+00  0.65739371E+00
 -0.61215241E-01  0.54598026E-02 -0.18666390E+00 -0.61853829E-01  0.26191379E+00
 -0.62857543E-01 -0.46800768E-01  0.94653111E-01 -0.65425756E-01 -0.11268129E+00
 -0.68061080E-01 -0.69744515E-01 -0.71730408E-01  0.10618690E+00 -0.21038889E-01
  0.59585817E-01 -0.84268697E-01  0.19738504E-01 -0.95342738E-01  0.10006681E+01
 -0.65422817E-01 -0.61927836E-01  0.24011639E-01 -0.14618456E+00 -0.58393242E-01
 -0.51510648E-01  0.13093517E+00 -0.14266906E-01  0.16583828E+00  0.91673929E-01
  0.36774939E+00  0.10128358E+01  0.17127398E+01  0.10197268E+01  0.44157281E+01
  0.89417464E+01  0.19526230E+02  0.23820979E+02  0.20234522E+02 -0.27057080E+02
 -0.29261004E+02  0.11519968E+02  0.37537257E+02  0.27086046E+02  0.55093188E+01
  0.18064811E+01 -0.22916475E+01  0.19197404E+01 -0.19667701E+01  0.79222845E+00
 -0.15545934E+02  0.75244864E-01  0.75901757E+01 -0.33230858E+01 -0.59977954E+01
 -0.44099207E+01 -0.25303075E+01 -0.62088205E+01 -0.18525036E+00 -0.54063247E+00
 -0.93392649E+00 -0.25274346E+00  0.48856278E+00  0.75379914E+00
 -0.65903275E-01 -0.66017651E-01 -0.31562227E+00 -0.66600777E-01  0.30971022E+00
 -0.67695417E-01 -0.68458058E-01  0.10583149E+00 -0.70487907E-01 -0.11253135E+00
 -0.73332113E-01 -0.75141548E-01 -0.77270354E-01  0.11669801E+00 -0.21012381E-01
  0.35674444E-01 -0.90553427E-01 -0.90757546E-01  0.17924529E-01  0.12955871E+01
 -0.69729013E-01 -0.32339610E-01 -0.23025170E-01  0.30787715E-01 -0.61889522E-01
 -0.60474719E-01  0.20953035E+00 -0.16320776E+00  0.20104857E+00  0.27537399E+00
  0.37072259E+00  0.30903346E+00  0.64577974E+00  0.21327230E+01  0.42907594E+01
  0.12737072E+02  0.20843354E+02  0.22732654E+02  0.32703997E-01 -0.43673881E+02
 -0.12306489E+02  0.31476105E+02  0.25588546E+02  0.35601955E+02  0.68370686E+01
 -0.99921829E+01 -0.92503645E+00 -0.19164927E+02  0.35733337E+01  0.76564026E+01
  0.46033684E+01  0.37162351E+01 -0.55119417E+01 -0.11685995E+01 -0.77610554E+01
 -0.13754270E+01 -0.15389617E+01  0.37495602E+00 -0.85811888E+00 -0.20274089E+01
  0.47261678E+00  0.11201121E+01  0.43937802E+00  0.98362302E+00
 -0.71081634E-01 -0.71205367E-01 -0.32442322E+00 -0.71835630E-01  0.43470739E+00
 -0.73016511E-01 -0.73837610E-01  0.11710377E+00 -0.74919870E-01 -0.11655758E+00
 -0.79064423E-01 -0.80994833E-01 -0.75414132E-01  0.82967817E-01 -0.21073533E-01
 -0.89063258E-01 -0.97188046E-01 -0.10254246E+00  0.27363921E-01  0.10252188E+01
  0.92222985E-01 -0.10380933E-01 -0.47592792E-01  0.46723920E+00 -0.65640493E-01
 -0.64104441E-01 -0.11248408E+00 -0.12208639E+00 -0.56926581E-01  0.22466453E+00
  0.81278784E+00  0.63887728E+00  0.98477819E+00  0.27646296E+01  0.80027755E+01
  0.13356052E+02  0.23188821E+02  0.21102548E+02 -0.19538012E+02 -0.34588051E+02
  0.78117923E+01  0.44287212E+02  0.25692523E+02  0.13207361E+02  0.91882268E+01
 -0.43649168E+01 -0.45357816E+01  0.72015296E+01 -0.22070070E+02 -0.30292102E+01
  0.10713220E+02  0.16534212E+01  0.64898828E+01 -0.54853437E+01  0.49283212E+00
 -0.41918187E+01 -0.41681238E+01 -0.60975008E+00 -0.18601298E+01 -0.42542239E+00
  0.18306579E+01  0.57279451E+00  0.21773401E+01  0.67619434E+00
 -0.76825484E-01 -0.76958818E-01 -0.11353053E+00 -0.77637287E-01  0.97910937E-03
  0.11359353E+00  0.22479857E+00  0.12892164E+00 -0.11274515E-01 -0.10919784E+00
 -0.85349575E-01  0.26724399E-01 -0.79783586E-01  0.10429538E+00 -0.62525963E-01
 -0.99692198E-01 -0.46663537E-01  0.28431060E+00  0.26274862E-01  0.91084766E+00
  0.13902063E+00 -0.10124821E-01 -0.13055058E-01  0.44126972E+00 -0.69782757E-01
 -0.68136872E-01 -0.17901771E+00 -0.66713898E-01  0.45608289E+00  0.65637751E+00
  0.15694542E-01  0.54270422E+00  0.20734451E+01  0.28309436E+01  0.11104536E+02
  0.12972466E+02  0.20734089E+02  0.14356980E+02 -0.30639044E+02 -0.22602798E+02
  0.24863418E+02  0.37740998E+02  0.24575395E+02  0.26443339E+02 -0.20158844E+02
  0.17807416E+01 -0.70310291E+01 -0.92500557E+01 -0.44228974E+01 -0.41664675E+01
 -0.59755152E+01 -0.91540632E+01 -0.45691691E+01 -0.28510576E+01 -0.33218393E+00
 -0.55655311E+00 -0.33006252E+01  0.38903850E+00  0.13334858E+01  0.12348701E+01
  0.33344143E+00  0.64815107E+00  0.53514337E+00  0.53143424E+00
 -0.83253223E-01 -0.83396126E-01 -0.83684392E-01 -0.84122497E-01 -0.84717065E-01
 -0.85477129E-01  0.94832138E+00  0.18622051E+00 -0.10637875E-01 -0.90461823E-01
 -0.92303714E-01  0.26920364E-01 -0.96946606E-01  0.45609486E+00 -0.96352880E-01
 -0.97783216E-01 -0.19617531E-01  0.26100794E+00  0.32043313E-01  0.83720207E+00
  0.55586674E+00 -0.29950324E-01  0.54662603E+00 -0.76566371E-01 -0.74495886E-01
  0.44849497E-01 -0.19329064E+00  0.11649730E+00 -0.26198197E-01  0.14409802E+00
  0.26225721E+00  0.14433445E+01  0.27106919E+01  0.59914809E+01  0.10458390E+02
  0.15349015E+02  0.13804777E+02 -0.43315111E+01 -0.50406507E+02 -0.12815592E+02
  0.42544824E+02  0.31441507E+02  0.18708136E+02 -0.13308384E+02 -0.75541275E+01
 -0.34775012E+01  0.26264450E+01 -0.13439789E+02  0.12690590E+01 -0.13039070E+02
 -0.82968422E+01  0.26234165E+00 -0.26004731E+01 -0.37223074E+00  0.27973389E+00
  0.89521100E+00 -0.33815980E+01 -0.31361090E+01 -0.10370037E+01 -0.33476997E+01
 -0.55730511E+00 -0.12537024E+00  0.66565597E+00  0.43152147E+00
 -0.90487470E-01 -0.90640493E-01 -0.90949019E-01 -0.91417546E-01 -0.92052719E-01
 -0.92863592E-01 -0.93862000E-01  0.20805706E+00  0.37783335E+00 -0.98154859E-01
 -0.10010031E+00 -0.19083553E-01 -0.10498819E+00 -0.25686890E+00  0.74113775E-01
 -0.13488400E+00  0.42179274E-02  0.60317145E+00  0.62696715E-02  0.17596719E+01
  0.24148093E+00  0.26099986E+00  0.62509859E+00  0.67958952E+00  0.76245839E+00
 -0.56028312E-01 -0.10209922E+00 -0.15193926E+00 -0.74930298E-01  0.32751658E+00
  0.63368738E+00  0.19426482E+01  0.32003957E+01  0.73208846E+01  0.12008156E+02
  0.18483691E+02  0.15659810E+02 -0.93239551E+01 -0.53548662E+02 -0.94644661E+00
  0.34806111E+02  0.25982724E+02  0.10407091E+02  0.14007643E+02 -0.25870676E+01
 -0.21116990E+01 -0.34328884E+00  0.27038591E+01 -0.12157865E+02 -0.10931496E+02
 -0.39740412E+01 -0.35370093E+01 -0.45367391E+01 -0.82069742E+01 -0.55583269E+01
 -0.32176514E+01 -0.52835470E+01 -0.59451127E+01 -0.22149207E+01 -0.15660240E+01
 -0.86365706E+00 -0.81048663E+00  0.10385342E+00  0.16035642E+00
 -0.98687735E-01 -0.98852709E-01 -0.99185226E-01 -0.99689931E-01 -0.10037368E+00
 -0.10124582E+00 -0.10231857E+00 -0.10098646E-01  0.10414677E+00 -0.10691927E+00
 -0.10899918E+00 -0.78326472E-01 -0.11421633E+00 -0.91432430E+00 -0.14615695E+00
 -0.75728204E+00 -0.13117372E+00  0.81509094E+00 -0.12905272E+00  0.14523719E+01
  0.33967643E-01  0.17967504E+01  0.94698955E-01 -0.89062964E-01 -0.86672272E-01
 -0.84660175E-01 -0.75803184E-01 -0.15311520E+00 -0.81229223E-01  0.74087176E+00
  0.69583601E+00  0.45775126E+00  0.27913174E+01  0.40439736E+01  0.89713342E+01
  0.12029230E+02  0.11432134E+00 -0.45974075E+02 -0.55752606E+02 -0.12751766E+01
  0.25359155E+02  0.17301004E+02  0.34816284E+01 -0.24862854E+01 -0.54165629E+01
 -0.10675528E+02 -0.12361001E+02 -0.99987819E+01 -0.53825286E+01 -0.77858871E+01
 -0.71539711E+01 -0.81231625E+01 -0.82422894E+01 -0.34702290E+01 -0.16519855E+01
 -0.54303711E+00 -0.97225531E+00 -0.42584168E+01 -0.33072451E+01 -0.16077912E+01
 -0.62606591E+00 -0.37874340E+00 -0.10602274E+00  0.26338052E+00
